sample_prefix	predicted_ancestry	given_ancestry	EAS_prob	AFR_prob	AMR_prob	SAS_prob	EUR_prob	PC1	PC2	PC3	PC4	PC5	Kids_First_Biospecimen_ID	Kids_First_Participant_ID
1213263_D1	AMR	NA	0.0013	0.0085	0.9682	1e-4	0.022	-8.8901	2.0824	-5.6913	-0.9872	-1.6505	BS_TFCFME3F	PT_CJ1M7YTY
1213268_D1	AMR	NA	0	0.0302	0.9625	0	0.0072	-16.1911	4.7563	-3.8563	-7.4756	-0.8331	BS_DZDN6XCP	PT_2GTHCPXB
1213270_D1	EUR	NA	0	0	0.0771	0	0.9229	-2.0821	10.1103	-3.481	-9.3442	-1.9448	BS_9RDWD4K7	PT_J4PXBZA1
1213271_D1	EUR	NA	0	0	0.063	0	0.937	-1.7155	12.0218	-2.6921	-8.7853	-3.2802	BS_GGS3WZWF	PT_VC7WZMC4
1213273_D1	EUR	NA	0	0	0.0725	0	0.9275	-0.5877	11.8661	-3.5277	-7.9853	-3.0395	BS_WE07JSG5	PT_KM0MSXCZ
1213274_D1	EUR	NA	0	0	0.0973	0	0.9027	-2.7189	11.0655	-4.0084	-8.29	-3.7761	BS_BSBT9KK0	PT_360E6Z0S
1213277_D1	EUR	NA	0	0	0.0256	0	0.9744	-1.4408	12.3529	-2.6439	-11.9872	-4.3135	BS_4BJ0T1YC	PT_B5DQ8FF0
1213278_D1	EUR	NA	0	0	0.0655	0	0.9345	-0.4274	10.5689	-4.5653	-9.2692	-0.9016	BS_SPGHGA9C	PT_1TQA3ZS2
1213283_D1	AMR	NA	3e-4	0.0125	0.9767	1e-4	0.0104	-7.662	-0.0681	-5.6093	0.1365	-1.4663	BS_9T4AR92C	PT_EGGE4SGY
1213284_D1	AMR	NA	0	0.086	0.9133	0	6e-4	-16.7634	1.8997	-5.279	-3.5396	-1.0934	BS_6BHZ0HJ8	PT_SRZ6S76Y
1213285_D1	AFR	NA	0	0.794	0.206	0	0	-28.269	-3.0152	-2.6118	-4.7282	-2.4688	BS_SSKCPAAX	PT_N4563ERM
1213287_D1	EUR	NA	0	0	0.0388	0	0.9612	-0.6212	13.3098	-6.7819	-9.1969	0.7241	BS_VD8SPXEF	PT_1RYJXGCY
1213291_D1	EUR	NA	0	0	0.1418	0	0.8582	-3.0072	10.4874	-4.0965	-7.0914	-3.2134	BS_ZV4MZ8FC	PT_Q8QBKBTX
1213293_D1	AMR	NA	0	0.187	0.8129	0	1e-4	-18.9281	-1.5603	-4.3124	-3.8294	-3.2153	BS_3FWGBMR7	PT_DDQCAZJG
1213294_D1	AFR	NA	0	0.9979	0.0021	0	0	-49.259	-11.4331	-0.8517	-2.235	-2.0443	BS_Z3EKFYQG	PT_773ZPTEB
1213298_D1	EAS	NA	1	0	0	0	0	5.9874	-42.1329	-3.0141	-6.1844	-3.3318	BS_JMK8BBG8	PT_HB3CXEX6
1213301_D1	EUR	NA	0	0	0.1147	0	0.8853	-2.9136	9.7581	-1.9297	-7.9016	-2.7099	BS_4S3K77FP	PT_1WZ93NAB
1213302_D1	EUR	NA	0	0	0.1011	0	0.8989	-1.655	10.6016	-2.247	-7.4779	-3.8757	BS_A5RS1REE	PT_FNMF9D6R
1213305_D1	EUR	NA	0	0	0.0587	0	0.9413	-1.3739	11.988	-5.1144	-9.4931	-3.2282	BS_BPDEWRSY	PT_6PPHRJZB
1213306_D1	EUR	NA	0	0	0.0717	0	0.9283	-0.844	11.914	-3.7453	-8.1731	-3.5981	BS_Y4WTQ2T5	PT_KN62VZM6
1213309_D1	EUR	NA	0	0	0.0785	1e-4	0.9214	-3.3722	7.2673	1.7022	-6.524	-3.2582	BS_ND8D06XH	PT_FH7XEKS2
1213312_D1	EUR	NA	0	0	0.0978	0	0.9022	-2.2375	11.0177	-2.431	-7.4413	-2.0014	BS_7HM15SFP	PT_XHV730W9
1213314_D1	EUR	NA	0	0	0.0934	0	0.9066	-1.4578	11.1082	-2.8794	-7.5945	-4.1279	BS_AJWE5687	PT_62G82T6Q
1213317_D1	EUR	NA	0	0	0.109	0	0.891	-4.6167	10.153	-3.4805	-9.0401	-3.9241	BS_0PCDB6J5	PT_9DN8FH3M
1213318_D1	EUR	NA	0	0	0.0848	0	0.9152	-2.88	12.5263	-5.7021	-7.6301	-2.9458	BS_0HV7YW6M	PT_G2CH3Z17
1213320_D1	EUR	NA	0	0	0.0571	0	0.9429	-2.0807	14.1639	-4.2936	-8.5678	-6.0114	BS_EZA1EYWV	PT_3ZYRD5J3
1213321_D1	EUR	NA	0	0	0.0758	0	0.9242	-1.5015	11.1595	-4.9513	-8.9428	-1.0562	BS_53HYMACN	PT_MR5ZNP8K
1213324_D1	EUR	NA	0	0	0.0756	0	0.9244	-1.1904	11.0102	-3.0138	-8.423	-4.0054	BS_TVNKVH61	PT_A124AB49
1213326_D1	EUR	NA	0	0	0.048	0	0.952	-0.3542	10.1901	-4.3697	-10.61	-2.3082	BS_9E1K4HAW	PT_DJE2JDYR
1213327_D1	EUR	NA	0	0	0.0907	0	0.9093	-2.9382	11.8104	-4.3455	-8.357	-4.4831	BS_KV3BD9Q6	PT_YH8C6J90
1213328_D1	EUR	NA	0	0	0.0596	0	0.9404	-1.5508	12.2628	-5.1717	-9.3784	-4.1689	BS_E97Y9EDF	PT_2RHSYJ07
1213329_D1	EUR	NA	0	0	0.0603	0	0.9397	-1.8428	11.4719	-3.9554	-9.6075	-3.1472	BS_E7T150HV	PT_3GYW6P6P
1213330_D1	EUR	NA	0	0	0.0878	0	0.9122	-3.4966	11.619	-2.2133	-8.1013	-2.0502	BS_G69V3ND5	PT_FX2D5BTD
1213331_D1	AFR	NA	0	0.8827	0.1173	0	0	-32.2466	-4.863	-4.0304	-2.9666	0.6286	BS_HJGW7Y65	PT_H9QTD79G
1213332_D1	EUR	NA	0	0	0.0668	0	0.9332	-1.4803	11.9341	-5.8122	-8.8518	-0.6416	BS_926GCG0H	PT_V12EAF2V
1213334_D1	EUR	NA	0	0	0.0651	0	0.9349	-1.1765	12.7537	-5.6624	-7.8757	-2.262	BS_RTM1YZWM	PT_DRZHXMRB
1213338_D1	EUR	NA	0	0	0.0736	0	0.9264	-1.2464	11.2302	-1.8417	-8.179	-1.6748	BS_EZADF9YN	PT_X4SH18X3
1213343_D1	EUR	NA	0	0	0.0768	0	0.9232	-3.6615	11.8737	-6.6159	-9.865	-3.9156	BS_XNXE3886	PT_M2GRHAXZ
1213345_D1	EUR	NA	0	0	0.0999	0	0.9001	-1.0888	11.4768	-3.8052	-7.1238	-3.6458	BS_KV9SAC3B	PT_FHT70F9C
1213346_D1	EUR	NA	0	0	0.0601	0	0.9399	-1.7272	11.7832	-2.996	-9.2315	-1.2588	BS_0TMFT8TX	PT_DQE0STN1
1213347_D1	EUR	NA	0	0	0.0555	0	0.9445	-1.8494	12.4303	-2.9448	-9.1978	-2.0646	BS_EZ5MKVF0	PT_T6GV8TBX
1213349_D1	EUR	NA	0	0	0.0689	0	0.931	-0.7457	11.075	-5.0197	-9.0452	-0.5843	BS_DERFN73C	PT_20M9P0SD
1213350_D1	EUR	NA	0	0	0.1071	0	0.8929	-3.3468	10.416	0.6072	-7.2237	-3.1023	BS_3M12XXCR	PT_3QP5FWMC
1213352_D1	EUR	NA	0	0	0.0307	0	0.9693	-0.2353	13.0096	-3.711	-10.652	-1.7025	BS_QP5M880H	PT_8THZRP0B
1213353_D1	EUR	NA	0	0	0.0336	0	0.9664	0.4492	13.6271	-4.11	-8.7798	-0.3078	BS_3FQRRV56	PT_WVK3PBPK
1213354_D1	EUR	NA	0	0	0.0888	0	0.9112	-1.4747	10.6623	-5.062	-8.1111	0.1011	BS_7SE2CXHP	PT_Q6CGR1G6
1213677_D1	AFR	NA	0	0.9991	9e-4	0	0	-52.8885	-15.4369	0.0759	-1.5261	-1.9123000000000001	BS_GPHSY5FR	PT_VTG1S395
1213678_D1	AFR	NA	0	0.8741	0.1259	0	0	-32.5983	-4.1404	-4.1131	-2.6363	-0.8789	BS_P94BYF5M	PT_0QQ3S7RJ
1213681_D1	EUR	NA	0	0	0.075	0	0.925	-0.4633	9.6365	-5.3851	-9.4177	-1.7045	BS_2WGC8HTM	PT_VT6QDTP4
1213684_D1	AFR	NA	0	0.6484	0.3516	0	0	-23.0288	2.341	-2.3096	-7.3845	-0.0249	BS_CY92PJKS	PT_WFQNVJ4Z
1213687_D1	EUR	NA	0	0	0.0629	0	0.9371	-1.4321	12.6372	-3.7622	-8.2696	-2.4196	BS_YHBGZBXC	PT_PF04R0BH
1213693_D1	EUR	NA	0	0	0.0595	2e-4	0.9403	0.4008	7.0859	1.7204	-6.1803	-1.5901	BS_M21J87WB	PT_FRQDS43E
1213697_D1	AFR	NA	0	0.9983	0.0017	0	0	-49.0817	-12.0343	0.2984	-2.8876	-1.2835	BS_TH9TAETQ	PT_S9YT3GSS
1213700_D1	EUR	NA	0	0	0.0472	0	0.9528	0.0933	12.676	-4.31	-7.855	-0.1465	BS_WE4NHYEX	PT_QJDY4Y9P
1213701_D1	EUR	NA	0	0	0.0497	0	0.9503	-1.6374	13.07	-5.4501	-9.2821	-1.009	BS_GXJ70WTA	PT_0DWRY9ZX
1213703_D1	EUR	NA	0	0	0.0463	0	0.9537	-1.0481	13.5124	-4.9167	-8.0921	-1.3259	BS_877M0HVM	PT_89HXDTTW
1213705_D1	AMR	NA	0	0.0136	0.9864	0	0	-1.6209	-7.9062	-10.6669	12.6766	-1.3444	BS_VR74JPGE	PT_2S6A3RV8
1213706_D1	EUR	NA	0	0	0.0491	0	0.9509	-1.1437	11.7484	-4.8889	-10.3648	0.1701	BS_MMD11XYS	PT_9Y9S32VY
1213707_D1	EUR	NA	0	0	0.0761	0	0.9239	-1.2148	12.2505	-4.214	-7.9759	-3.172	BS_E06CZ5MX	PT_6PP78VNE
1213711_D1	EUR	NA	0	0	0.0513	0	0.9487	-0.7529	12.3939	-5.7911	-9.7058	-0.4299	BS_MASK5Y10	PT_NZ85YSJ1
1213712_D1	AMR	NA	0	0.0089	0.9911	0	0	0.5844	-13.0617	-14.4302	18.2729	-2.8914	BS_NAEBEA5X	PT_MQWJ7FHV
1213713_D1	EUR	NA	0	0	0.0856	0	0.9144	-1.8917	10.2259	-4.1039	-8.9185	-1.9923	BS_7B0Y8P4K	PT_9SWHWA5Q
1213714_D1	AMR	NA	0	0.0286	0.9709	0	5e-4	-5.0079	-4.2263	-8.2786	4.9111	-1.3509	BS_0BZKABDK	PT_CGAQ7KKY
1213715_D1	EUR	NA	0	0	0.0881	0	0.9119	0.1144	10.6233	-5.7437	-8.0631	-1.6393	BS_HN3SFKKM	PT_ZJVVRMHQ
1213718_D1	EUR	NA	0	0	0.0535	0	0.9465	-0.712	12.246	-3.3585	-9.0001	-0.864	BS_2QKNR31W	PT_BK06Z2Q1
1213719_D1	EUR	NA	0	0	0.0856	0	0.9144	0.7589	10.958	-3.8362	-6.6307	-1.5575	BS_B94ZE59E	PT_64C7QNBP
1213720_D1	EUR	NA	0	0	0.0349	0	0.9651	0.5542	13.5379	-5.7184	-9.8362	-0.646	BS_26RMS9VV	PT_N1HWK3YS
1213722_D1	SAS	NA	0	0	0	1	0	-1.0292	-1.4785	11.7053	1.5268	-3.008	BS_TXDP4GJ9	PT_M39RC0Y1
1213724_D1	EUR	NA	0	0	0.0892	0	0.9108	-0.577	10.5238	-2.84	-7.693	-2.3171	BS_BN2E5KFQ	PT_34MDR40C
1213725_D1	EUR	NA	0	0	0.0673	0	0.9327	-2.5765	12.0437	-3.786	-9.1506	-4.1953	BS_BVMSF1TV	PT_DY2D16CZ
1213727_D1	EUR	NA	0	0	0.0653	0	0.9347	0.8205	12.1851	-4.042	-6.8898	-2.2278	BS_V963TXT1	PT_MA8VSJ14
1213728_D1	EUR	NA	0	0	0.0922	0	0.9078	-3.162	11.9968	-3.713	-7.745	-3.0676	BS_S18M3M8M	PT_X4TT75N8
1213729_D1	EUR	NA	0	0	0.0485	0	0.9515	0.0813	11.4992	-4.7614	-9.781	-1.0676	BS_4PTGZM4F	PT_HFPCMNKX
1213730_D1	EAS	NA	0.7517	0	0.2482	0	0	2.6174	-14.4537	-3.1119	-9.0184	-0.0536	BS_318X0DYM	PT_2N647SBA
1213732_D1	AFR	NA	0	0.861	0.139	0	0	-29.2528	-2.0123	-2.5848	-5.0913	-0.712	BS_QFJ2N4GT	PT_94BFYTVZ
1213733_D1	AMR	NA	0	0.0177	0.9823	0	0	-2.9472	-10.9861	-11.9546	15.3193	-2.8567	BS_YVK92B5M	PT_QHBEC0M5
1213734_D1	AMR	NA	0	0.0225	0.9774	0	1e-4	-3.6764	-5.6578	-9.305	7.556	-3.7492	BS_SP1SNZZ2	PT_GMFX689Z
1213735_D1	EUR	NA	0	0	0.2564	0	0.7436	-1.6723	8.0994	-6.0888	-5.1715	-2.7481	BS_VB14Q4V3	PT_AJJFDXQS
1213737_D1	EUR	NA	0	0	0.054	0	0.946	-0.0932	11.2304	-3.9794	-9.5038	1.5758	BS_344NTSXQ	PT_J8C3VPNF
1213739_D1	EUR	NA	0	0	0.0672	0	0.9328	-3.7493	12.1885	-3.8246000000000002	-9.6224	-4.3093	BS_9RCD56BA	PT_1KY3PW1Z
1213741_D1	EUR	NA	0	0	0.0755	0	0.9245	-1.5488	11.2732	-5.1797	-8.9613	-2.7757	BS_H4572G08	PT_D6AJHDST
1213743_D1	EUR	NA	0	0	0.3289	0	0.671	-4.6154	7.7583	-6.4996	-5.4388	-3.0293	BS_4412R6X4	PT_32H0CD1P
1213744_D1	EUR	NA	0	0	0.0496	0	0.9504	-0.5015	12.8827	-4.2494	-8.6805	-1.4134	BS_8N35EM5V	PT_JXSTA5HB
1213745_D1	AMR	NA	0	0.0435	0.9564	0	2e-4	-8.9967	-4.9096	-8.1848	4.8244	-2.1068	BS_29FPFHAW	PT_NJQ26FHN
1213747_D1	EUR	NA	0	0	0.0687	0	0.9313	-0.3581	11.6425	-3.9907	-7.2113	-0.5683	BS_2PVZE2AG	PT_C1RDBCVM
1213748_D1	EUR	NA	0	0	0.0667	0	0.9333	-0.5133	11.6154	-3.4981	-6.9108	-0.0225	BS_R3XEWNNV	PT_VN04Y016
1213749_D1	AMR	NA	0	0.2445	0.7555	0	0	-27.5235	-9.8194	-7.1439	4.2052	-1.9433	BS_MQ0QXYSR	PT_PB4Q0ZX1
1213750_D1	EUR	NA	0	0	0.0818	0	0.9182	-0.1517	10.9368	-5.1299	-8.1732	-2.4667	BS_XMMTGNX2	PT_1B265M3A
1213751_D1	EUR	NA	0	0	0.083	0	0.917	-0.3457	11.3455	-5.0282	-7.8007	-1.8116	BS_BFV6SJ95	PT_765TC2XG
1213752_D1	EUR	NA	0	0	0.0386	0	0.9614	-0.0276	12.3833	-2.9666	-9.8149	-3.6023	BS_5D1PMQ4C	PT_C4P0F36E
1213753_D1	EUR	NA	0	0	0.0657	0	0.9343	-2.3917	10.6635	-3.5436	-9.8411	-4.2111	BS_X0KPY85M	PT_YHYP7ZKK
1213756_D1	AFR	NA	0	0.9981	0.0019	0	0	-50.2183	-10.9293	-0.0418	-1.5456	-0.7658	BS_MXAQHXHY	PT_YDGG20RS
1213757_D1	EUR	NA	0	0	0.0833	0	0.9167	-1.5607	11.7022	-2.5899	-7.7248	-4.329	BS_SJVP6KY0	PT_GXBA7S2C
1213758_D1	EAS	NA	1	0	0	0	0	5.8267	-38.4343	-2.3554	-7.7976	0.9847	BS_Z70GSFKA	PT_1PZC01QF
1213759_D1	EUR	NA	0	0	0.0793	0	0.9207	-1.2799	9.7726	-5.5914	-9.5394	-1.7511	BS_XNXTC66Y	PT_3A2Q62RD
1213760_D1	EUR	NA	0	0	0.0351	0	0.9649	0.8506	12.0156	-3.3417	-10.0893	-1.0662	BS_W9RHJJRP	PT_XPS6EJCM
1213762_D1	EUR	NA	0	0	0.0468	0	0.9532	1.0038	10.8659	-4.8413	-9.8573	-0.4439	BS_6GEDTXKM	PT_AAA7EET4
1213765_D1	EUR	NA	0	0	0.0553	0	0.9447	-0.4631	12.5446	-4.5759	-8.1828	-1.1526	BS_78K87B22	PT_RNVACT1Q
1213766_D1	AMR	NA	0	0.0039	0.9961	0	0	4.9376	-23.4248	-19.5663	30.6334	-2.3529	BS_XH1FX2N2	PT_7KS8C9Y6
1213767_D1	EUR	NA	0	0	0.0627	0	0.9373	-0.6333	11.9437	-3.492	-8.3979	-1.2764	BS_SYSYAEMY	PT_CV8DVTFT
1213769_D1	EUR	NA	0	0	0.067	0	0.933	0.9983	11.2202	-3.0966	-7.8282	-2.711	BS_BC25G7NN	PT_QH1MHYD6
1213770_D1	EUR	NA	0	0	0.0847	0	0.9152	-0.659	10.5007	-4.0253	-7.7086	0.4637	BS_V1HD4M79	PT_4E6BXP04
1213771_D1	EUR	NA	0	0	0.0612	0	0.9388	0.4513	11.9468	-7.3636	-9.0533	-2.0519	BS_WB6YCDBE	PT_EAG38QHB
1213772_D1	AMR	NA	1e-4	0.0559	0.9413	0	0.0028	-14.8621	1.6992	-4.1406	-1.9809	-4.3611	BS_T259DCJT	PT_QA00MAJ9
1213774_D1	EAS	NA	0.9962	0	0.0038	0	0	3.2346	-15.9199	-2.68	-4.9411	-0.9991	BS_PG983Y5F	PT_K2FGJ1X7
1213775_D1	EUR	NA	0	1e-4	0.0105	0.1224	0.867	-2.6235	3.8147	3.7488	-5.7595	-1.8652	BS_HDW3V0EC	PT_VN6MTPPM
1213776_D1	EUR	NA	0	0	0.1476	0	0.8524	-1.8228	9.5373	-0.2289	-6.0313	-4.0108	BS_FYKEZKRG	PT_R2N8T6CW
1213777_D1	EUR	NA	0	0	0.0515	0	0.9485	1.7372	11.6257	-3.1708	-8.3516	-1.0231	BS_GR4KBBJZ	PT_8K2XRSY4
1213779_D1	EUR	NA	0	0	0.0682	0	0.9318	-3.4102	10.9766	-3.0075	-9.8762	-2.6921	BS_BYMJCN1Y	PT_A3DQ8BM8
1213781_D1	EUR	NA	0	0	0.0675	0	0.9325	2.4389	10.1677	-1.748	-7.394	-1.167	BS_FY5KW796	PT_7TF40D8R
1213782_D1	EUR	NA	0	0	0.0337	0	0.9663	0.1689	12.3567	-2.8306	-10.2401	-2.9862	BS_N9H2RM59	PT_1395F243
1213783_D1	EUR	NA	0	0	0.0659	0	0.9341	-0.8837	12.2598	-3.1437	-7.6996	-2.1322	BS_NQ8EMYMC	PT_7DVYFX8F
1213784_D1	EUR	NA	0	0	0.3999	0	0.6001	-9.9908	9.2305	-4.6503	-8.4159	-3.7896	BS_SK65A1RA	PT_F8N9Y4JR
1213785_D1	EUR	NA	0	0	0.0567	0	0.9433	-2.0941	12.2731	-3.269	-9.3716	-4.407	BS_6NEED5N0	PT_70613JKE
1213787_D1	EUR	NA	0	0	0.0562	0	0.9438	-1.6938	12.8727	-1.8459	-8.5797	-3.9507	BS_C4K60JAZ	PT_55CW8W22
1213790_D1	EUR	NA	0	0	0.348	1e-4	0.6519	-1.6171	6.8338	-4.9485	-1.4367	-1.0943	BS_EYGEY9A8	PT_SY2VBA5C
1213792_D1	EUR	NA	0	0	0.0444	0	0.9556	-1.1681	13.3401	-3.2756	-6.8454	-0.0598	BS_C6SAG495	PT_W4M7YD0J
1213794_D1	EUR	NA	0	0	0.0614	0	0.9386	-1.4309	12.685	-4.0277	-8.2553	-2.1849	BS_0AECKF51	PT_KE1YJ2EC
1213796_D1	EUR	NA	0	0	0.1382	0	0.8618	-2.902	9.7064	-2.3521	-7.2188	-3.633	BS_E79GK5SS	PT_AY2BVCYP
1213797_D1	EUR	NA	0	0	0.1054	0	0.8946	-4.1951	11.8342	-1.6308	-6.6068	-3.3023	BS_BJHKB2M1	PT_TY3W122M
1213799_D1	AMR	NA	0	0.0136	0.9854	0	9e-4	-3.1998	-1.1358	-8.9418	6.4073	-1.3356	BS_CGAQVHMJ	PT_MDJXRAB5
1213801_D1	EUR	NA	0	0	0.0914	0	0.9086	-1.3068	11.6501	-4.23	-7.6425	-4.1276	BS_71K5NQGF	PT_2KBBSP56
1213802_D1	EUR	NA	0	0	0.0577	0	0.9423	-2.9188	12.5027	-3.7329	-9.6912	-1.684	BS_KM9DCY4X	PT_AV05Z9NB
1213804_D1	EUR	NA	0	0	0.048	0	0.952	-0.1027	13.1454	-7.0306	-9.4044	-1.5137	BS_1XM48RH7	PT_288PVQGZ
1213806_D1	EUR	NA	0	0	0.0975	0	0.9025	-3.8527	11.7529	-1.8346	-7.7891	-3.2527	BS_MQH8T2TW	PT_M6AHSC7C
1213807_D1	EUR	NA	0	0	0.0913	0	0.9087	-2.6317	10.4506	-0.5939	-8.0392	-3.4222	BS_TEM4MK3D	PT_N4CXYJSM
1213808_D1	EUR	NA	0	0	0.061	0	0.939	-1.4049	11.0715	-3.3869	-9.4331	-4.0166	BS_H3TQE8P5	PT_0QMF19PR
1213810_D1	EUR	NA	0	0	0.0689	0	0.9311	-1.1326	12.3117	-3.359	-7.803	-2.5556	BS_VRKDBCDC	PT_KPRN3JFV
1213814_D1	AMR	NA	0	0.0013	0.9016	1e-4	0.0971	-13.1952	6.7842	-2.8986	-7.2569	-0.7244	BS_P9B5R78A	PT_PRSP252Y
1213815_D1	AFR	NA	0	0.9998	2e-4	0	0	-60.8352	-17.3806	-0.785	0.2101	-2.5313	BS_2PRQNP3N	PT_8GXNED2T
1213816_D1	EUR	NA	0	0	0.0743	0	0.9257	0.0075	11.8757	-5.5127	-8.0808	-2.833	BS_PMS9PASB	PT_DDMD7JFV
1213817_D1	EUR	NA	0	0	0.1468	0	0.8532	-4.476	8.4772	-2.6002	-8.3801	-3.8797	BS_DCM1WDCH	PT_S4J0JZAA
1213818_D1	EUR	NA	0	0	0.106	0	0.894	-2.9145	10.1556	-4.4994	-8.6261	-2.348	BS_0NFDBE6G	PT_WXTDDRD9
1213820_D1	EUR	NA	0	0	0.0485	0	0.9515	-2.1873	11.689	-2.4883	-10.1674	-2.9574	BS_9ZP41JQ1	PT_HYZQBT8T
1213822_D1	EUR	NA	0	0	0.0497	0	0.9503	-1.2509	11.3135	-3.7685	-10.1366	-4.3491	BS_B55YF115	PT_KW94B4BJ
1213823_D1	EUR	NA	0	0	0.0508	0	0.9492	-1.4071	10.9354	-3.2555	-10.2107	-2.6644	BS_70K64DY9	PT_7VNN8JMM
1213824_D1	EUR	NA	0	0	0.0377	0	0.9623	-1.7973	13.5354	-4.1812	-10.3816	-3.9516	BS_MKG8EK3R	PT_1HSDA31B
1213826_D1	EUR	NA	0	0	0.0541	0	0.9459	0.7577	12.0036	-5.6576	-8.978	-1.4611	BS_MHN99W0N	PT_5KVV6ZZJ
1213827_D1	AMR	NA	0	0.0095	0.9905	0	0	0.263	-10.8183	-13.3797	15.6285	-3.5354	BS_P4P58KDJ	PT_C9F2B4QF
1213828_D1	AMR	NA	0	0.0136	0.9864	0	0	0.1465	-10.6148	-13.6388	12.9209	-3.5452	BS_P9P6B2MA	PT_PHY9WJR1
1213834_D1	EUR	NA	0	0	0.0459	0	0.9541	-0.916	12.5237	-5.8742	-10.1602	-2.3506	BS_CX4GWXHA	PT_8EX2R1RB
1213835_D1	EUR	NA	0	0	0.0577	0	0.9423	-2.3862	13.6331	-3.5224	-8.5592	-3.851	BS_BDBTPH49	PT_K6S2YJ8Y
1213837_D1	EUR	NA	0	0	0.0717	0	0.9283	-1.9965	11.976	-3.8552	-7.8757	-1.2109	BS_N45WV87Y	PT_ZRZRHGQJ
1213838_D1	EUR	NA	0	0	0.0417	0	0.9583	1.1215	12.7628	-6.5824	-9.6462	-2.7435	BS_22N5N72T	PT_19GCSK2S
1213839_D1	EUR	NA	0	0	0.0688	0	0.9312	-1.0679	11.149	-4.6	-9.06	-0.7452	BS_8CBDRARJ	PT_HHG37M6W
1213840_D1	EUR	NA	0	0	0.0693	0	0.9307	-2.58	10.9863	-2.2132	-9.2382	-2.5998	BS_X6C0AHX8	PT_46004Y53
1213843_D1	EUR	NA	0	0	0.0797	0	0.9203	-1.3038	12.3199	-5.1861	-8.0724	-3.6305	BS_X0Z4DEZF	PT_PWPB3BKK
1213845_D1	EUR	NA	0	0	0.0631	0	0.9369	0.5397	11.6499	-2.4048	-7.8816	-3.2678	BS_A16TFQ1Z	PT_JQX1NM90
1213847_D1	EUR	NA	0	0	0.0561	0	0.9439	-0.7623	12.9967	-4.4813	-8.3305	-2.4849	BS_JJNJ7KP3	PT_R0H8JTQR
1213850_D1	EUR	NA	0	0	0.132	0	0.868	-3.08	11.6859	-5.2048	-6.568	-4.8537	BS_PC99V9AP	PT_F4Q7HW4H
1213852_D1	EUR	NA	0	0	0.0425	0	0.9575	-1.4868	11.6551	-1.9758	-10.2629	-3.9446	BS_5QJAG0QW	PT_S2M5KJTJ
1213854_D1	EUR	NA	0	0	0.0417	0	0.9583	0.4519	13.5379	-3.903	-7.7947	-1.6705	BS_TCNJ4741	PT_K3BZCT56
1213855_D1	AMR	NA	0	0.0077	0.9923	0	0	2.1327	-18.0604	-18.2155	23.141	-0.7166	BS_5YHNN5G5	PT_98T18T3B
1213857_D1	AFR	NA	0	0.9967	0.0033	0	0	-46.396	-11.3727	-0.2392	-2.4417	-1.2493	BS_CESYCMJG	PT_TP6GS00H
1213861_D1	EUR	NA	0	0	0.0667	0	0.9333	0.335	10.8818	-4.393	-8.3201	0.9964	BS_RZN71A5Z	PT_PTTBTPS6
1213865_D1	EUR	NA	0	0	0.0644	0	0.9356	-0.8266	11.5961	-4.9235	-9.052	-1.6163	BS_SKQNH1YD	PT_WQ2EJVF5
1214181_D1	AMR	NA	0	0.0048	0.9952	0	0	2.4522	-11.8845	-16.7025	18.9282	-1.2821	BS_FEVVK2WJ	PT_FH9B37E1
1214182_D1	EUR	NA	0	0	0.09	0	0.91	-1.4195	10.2177	-2.4061	-8.1059	-1.7004	BS_7ZQ1JVVS	PT_TT8M3GB6
1214186_D1	AMR	NA	0	0.0082	0.9918	0	0	-0.7244	-7.9331	-12.4626	14.6498	-2.4722	BS_7B5S6KPB	PT_9678SJVG
1214187_D1	EUR	NA	0	0	0.0593	0	0.9407	0.3517	12.1471	-3.8962	-6.3005	-0.3282	BS_BFDJRPDZ	PT_ZM9F20SY
1214188_D1	EUR	NA	0	0	0.101	0	0.899	-3.3263	11.9881	-3.1645	-6.5022	-3.2377	BS_16TZ9XY9	PT_AZFSRAWZ
1214192_D1	EUR	NA	0	0	0.1003	0	0.8997	-2.8647	10.2761	-3.0419	-8.4264	-2.6676	BS_S22F7BFS	PT_04V47WFC
1214193_D1	EUR	NA	0	0	0.0597	0	0.9403	-2.3167	11.681	-4.4121	-9.8504	-4.0612	BS_AWWJH0JV	PT_WWZWD4KC
1214195_D1	EUR	NA	0	0	0.0864	0	0.9136	-1.9528	11.4872	-5.3321	-6.5279	-0.3144	BS_TD4BRC5F	PT_ZX2SJMFJ
1214196_D1	EUR	NA	0	0	0.0809	0	0.9191	-1.7313	11.997	-2.9769	-7.8612	-3.5605	BS_9QEVHYKK	PT_ZBHAAB3G
1214197_D1	EUR	NA	0	0	0.0797	0	0.9203	-1.9314	12.4036	-4.9062	-7.7197	-3.064	BS_GD32XY95	PT_A0V7V4N0
1214198_D1	EAS	NA	1	0	0	0	0	7.0828	-43.2907	-2.7643	-5.1597	-3.8587	BS_GQYAY1S6	PT_PXQN10A8
1214202_D1	EUR	NA	0	0	0.0572	0	0.9428	0.3075	10.954	-4.412	-9.2222	-2.1138	BS_701EMY7H	PT_HQSVFBPH
1214203_D1	AMR	NA	0	0.0016	0.8056	0	0.1928	-14.4428	6.4808	-4.6928	-9.5636	-4.03	BS_V5AHP9HD	PT_7WYPEC3Q
1214205_D1	EUR	NA	0	0	0.0546	0	0.9454	-2.4412	12.5657	-2.5007	-9.3773	-1.9052	BS_XQPRYHF7	PT_QVQC3KY1
1214207_D1	AFR	NA	0	0.9185	0.0815	0	0	-33.3001	-5.4672	-2.9078	-2.8898	-1.7244	BS_9H9D3W76	PT_CPYZVCN8
1214208_D1	EUR	NA	0	0	0.0587	0	0.9413	-1.2046	12.0393	-5.4141	-9.4704	-1.3045	BS_ZY748ASY	PT_71SJ26YX
1214210_D1	AMR	NA	0	0.0973	0.9025	0	2e-4	-17.9401	-4.1818	-4.4593	1.6788	-1.8176	BS_FV28SD8W	PT_ZSHEMD0K
1214211_D1	EUR	NA	0	0	0.1069	0	0.8931	-1.7243	9.9227	-2.0683	-7.635	-1.4099	BS_3RYXSDKF	PT_BC0B16HC
1214216_D1	EUR	NA	0	0	0.0353	0	0.9647	2.0124	12.2323	-5.2041	-9.8561	-1.0817	BS_J1YXBCCP	PT_CR3TWR1C
1214217_D1	AMR	NA	2e-4	0.0403	0.955	0	0.0045	-13.5543	2.5014	-4.4435	-2.2752	-2.6213	BS_6SQAW5Z4	PT_9MT2G8NE
1214218_D1	EUR	NA	0	0	0.045	0	0.955	0.9226	12.6483	-3.893	-8.702	-1.0109	BS_30NDN14D	PT_NTG1EJGA
1214219_D1	AMR	NA	0	0.0082	0.9918	0	0	0.118	-9.9493	-13.6614	16.019	-1.7154	BS_PMSW02JG	PT_RY0GF9JR
1214220_D1	EAS	NA	1	0	0	0	0	6.3409	-40.9625	-0.7272	-7.2916	1.4612	BS_6S8PDDD6	PT_K84J9401
1214230_D1	EUR	NA	0	0	0.0945	0	0.9055	-4.5537	10.5841	-1.5931	-9.1388	-2.3776	BS_K080XF79	PT_F5EG8TK5
1214232_D1	EUR	NA	0	0	0.096	0	0.904	-2.1997	12.0428	-5.9198	-6.6543	-2.6992	BS_JDKNW4X4	PT_S8NYAGCA
1214235_D1	EUR	NA	0	0	0.0546	0	0.9454	-1.7365	11.3396	-3.2131	-9.834	-5.9014	BS_9N1G1S30	PT_9PAXAEBT
1214237_D1	AMR	NA	0	0.3932	0.6068	0	0	-26.7502	-13.7482	-6.9207	8.1776	-0.9376	BS_GEY2ACSW	PT_RM8V31DA
1214243_D1	SAS	NA	0	0	0	1	0	-1.3907	-8.3654	18.444	3.8908	-0.0933	BS_PZV5QKR7	PT_C1HRBJJD
1214245_D1	EAS	NA	0.958	0	0.042	0	0	1.343	-13.6069	-0.828	-5.8368	0.8923	BS_GCFFN8C7	PT_47YEHV75
1214252_D1	SAS	NA	0	0	0	1	0	-0.5643	1.0557	8.2489	-2.8552	-2.264	BS_AT83QK61	PT_504RJTMZ
1214253_D1	EUR	NA	0	0	0.0515	0	0.9485	-1.7251	10.6599	-2.3945	-10.2449	-3.4177	BS_T24BT9A6	PT_PD7G77HN
1214256_D1	EUR	NA	0	0	0.0541	0	0.9459	-1.537	12.3443	-2.8264	-9.2052	-1.2776	BS_25K7D2Y9	PT_DVXE38EX
1214257_D1	EUR	NA	0	0	0.074	0	0.926	-1.0169	12.1535	-5.6938	-6.8612	-1.3251	BS_JFW6VSB4	PT_9KDBBNQC
1214258_D1	EUR	NA	0	0	0.0632	0	0.9368	-1.0184	12.6993	-4.656	-8.4751	-2.7589	BS_5YAEHKD5	PT_6QPECWRY
1214261_D1	AMR	NA	0	2e-4	0.9684	3e-4	0.0311	-1.6401	4.7722	-8.2352	1.46	-3.1364	BS_YTB872GN	PT_40N7BXSQ
1214263_D1	AMR	NA	0	2e-4	0.6242	0	0.3756	-11.6076	7.4485	-4.5453	-9.2679	-1.5859	BS_AXNB1ZVY	PT_QZ3KCBSC
1214264_D1	EAS	NA	0.9984	0	0.0016	0	0	4.979	-16.287	-3.2392	-6.3932	-1.2146	BS_WRVYGY9A	PT_WS6JY9KY
1214265_D1	EAS	NA	1	0	0	0	0	4.2555	-40.5466	0.2105	-7.7164	2.6229	BS_TBC4HCKT	PT_CMPNS3BQ
1214266_D1	EUR	NA	0	0	0.0496	0	0.9504	-0.4392	13.0329	-2.8552	-8.6529	-3.08	BS_M0TPSWZG	PT_PPY9WF29
1214271_D1	EUR	NA	0	0	0.0704	0	0.9296	-2.2075	12.0684	-5.9085	-8.7944	-0.9231	BS_K2NBA8NW	PT_7RH6AVP6
1214273_D1	AFR	NA	0	0.9987	0.0013	0	0	-52.4703	-12.7844	-1.8719	-2.6021	-2.9775	BS_HABEWZ58	PT_QNMBRAKM
1223200_D1	EUR	NA	0	0	0.0722	0	0.9278	-2.7969	11.7763	-1.8712	-8.6639	-3.6761	BS_V7ZT7BSN	PT_TTQ3KXDH
1223201_D1	EUR	NA	0	0	0.0571	0	0.9429	0.8339	12.5683	-5.3745	-7.5264	-1.784	BS_KX31RET2	PT_C41JYFF4
1223203_D1	AMR	NA	0	0.0111	0.9886	0	3e-4	-4.6659	-2.6702	-10.8429	6.3406	-4.0657	BS_B5Y01R2S	PT_56SWR1FM
1223205_D1	AFR	NA	0	0.9999	1e-4	0	0	-62.3933	-16.4741	-0.3784	-3.0002	-1.0053	BS_R28SHV6A	PT_BHPBJNCP
1223206_D1	EUR	NA	0	0	0.0712	0	0.9288	-0.8696	10.2701	-5.5069	-9.6359	0.3079	BS_N6D427GB	PT_0J07HTRF
1223208_D1	EUR	NA	0	0	0.4462	1e-4	0.5536	-5.7864	6.2414	-6.12	-6.1984	-0.5988	BS_E3FPQ1J1	PT_8SRYHAAW
1223210_D1	EUR	NA	0	0	0.0478	0	0.9522	-1.1243	10.4526	-4.1162	-10.7819	-2.3054	BS_MMTG4RZZ	PT_BQFM8NH0
1223211_D1	EUR	NA	0	0	0.0839	0	0.9161	-2.1993	10.1078	-3.0587	-9.0425	-1.4429	BS_EWT9M72V	PT_PXPBKXYC
1223219_D1	AFR	NA	0	0.9193	0.0807	0	0	-35.5188	-6.0787	-2.9653	-1.1499	-2.6227	BS_Y294ZJYN	PT_VBJ02EY1
1223220_D1	EUR	NA	0	0	0.0511	0	0.9489	-0.5126	12.9271	-5.7721	-9.1439	-1.5664	BS_5ND0V5AZ	PT_H7WRRTGQ
1223221_D1	EUR	NA	0	0	0.0537	0	0.9463	-0.1467	12.7885	-6.2566	-7.8412	-0.8389	BS_E7HGYZ0D	PT_EN4G7A9Z
1223222_D1	EUR	NA	0	0	0.1227	0	0.8773	-4.5458	9.1403	-4.9244	-9.5218	-1.6002	BS_3QV589RW	PT_KHQGBBDN
1223224_D1	AMR	NA	0	0.0192	0.9804	0	3e-4	-11.953	-1.7826	-8.77	3.1297	-2.2394	BS_PX13N0C2	PT_9R8JW346
1223225_D1	EUR	NA	0	0	0.1304	0	0.8696	1.1394	5.4981	-6.1535	-8.7668	-1.3582	BS_JA408H13	PT_XA04WQ66
1223226_D1	AFR	NA	0	0.9334	0.0666	0	0	-33.0267	-6.7156	-0.4557	-2.3361	-1.7611	BS_1QJZNS57	PT_23JJKZPS
1223227_D1	EUR	NA	0	0	0.0498	0	0.9502	0.3076	11.7787	-3.7036	-9.1767	-0.8976	BS_VAFM1ED4	PT_Y9JQ3VPX
1223229_D1	AFR	NA	0	0.8697	0.1303	0	0	-30.2078	-4.4101	-1.6145	-3.1631	-1.966	BS_BS3EHSF8	PT_YANM4078
1223230_D1	EUR	NA	0	0	0.0657	0	0.9343	-2.2078	11.3777	-4.9112	-9.7136	-1.5432	BS_3PMMVEM6	PT_48WWMAAG
1223231_D1	EUR	NA	0	0	0.0949	0	0.9051	-2.6406	8.9611	-2.7605	-9.1777	-4.126	BS_F2VP92A0	PT_JGHYFZ35
1223232_D1	AFR	NA	0	0.9982	0.0018	0	0	-49.981	-10.6748	0.4253	-2.0063	-1.1147	BS_Z102EG4B	PT_6TGS95Q4
1223236_D1	EUR	NA	0	0	0.0681	0	0.9319	-1.477	12.4905	-6.4141	-8.7449	-2.098	BS_WFAAFYYK	PT_VXZJDVCQ
1223237_D1	EUR	NA	0	0	0.125	0	0.875	-1.0724	10.0184	-3.049	-6.3512	-1.852	BS_CYNM1G8E	PT_NZNS6DFG
1223240_D1	EUR	NA	0	0	0.0617	0	0.9383	0.1994	11.5464	-3.8982	-8.5387	-1.6328	BS_RHQTW4B8	PT_ESWK06KQ
1223244_D1	EUR	NA	0	0	0.0801	0	0.9199	-0.9623	11.2935	-4.7193	-8.3419	-2.0984	BS_RY7ECY34	PT_V41TGECC
1223245_D1	EUR	NA	0	0	0.0874	0	0.9126	0.1687	10.495	-4.1264	-7.7566	-1.9027	BS_K82PQ3YQ	PT_M72FHJXN
1223249_D1	EUR	NA	0	0	0.0707	0	0.9293	0.84	11.5543	-5.9774	-6.5432	-0.2755	BS_KDXHPBS9	PT_BDPH0Z9G
1223252_D1	SAS	NA	0	0	0	1	0	-4.384	1.5889	7.0168	-2.6791	-4.0313	BS_C7S8CVYN	PT_DBPKVB5P
1223253_D1	EUR	NA	0	0	0.4365	0	0.5634	-8.7305	8.1164	-3.3429	-7.9658	0.6662	BS_GJ1260FS	PT_6BWQNKWR
1223254_D1	EUR	NA	0	0	0.0883	0	0.9117	-1.6498	11.1731	-4.0359	-7.9074	-1.4518	BS_CQCTS7X7	PT_30EX0QAT
1223255_D1	AFR	NA	0	0.9976	0.0024	0	0	-48.85	-13.2512	-1.4888	-1.3868	-0.5543	BS_JA548HKW	PT_17PX8NQ8
1223259_D1	EUR	NA	0	0	0.1024	0	0.8976	-3.0207	10.5256	-3.771	-8.4519	-2.2121	BS_KW2TMQQ7	PT_B5KXHZ6Q
1223260_D1	EUR	NA	0	0	0.0771	0	0.9229	-3.219	11.3296	-2.9756	-9.0952	-2.4305	BS_GDAD7C34	PT_ZKGZPH3J
1223262_D1	EUR	NA	0	0	0.0617	0	0.9383	-0.7327	12.0556	-4.8216	-8.886	-1.1534	BS_4732YSHR	PT_TRZ1N1HQ
1223263_D1	EUR	NA	0	0	0.1408	0	0.8592	-1.073	8.9598	-1.7116	-6.3292	-0.6239	BS_1FPVXAQR	PT_YJSMJHWR
1223264_D1	EUR	NA	0	1e-4	0.2348	0	0.7651	-6.0461	7.032	-0.497	-7.3702	-5.8336	BS_NNW8WPDX	PT_M1PAR2KC
1223265_D1	EUR	NA	0	0	0.0417	0	0.9583	-0.716	13.2302	-3.7229	-9.5668	-2.2596	BS_KPM5WCQ0	PT_X0514H3P
1223266_D1	EUR	NA	0	0	0.0492	0	0.9508	-1.4618	12.4296	-6.1719	-10.2559	-2.5086	BS_W6ZVARES	PT_M5ZPSRM5
1223267_D1	EUR	NA	0	0	0.0629	0	0.9371	-0.9057	11.8778	-4.6092	-8.816	-0.7629	BS_SP07ABJ6	PT_01SH4F1X
1223275_D1	AFR	NA	0	0.9872	0.0128	0	0	-42.2865	-9.7038	-2.0397	-1.3678	-2.0849	BS_D2Y5QZ8Y	PT_5XV23PWB
1223277_D1	EUR	NA	0	0	0.1243	0	0.8757	-4.2887	11.4107	-2.9346	-7.3397	-3.9231	BS_KZFXCMW5	PT_9CGBDPVV
1223279_D1	AMR	NA	0	0.0133	0.9859	0	8e-4	-6.2867	-1.9492	-9.5456	4.1388	-2.8907	BS_8NPZJTP6	PT_WEY5N1C5
1223280_D1	EUR	NA	0	0	0.0828	0	0.9172	-2.4828	12.0432	-3.6222	-8.2386	-3.3697	BS_WFPC9JA1	PT_H62STE27
1223283_D1	EUR	NA	0	0	0.1431	0	0.8569	-3.1701	9.3427	-4.0331	-7.7658	-5.1038	BS_NQKYKBZG	PT_5JMNQAY8
1223285_D1	EUR	NA	0	0	0.0452	0	0.9548	-1.7268	11.8307	-3.9797	-10.8848	0.3197	BS_0MGSQ9WS	PT_NME1D79F
1223287_D1	EUR	NA	0	0	0.0579	0	0.9421	-1.77	12.5537	-4.0048	-8.4283	-1.0544	BS_GKGZ5GQV	PT_KSP2DSPE
1223289_D1	EUR	NA	0	0	0.0663	0	0.9337	-1.2475	12.8378	-4.712	-7.0686	-2.4288	BS_N08HCR9F	PT_GBN55D2P
1223290_D1	EUR	NA	0	0	0.0563	0	0.9437	0.054	11.9862	-4.6895	-8.4461	-0.3228	BS_GYVQCAQZ	PT_1JP2ANQK
1223605_D1	EUR	NA	0	0	0.0385	0	0.9615	-1.5559	13.9833	-4.7168	-9.5987	-1.4949	BS_FBDABT1Z	PT_7HGY5W67
1223606_D1	EUR	NA	0	0	0.0543	0	0.9457	-1.5015	13.1697	-5.8742	-8.4674	-1.5651	BS_66E06T3S	PT_SJ9PJ1D0
1223607_D1	EUR	NA	0	0	0.0589	0	0.9411	-1.2774	12.0958	-4.8857	-9.281	-0.5964	BS_D2NMQRM0	PT_T06GNH71
1223609_D1	EUR	NA	0	0	0.0572	0	0.9428	-0.365	12.2914	-3.8809	-8.6979	-1.5514	BS_Z46JKE51	PT_J6CREPMB
1223610_D1	EUR	NA	0	0	0.0622	0	0.9378	-1.4549	12.3016	-5.4259	-8.6845	-0.9637	BS_MTPSXQPW	PT_C1XZKXCN
1223611_D1	EUR	NA	0	0	0.059	0	0.941	-1.9239	12.0718	-5.0771	-9.6872	-1.1906	BS_5E9BT3WK	PT_9X1XY3JK
1223612_D1	SAS	NA	0	0	0	1	0	0.265	-4.5244	9.8676	1.3105	-1.0855	BS_N5VRGAE4	PT_CRWTNE04
1223617_D1	EUR	NA	0	0	0.0379	0	0.9621	-1.1908	13.4912	-4.5038	-8.9634	0.3077	BS_W605R83E	PT_HZ13HD7K
1223621_D1	EUR	NA	0	0	0.0595	0	0.9405	0.1943	11.459	-3.3255	-7.9165	0.4734	BS_YK1HP6JT	PT_2S69A6JY
1223622_D1	EUR	NA	0	0	0.0699	0	0.9301	-0.6615	11.5549	-6.2004	-8.9582	-0.6379	BS_40PVF0T7	PT_AZAJRK9Z
1223624_D1	EUR	NA	0	0	0.0823	0	0.9177	-1.5227	10.7781	-3.6225	-8.0368	0.6672	BS_GR07XC1S	PT_BQJK7KPK
1223626_D1	EUR	NA	0	0	0.0499	0	0.9501	-0.8968	12.3051	-6.3221	-9.0269	1.3123	BS_ZFHJZ202	PT_WDC7N2SE
1223629_D1	AMR	NA	0	0.1043	0.8949	0	7e-4	-16.0264	3.0178	-3.5183	-5.2362	-4.4426	BS_SK4SZTWZ	PT_9GPYYYB2
1223631_D1	EUR	NA	0	0	0.0935	0	0.9065	-3.3874	10.2758	-3.7634	-9.1161	-4.2562	BS_5G92J9KA	PT_TETJ9DDR
1223636_D1	EUR	NA	0	0	0.0786	0	0.9214	-0.3927	11.494	-4.9929	-7.7792	-1.591	BS_9PXN1TH6	PT_9B3YD5DR
1223639_D1	AMR	NA	0	0.0099	0.9901	0	0	0.2533	-9.9098	-11.1257	15.1915	-1.3419	BS_B39XQVK9	PT_M97ZCS35
1223640_D1	AFR	NA	0	0.999	0.001	0	0	-52.8119	-12.8954	0.3483	-1.1649	-2.5336	BS_54TR9RN5	PT_ARBPVCGH
1223647_D1	AMR	NA	0	0.0054	0.9879	6e-4	0.0061	1.6904	-0.2272	-10.2244	4.2874	-1.5417	BS_B4JS5CB6	PT_WHK1MYQG
1223648_D1	AMR	NA	0.408	0.0019	0.59	0	0	-4.4315	-17.8103	0.4412	-7.4488	-1.698	BS_SRD4KX67	PT_SCTH1RQ0
1223650_D1	EUR	NA	0	0	0.1089	0	0.8911	-3.2232	10.0492	0.0071	-7.6897	-3.0198	BS_C1SK1YNY	PT_3TQ8EBZE
1223651_D1	EUR	NA	0	0	0.0606	0	0.9394	-1.8343	12.1497	-4.1886	-7.9902	0.2463	BS_21AZ6ZRZ	PT_GBDRTNTY
1223654_D1	EUR	NA	0	0	0.1026	0	0.8974	-3.4297	10.5636	-3.2114	-8.4727	-3.5905	BS_0YKSTNJA	PT_Q37KKTVP
1223656_D1	EUR	NA	0	0	0.0915	0	0.9085	-2.0243	11.8606	-5.0251	-6.9937	-2.4106	BS_24PPG98R	PT_RFN96J7C
1223657_D1	EUR	NA	0	0	0.0681	0	0.9319	-0.0371	12.4474	-6.5759	-8.0187	-2.5125	BS_FSGQXHB9	PT_0V88WASE
1223658_D1	EUR	NA	0	0	0.049	0	0.951	-0.6655	12.6772	-3.6656	-9.1957	-1.549	BS_46K0RP9Z	PT_H0Y8DJA8
1223660_D1	EUR	NA	0	0	0.0305	0	0.9695	-0.6717	13.0008	-4.117	-10.9729	-2.3189	BS_C5NS1ANX	PT_CBTW4E3X
1223661_D1	AMR	NA	0	0.0057	0.9943	0	0	2.7008	-18.5505	-17.456	25.3945	-1.013	BS_YC7APHW4	PT_V0C2E99Z
1223664_D1	EAS	NA	0.9846	0	0.0154	0	0	2.9549	-16.6076	-2.6435	-8.1061	-1.8825	BS_CPSYDZTY	PT_VG6S9YQ9
1223665_D1	AMR	NA	0	0.0132	0.9868	0	0	-0.8632	-13.154	-13.5108	17.9682	0.1934	BS_TPP3CRNY	PT_FH0TD11J
1223670_D1	EUR	NA	0	0	0.0578	0	0.9422	-0.3369	10.5979	-4.3238	-9.6418	-2.1308	BS_DCQNPG8N	PT_C0ME1J0G
1223671_D1	EUR	NA	0	0	0.0617	0	0.9383	-1.396	11.0874	-2.592	-9.2005	-2.0676	BS_HJ3TC0T8	PT_7BVC1F8N
1223672_D1	EUR	NA	0	0	0.0733	0	0.9267	-1.0459	11.5245	-5.1169	-8.7102	-2.0919	BS_23H0PEBD	PT_0WQFCZ6S
1223673_D1	EUR	NA	0	0	0.0841	0	0.9159	-1.2122	12.2793	-6.8175	-6.6816	-2.3315	BS_SRDH21NX	PT_6KX1MXER
1223674_D1	EAS	NA	0.9988	0	0.0012	0	0	2.8339	-22.445	-4.2682	-3.8223	-1.882	BS_G1HX4DP4	PT_QAJRK2W9
1223677_D1	EAS	NA	1	0	0	0	0	8.9109	-44.5964	-3.3404	-8.7755	-3.0689	BS_2DAN8S59	PT_8S943DXT
1223678_D1	EUR	NA	0	0	0.1608	0	0.8392	-0.6308	8.9245	-6.7255	-5.4036	0.1242	BS_QJN4W216	PT_91WW504A
1223679_D1	AMR	NA	0	0.0103	0.9897	0	0	-1.5867	-3.8324	-10.1517	9.8724	-1.2405	BS_5FKK81CW	PT_BTS1T9E8
1223681_D1	AMR	NA	0	0.008	0.9917	0	3e-4	-0.6365	-2.1118	-11.356	8.1052	-1.9863	BS_8N5H2JBA	PT_5087VK5P
1223683_D1	EUR	NA	0	0	0.0564	0	0.9436	-0.7166	11.5148	-4.578	-9.5564	-0.2019	BS_THW3NEZM	PT_FVBANNK9
1223685_D1	EUR	NA	0	0	0.0513	0	0.9487	-0.3295	12.7156	-3.9521	-7.0124	-0.3318	BS_E6RFEAMA	PT_EWNAWYKB
1223686_D1	EUR	NA	0	0	0.2823	0	0.7177	-6.9855	7.8408	-2.7398	-7.7296	-3.3665	BS_4AS4R1KT	PT_JTWBNX91
1223689_D1	EUR	NA	0	0	0.0662	0	0.9338	-0.1311	11.5222	-4.5751	-7.5363	0.0017	BS_E3J566PZ	PT_7SDSZHAB
1223693_D1	EUR	NA	0	0	0.0717	0	0.9283	0.0613	10.4852	-4.1388	-8.6273	-0.223	BS_1CHM1YN7	PT_6TY1F93J
1223694_D1	AMR	NA	0	0.009	0.991	0	0	-0.7568	-7.5585	-13.6222	13.169	-3.3482	BS_22ZXRP58	PT_E50ZPGSJ
1223698_D1	AFR	NA	0	0.8541	0.1459	0	0	-29.1261	-3.681	-1.9249	-5.9003	-1.7312	BS_323M5GTZ	PT_XYS9EB2T
1223730_D1	EUR	NA	0	0	0.0531	0	0.9469	-0.5478	12.5364	-5.2456	-7.7317	-0.0226	BS_RRPBP3N2	PT_HERXR7FX
1223733_D1	EUR	NA	0	0	0.1062	0	0.8938	-2.5453	11.223	-3.3943	-7.618	-3.731	BS_04GAZFHK	PT_G8ZTC724
1223734_D1	AMR	NA	0.0011	0.0058	0.8418	0.0018	0.1496	-6.8727	2.9679	-2.8559	-3.3918	-3.1666	BS_XWMYHJWP	PT_JMYBRWQ9
1223735_D1	EUR	NA	0	0	0.1016	0	0.8984	-2.2755	10.1129	-3.4444	-8.3736	-0.9529	BS_8QKDGV8X	PT_047YGDRW
1223736_D1	EUR	NA	0	0	0.1452	0	0.8548	-2.1103	9.9302	-3.7121	-6.8397	-4.2428	BS_EFYEMMEQ	PT_JSB21KPJ
1223737_D1	EUR	NA	0	0	0.0621	0	0.9379	-1.403	11.3746	-3.6346	-9.262	-3.8055	BS_24Y7XQGA	PT_6VVYG70H
1223738_D1	EUR	NA	0	0	0.1023	0	0.8977	-4.8253	11.4381	-1.3198	-8.2056	-4.797	BS_Q9VD13AN	PT_WH5PD8ZK
1223739_D1	EUR	NA	0	0	0.1039	0	0.8961	-5.0433	9.3891	-1.1141	-9.4952	-3.2105	BS_KHDZEBKV	PT_SBE1B4CV
1223740_D1	AMR	NA	0	0.0103	0.9896	0	1e-4	0.6557	-5.0972	-9.4684	8.9447	-2.411	BS_PVHW9XST	PT_JJZ1MD8Z
1223743_D1	AMR	NA	0	0.0061	0.9939	0	0	1.801	-8.6219	-13.6375	15.0723	-0.0733	BS_K1H5YY5E	PT_JQ8ZRKBH
1223744_D1	EUR	NA	0	0	0.048	0	0.952	-1.5388	12.7484	-4.0173	-9.529	-0.3466	BS_39PND0JF	PT_4MQT24P4
1223745_D1	SAS	NA	0	0	0	1	0	0.8828	-16.3329	8.2671	-1.4686	-0.52	BS_02SV08QK	PT_VKRWCBA2
1223746_D1	EUR	NA	0	0	0.0797	0	0.9203	-1.5398	11.07	-3.5233	-8.4678	-1.8676	BS_BB4FZYCE	PT_H7XAC1YF
1223747_D1	EUR	NA	0	0	0.1839	0	0.8161	0.9358	8.2266	-8.1358	-4.7069	-0.3027	BS_93T0SHE9	PT_TP58N40V
1223748_D1	EUR	NA	0	0	0.067	0	0.933	-0.602	11.9958	-4.25	-7.7655	-1.3984	BS_QJ8VDF4Y	PT_2VYJXHHQ
1223749_D1	SAS	NA	0	0	0	1	0	-1.8766	-1.3082	9.8815	2.1312	-3.7617	BS_KRJ4WAWG	PT_9XXGZHJV
1223752_D1	AFR	NA	0	0.9768	0.0232	0	0	-37.0736	-5.0623	-1.4363	-5.4287	-0.6027	BS_X11P2J63	PT_5CYJ3NZ9
1223754_D1	AMR	NA	0	0.0339	0.9661	0	0	-8.2037	-10.5918	-12.9737	15.7565	-1.5304	BS_0AKG6PES	PT_EVF1DWCZ
1223755_D1	EAS	NA	0.9239	0	0.0761	0	0	3.8159	-13.7911	-3.4752	-7.8203	-0.9219	BS_JC7T3BWB	PT_34AV968C
1223757_D1	EUR	NA	0	0	0.09	0	0.91	-4.3465	9.1453	-2.4851	-10.1468	-3.0953	BS_5FC1GHTG	PT_G4HD4QTK
1223760_D1	EUR	NA	0	0	0.0419	0	0.9581	-0.7763	11.9192	-5.2148	-10.708	-0.2584	BS_10R0PFJR	PT_XBSCF601
1223761_D1	EUR	NA	0	0	0.0803	0	0.9197	-2.2841	11.0107	-3.8641	-8.9101	-1.1755	BS_F5A9GXPY	PT_BAH54SVM
1223762_D1	EUR	NA	0	0	0.2169	0	0.7831	-2.8403	8.1618	-5.8716	-4.7839	0.4083	BS_121SZC2Z	PT_GD2XQW0A
1223765_D1	EUR	NA	0	0	0.0593	0	0.9407	-0.8728	11.096	-5.0695	-9.6939	-2.5265	BS_JV2JXFVP	PT_EYQS4J99
1223766_D1	EUR	NA	0	0	0.0421	0	0.9579	0.5311	13.1643	-4.8541	-7.5973	-0.2439	BS_0VRSG921	PT_1VCHZ5P4
1223770_D1	EUR	NA	0	0	0.0985	0	0.9015	-1.9462	9.9165	-4.0125	-8.5036	-2.7783	BS_EPRR8MCX	PT_A64KYWHR
1223773_D1	EUR	NA	0	0	0.0183	0.0266	0.9551	-3.277	5.7203	3.2565	-4.3547	-3.3359	BS_NZBA67NR	PT_Y879MGBY
1223775_D1	EUR	NA	0	0	0.0779	0	0.9221	-3.7968	10.287	-2.0577	-9.6512	-3.4774	BS_QJKQBN00	PT_FYA3HV03
1223776_D1	AMR	NA	0	0.0135	0.9865	0	0	0.0513	-8.8079	-11.7242	11.391	-3.3932	BS_RR8VP87S	PT_B7BBE5DV
1223777_D1	EAS	NA	1	0	0	0	0	6.6462	-39.2582	2.06	-5.9608	0.899	BS_86GMSYGN	PT_9Z1FS69W
1223779_D1	EUR	NA	0	0	0.0705	0	0.9295	0.1165	11.5458	-4.3032	-6.0719	0.019	BS_91VG0Q26	PT_MKZ7ESSF
1223781_D1	EUR	NA	0	0	0.0698	0	0.9302	-0.1156	11.9596	-4.7507	-7.0434	-1.3803	BS_NZS3KQ8T	PT_0Q0CX0GS
1223783_D1	EUR	NA	0	0	0.0893	0	0.9107	-1.3944	10.6508	-4.9217	-8.4847	-1.8025	BS_0TMD6Z0Z	PT_5QEKPBGS
1223784_D1	EUR	NA	0	0	0.0901	0	0.9099	-0.3076	11.109	-4.0674	-7.5021	-3.3298	BS_55DZ40MT	PT_W4SMVJM8
1223786_D1	AFR	NA	0	0.9978	0.0022	0	0	-48.0406	-12.0492	-0.7868	-3.8679	-1.0633	BS_7N46Y3Y1	PT_XTVZ7P79
1223788_D1	EUR	NA	0	0	0.086	0	0.914	-0.376	11.2053	-2.459	-6.8662	-2.1489	BS_T6M4T0N7	PT_VZEREHVW
1223789_D1	EUR	NA	0	0	0.1962	0	0.8038	-0.8161	8.9387	-7.2342	-4.9489	-1.6711	BS_Z1QDZ6Q7	PT_GSQJ4YFX
1223798_D1	SAS	NA	0	0	0	1	0	-2.144	-7.7874	19.2671	3.3702	-2.5781	BS_T15XWXA4	PT_TWF36J8K
1223799_D1	EUR	NA	0	0	0.0553	0	0.9447	-1.5962	12.2509	-3.3168	-9.2844	-1.9464	BS_DMNBH6S2	PT_TTZFTYB5
1223800_D1	EUR	NA	0	0	0.0543	0	0.9457	-0.3263	13.3731	-4.6725	-8.4792	-4.6095	BS_8T5MDFDY	PT_HE8FBFNA
1223801_D1	AMR	NA	0.3434	5e-4	0.6549	1e-4	0.0011	1.8534	-10.4325	-1.1561	-6.9241	-0.489	BS_6S4F9542	PT_YTZJ8K0X
1223803_D1	EAS	NA	1	0	0	0	0	7.4458	-44.6191	-3.3679	-8.6465	-1.7672	BS_739AR77T	PT_PZCA1VVR
1223805_D1	EUR	NA	0	0	0.0592	0	0.9408	-1.4107	12.3613	-2.6379	-8.6897	-5.6033	BS_EXNMD8ZV	PT_1FP5WHJZ
1223806_D1	EUR	NA	0	0	0.1372	0	0.8628	-3.8015	10.9589	-3.0651	-6.911	-3.8126	BS_D28K3XZQ	PT_WK1JR173
1223807_D1	AMR	NA	0	0.0091	0.9908	0	0	0.162	-6.5961	-12.79	11.5445	-0.9189	BS_Q465B02G	PT_0FNG5FK3
1223811_D1	SAS	NA	0	0	0	1	0	-2.3847	-7.1724	18.5507	4.1555	-1.5826	BS_JMK6YJHB	PT_J9B6VRH8
1223812_D1	AMR	NA	0	0.0397	0.6291	0.3302	0.0011	-2.6062	-4.6969	1.7144	8.0275	-1.5403	BS_Y760HJA8	PT_D4JJMH7V
1223813_D1	AFR	NA	0	0.9986	0.0014	0	0	-50.9785	-12.4842	-1.3179	-2.9294	-1.7391	BS_QYBBV8T7	PT_K0C8VSD9
1223814_D1	AMR	NA	0	0.0138	0.9862	0	0	-2.1119	-9.6718	-11.3247	15.1136	-1.0821	BS_9G4T68NS	PT_DFR8928F
1223819_D1	EUR	NA	0	0	0.06	0	0.94	-0.9088	11.4083	-4.9067	-9.461	-2.6816	BS_46H4TYCX	PT_QF2ZH1V5
1223821_D1	EUR	NA	0	0	0.0487	0	0.9513	-0.794	11.736	-4.3422	-10.03	-0.3375	BS_72KFQZHK	PT_WW0M48CT
1223822_D1	EUR	NA	0	0	0.0439	0	0.9561	-2.6999	12.916	-4.86	-10.7053	-1.707	BS_CBKTKREJ	PT_GRRM8JXS
1223874_D1	AFR	NA	0	0.9966	0.0034	0	0	-46.7003	-11.2336	-1.2052	-2.0418	-0.6426	BS_8W50S10Z	PT_Y97DX151
1223875_D1	EUR	NA	0	0	0.0916	0	0.9084	-5.6405	9.9239	0.8504	-7.719	-4.0212	BS_MMSW05R7	PT_JXH1NWTR
1223879_D1	EUR	NA	0	0	0.0583	0	0.9417	-0.5577	13.0404	-4.4371	-7.5095	-2.6052	BS_94EM6ARP	PT_BYJ428GA
1223880_D1	EUR	NA	0	0	0.0458	0	0.9542	-0.0423	12.3829	-5.3543	-9.7154	-2.9408	BS_Q2MS4G42	PT_HV6XEG0K
1223882_D1	AFR	NA	0	0.8336	0.1664	0	0	-29.3919	-0.4983	-0.9794	-5.9072	-3.5704	BS_8B6A5A8D	PT_26WNQFB3
1223906_D1	EUR	NA	0	0	0.081	0	0.919	-4.5432	12.4592	-3.5362	-9.0269	-2.8836	BS_8D6DGAQW	PT_RN8WYW7K
1223910_D1	EUR	NA	0	0	0.1504	0	0.8496	-2.0785	8.7989	-3.7158	-7.3987	-0.3163	BS_JTX7BKV6	PT_XG4CJ0GM
1223965_D1	EUR	NA	0	0	0.0512	0	0.9488	-1.8014	12.1496	-3.2813	-9.7187	-2.6576	BS_A8WQZ15W	PT_85RSG67R
1223966_D1	EUR	NA	0	0	0.0661	0	0.9339	-1.2868	12.3446	-3.4664	-7.8655	-2.0827	BS_RGFH0Y82	PT_6N4TJ9G3
1224575_D1	EUR	NA	0	0	0.0795	0	0.9205	-0.0064	10.3067	-5.2309	-8.5915	-0.7152	BS_BXJYB2PX	PT_H5R0M2P6
1224576_D1	EUR	NA	0	0	0.0716	0	0.9284	-0.2373	11.509	-7.005	-8.8881	-2.1987	BS_P1JEYHTR	PT_PJ9E1AYH
1224578_D1	EUR	NA	0	0	0.069	0	0.931	-1.6794	12.115	-4.9611	-8.8951	-1.7221	BS_K2ZF0H2B	PT_3P3HARZ2
1224579_D1	AMR	NA	0	0.002	0.998	0	0	6.0533	-22.6443	-20.2211	33.1101	-2.4403	BS_VB75WNBG	PT_WESDNVM3
1224582_D1	EUR	NA	0	0	0.1138	0	0.8862	0.4687	10.5323	-5.3066	-5.3767	-1.8065	BS_1ZHT865M	PT_S9ZZSZHR
1224585_D1	EUR	NA	0	0	0.182	1e-4	0.8179	-6.8573	8.8076	0.6522	-5.1852	-5.509	BS_5C4VJKT3	PT_M9WKP8RF
1224587_D1	EUR	NA	0	0	0.0651	0	0.9349	-2.7615	11.2416	-0.8117	-9.1024	-3.8318	BS_3V1PPB48	PT_548918FZ
1224592_D1	EUR	NA	0	0	0.0836	0	0.9164	-1.3391	11.3712	-4.3324	-8.0299	-1.6154	BS_KYMVWPGC	PT_GY0MCXR8
1224593_D1	EUR	NA	0	0	0.0577	0	0.9423	-1.0619	12.6106	-4.9314	-6.1472	0.3091	BS_XRM8Y600	PT_H3KTPFRH
1224595_D1	EUR	NA	0	0	0.0758	0	0.9242	-1.7712	11.7772	-4.1277	-7.4198	-0.9913	BS_86TFE982	PT_TPEWXVJ1
1224598_D1	EUR	NA	0	0	0.0629	0	0.9371	-1.9183	12.6304	-4.3698	-8.1618	-1.6978	BS_EXGRJHEZ	PT_X7GTQR9N
1224600_D1	SAS	NA	0	0	0	1	0	-2.8514	-6.2602	16.5328	3.9247	-1.4729	BS_GT44VWCB	PT_ER9J5A9E
1224602_D1	AMR	NA	0	0.01	0.99	0	0	-0.1102	-9.8576	-11.9755	14.9193	-3.2754	BS_875BA4QG	PT_97EQQMT9
1224603_D1	AMR	NA	0	2e-4	0.5914	3e-4	0.4081	-0.1308	0.5307	-3.1439	-7.7997	-3.1515	BS_17QQY4TN	PT_7V6SF11S
1224604_D1	EUR	NA	0	0	0.0785	0	0.9215	0.4008	11.4371	-4.8467	-7.2021	-1.6835	BS_G5PAHW7Q	PT_Y98Q8XKV
1224607_D1	EUR	NA	0	0	0.2504	0	0.7496	-1.6306	8.0034	-7.2645	-3.9133	-0.7885	BS_1X63PF0Q	PT_2V5GJG0F
1224608_D1	AMR	NA	0	0.0022	0.9978	0	0	7.4426	-25.3539	-22.2453	33.8173	-1.0833	BS_Q868VVE9	PT_5BFEWBGY
1224610_D1	AMR	NA	0	2e-4	0.9297	2e-4	0.0698	-1.5161	4.3276	-10.2336	0.3298	-0.777	BS_DMZ9RY2T	PT_BRVGRXQY
1224612_D1	EUR	NA	0	0	0.0754	0	0.9246	-0.4575	11.7841	-6.1382	-7.7536	-1.4072	BS_1WRWVYTD	PT_D9HXS4CK
1224618_D1	EUR	NA	0	0	0.0455	0	0.9545	-1.2957	13.3729	-4.6065	-9.0052	-1.3512	BS_1XD43GA5	PT_MXVNR2GC
1224621_D1	AMR	NA	5e-4	0.0096	0.9861	0	0.0038	-11.9918	2.7517	-8.166	-3.4713	-3.2333	BS_366S29ZQ	PT_P69FZ5A6
1224625_D1	AMR	NA	0	0.0023	0.911	1e-4	0.0867	-13.1124	6.1999	-3.7971	-7.1809	-2.2471	BS_9NPGGFDB	PT_8HBWG092
1224626_D1	EUR	NA	0	0	0.0332	0	0.9668	-0.4892	13.9141	-5.6498	-10.4403	-1.967	BS_ZQH1NC54	PT_H0PXZWJ6
1224630_D1	EUR	NA	0	0	0.0672	0	0.9328	-0.4527	11.9051	-3.9422	-6.589	-0.54990000000000006	BS_ZVN5HWBJ	PT_8NPNACF3
1224631_D1	EUR	NA	0	0	0.0617	0	0.9383	-0.6024	11.37	-4.5344	-9.1521	-0.6693	BS_JQN7D48K	PT_65B5CGQG
1224632_D1	EUR	NA	0	1e-4	0.3265	1e-4	0.6734	-7.5751	7.4642	-0.0194	-7.2569	-4.1434	BS_T73QGGZZ	PT_SYSCTVT8
1224633_D1	EUR	NA	0	0	0.0865	0	0.9135	-2.3917	9.5495	-3.3652	-9.2791	-3.4755	BS_NV6N61QE	PT_49KEX2FK
1224635_D1	EUR	NA	0	0	0.0483	0	0.9517	-0.1154	12.6924	-5.1672	-8.9627	-0.7341	BS_DDBEJNNB	PT_SBSXK3XB
1224638_D1	EUR	NA	0	0	0.0708	0	0.9292	-0.3394	11.3764	-4.2639	-8.1185	-0.7059	BS_85D6M2ZN	PT_WNS0AZQT
1224641_D1	EUR	NA	0	0	0.0445	3e-4	0.9553	-2.9588	8.0527	2.1392	-5.6741	-2.6703	BS_V0MS0G79	PT_K18Z7QK3
1224644_D1	EUR	NA	0	0	0.0437	0	0.9563	-0.7345	13.3742	-5.7161	-8.6417	-0.6496	BS_77KJMS8Y	PT_2MZPGZN1
1224646_D1	EUR	NA	0	0	0.0849	0	0.9151	-1.6088	10.1968	-3.4361	-8.7676	-0.8476	BS_4ZFQH6TK	PT_AYV78KT9
1224647_D1	EUR	NA	0	0	0.0554	0	0.9446	-0.8893	11.4707	-2.8312	-9.2619	-1.3261	BS_D1M3YJTA	PT_YVY56QHA
1224648_D1	EUR	NA	0	0	0.0498	0	0.9502	-0.3163	13.0909	-5.1136	-7.6277	-1.072	BS_NTRZQ5DZ	PT_EQX0VT4F
1224649_D1	EUR	NA	0	0	0.0695	0	0.9305	1.1775	10.417	-5.821	-8.6731	-0.2994	BS_36NRPEXX	PT_EK4VZ6AY
1224650_D1	EUR	NA	0	0	0.0625	0	0.9375	0.3597	11.3285	-3.5484	-8.3918	-0.2782	BS_24RR82Q8	PT_CTC9ZDNY
1224652_D1	AMR	NA	8e-4	0.0203	0.9729	1e-4	0.0059	-10.6246	2.1841	-4.938	-3.1231	-3.702	BS_X1AXBBF7	PT_R604JG6B
1224653_D1	AMR	NA	0	0.0028	0.9972	0	0	4.5159	-18.5403	-21.5925	27.2859	-1.9115	BS_Y0YTZVXW	PT_2HWA1TA9
1224656_D1	EUR	NA	0	1e-4	0.2809	2e-4	0.7188	-6.0788	7.4598	0.378	-3.2075	-5.3572	BS_G7VGEN03	PT_V84GD4GT
1224657_D1	EUR	NA	0	0	0.0368	0	0.9632	0.3834	13.3832	-5.4087	-9.8715	-0.8465	BS_8QAGZG10	PT_NAYJ2G2E
1224658_D1	EUR	NA	0	0	0.0794	0	0.9206	0.3324	10.9153	-4.7345	-7.9958	-1.5683	BS_ZD93F802	PT_W5Z2VB5Z
1224661_D1	AFR	NA	0	0.9972	0.0028	0	0	-48.6917	-13.6028	-1.4753	-2.2884	-2.7227	BS_K0QQJ205	PT_WF4Q4SF2
1224663_D1	EUR	NA	0	0	0.0445	0	0.9555	-1.552	13.0956	-3.59	-8.639	-0.0281	BS_9RHDDWH5	PT_DRRTC594
1224664_D1	AFR	NA	0	0.7929	0.2071	0	0	-29.3433	-3.7088	-2.9556	-2.6554	-2.8567	BS_D4NWYVYJ	PT_CDC4A70C
1224665_D1	AMR	NA	0	0.0274	0.9647	0	0.0078	-15.3352	3.7011	-5.1	-7.5053	0.4236	BS_V4QGT56S	PT_P571HTNK
1226090_D1	EUR	NA	0	0	0.0528	0	0.9472	0.1759	10.7148	-3.5712	-9.6988	0.0222	BS_M607R79H	PT_MGJJBG0T
1226091_D1	AFR	NA	0	0.9911	0.0089	0	0	-43.5677	-8.3263	-1.4235	-2.2692	-1.1236	BS_ATNER2VJ	PT_XPDTCGRR
1226092_D1	EUR	NA	0	0	0.1617	0	0.8383	0.5503	8.0582	-5.8682	-6.6713	-0.5879	BS_RFGHR2BZ	PT_35X8ASEE
1226094_D1	EUR	NA	0	0	0.0914	0	0.9086	-1.5965	9.8273	-6.1781	-9.2196	-0.2915	BS_N1JWVE7X	PT_J4AD2XSC
1226095_D1	EAS	NA	0.9966	0	0.0034	0	0	4.2387	-16.1084	-3.6191	-6.8002	-1.8115	BS_D77EV9S8	PT_AR01XWM3
1230604_D1	AMR	NA	4e-4	0.0418	0.9555	0	0.0023	-12.1495	0.1923	-4.7248	-2.3661	-1.3122	BS_2V2QAAX5	PT_A9E0SJZB
1230657_D1	SAS	NA	0	0	1e-4	0.9964	0.0035	-4.0729	2.8542	5.0089	-0.9816	0.4281	BS_703HQQWJ	PT_EVQZ62SE
1232566_D1	AMR	NA	1e-4	0.0504	0.9478	0	0.0017	-14.7191	-1.1748	-5.0956	-0.6156	-2.4509	BS_R2F4MNM6	PT_DF8P04Y1
1232567_D1	AMR	NA	1e-4	0.0505	0.9486	0	8e-4	-15.715	0.5087	-6.3099	-2.5656	-1.7849	BS_8RTC36WH	PT_XWFW59VV
1232568_D1	EUR	NA	0	0	0.0743	0	0.9257	-0.4613	11.3437	-3.985	-8.0715	-1.1211	BS_HWZ595K1	PT_6XT5HH0S
1232569_D1	EUR	NA	0	0	0.0703	0	0.9297	-1.4159	12.022	-3.118	-8.1452	-2.0805	BS_PTDHV486	PT_MFNW2QEB
1232603_D1	AFR	NA	0	0.9997	3e-4	0	0	-58.6527	-14.6993	-0.6974	-1.9014	-2.2715	BS_ZEWQF3HP	PT_FRHVM7G9
1232604_D1	EUR	NA	0	0	0.0947	0	0.9053	-1.7858	10.4682	-4.6078	-8.4434	-2.1684	BS_917QMT6W	PT_FMS4AXKD
1233019_D1	EUR	NA	0	0	0.059	0	0.941	-1.1522	12.5393	-4.3302	-8.7865	-1.8376	BS_3YZ50N20	PT_2NH8AXVB
1233077_D1	EUR	NA	0	0	0.1445	0	0.8555	-4.0466	9.6015	-3.054	-7.767	-3.6855	BS_REBK5Z6A	PT_AW99VNWM
1233078_D1	AFR	NA	0	0.9994	6e-4	0	0	-54.7697	-15.4624	-0.6328	-2.3809	-2.1752	BS_G9DM47H1	PT_6N825561
1233080_D1	EUR	NA	0	0	0.0971	0	0.9029	-4.5727	11.7599	-5.8911	-9.2145	-3.2542	BS_ZMY8A3KJ	PT_HJMP6PH2
1233081_D1	EUR	NA	0	0	0.0498	0	0.9502	-1.3618	11.8341	-4.8723	-10.1715	-2.803	BS_8YHS8TKX	PT_ZZWYKZZ8
1233082_D1	EUR	NA	0	0	0.0487	0	0.9513	-0.0052	12.371	-5.2591	-8.7166	0.2097	BS_RM9HDDVZ	PT_23NZGSRJ
1233083_D1	EUR	NA	0	0	0.0736	0	0.9264	0.5301	12.694	-6.2151	-6.6701	-3.6608	BS_KK75S1Q3	PT_3KM9W8S8
1233084_D1	EUR	NA	0	0	0.071	0	0.929	-1.5477	12.0447	-5.4081	-8.8527	-3.2053	BS_6G9QNPG1	PT_HFQNKP5X
1233086_D1	AMR	NA	0	0.3397	0.6603	0	0	-25.2502	-13.4752	-8.4729	7.8154	-0.6871	BS_04G6D4W2	PT_Z4BF2NSB
1233087_D1	AFR	NA	0	0.9965	0.0035	0	0	-46.7234	-11.6638	-2.0602	-3.2678	-1.2217	BS_E5KXV7KX	PT_FWWRWTV2
1236460_D1	EUR	NA	0	0	0.0722	0	0.9278	-0.9914	11.7209	-4.1279	-8.0811	-1.3931	BS_0X61ZVF7	PT_3A4ZR5FY
1236461_D1	EUR	NA	0	0	0.058	0	0.942	-0.5926	12.2563	-1.9157	-7.9389	-1.6581	BS_X4BXY2DA	PT_39X3ZWVJ
1236462_D1	EUR	NA	0	0	0.0746	0	0.9254	-0.5933	11.6175	-4.055	-7.7247	-1.5453	BS_TD9QRQC7	PT_HBNYKPM1
1236464_D1	AMR	NA	0	0.0223	0.9777	0	0	-0.6541	-12.58	-11.4257	13.6479	-0.7467	BS_RSKCJ76G	PT_X4PV4FBS
1236465_D1	EUR	NA	0	0	0.0703	0	0.9297	-2.7722	12.2631	-3.3441	-8.8105	-2.0717	BS_TBS5YYQM	PT_5HSJZPJ3
1236466_D1	AMR	NA	0	0.0104	0.9896	0	0	-2.1088	-7.1289	-13.7265	13.0331	-3.2379	BS_EFMKK48P	PT_N13MXT13
1236468_D1	EUR	NA	0	0	0.0585	0	0.9415	0.2491	12.3474	-4.4296	-8.0541	-1.7377	BS_E6RNM5W6	PT_GNW76F1X
1236471_D1	EUR	NA	0	0	0.0443	0	0.9557	-1.4954	12.1612	-4.0103	-10.6461	0.3901	BS_7P2D1F4X	PT_EX8W833S
1236472_D1	EUR	NA	0	0	0.1341	0	0.8659	-5.02	9.5963	-4.1223	-8.7911	-2.7818	BS_95DYPQ58	PT_HXV713W6
1236474_D1	EUR	NA	0	0	0.0669	0	0.9331	1.3633	10.8045	-4.4213	-8.2041	-1.8181	BS_WBRK4347	PT_G3MPFYCD
1236476_D1	AFR	NA	0	0.7551	0.2449	0	0	-25.9084	0.3488	-2.1173	-6.2307	-1.1754	BS_TBSC1P24	PT_GV80KRK3
1236478_D1	EUR	NA	0	0	0.088	0	0.912	-0.9468	10.9544	-4.1641	-8.0054	-1.5289	BS_VNRZAWAT	PT_BA38VR93
1236480_D1	EUR	NA	0	0	0.1117	0	0.8883	-1.9005	10.3771	-4.9698	-7.858	-1.227	BS_8V3H23EJ	PT_8J4EYY40
1236481_D1	AFR	NA	0	0.8975	0.1025	0	0	-30.594	-2.9031	1.4647	-3.8654	-2.7449	BS_NMKB9YKN	PT_CR6VHWQX
1236482_D1	AMR	NA	0	0.0146	0.9842	0	0.0012	-0.3824	-3.844	-9.8231	5.2694	-2.4515	BS_KX3258Y6	PT_KT1TR9JH
1236483_D1	EAS	NA	1	0	0	0	0	9.1322	-43.83	-2.2205	-7.283	-1.0618	BS_65FNRFMM	PT_B4RTR0T5
1236484_D1	AFR	NA	0	0.9997	3e-4	0	0	-59.3076	-16.7128	-1.4758	-1.3607	-0.7097	BS_ZR96T7DG	PT_GTHZF21E
1237392_D1	EUR	NA	0	0	0.0666	0	0.9334	-0.2835	11.5518	-2.3316	-8.0854	-1.9773	BS_EZ2FRK3Q	PT_F3B9V4QY
1237394_D1	EUR	NA	0	0	0.0639	0	0.9361	-0.0313	12.1445	-3.9587	-8.2018	-2.2243	BS_ZFXCKJ46	PT_5V6PRZX4
1237396_D1	EUR	NA	0	0	0.0945	0	0.9055	-1.5518	10.5268	-4.9516	-8.4025	-0.6411	BS_TTXW2GPQ	PT_RDGW5MJE
1237405_D1	EAS	NA	1	0	0	0	0	5.3365	-28.6497	-2.5779	-5.8672	-3.6779	BS_T9N7K46M	PT_FFCD5XD7
1237407_D1	AMR	NA	0	0.0025	0.9877	7e-4	0.0091	-0.2537	1.9939	-8.4608	4.1701	-1.4211	BS_D23T9SJX	PT_B2KF59PQ
1237409_D1	EUR	NA	0	0	0.0808	0	0.9192	-0.2236	11.734	-4.7589	-5.7211	-1.2915	BS_ZB3KY5VE	PT_2X2Z1MYD
1237410_D1	EUR	NA	0	0	0.0651	0	0.9349	0.3753	11.9033	-6.1032	-7.0676	-0.329	BS_MVB3EXCR	PT_K2PD4VT2
1237411_D1	EUR	NA	0	0	0.0515	0	0.9485	-0.0295	12.5022	-4.6403	-7.224	0.1017	BS_AQ5RFCTW	PT_R24KKSND
1237414_D1	EAS	NA	1	0	0	0	0	5.5873	-40.1144	0.3801	-7.1509	0.3235	BS_J8CK3JA8	PT_45T6E38N
1237416_D1	AMR	NA	0	0.0089	0.9909	0	2e-4	-1.3509	-3.1528	-13.1028	7.5086	-3.957	BS_TC39FQAH	PT_7TVR7AJ2
1237417_D1	EUR	NA	0	0	0.0751	0	0.92490000000000006	-3.9983	12.3954	-4.8577	-9.4282	-3.02	BS_SS11WGW2	PT_N8VZWF99
1237419_D1	AMR	NA	0	0.0114	0.9886	0	0	-1.3994	-8.5003	-14.6695	13.2169	-2.4608	BS_Q3B16JHG	PT_EK3N3FMR
1237420_D1	EUR	NA	0	0	0.0665	0	0.9335	-1.7761	12.3629	-4.6634	-6.4027	-0.2411	BS_XP6D7712	PT_7ECBYH4W
1237421_D1	EUR	NA	0	0	0.0424	0	0.9576	-1.3088	13.0381	-3.7192	-9.7012	-0.166	BS_TGTJ01AD	PT_F8MJBBJJ
1237423_D1	EUR	NA	0	0	0.05	0	0.95	1.0593	11.0284	-2.7439	-8.9805	-3.422	BS_YZZ7FDBP	PT_E99F32RF
1248737_D1	SAS	NA	0	0	0	1	0	-0.0633	-4.3373	16.3935	3.0042	-3.2647	BS_K4TAJKKY	PT_9RTMDPES
1248738_D1	AFR	NA	0	0.6853	0.3147	0	0	-26.5514	0.8216	-2.4248	-4.5306	-1.4941	BS_MYFK362V	PT_FDQHEKJB
1248741_D1	EUR	NA	0	0	0.0506	0	0.9494	-0.3075	12.8828	-4.661	-7.7095	-0.9051	BS_H4GDMYN5	PT_BXXZE0CQ
1248742_D1	EUR	NA	0	0	0.0596	0	0.9404	-0.24	13.1105	-5.1067	-6.9324	-2.5983	BS_19SJ6HYZ	PT_08M919BH
1248743_D1	EUR	NA	0	0	0.0659	0	0.9341	-0.5324	11.7998	-4.2144	-8.5497	-1.5403	BS_52A4PMWT	PT_CWXSP19D
1248745_D1	AFR	NA	0	0.9044	0.0956	0	0	-32.9097	-5.4555	-3.7879	-2.7836	-1.312	BS_SJ5NBSZK	PT_WPQF0B3M
1248746_D1	EUR	NA	0	0	0.0727	0	0.9273	-1.7966	10.9028	-5.0875	-9.4118	-1.8612	BS_FGJT1B40	PT_C9AY9KQF
1248747_D1	EUR	NA	0	0	0.0538	0	0.9462	-1.5739	12.3307	-4.1279	-9.5256	-2.0588	BS_8EVR9152	PT_BHJT2M99
1248748_D1	EUR	NA	0	0	0.0673	0	0.9327	-1.0676	12.0508	-3.2609	-8.3531	-2.0771	BS_7H8QBGDA	PT_DNAJYFZT
1248749_D1	EUR	NA	0	0	0.0531	0	0.9469	0.7822	11.9653	-5.4004	-8.6305	-0.0685	BS_RSJST2QC	PT_GHTSGFCT
1248753_D1	EUR	NA	0	0	0.0362	0	0.9638	1.0326	13.2546	-3.8313	-7.9364	0.0141	BS_ZQTAWSEW	PT_G9XKWA3N
1248756_D1	EUR	NA	0	1e-4	0.1925	2e-4	0.8072	-6.6415	7.0014	0.8649	-5.7077	-5.7061	BS_3DFHVTTT	PT_KNJDVV4K
1248757_D1	AFR	NA	0	0.9994	6e-4	0	0	-54.8061	-14.6488	-1.7444	-2.8371	-1.4764	BS_9VWDH9QP	PT_32CD03EE
1248758_D1	AFR	NA	0	0.5974	0.4008	0	0.0018	-22.7242	-3.1737	2.3413	-1.1754	-2.0879	BS_SP0F1YMZ	PT_CHHBDNNJ
1248760_D1	EUR	NA	0	0	0.0507	0	0.9493	-1.0207	13.0678	-6.0742	-8.7878	-1.0845	BS_9V5A1F05	PT_Q4GD8TFQ
1248761_D1	AMR	NA	0	0.003	0.9942	3e-4	0.0024	5.5935	-0.7239	-7.8493	5.5703	0.0752	BS_66RH158D	PT_3JNXBSHR
1248764_D1	EUR	NA	0	2e-4	0.2488	3e-4	0.7507	-1.841	2.9099	-0.4905	-7.6509	-3.1967	BS_P9P5352S	PT_PAPEQ0T0
1248765_D1	EUR	NA	0	0	0.0636	0	0.9364	-1.5359	12.1488	-4.8774	-9.0112	-1.1723	BS_AVAP4RXQ	PT_YM51XZH0
1248766_D1	EUR	NA	0	0	0.0827	0	0.9173	-1.2987	10.8964	-3.0572	-8.1888	-2.0105	BS_PEMY24Z2	PT_T4VN7ZRB
1248767_D1	AFR	NA	0	0.9949	0.0051	0	0	-44.094	-10.7606	-0.6833	-3.8687	-0.9722	BS_93BVRV62	PT_QVWCRKZM
1248768_D1	EUR	NA	0	0	0.0813	0	0.9187	-3.7749	12.3849	-4.1966	-8.3573	-2.5302	BS_YJ6Z96VQ	PT_VD2DHTMY
1248769_D1	EUR	NA	0	0	0.053900000000000003	0	0.9461	1.0136	12.5564	-4.2535	-8.2465	-2.3843	BS_DBEVBMSC	PT_6WZ8RVRQ
1248770_D1	EUR	NA	0	0	0.0469	0	0.9531	-1.2783	13.3978	-2.6552	-8.3202	-2.0421	BS_BXKSBG3S	PT_2PRV78FX
1248771_D1	AFR	NA	0	0.7108	0.2892	0	0	-25.7374	-0.396	-1.9214	-6.3608	-2.5135	BS_SH0T81B2	PT_EQ0BRG88
1248782_D1	AFR	NA	0	0.9998	2e-4	0	0	-61.6733	-18.2307	-2.165	-1.6012	-2.9758	BS_5GEAJ2XE	PT_3TYNHF3F
1248784_D1	AFR	NA	0	0.9931	0.0069	0	0	-44.3593	-10.4098	-0.8752	-3.1328	-2.8618	BS_96F5SNZK	PT_YDQMJZJB
1248787_D1	EUR	NA	0	1e-4	0.033	0.0283	0.9385	-6.137	6.0435	3.2701	-4.1734	-4.177	BS_SQ3JEW5T	PT_JGTXEKNV
1248793_D1	AMR	NA	1e-4	0.0016	0.7417	0.0017	0.2548	-1.5446	2.0591	-6.8869	-1.3188	-0.4777	BS_9C6W872V	PT_Q0N3AG4D
1248795_D1	EUR	NA	0	0	0.0886	0	0.9114	-2.3286	11.6459	-4.4083	-7.9605	-2.1744	BS_4N2P9127	PT_N5J8REP8
1248797_D1	EUR	NA	0	0	0.0778	0	0.9222	-2.4933	11.8845	-2.9776	-8.0625	-1.9448	BS_6G0A23GM	PT_MBM8765W
1248804_D1	EUR	NA	0	1e-4	0.1961	0.0014	0.8024	-7.9973	7.0759	1.74	-4.5062	-3.7968	BS_5Z4Z2QMG	PT_6AZMN6A8
1248805_D1	EUR	NA	0	0	0.0408	0	0.9592	-0.2483	13.8753	-6.5748	-8.8907	-1.5448	BS_SYEY2CXZ	PT_P2B3RNR0
1248808_D1	AFR	NA	0	0.9994	6e-4	0	0	-55.3518	-15.3682	-0.9764	-1.0189	-2.652	BS_XATN0RZD	PT_X0GD01P1
1248813_D1	EUR	NA	0	0	0.0563	0	0.9437	-1.8766	12.4567	-5.7656	-9.4815	-0.444	BS_51EHJCDY	PT_K71TQSF4
1248817_D1	EUR	NA	0	0	0.0771	0	0.9229	-0.229	10.6137	-4.716	-8.3919	0.5981	BS_NYMKGH2A	PT_VY5A2ECP
1248818_D1	EUR	NA	0	0	0.0497	0	0.9503	-1.2368	13.1102	-3.8671	-8.6812	-1.6502	BS_G6EZ5P9H	PT_Z9BN2V4W
1248819_D1	EUR	NA	0	0	0.0747	0	0.9253	-1.1383	12.1489	-4.4574	-8.1814	-3.8988	BS_EGND7Y7E	PT_AJXE05XM
1248820_D1	EUR	NA	0	0	0.0733	0	0.9267	-2.3383	12.5287	-3.9128	-7.8402	-2.6834	BS_87E8F1HP	PT_F4DBSRRC
1248822_D1	EUR	NA	0	0	0.0604	0	0.9396	-0.0402	10.7796	-5.0177	-9.4019	-1.8752	BS_1SZBBH1X	PT_78BDCX2C
1248825_D1	EUR	NA	0	0	0.097	0	0.903	-2.8134	11.0932	-1.8905	-7.8378	-2.8255	BS_E64JXDG2	PT_650GZWJR
1248826_D1	EUR	NA	0	1e-4	0.33	0	0.6698	-7.0182	6.7938	-2.2686	-7.5703	-4.1809	BS_PRRWRK7F	PT_42KS3NMS
1248829_D1	AMR	NA	0	0.0024	0.9976	0	0	4.4103	-16.2837	-19.7684	26.5047	-0.5871	BS_Y1HZT376	PT_NF6R6YHR
1248877_D1	EUR	NA	0	0	0.055	0	0.945	-1.0447	12.1564	-5.4304	-8.6581	0.5287	BS_A385FF70	PT_2JGWN6EA
1249792_D1	EUR	NA	0	0	0.0997	0	0.9003	-2.2705	11.1309	-3.1939	-7.7651	-2.7788	BS_WX1XR5S2	PT_062ZW10V
1249794_D1	EUR	NA	0	0	0.2527	0	0.7472	-2.5518	8.0645	-6.4632	-3.0531	-0.0516	BS_YT23ENKV	PT_28TM5WBD
1249797_D1	AFR	NA	0	0.7084	0.2916	0	0	-28.2815	-1.1843	-4.6053	-5.7876	-2.4289	BS_XTE7Q0HP	PT_YND59052
1249798_D1	EUR	NA	0	0	0.043	0	0.957	0.039	13.2861	-5.2778	-9.4272	-3.0946	BS_3S52DQ5M	PT_WWRB8KDQ
1249799_D1	EUR	NA	0	0	0.0945	0	0.9055	-4.837	10.0876	-0.5678	-9.0822	-4.7795	BS_B21Q9KPG	PT_CWVNNBPH
1249803_D1	EUR	NA	0	0	0.0682	0	0.9318	-0.3842	11.1571	-3.8979	-8.616	-1.0027	BS_ANERH32P	PT_5Y0CE4WK
1249805_D1	EUR	NA	0	0	0.0511	0	0.9489	0.2536	12.1078	-3.6372	-8.9129	-0.7422	BS_5JA8FSMK	PT_3AR6AW9N
1249807_D1	SAS	NA	0	0	0	1	0	-0.9758	-5.8151	18.6161	4.4651	-2.2316	BS_XJYA5SVB	PT_SD4RJ57T
1249809_D1	AFR	NA	0	0.9721	0.0279	0	0	-38.0148	-6.3103	-1.6376	-3.0444	-1.968	BS_T5GG0KTT	PT_DKMVGV69
1249810_D1	EUR	NA	0	0	0.034	0	0.966	0.1905	13.7857	-3.6685	-7.7429	-0.0984	BS_3VMWCBV7	PT_9CQA1W10
1249811_D1	EUR	NA	0	0	0.0409	0	0.9591	-1.2079	12.1512	-4.3942	-10.5865	-3.6464	BS_AW3AXTGQ	PT_8FBR94AD
1249812_D1	AFR	NA	0	0.9943	0.0057	0	0	-43.5864	-9.5133	-0.2754	-2.612	-0.0791	BS_XNJN1Y0A	PT_5SWFTE95
1249813_D1	EUR	NA	0	0	0.0719	0	0.9281	-0.098	11.494	-5.7982	-8.5307	-2.5624	BS_MJWX2F6H	PT_PMEXVDFJ
1249814_D1	EUR	NA	0	0	0.0442	0	0.9558	0.7969	12.4383	-3.5402	-8.5632	-0.187	BS_CJDHVN59	PT_VREE80NP
1249815_D1	EUR	NA	0	0	0.0852	0	0.9148	-0.1964	10.9526	-5.7673	-8.1678	-2.3613	BS_TZ5YARH0	PT_DY2GNA83
1249817_D1	EUR	NA	0	0	0.055	0	0.945	-0.8105	12.1352	-6.0473	-9.6498	-0.7054	BS_WEP3M4HT	PT_BFJRXMYZ
1249819_D1	EUR	NA	0	0	0.0594	0	0.9406	-1.4105	11.6833	-4.0546	-9.3873	-1.5284	BS_RB1YEVY5	PT_QWN0G1GH
1249821_D1	EUR	NA	0	0	0.0832	0	0.9168	-0.7883	11.6051	-6.6103	-7.1256	-1.0711	BS_G5A9M5BS	PT_22F1768J
1249824_D1	EUR	NA	0	0	0.0891	1e-4	0.9108	2.1486	7.2198	1.2632	-5.6081	-2.0497	BS_QKW8P229	PT_NC2X0HJS
1249825_D1	SAS	NA	0	0	0	1	0	-0.5095	-3.516	14.5967	5.2786	-0.9548	BS_1X3JQ424	PT_394ZA6P7
1249828_D1	EUR	NA	0	0	0.0392	0	0.9608	-1.0719	13.7254	-5.194	-9.0108	-0.7149	BS_Y1HPE7KA	PT_2KN2TFJP
1249830_D1	EUR	NA	0	0	0.0509	0	0.9491	3.5016	11.7088	-3.0457	-7.2515	-1.0143	BS_X565XEWE	PT_X79W5C99
1250527_D1	AFR	NA	0	0.9985	0.0015	0	0	-50.0276	-11.0391	-0.4904	-4.6183	-1.5911	BS_W1FA9VH0	PT_ZXMR1WSK
1250562_D1	EUR	NA	0	0	0.0599	0	0.9401	0.8102	9.9508	-4.4721	-9.3534	-2.4971	BS_NZ8SSQKH	PT_4N0FTRQS
1250563_D1	EUR	NA	0	0	0.1161	0	0.8839	-2.9515	8.4612	-3.5311	-8.9322	-2.547	BS_VPB66VG0	PT_DZ86YXN6
1250565_D1	EUR	NA	0	0	0.0542	0	0.9458	-0.4685	11.5916	-3.3288	-9.1992	-2.002	BS_5CHT00HN	PT_VN9SKYQQ
1250566_D1	AMR	NA	0	0.0066	0.9895	0	0.0039	-11.6645	1.2437	-7.2654	0.2409	-2.829	BS_WDJ700JM	PT_KJ8DYES9
1250567_D1	EUR	NA	0	0	0.1528	0	0.8472	-0.8378	9.2031	-4.4064	-6.597	-2.0069	BS_T0MECPMN	PT_GR02DP0Q
1250568_D1	EUR	NA	0	0	0.0594	0	0.9406	-0.1108	11.1874	-5.0762	-9.2889	-3.4444	BS_XAGKH813	PT_RWF4AB4X
1250569_D1	EUR	NA	0	0	0.0768	0	0.9232	-2.9582	12.5632	-3.7306	-6.7958	-2.1008	BS_2D2AGD2W	PT_0WTX4CBR
1250570_D1	EUR	NA	0	0	0.0871	0	0.9129	0.4706	11.0928	-6.1595	-7.0643	-1.2642	BS_F3RPQVHE	PT_W95TYXPM
1250571_D1	EUR	NA	0	0	0.0514	0	0.9486	-1.4066	12.6151	-4.4788	-8.3534	0.0192	BS_8SR5GT22	PT_Y6ZREKYF
1250573_D1	EUR	NA	0	0	0.0529	0	0.9471	0.8565	11.9586	-5.0576	-8.8956	-2.6235	BS_J6R8C2YP	PT_TKWF5MDW
1250577_D1	EUR	NA	0	0	0.4615	1e-4	0.5384	-0.983	4.8916	-6.4048	-3.5058	-2.1043	BS_QB0QEZ1E	PT_FA2F3HQG
1250578_D1	EUR	NA	0	0	0.0917	0	0.9083	-0.6538	10.4778	-4.8053	-7.2146	0.1183	BS_A20FHTWX	PT_0H8VY9HP
1250579_D1	EUR	NA	0	0	0.0693	0	0.9307	-1.3263	11.9422	-4.2939	-6.791	-0.3051	BS_QD1S5JDX	PT_NHX9RARA
1250581_D1	EUR	NA	0	0	0.0544	0	0.9456	0.1673	12.4853	-4.1599	-8.6162	-2.3547	BS_V3M5PW71	PT_WWR7NB5Q
1250584_D1	SAS	NA	0	0	0	1	0	-1.3205	-9.0906	18.0196	2.7191	-1.7403	BS_9GY1MEF0	PT_K7NAC0JG
1250587_D1	EUR	NA	0	0	0.0439	0	0.9561	-0.9858	13.6398	-5.8201	-9.2623	-1.6544	BS_AVRAY5XH	PT_YV130SEM
1250592_D1	EUR	NA	0	0	0.0837	0	0.9163	0.5153	10.3519	-3.9152	-7.8108	-0.8498	BS_H1W0SX2H	PT_YJVYZM0H
1250593_D1	EUR	NA	0	0	0.0703	0	0.9297	0.343	11.1312	-6.0662	-8.677	-2.126	BS_AZPVVXFS	PT_AX5NM47X
1250594_D1	EUR	NA	0	0	0.1027	0	0.8973	-1.6844	10.254	-2.6395	-7.7529	-0.777	BS_0NWDAGKQ	PT_E0QNEXZ8
1250596_D1	EUR	NA	0	0	0.0685	0	0.9315	-1.7439	11.8748	-3.7661	-8.7956	-3.1026	BS_H5YW42AY	PT_YDFPMXAR
1272845_D1	EUR	NA	0	0	0.2358	0	0.7642	1.4406	7.2984	-6.8951	-4.8903	-1.31	BS_2T6YH6FS	PT_6VKN63HK
1272848_D1	AMR	NA	0	0.0053	0.9937	0	9e-4	2.0303	-2.0978	-12.459	6.8857	-2.4254	BS_GF8X9477	PT_FNBPQD2C
1272849_D1	AMR	NA	0	0.007	0.993	0	0	1.1027	-11.9194	-14.8459	18.1609	-1.5183	BS_6TN5M526	PT_2SFE7WGQ
1272851_D1	EUR	NA	0	0	0.0442	0	0.9558	0.7212	11.0018	-3.2685	-9.7649	-1.8434	BS_MNABA9ND	PT_FSR10RSN
1272852_D1	EUR	NA	0	0	0.0619	0	0.9381	-1.9395	9.819	-1.554	-9.8569	-3.667	BS_759TNYC2	PT_8FP2770K
1272854_D1	EUR	NA	0	0	0.1101	0	0.8899	-4.1503	11.6003	-1.9992	-7.5734	-3.7321	BS_PCFP168F	PT_0324HWD5
1272855_D1	EUR	NA	0	0	0.0893	0	0.9107	-1.9799	11.2882	-4.7531	-8.2508	-1.5971	BS_967Z29QR	PT_BVA0H9T9
1272856_D1	EUR	NA	0	0	0.0728	0	0.9272	-2.32	11.8852	-2.1865	-8.3987	-1.9329	BS_2PX94YTZ	PT_BTYG7JR9
1272858_D1	EUR	NA	0	0	0.0487	0	0.9513	-1.7427	12.7552	-4.2428	-8.5026	0.6629	BS_YW3N2GWP	PT_X9NNW2E7
1272860_D1	EUR	NA	0	0	0.0581	0	0.9419	-0.718	12.7552	-4.5241	-8.1279	-2.0615	BS_WFRX6HBD	PT_NQXV606T
1272861_D1	EAS	NA	1	0	0	0	0	5.9107	-42.0383	-0.2423	-7.5064	3.3751	BS_SWMR6SF4	PT_6RRWZ8CK
1272862_D1	AMR	NA	0	0.0181	0.9819	0	0	-5.6962	-7.584	-11.0159	14.3695	-2.1341	BS_3QX4XNNZ	PT_M91MGM4K
1272863_D1	EUR	NA	0	0	0.0553	0	0.9447	-0.438	12.6846	-4.9928	-7.9377	-1.2152	BS_C7S1W6M7	PT_M9KXGNY9
1272864_D1	AMR	NA	0	0.0147	0.9852	0	0	-1.5054	-6.3839	-11.6924	9.8851	-1.3623	BS_JJJ9GSD7	PT_DKRVS07M
1272865_D1	EUR	NA	0	0	0.1178	0	0.8822	-3.6965	11.4882	-3.2041	-7.4063	-3.9348	BS_CXRRA99R	PT_K8QGCN2F
1272866_D1	EUR	NA	0	0	0.0645	0	0.9355	-0.0964	12.3462	-4.4908	-8.2047	-2.9871	BS_9D6DZF68	PT_8D8V9PBH
1272867_D1	EUR	NA	0	0	0.0882	0	0.9118	-0.8582	9.8337	-1.7104	-7.9706	-2.2941	BS_XWBZRZRT	PT_VWE92AXY
1272868_D1	EUR	NA	0	0	0.0598	0	0.9402	-1.0966	12.5678	-2.6705	-7.7883	-2.0397	BS_FWPHXYDF	PT_H8MG4MRQ
1272869_D1	AMR	NA	0	0.0037	0.9963	0	0	2.3987	-9.0669	-14.6533	17.6734	-2.989	BS_TDSCJ5XM	PT_Y5EZC616
1272870_D1	AMR	NA	0	0.0144	0.9856	0	0	-1.7717	-7.5008	-12.4975	11.308	-2.3422	BS_38DG8RJ1	PT_KHABYTB0
1272871_D1	EUR	NA	0	0	0.0824	0	0.9176	-1.8991	11.5348	-2.5755	-7.4212	-1.7533	BS_F6DBVVD9	PT_QEP13FH4
1272872_D1	AMR	NA	1e-4	0.0567	0.9422	0	0.0011	-15.7237	0.3342	-5.4291	-2.1018	-3.8118	BS_9KE1B0N2	PT_67YK2KYD
1272873_D1	SAS	NA	0	0	0	1	0	-1.2813	-6.3927	16.5204	4.2	-0.3395	BS_Q29JCR81	PT_98W7YNZ7
1272874_D1	AMR	NA	0	0.0072	0.9928	0	0	1.5935	-17.2751	-17.354	23.0527	-2.5841	BS_TNSAWVNZ	PT_Z31BW9E5
1272876_D1	EUR	NA	0	0	0.0751	0	0.92490000000000006	-0.757	10.1703	-3.5356	-8.8326	-1.2754	BS_QT6885VD	PT_Z4A9DMAS
1272881_D1	EUR	NA	0	0	0.0437	0	0.9563	-4.0687	11.8491	-1.8122	-11.2368	-3.8174	BS_PCVNR201	PT_35HYES2B
1272882_D1	EUR	NA	0	0	0.1177	0	0.8823	-2.5344	11.1236	-4.5351	-7.3261	-3.2105	BS_HQBMQ83Z	PT_MCC2RZ5H
1272886_D1	EUR	NA	0	0	0.0475	0	0.9525	0.8178	12.659	-4.4392	-7.3934	-0.3577	BS_ASZ9T0QQ	PT_GFERC3PT
1272893_D1	SAS	NA	0	0	0	1	0	-2.8658	1.8236	7.5623	-1.3111	-1.602	BS_08MHZHP0	PT_S7JCQ3TH
1272899_D1	EUR	NA	0	0	0.0736	0	0.9264	-1.1692	12.4398	-5.1727	-8.1433	-3.1065	BS_SPGRM30F	PT_JJZ5PN64
1272904_D1	AFR	NA	0	0.7269	0.2731	0	0	-25.0571	1.1509	-1.6577	-6.0283	-0.2749	BS_AM0SA1SK	PT_R0R6VWX9
1272905_D1	EUR	NA	0	0	0.0501	0	0.9499	0.2693	12.753	-5.156	-7.7998	-0.7531	BS_KNETFBT5	PT_ZKQTJ7F7
1272907_D1	EUR	NA	0	0	0.0459	0	0.9541	0.1495	12.7931	-5.8994	-9.5441	-1.2952	BS_8ZV9TVF8	PT_GBCZ0RW3
1272914_D1	EAS	NA	1	0	0	0	0	7.2547	-43.0449	-2.6186	-6.8385	0.1779	BS_BEY5CX92	PT_6PJ126FF
1272922_D1	EUR	NA	0	0	0.0924	0	0.9076	-1.0024	11.3446	-4.3504	-7.3363	-2.4017	BS_TV0RAMSJ	PT_SEKXH6HT
1272923_D1	AMR	NA	0	0.017	0.983	0	0	-1.5289	-11.3412	-13.5391	14.3152	-1.6752	BS_16EJ2PXM	PT_FRZQJNW9
1272929_D1	EUR	NA	0	0	0.0977	0	0.9023	-2.9553	11.8613	-2.521	-7.6005	-5.2879	BS_5NXD2WTC	PT_5Q52M9W8
1272932_D1	AMR	NA	0	0.0063	0.9908	1e-4	0.0028	-2.633	-0.0356	-10.1616	4.581	-3.0347	BS_EF9PA82H	PT_9KK0BAGK
1272933_D1	AMR	NA	0	0.0109	0.9891	0	0	-2.3258	-4.8147	-12.2437	10.8091	-1.8472	BS_8TEEC0E5	PT_64CRJ580
1272934_D1	EUR	NA	0	0	0.1396	0	0.8604	-0.5364	9.6733	-3.3472	-6.3062	-2.4289	BS_EXFHYBMZ	PT_T16E2TWZ
1273248_D1	AFR	NA	0	0.9163	0.0837	0	0	-31.765	-1.8742	-2.9723	-6.3459	-0.9306	BS_6S41V3NR	PT_MYNKT1TK
1273258_D1	EUR	NA	0	0	0.0378	0	0.9622	-0.1974	13.2815	-5.6829	-9.2493	0.261	BS_XZC3NY4T	PT_SY6W6B0Z
1273260_D1	EAS	NA	0.9144	0	0.0856	0	0	2.5997	-14.2368	-2.274	-7.7625	-0.102	BS_ZBXWMJP8	PT_JC3FDHBS
1273263_D1	EUR	NA	0	0	0.0462	0	0.9538	-0.1551	13.2207	-5.4347	-8.5864	-1.3283	BS_GXGGP3QZ	PT_351GXJCW
1273264_D1	EUR	NA	0	0	0.0621	0	0.9379	-0.4197	11.7378	-6.2495	-7.9376	0.7021	BS_B0DRCVQT	PT_WN5P2GCY
1273270_D1	EUR	NA	0	0	0.0744	0	0.9256	-1.2667	11.8143	-5.9736	-8.4695	-1.3018	BS_4DQ2DHXR	PT_JBYZJRNM
1273272_D1	EUR	NA	0	0	0.0717	0	0.9283	-2.4486	9.9765	-3.5808	-9.9587	-1.9209	BS_F2YAY9B5	PT_T0MRCE9A
1273274_D1	EUR	NA	0	0	0.0895	0	0.9105	0.6323	10.6204	-5.9291	-7.801	-2.4518	BS_ACC0WGNE	PT_E3WNEDD4
1273277_D1	EUR	NA	0	0	0.0585	0	0.9415	-1.0411	12.095	-5.3929	-9.3762	-2.2104	BS_KYR3GY3C	PT_NYXTSK8K
1273278_D1	EUR	NA	0	0	0.0548	0	0.9452	-0.0501	12.3034	-6.3156	-7.5487	0.4739	BS_W8KXPBJT	PT_GQHNA6RE
1273281_D1	EUR	NA	0	0	0.0895	0	0.9105	-1.0033	10.7763	-5.5135	-8.2482	-0.6372	BS_82ZB0CDQ	PT_440E1XW5
1273507_D1	AMR	NA	0	0.0125	0.9875	0	0	-1.0114	-7.3475	-11.7818	11.6385	-1.5252	BS_D5P0XCC7	PT_H9QTP1JF
1273508_D1	EUR	NA	0	0	0.0895	0	0.9105	-0.6089	10.8396	-3.5353	-6.6439	-0.7758	BS_W50WNPPH	PT_0KTVJ74J
BS_00QJE3E5	EUR	NA	0	0	0.0373	0	0.9627	-0.1537	13.5487	-4.6384	-8.0814	0.0419	BS_00QJE3E5	PT_ZMKMKCFQ
BS_00ZND930	EUR	NA	0	0	0.0417	0	0.9583	-0.0096	13.8575	-4.3808	-8.3479	-2.4139	BS_00ZND930	PT_Q90R6M3E
BS_03KCP14P	EUR	NA	0	0	0.0586	0	0.9414	-1.163	12.3455	-3.9047	-7.5747	-0.4919	BS_03KCP14P	PT_BCN28SW9
BS_05H4Y3ZF	EUR	NA	0	0	0.0689	0	0.9311	-2.8788	10.2987	-4.5671	-10.3024	-3.8966	BS_05H4Y3ZF	PT_BNARR0N6
BS_0754AZX0	EUR	NA	0	0	0.1305	0	0.8695	-1.5201	10.3194	-5.5803	-4.8929	-0.729	BS_0754AZX0	PT_3CHB9PK5
BS_0A99GJGD	AFR	NA	0	0.9974	0.0026	0	0	-47.0764	-11.0536	1.1688	-2.4515	-1.5785	BS_0A99GJGD	PT_S8E3281G
BS_0B2KNG4A	AMR	NA	1e-4	0.0115	0.9762	0	0.0122	-12.6233	2.7459	-5.9281	-0.6582	-3.7606	BS_0B2KNG4A	PT_625X34JX
BS_0C83MQ6C	EUR	NA	0	0	0.0528	0	0.9472	-0.7949	12.4054	-3.2121	-8.988	-2.3499	BS_0C83MQ6C	PT_VT6PJVQN
BS_0FE1EFV8	EUR	NA	0	0	0.0861	0	0.9139	-1.1938	9.8665	-5.2626	-9.0657	-0.3461	BS_0FE1EFV8	PT_Y76A7PBA
BS_0JS89ADT	AFR	NA	0	0.9981	0.0019	0	0	-49.4033	-12.5573	-0.4006	-1.4337	-0.302	BS_0JS89ADT	PT_37B5JRP1
BS_0KKH9VKP	EUR	NA	0	0	0.0422	0	0.9578	-1.3964	13.6739	-5.3209	-9.2698	-1.2279	BS_0KKH9VKP	PT_1H2REHT2
BS_0MRKTX2B	AFR	NA	0	0.9983	0.0017	0	0	-49.4301	-11.5723	0.3	-3.2365	-1.6859	BS_0MRKTX2B	PT_Y8HSH496
BS_0P2FRMSA	EUR	NA	0	0	0.0538	0	0.9462	0.1172	11.8989	-4.6439	-8.3798	0.3758	BS_0P2FRMSA	PT_MQHST8YC
BS_0P3S5YJQ	AMR	NA	0	0.0054	0.9918	1e-4	0.0027	-1.6347	-0.8431	-11.4687	3.6792	-3.3376	BS_0P3S5YJQ	PT_XTVQB9S4
BS_0PB4PTHT	EUR	NA	0	0	0.1006	0	0.8994	-0.0874	10.639	-2.5179	-6.8252	-4.1774	BS_0PB4PTHT	PT_J302B8Y5
BS_0QC2QX0P	EUR	NA	0	0	0.0732	0	0.9268	-1.2655	12.8576	-6.1488	-6.6592	-2.6672	BS_0QC2QX0P	PT_A9YAZJNN
BS_0QP42DN4	AMR	NA	0	0.0081	0.9896	1e-4	0.0021	-2.766	0.1149	-6.9821	5.7349	-2.0078	BS_0QP42DN4	PT_KVMF5TFW
BS_0R4R9C2K	AFR	NA	0	0.999	0.001	0	0	-53.1071	-14.7745	-1.6562	-2.1576	-0.6715	BS_0R4R9C2K	PT_54MH6Q46
BS_0TCRV9AC	AFR	NA	0	0.5177	0.4823	0	0	-24.3181	0.5058	-3.6945	-4.8787	-3.0411	BS_0TCRV9AC	PT_S2BEPYQ0
BS_0TEYTQJY	EUR	NA	0	0	0.0562	0	0.9438	-0.911	12.8015	-4.3132	-8.367	-1.9447	BS_0TEYTQJY	PT_6R95FQT2
BS_0TX5YDGH	EUR	NA	0	0	0.0504	0	0.9496	-0.3005	12.1187	-3.0929	-9.0796	-1.6289	BS_0TX5YDGH	PT_Z9QE51C3
BS_0V76MCTW	EUR	NA	0	0	0.0695	0	0.9305	-1.0875	11.3827	-3.8752	-8.7307	-1.9369	BS_0V76MCTW	PT_DFQAH7RS
BS_0X88TX85	EUR	NA	0	0	0.0522	0	0.9478	-1.0762	11.2898	-4.0659	-9.9573	-1.7017	BS_0X88TX85	PT_4Z34K4XB
BS_0Y1Y2WA4	EUR	NA	0	0	0.0838	0	0.9162	-1.2677	10.9714	-4.3109	-7.7529	-0.3857	BS_0Y1Y2WA4	PT_R6WWH1QX
BS_0YFQF89N	SAS	NA	0	0	0	1	0	-0.9074	-1.9341	13.5096	1.5609	-2.4977	BS_0YFQF89N	PT_PJFTMJ6H
BS_0YJF1F95	SAS	NA	0	0	0	1	0	-1.4817	-0.4021	10.6906	2.2507	-2.1186	BS_0YJF1F95	PT_0F3RHT8J
BS_0YV62XEX	AFR	NA	0	0.997	0.003	0	0	-47.1126	-12.4527	-1.081	-4.0501	-1.5508	BS_0YV62XEX	PT_KCTZZA3G
BS_1034EC8V	EUR	NA	0	0	0.0624	0	0.9376	-1.1831	13.0214	-4.413	-7.7967	-3.0076	BS_1034EC8V	PT_7FZ8SE69
BS_14EZDZE6	EUR	NA	0	0	0.1124	0	0.8876	-3.254	10.5913	-1.923	-7.697	-2.9211	BS_14EZDZE6	PT_QT3MK7BZ
BS_14G6WY88	AFR	NA	0	0.9998	2e-4	0	0	-59.0747	-15.2036	-0.0939	-2.6461	-0.9225	BS_14G6WY88	PT_YKVK5HTK
BS_167KP98W	EUR	NA	0	0	0.1239	0	0.8761	-1.7356	10.8561	-4.8162	-5.8046	-2.4477	BS_167KP98W	PT_DB281Z4K
BS_16KWXER9	EUR	NA	0	0	0.0695	0	0.9305	-0.8864	12.7202	-5.6763	-8.3324	-5.0188	BS_16KWXER9	PT_8YS7JD5V
BS_1B8B622B	AMR	NA	0	0.0092	0.9908	0	1e-4	-0.3512	-4.1528	-11.7164	9.2315	-1.8608	BS_1B8B622B	PT_38KDXV6P
BS_1BQ1WBCT	EUR	NA	0	0	0.0517	0	0.9483	1.6228	11.8721	-3.5976	-8.341	-3.1426	BS_1BQ1WBCT	PT_BRTVGGRK
BS_1C3RDKQH	EUR	NA	0	0	0.0487	0	0.9513	-0.1118	11.695	-3.5284	-9.4497	-2.3493	BS_1C3RDKQH	PT_2D1KGV99
BS_1CXWXC2H	EUR	NA	0	0	0.1024	0	0.8976	-3.0263	8.9464	-2.7868	-9.0486	-4.4747	BS_1CXWXC2H	PT_41RR5FQD
BS_1EWXJPWR	EUR	NA	0	0	0.0687	0	0.9313	-0.4723	11.6467	-4.1653	-8.4244	-1.759	BS_1EWXJPWR	PT_DDFAZ345
BS_1GEXQEBZ	EUR	NA	0	0	0.2186	0	0.7814	-0.8002	8.2981	-4.8657	-4.8182	-2.135	BS_1GEXQEBZ	PT_S2CXXZCF
BS_1GFP3T8N	EAS	NA	1	0	0	0	0	6.0687	-37.1982	-1.5568	-7.0897	1.829	BS_1GFP3T8N	PT_P1F0AHMT
BS_1GMX5YEM	EUR	NA	0	0	0.0808	0	0.9192	-1.6958	11.2864	-5.8303	-8.8967	-3.0984	BS_1GMX5YEM	PT_GCKT4FJX
BS_1HQWNZCB	EUR	NA	0	0	0.1537	0	0.8463	-4.2906	8.4467	-1.7474	-7.987	-2.8218	BS_1HQWNZCB	PT_S21ZTKPS
BS_1K0Q5YZY	AMR	NA	0	0.008	0.987	2e-4	0.0048	-0.4652	-1.3715	-9.4404	3.747	-2.794	BS_1K0Q5YZY	PT_DV8XECKA
BS_1KR45PME	SAS	NA	0	0	0	0.9993	6e-4	-4.2327	1.9777	5.3213	-1.3399	-4.4907	BS_1KR45PME	PT_GSSQYQKV
BS_1KT7DF0G	AFR	NA	0	0.662	0.3379	0	1e-4	-24.5032	-2.1995	1.2675	-5.5292	-3.9309	BS_1KT7DF0G	PT_ZR8MQRVG
BS_1MMZN94J	EUR	NA	0	0	0.067	0	0.933	-3.5066	12.9215	-2.6375	-7.6857	-2.2969	BS_1MMZN94J	PT_JN3S17B3
BS_1NPNHFPC	AFR	NA	0	0.9975	0.0025	0	0	-48.0699	-11.058	-0.7749	-4.2871	-1.8843	BS_1NPNHFPC	PT_44HPG5YT
BS_1NWVFBTQ	EUR	NA	0	0	0.0869	0	0.9131	-0.5198	10.2612	-5.4282	-8.5112	-3.6525	BS_1NWVFBTQ	PT_99S5BPE3
BS_1Q9PXTH7	EUR	NA	0	0	0.1172	0	0.8828	-1.5722	10.384	-3.3045	-7.1868	-3.1538	BS_1Q9PXTH7	PT_1DRAVX4S
BS_1RA2RC8A	EUR	NA	0	0	0.0692	0	0.9308	-1.6797	12.7608	-3.9222	-5.8246	-1.7514	BS_1RA2RC8A	PT_BDM0M83S
BS_1VKV3MYJ	EUR	NA	0	0	0.1545	0	0.8455	-1.4429	8.3359	-4.2564	-7.3859	0.2545	BS_1VKV3MYJ	PT_AXMVG8QE
BS_1XMBRB6K	EUR	NA	0	0	0.04	0	0.96	-0.7654	13.4944	-5.6344	-8.8529	-0.2129	BS_1XMBRB6K	PT_17W3GJPT
BS_1YCS44MN	EAS	NA	1	0	0	0	0	7.7176	-41.0725	-3.2691	-6.8519	-1.3299	BS_1YCS44MN	PT_PKP1250P
BS_1Z7833P7	EUR	NA	0	0	0.0895	0	0.9105	-2.5411	10.0112	-2.891	-8.8561	-2.9655	BS_1Z7833P7	PT_H45M7M2T
BS_1Z7Y81NW	EUR	NA	0	0	0.0782	0	0.9218	-2.8007	11.2699	-5.2098	-9.4059	-1.9782	BS_1Z7Y81NW	PT_5SNX4PMK
BS_209APJ9M	EAS	NA	1	0	0	0	0	7.1776	-42.4831	-2.043	-8.4145	1.1738	BS_209APJ9M	PT_8P368R5B
BS_22PCHWT3	EUR	NA	0	0	0.063	0	0.937	-0.9887	12.2248	-4.6042	-8.5231	-1.468	BS_22PCHWT3	PT_R0M1QBY4
BS_23EJJGP1	EUR	NA	0	0	0.0317	0	0.9683	-0.8135	14.5177	-4.6801	-8.1185	-0.4884	BS_23EJJGP1	PT_7MZRW1DH
BS_251Z13NC	EUR	NA	0	0	0.096	0	0.904	-0.6325	10.3402	-2.8694	-7.5141	-3.5109	BS_251Z13NC	PT_N8W26H19
BS_26CXGVJ0	EUR	NA	0	0	0.1016	0	0.8984	-0.0808	10.8285	-2.9961	-6.7945	-4.0004	BS_26CXGVJ0	PT_MBAXTJET
BS_26J942GD	EUR	NA	0	0	0.1572	0	0.8428	-1.2918	9.3238	-5.8084	-6.9201	-1.6941	BS_26J942GD	PT_5CKDR2SF
BS_2AQZX79Y	EUR	NA	0	0	0.1224	0	0.8776	-3.7522	9.9023	-1.9045	-7.9236	-3.34	BS_2AQZX79Y	PT_2CJ31SBX
BS_2BQGSW0G	EUR	NA	0	0	0.075	0	0.925	-2.1964	11.588	-2.633	-8.2514	-1.0568	BS_2BQGSW0G	PT_KDW5HHWQ
BS_2C342NRE	AMR	NA	0	0.0129	0.9864	0	6e-4	-0.3262	-3.4447	-9.5658	6.3187	-2.7048	BS_2C342NRE	PT_EN2RN5Y1
BS_2CRT47CB	EUR	NA	0	0	0.0416	0	0.9584	-0.4164	11.7672	-3.8319	-10.2686	-0.9912	BS_2CRT47CB	PT_DXF7ZZQZ
BS_2E1MBQ4Y	SAS	NA	0	0	0	0.9946	0.0054	0.2349	2.3224	5.0534	-2.5009	-2.7089	BS_2E1MBQ4Y	PT_45YH276T
BS_2EAATK5V	EUR	NA	0	0	0.0653	0	0.9347	-0.569	12.5311	-4.4554	-7.8399	-2.6216	BS_2EAATK5V	PT_2ECVKTTQ
BS_2EJWS3SD	EUR	NA	0	0	0.066	0	0.934	-0.7992	11.0035	-3.5547	-8.9992	-0.5475	BS_2EJWS3SD	PT_3X3MF8ZD
BS_2G2VJT4R	EUR	NA	0	0	0.0775	0	0.9225	-0.5136	10.7866	-3.0659	-8.1539	-1.9494	BS_2G2VJT4R	PT_7KTAH3RD
BS_2K76WTCZ	EUR	NA	0	0	0.0577	0	0.9423	-2.6555	12.9364	-4.2864	-7.2739	-0.4164	BS_2K76WTCZ	PT_5GQ76YZJ
BS_2PBM9RA8	EUR	NA	0	0	0.0769	0	0.9231	-2.32	10.3031	-1.5651	-8.905	-3.1963	BS_2PBM9RA8	PT_DMMKT7X1
BS_2QF33SK7	EUR	NA	0	0	0.1018	0	0.8982	-1.176	11.1914	-3.1317	-7.1217	-4.584	BS_2QF33SK7	PT_0PT33SCF
BS_2QRTD3RQ	EAS	NA	1	0	0	0	0	6.2059	-41.6803	-0.9931	-7.8897	-0.7274	BS_2QRTD3RQ	PT_X1PRY0FC
BS_2TZNPK1V	EUR	NA	0	0	0.0507	0	0.9493	0.4302	11.8061	-5.654	-9.4907	0.6616	BS_2TZNPK1V	PT_WP871F5S
BS_2V4BP5Q9	AFR	NA	0	0.9967	0.0033	0	0	-47.2263	-9.8159	-0.0744	-3.21	-2.6536	BS_2V4BP5Q9	PT_KQK98ZVP
BS_2ZKBYF95	EAS	NA	1	0	0	0	0	6.1525	-39.7075	-1.2894	-5.7303	2.2728	BS_2ZKBYF95	PT_R4T1V1K4
BS_30WN9M3C	AMR	NA	1e-4	0.0274	0.9662	0	0.0063	-13.7247	1.7683	-5.1592	-1.0313	-3.3251	BS_30WN9M3C	PT_MXASQ2GW
BS_318P54W7	EAS	NA	0.6675	5e-4	0.3319	0	1e-4	2.4935	-13.44	-1.6744	-8.1462	-3.1061	BS_318P54W7	PT_NV584F7Q
BS_319879RE	EUR	NA	0	0	0.0653	0	0.9347	-0.3076	12.4459	-2.4809	-6.2972	-2.267	BS_319879RE	PT_BTTM2HS5
BS_31E3HZPZ	EUR	NA	0	0	0.0668	0	0.9332	-0.3075	10.697	-4.4521	-9.0876	-0.099	BS_31E3HZPZ	PT_3T3VGWC6
BS_331NCNGJ	AFR	NA	0	0.9767	0.0233	0	0	-38.6159	-6.8631	-1.8382	-4.4674	-2.3365	BS_331NCNGJ	PT_XMYN334C
BS_358WF90F	EUR	NA	0	0	0.0487	0	0.9513	-1.4027	12.4288	-4.9296	-9.9696	-3.0707	BS_358WF90F	PT_GYJ97915
BS_35M8GBJ4	EUR	NA	0	0	0.0561	0	0.9439	-0.4696	11.9451	-4.9811	-8.6674	0.2002	BS_35M8GBJ4	PT_QDGVJKE0
BS_36PAKW92	EUR	NA	0	0	0.0382	0	0.9618	-0.7775	11.6968	-4.0773	-10.837	-1.4434	BS_36PAKW92	PT_YVG4H0F1
BS_36YFSGDX	EUR	NA	0	0	0.1397	0	0.8603	-2.2111	9.8307	-4.7324	-7.2915	-1.7077	BS_36YFSGDX	PT_WGVEF96B
BS_370TKZ48	EUR	NA	0	0	0.1594	0	0.8406	-5.985	10.8258	-0.0699	-5.9464	-4.178	BS_370TKZ48	PT_3VCS1PPF
BS_382HZBG4	EUR	NA	0	2e-4	0.4355	7e-4	0.5636	0.6533	0.6892	-1.8846	-7.7351	-1.0119	BS_382HZBG4	PT_98QMQZY7
BS_38D5GXR1	EUR	NA	0	0	0.0567	0	0.9433	0.0443	11.9738	-1.1616	-7.7365	-1.2962	BS_38D5GXR1	PT_7F485CXV
BS_3A55810M	EUR	NA	0	0	0.0607	0	0.9393	-0.2547	12.0827	-6.2285	-6.7292	0.7248	BS_3A55810M	PT_CB1XPA3W
BS_3BC5EX6K	EUR	NA	0	0	0.035	0	0.965	0.2212	12.0789	-4.5949	-10.6352	-2.1568	BS_3BC5EX6K	PT_1Z015H6V
BS_3C702XH4	EUR	NA	0	0	0.119	0	0.881	-3.3777	11.4359	-5.7629	-7.4499	-3.1298	BS_3C702XH4	PT_GQZ84ACS
BS_3CK0QVDX	AMR	NA	0	0.0081	0.9919	0	0	0.0839	-8.2324	-11.4911	14.6176	-1.6217	BS_3CK0QVDX	PT_GNKRMTQY
BS_3DHNFFV6	EUR	NA	0	0	0.0714	0	0.9286	-3.0292	10.2175	-3.1141	-9.9384	-3.2329	BS_3DHNFFV6	PT_5X061J42
BS_3E3VYSXT	EUR	NA	0	0	0.1043	0	0.8957	-1.968	8.4738	-5.5171	-9.3922	-2.5289	BS_3E3VYSXT	PT_BDNE55YT
BS_3EZR108Y	EAS	NA	0.9789	0	0.021	0	0	3.7771	-12.6509	0.6368	-5.388	-0.3465	BS_3EZR108Y	PT_G9A050X1
BS_3J179Q27	EUR	NA	0	0	0.0831	0	0.9169	1.3639	9.9869	-4.7016	-7.2909	0.8921	BS_3J179Q27	PT_RRT2E7HK
BS_3PNWA7WT	AMR	NA	0	0.0208	0.9792	0	0	-1.9951	-7.4086	-10.8996	9.1288	-2.7726	BS_3PNWA7WT	PT_KZ56XHJT
BS_3QM87V4D	EUR	NA	0	0	0.0593	0	0.9407	-1.5163	12.735	-3.9682	-6.6736	-0.7521	BS_3QM87V4D	PT_N0KJ1CR2
BS_3X8GAQ2M	SAS	NA	0	0	0	1	0	-2.8429	-9.2535	21.1316	3.284	-3.1113	BS_3X8GAQ2M	PT_20ZM6THA
BS_3YXGSTJ7	EUR	NA	0	0	0.0758	0	0.9242	-1.5456	10.9497	-4.9525	-9.075	-0.9303	BS_3YXGSTJ7	PT_R1N5M7NH
BS_408757Q1	EUR	NA	0	0	0.0474	0	0.9526	-0.7176	13.3109	-5.7851	-9.3108	-1.7984	BS_408757Q1	PT_MA0J8DSN
BS_40QCA1MC	SAS	NA	0	0	0	1	0	-3.2414	-3.6604	11.5014	0.3032	-1.7682	BS_40QCA1MC	PT_Y7F2JZMQ
BS_43F0DV8Y	EUR	NA	0	0	0.0763	0	0.9237	-3.4225	12.9444	-3.8518	-8.3168	-3.7974	BS_43F0DV8Y	PT_06H29FCG
BS_44WJZ1HP	EAS	NA	0.9809	0	0.0191	0	0	3.2573	-14.7535	-2.3149	-6.803	-2.8981	BS_44WJZ1HP	PT_J4MWGQFQ
BS_44WMSY17	EUR	NA	0	0	0.0859	0	0.9141	-2.9789	11.6235	-4.4851	-8.7366	-3.8815	BS_44WMSY17	PT_AP9P5D7N
BS_45N760PZ	EUR	NA	0	0	0.1178	0	0.8822	-3.4134	10.0914	-3.2328	-8.1418	-3.4724	BS_45N760PZ	PT_3NM45TQ8
BS_45VHDFRD	EUR	NA	0	0	0.0386	0	0.9614	0.2515	11.644	-4.9432	-10.7896	0.7844	BS_45VHDFRD	PT_TB8HPJBN
BS_49Z8WJP2	EUR	NA	0	0	0.0608	0	0.9392	0.9805	8.9897	-2.9743	-9.3828	-1.8358	BS_49Z8WJP2	PT_12JTZFC2
BS_4AM9C504	EAS	NA	0.9991	0	9e-4	0	0	3.1216	-22.017	-1.6061	-8.9655	0.6692	BS_4AM9C504	PT_8GN3TQRM
BS_4CVBQP6X	EUR	NA	0	0	0.1295	0	0.8705	-3.8778	10.5799	-1.4387	-6.9442	-2.705	BS_4CVBQP6X	PT_4RJ2EATN
BS_4EAVBDKR	AMR	NA	0	0.0093	0.9906	0	1e-4	0.9944	-5.6468	-12.5364	9.1713	-2.3751	BS_4EAVBDKR	PT_0WMP712K
BS_4EK9WVET	EUR	NA	0	0	0.1558	0	0.8442	-3.5405	9.7246	-4.6195	-7.03	-1.4985	BS_4EK9WVET	PT_2BJF83GQ
BS_4JPDCXVR	EUR	NA	0	0	0.0454	0	0.9546	-0.1495	12.9123	-5.0807	-8.5702	-0.4108	BS_4JPDCXVR	PT_SDK91A16
BS_4K4YW80B	EUR	NA	0	0	0.058	0	0.942	-0.5201	12.6393	-4.9321	-6.852	-0.7675	BS_4K4YW80B	PT_JEA0AEMZ
BS_4RT8H37A	EUR	NA	0	0	0.1416	0	0.8584	-1.1314	9.5111	-4.8719	-6.9965	-1.549	BS_4RT8H37A	PT_SMDEQVHJ
BS_4RV40GPD	EUR	NA	0	0	0.0687	0	0.9313	-1.571	12.1382	-6.3855	-7.5673	-0.27	BS_4RV40GPD	PT_CK41DW03
BS_4RVAJBCR	EAS	NA	1	0	0	0	0	8.2335	-42.4745	-1.6436	-6.3903	-7.1512	BS_4RVAJBCR	PT_6BX46NVR
BS_4T3BZ2F6	EUR	NA	0	0	0.0537	0	0.9463	0.7868	11.945	-4.9272	-8.8564	-1.4432	BS_4T3BZ2F6	PT_S2SQJVGK
BS_4T617TSG	EUR	NA	0	0	0.1168	0	0.8832	-1.4651	10.4203	-3.8723	-6.8313	-1.9053	BS_4T617TSG	PT_E8XM8JFZ
BS_4TEXRBCG	SAS	NA	0	0	0	1	0	-0.2851	-4.972	15.6163	3.4917	-3.0313	BS_4TEXRBCG	PT_D9NTSYSC
BS_4WB7DQ31	AMR	NA	0	0.0088	0.9912	0	0	3.2146	-15.1834	-13.2085	18.6885	-1.4907	BS_4WB7DQ31	PT_W5T878YK
BS_4XTPR2VM	EUR	NA	0	0	0.0779	0	0.9221	-2.0624	12.2136	-4.8907	-8.5041	-2.9444	BS_4XTPR2VM	PT_N9SG16EC
BS_4XYBBB7P	AFR	NA	0	0.999	0.001	0	0	-51.9413	-12.2212	-0.0908	-2.6192	-1.6733	BS_4XYBBB7P	PT_A5S5BB3A
BS_4Z2E5K9N	EUR	NA	0	0	0.0683	0	0.9317	1.0277	11.533	-3.7722	-7.5209	-1.6018	BS_4Z2E5K9N	PT_N9KYV4WB
BS_4ZRXYY4Z	EUR	NA	0	0	0.0751	0	0.92490000000000006	-0.0323	9.7984000000000009	-4.712	-9.013	-0.0864	BS_4ZRXYY4Z	PT_XY404K0D
BS_51ZADQ6R	EUR	NA	0	0	0.1007	0	0.8993	-3.5355	9.4587	-2.2046	-8.9903	-2.8169	BS_51ZADQ6R	PT_DMHFS0HX
BS_531TJYQE	EUR	NA	0	0	0.04	0	0.96	-0.1787	12.2894	-3.8121	-10.0067	-0.9915	BS_531TJYQE	PT_GKWWWJ0X
BS_54HFWZ7Q	EUR	NA	0	0	0.0381	0	0.9619	0.5875	12.8874	-5.2908	-9.874	-1.492	BS_54HFWZ7Q	PT_9CSACR9N
BS_556GG009	EUR	NA	0	0	0.0775	0	0.9225	-1.7224	11.5634	-2.7222	-6.326	-0.4448	BS_556GG009	PT_AXVH36AM
BS_579DARY4	EUR	NA	0	0	0.0845	0	0.9155	0.4898	10.7918	-4.878	-7.767	-1.8253	BS_579DARY4	PT_N32BYY8A
BS_59H6VFJX	AMR	NA	0	0.0208	0.979	0	2e-4	-2.6048	-4.8823	-9.9762	6.9361	-2.9347	BS_59H6VFJX	PT_HNZNZ635
BS_5A11TKW2	EUR	NA	0	0	0.0434	0	0.9566	-1.6042	13.5837	-4.8367000000000004	-9.5074	-1.4657	BS_5A11TKW2	PT_6FARAVJJ
BS_5AXMM8V5	AFR	NA	0	0.9987	0.0013	0	0	-51.4317	-13.3176	-0.3045	-3.0506	-2.4936	BS_5AXMM8V5	PT_H6E09982
BS_5B7YXYEH	EUR	NA	0	0	0.10780000000000001	0	0.8922	-2.9185	10.0101	-1.7655	-7.987	-3.8837	BS_5B7YXYEH	PT_EF398HVC
BS_5BCMBVDR	AFR	NA	0	0.6649	0.3351	0	0	-27.1195	-0.4499	-3.3438	-3.8311	-2.8685	BS_5BCMBVDR	PT_EC8R84NM
BS_5BZXVKWT	EAS	NA	0.8837	2e-4	0.1159	0	1e-4	1.0057	-20.7462	-3.5684	0.8249	2.5278	BS_5BZXVKWT	PT_7E3V3JFX
BS_5ECS2BQT	EUR	NA	0	0	0.0819	0	0.9181	0.2262	10.4009	-4.7801	-8.209	-0.2345	BS_5ECS2BQT	PT_7VPSS2SN
BS_5ESEHG0A	AFR	NA	0	0.8709	0.1291	0	0	-31.2139	-6.1977	-4.1833	-4.3061	-1.3849	BS_5ESEHG0A	PT_6TZR2DH1
BS_5FP2H6VW	EUR	NA	0	0	0.0553	0	0.9447	-0.2858	12.4388	-3.3293	-6.3134	-0.1422	BS_5FP2H6VW	PT_PFP1ZVHD
BS_5GRVA3YE	EUR	NA	0	0	0.1168	0	0.8832	-0.8517	10.6038	-7.7395	-7.7992	-2.37	BS_5GRVA3YE	PT_NZFFMZ0B
BS_5HPHMEF3	EUR	NA	0	0	0.0635	0	0.9365	0.4212	11.6203	-4.8668	-8.5114	-1.9594	BS_5HPHMEF3	PT_3NQ55S57
BS_5M3NSS9K	EUR	NA	0	0	0.0817	0	0.9183	-1.2797	11.8753	-5.1205	-8.184	-3.3889	BS_5M3NSS9K	PT_K39HM2JF
BS_5MJ9XXAC	AMR	NA	1e-4	0.0195	0.9765	0	0.0039	-13.5907	0.463	-6.3951	-0.8542	-3.6741	BS_5MJ9XXAC	PT_CM32ZCX6
BS_5N2GEGMD	EUR	NA	0	0	0.1153	0	0.8847	-2.2136	9.5957	-3.1249	-8.2101	0.0842	BS_5N2GEGMD	PT_B7QRTN72
BS_5SH4MD89	EUR	NA	0	0	0.0584	0	0.9416	-0.7984	13.0103	-7.2463	-9.1009	-2.3509	BS_5SH4MD89	PT_Y74CVASJ
BS_5T9PYCRT	EUR	NA	0	0	0.0504	0	0.9496	0.7871	12.2139	-4.6314	-8.7666	-0.6318	BS_5T9PYCRT	PT_ER1C7KPB
BS_5W0BW97W	AFR	NA	0	0.9998	2e-4	0	0	-60.6717	-16.726	-2.1343	-1.8514	-1.0745	BS_5W0BW97W	PT_25Z2NX27
BS_5WZE7TYQ	EUR	NA	0	0	0.0495	0	0.9505	-0.0305	12.7671	-4.1908	-8.1778	-1.1028	BS_5WZE7TYQ	PT_ZD9AYB6F
BS_5YCVM9WF	EUR	NA	0	0	0.0663	0	0.9337	-2.8996	12.7211	-2.6537	-8.7381	-3.336	BS_5YCVM9WF	PT_9YMRNZHH
BS_601994WV	SAS	NA	0	0	0	1	0	-0.5027	-9.8631	16.482	2.4655	-0.5382	BS_601994WV	PT_2BTC5TEN
BS_617JM3FD	EUR	NA	0	0	0.0866	0	0.9134	-1.4776	9.0995	-2.9596	-9.3026	-0.3002	BS_617JM3FD	PT_V8714N9H
BS_618WFRXY	EUR	NA	0	0	0.1075	0	0.8924	-4.4238	10.455	-2.4337	-8.6887	-2.4264	BS_618WFRXY	PT_R10BSB9F
BS_61AK2H2N	EUR	NA	0	0	0.0784	0	0.9216	-4.1736	11.6249	-3.0366	-9.3094	-4.6103	BS_61AK2H2N	PT_GY99ZJHV
BS_61C97RSA	AFR	NA	0	0.9998	2e-4	0	0	-58.8179	-15.4151	-0.1781	-2.474	-2.4004	BS_61C97RSA	PT_9HMVHQEH
BS_61KN2D29	EAS	NA	0.9996	0	0	3e-4	0	2.8623	-27.7899	5.5336	0.3462	-3.5736	BS_61KN2D29	PT_QTDY0Y9A
BS_63AK4SCF	EUR	NA	0	0	0.1075	0	0.8925	-1.5264	10.6667	-3.4249	-7.4021	-4.4354	BS_63AK4SCF	PT_3V5GTCJR
BS_63JFFF51	EUR	NA	0	0	0.0476	0	0.9524	-2.312	10.8923	-4.9715	-11.3016	-2.4083	BS_63JFFF51	PT_RM5S859Q
BS_644F21BX	EUR	NA	0	0	0.0431	0	0.9569	0.8393	11.3731	-3.7638	-9.7182	-2.7347	BS_644F21BX	PT_41WETNRC
BS_6458RHRT	AMR	NA	0	0.4466	0.5534	0	0	-29.5532	-8.8217	-6.7242	2.6244	-3.37	BS_6458RHRT	PT_PNED3GG3
BS_656G546M	EUR	NA	0	0	0.076	0	0.924	-0.7121	11.089	-3.0039	-8.1496	-2.129	BS_656G546M	PT_VBNP6JFB
BS_65WGB39R	EUR	NA	0	0	0.068	0	0.932	-0.7123	9.9094	-2.0277	-8.9904	-2.5576	BS_65WGB39R	PT_E3Y5BBSF
BS_65YZYWHD	EUR	NA	0	0	0.046	0	0.954	-0.2983	13.5911	-5.4723	-7.2399	-1.2261	BS_65YZYWHD	PT_0DXHDZJR
BS_668350EZ	AMR	NA	0	0.0128	0.9872	0	0	0.0098	-10.5231	-13.0774	13.908	-1.1732	BS_668350EZ	PT_NK8A49X5
BS_683F9WT2	EUR	NA	0	0	0.0376	0	0.9624	-0.9236	12.9445	-2.809	-9.9852	-5.6468	BS_683F9WT2	PT_GB8MNK85
BS_6CXJKHG6	EUR	NA	0	0	0.0443	0	0.9557	-0.0896	13.8397	-5.3079	-8.6521	-2.7804	BS_6CXJKHG6	PT_YEXTH21W
BS_6E10DMSJ	EUR	NA	0	0	0.1132	0	0.8868	-2.0858	11.0491	-5.2007	-6.5068	-2.0406	BS_6E10DMSJ	PT_59FJRPVX
BS_6EASDEJQ	EUR	NA	0	0	0.0638	0	0.9362	-1.1939	10.6344	-1.758	-9.0824	-1.7528	BS_6EASDEJQ	PT_G3AVDN4E
BS_6FD0SW6E	AFR	NA	0	0.9975	0.0025	0	0	-48.5834	-10.7471	-1.6343	-2.3459	-0.5517	BS_6FD0SW6E	PT_0SPKM4S8
BS_6FHKKNF0	EUR	NA	0	0	0.0814	0	0.9186	-1.9971	11.078	-4.9299	-8.9445	-0.4947	BS_6FHKKNF0	PT_QAX38GM7
BS_6GS4XT7F	SAS	NA	0	0	0	1	0	-2.3347	-4.0837	15.0744	1.091	-1.0932	BS_6GS4XT7F	PT_M23Q0DC3
BS_6H3DP0G0	EUR	NA	0	0	0.1909	0	0.8091	-0.9935	8.7449	-6.0233	-5.528	-1.5667	BS_6H3DP0G0	PT_FAQWD7GX
BS_6J0XG5G8	EUR	NA	0	0	0.0566	0	0.9434	0.5361	12.3022	-4.5691	-7.7239	-1.1769	BS_6J0XG5G8	PT_D5KKHPAE
BS_6K3Y2WXF	AMR	NA	0	0.0018	0.692	1e-4	0.306	-11.6791	6.2313	-1.7989	-7.8583	-5.5536	BS_6K3Y2WXF	PT_JW6FBEFK
BS_6M3B3TKJ	EUR	NA	0	0	0.0439	0	0.9561	-1.0345	13.458	-4.9488	-8.3392	-0.7858	BS_6M3B3TKJ	PT_8XZY6MM1
BS_6N7KRTKM	EUR	NA	0	0	0.0419	0	0.9581	-1.9292	13.416	-3.4607	-9.2259	-0.4982	BS_6N7KRTKM	PT_RXJZ3C5G
BS_6PFQJMM3	AMR	NA	0	0.3307	0.6693	0	1e-4	-20.5438	0.8961	-3.5489	-4.4819	-1.1345	BS_6PFQJMM3	PT_6MB6RED3
BS_6PQN5AMH	AMR	NA	0	0.2731	0.7269	0	0	-24.5333	-24.4179	2.1002	-2.3531	-0.0383	BS_6PQN5AMH	PT_CMB6TASJ
BS_6QF29TRA	EUR	NA	0	0	0.0641	0	0.9359	-2.6368	12.6295	-4.002	-8.0692	-1.4037	BS_6QF29TRA	PT_WYF217NZ
BS_6S0YKNJD	EUR	NA	0	0	0.0696	0	0.9304	-0.3376	11.0241	-3.6278	-8.541	0.1665	BS_6S0YKNJD	PT_92YX7KK9
BS_6S7T92KS	AFR	NA	0	0.7666	0.2334	0	0	-27.2564	-2.1286	-1.337	-5.3485	-2.944	BS_6S7T92KS	PT_8RB3EKNP
BS_6VQ446ZB	EUR	NA	0	0	0.0476	0	0.9524	-1.0296	13.182	-4.7168	-9.0227	-1.468	BS_6VQ446ZB	PT_38FS37DP
BS_6VTM903X	EUR	NA	0	0	0.4839	0	0.516	-9.957	8.0626	-4.5194	-8.7664	-1.6195	BS_6VTM903X	PT_KEQ53KRH
BS_6VYD7653	EUR	NA	0	0	0.0749	0	0.9251	-1.6272	10.3957	-5.1917	-9.487	-4.6433	BS_6VYD7653	PT_3J0ASVHN
BS_6X36H0V9	AFR	NA	0	0.997	0.003	0	0	-47.6365	-9.1375	-1.5956	-3.9774	-2.0025	BS_6X36H0V9	PT_9AHA6KW3
BS_6Y9AK5F8	EUR	NA	0	0	0.0658	0	0.9342	0.7247	11.6242	-3.9353	-5.9597	-0.0142	BS_6Y9AK5F8	PT_CR2YBSPT
BS_6YMCPWP4	EUR	NA	0	0	0.0728	0	0.9272	-2.9315	12.5661	-2.5095	-6.9151	-2.1401	BS_6YMCPWP4	PT_QH9H491G
BS_7014T562	AMR	NA	0	0.0089	0.9911	0	0	-0.5377	-11.7641	-14.9673	17.9286	-1.949	BS_7014T562	PT_PWVX2F69
BS_70SGSPD8	EUR	NA	0	0	0.0378	0	0.9622	-1.1647	13.9164	-4.5746	-7.9681	-0.2747	BS_70SGSPD8	PT_DQT78GS5
BS_71CN44A6	AFR	NA	0	0.6892	0.3108	0	0	-23.6322	0.3721	-1.6837	-6.3349	-0.3611	BS_71CN44A6	PT_868QRW9G
BS_751B2CF8	EUR	NA	0	0	0.1603	0	0.8397	-4.2925	9.8889	-4.2991	-7.5676	-2.3236	BS_751B2CF8	PT_M2J30CF7
BS_79FBVAB7	EUR	NA	0	0	0.0337	0	0.9663	-0.4847	13.5805	-3.369	-8.4558	0.8954	BS_79FBVAB7	PT_1ZAWNGWT
BS_7CBZW7P6	EUR	NA	0	0	0.2455	0	0.7545	-2.0368	8.3437	-6.0116	-5.4218	-2.7747	BS_7CBZW7P6	PT_63HDZHCN
BS_7FHJGTZG	EUR	NA	0	0	0.0629	0	0.9371	0.294	12.3151	-6.3998	-7.2101	-1.024	BS_7FHJGTZG	PT_C1M4YF1R
BS_7GZKB2J6	EUR	NA	0	0	0.0693	0	0.9307	-1.7093	11.091	-4.2573	-9.2723	-1.651	BS_7GZKB2J6	PT_9A6RPJ97
BS_7M3XZQDD	EUR	NA	0	0	0.0688	0	0.9312	0.6628	11.1992	-4.7145	-6.9712	0.3291	BS_7M3XZQDD	PT_SKXVTDKK
BS_7NEND0C1	EUR	NA	0	0	0.1059	0	0.8941	-0.8329	10.0757	-5.9012	-6.1498	1.0072	BS_7NEND0C1	PT_2GPH62JS
BS_7QH9BCJQ	EUR	NA	0	0	0.082	0	0.918	0.089	11.023	-5.91	-8.0676	-0.9442	BS_7QH9BCJQ	PT_WWZ2Q14R
BS_7QSPXKMP	EUR	NA	0	0	0.0817	0	0.9183	-0.8036	11.6126	-5.4377	-7.1825	-1.3975	BS_7QSPXKMP	PT_FN4GEEFR
BS_7RJ0BCXD	SAS	NA	0	0	0	0.9922	0.0077	-1.1147	2.7947	4.9771	-2.3524	-2.485	BS_7RJ0BCXD	PT_J8H4A62A
BS_7V4S5B83	EUR	NA	0	0	0.0663	0	0.9337	-0.3467	11.7574	-5.0339	-7.3684	-0.198	BS_7V4S5B83	PT_7RMS6K08
BS_7WQ4F99X	EUR	NA	0	0	0.0426	0	0.9574	-1.4871	13.7442	-5.3871	-7.9175	-0.4318	BS_7WQ4F99X	PT_PY4QFHHV
BS_7XEH55CB	EUR	NA	0	0	0.0542	0	0.9458	-1.3363	12.4374	-4.5711	-7.6282	0.4988	BS_7XEH55CB	PT_YZ8A8A36
BS_7XX4Q2RJ	EUR	NA	0	0	0.0999	0	0.9001	0.875	8.9721	-5.0893	-7.9176	-1.7635	BS_7XX4Q2RJ	PT_XX2VW3D9
BS_81PR0E1C	EUR	NA	0	0	0.2581	0	0.7419	-5.2385	7.2398	-4.4362	-7.3036	-1.4813	BS_81PR0E1C	PT_16EJ7BZ9
BS_81S538NW	EUR	NA	0	0	0.0804	0	0.9196	-1.5807	11.4941	-2.8817	-8.0693	-2.944	BS_81S538NW	PT_PEHEAEVT
BS_82HQ2RBJ	AMR	NA	0	0.0129	0.986	0	0.0011	-2.5559	-1.6841	-10.3887	5.7775	-2.0314	BS_82HQ2RBJ	PT_Z4GS3ZQQ
BS_83YQS965	EUR	NA	0	0	0.0921	0	0.9079	-2.8484	10.8964	-4.9459	-8.7463	-0.0558	BS_83YQS965	PT_ZZRBX5JT
BS_84QXT7FR	AMR	NA	1e-4	0.0803	0.9178	0	0.0018	-15.3057	1.5796	-3.7565	-2.3226	-2.3754	BS_84QXT7FR	PT_M04EC74B
BS_85KFJ81X	EUR	NA	0	0	0.1211	0	0.8789	-0.7981	9.8383	-2.5393	-6.804	-3.5767	BS_85KFJ81X	PT_0WKX8Q5X
BS_85TADN40	EUR	NA	0	0	0.0822	0	0.9178	-2.4774	9.9803	-3.8135	-9.4006	-3.8045	BS_85TADN40	PT_5BWZA0NT
BS_86EDWEA2	EUR	NA	0	0	0.0477	0	0.9523	-1.4505	12.9651	-6.7167	-8.8843	0.3817	BS_86EDWEA2	PT_V2F0865M
BS_872YDFKD	AMR	NA	0	0.0523	0.9463	0	0.0014	-16.1925	-0.7863	-4.7349	0.4895	-2.5163	BS_872YDFKD	PT_4XB3YTJM
BS_874XHFP7	EUR	NA	0	0	0.0612	0	0.9388	-1.0711	12.7106	-5.0815	-8.0947	-1.9481	BS_874XHFP7	PT_F822DBA0
BS_8782G07F	EUR	NA	0	0	0.1303	0	0.8697	-2.1804	8.8758	-2.4324	-7.5957	-4.9094	BS_8782G07F	PT_82MX6J77
BS_88B4WV6J	EUR	NA	0	0	0.0505	0	0.9495	4e-4	12.9227	-5.7687	-9.123	-2.7398	BS_88B4WV6J	PT_YXJQGT69
BS_88FW45Z8	EAS	NA	0.9153	0	0.0847	0	0	2.9649	-15.5174	-2.272	-8.7371	-0.3157	BS_88FW45Z8	PT_48N4Y6YP
BS_89N80Q5Q	EAS	NA	1	0	0	0	0	7.0626	-42.3701	-3.7092	-7.4247	2.1227	BS_89N80Q5Q	PT_PKHG2YFW
BS_8AEFKGN1	AFR	NA	0	0.9985	0.0015	0	0	-50.3855	-12.275	0.8164	-2.4016	-2.6146	BS_8AEFKGN1	PT_SABHZ7XX
BS_8C8MQCSR	EUR	NA	0	0	0.0732	0	0.9268	-2.0559	12.0149	-5.6563	-9.0407	-2.5878	BS_8C8MQCSR	PT_97F1YCGF
BS_8CA6RYK8	EUR	NA	0	0	0.0547	0	0.9453	-1.1833	13.0352	-4.8898	-9.0678	-2.3692	BS_8CA6RYK8	PT_YQWG98Z5
BS_8CDVTS20	EUR	NA	0	0	0.0566	0	0.9434	-0.2887	12.0678	-2.4492	-8.4799	-3.3655	BS_8CDVTS20	PT_BCWGRGDB
BS_8D40GRF9	EUR	NA	0	0	0.0978	0	0.9022	-3.1608	11.3381	-5.5268	-8.1826	-1.442	BS_8D40GRF9	PT_P9RT6693
BS_8DTDM1MK	EUR	NA	0	0	0.0783	0	0.9217	-0.155	10.8747	-4.3089	-8.2034	-0.8584	BS_8DTDM1MK	PT_409Y4N1N
BS_8F5V59SS	AMR	NA	0	0.0063	0.9933	0	4e-4	1.2764	-2.258	-9.0955	7.9173	-2.3242	BS_8F5V59SS	PT_HF824BSM
BS_8J2JNVSC	EUR	NA	0	0	0.0529	0	0.9471	0.692	11.9394	-3.8878	-8.1659	-0.1587	BS_8J2JNVSC	PT_8D35V6HW
BS_8K1Y6NE6	EUR	NA	0	0.0016	0.4881	0.004	0.5063	-8.3116	5.4218	1.7892	-3.2182	-3.529	BS_8K1Y6NE6	PT_FAZEJ3VR
BS_8PRJTBE1	EUR	NA	0	0	0.0463	0	0.9537	1.8133	10.9359	-4.7346	-9.4607	-1.4203	BS_8PRJTBE1	PT_1KEER2Q1
BS_8Q2EAYJR	EUR	NA	0	0	0.0643	0	0.9357	-0.0921	11.1875	-3.2371	-8.5495	-0.6405	BS_8Q2EAYJR	PT_D13X3N8F
BS_8R1DYXMB	AMR	NA	0	0.0239	0.976	0	1e-4	-2.5029	-6.2604	-8.7574	8.0922	-1.3247	BS_8R1DYXMB	PT_AQWDQW27
BS_8SMZ11ER	EUR	NA	0	0	0.0862	0	0.9138	-3.5426	10.6882	-2.7269	-9.0629	-3.9591	BS_8SMZ11ER	PT_VQDNSYXM
BS_8WTBCJT5	AFR	NA	0	0.9993	7e-4	0	0	-53.8847	-13.5311	-0.8947	-2.1993	-1.1568	BS_8WTBCJT5	PT_EB89G70N
BS_8X2PEXCW	EUR	NA	0	0	0.2273	0	0.7727	-0.7061	8.198	-2.963	-4.8946	-3.4707	BS_8X2PEXCW	PT_NWYSD53S
BS_8X5V1WPA	EUR	NA	0	0	0.0438	0	0.9562	-0.1838	11.0341	-4.1262	-10.3845	-3.1831	BS_8X5V1WPA	PT_FFSCZ7CA
BS_8YD46AZB	EUR	NA	0	0	0.0499	0	0.9501	-1.9624	13.3989	-4.1528	-9.4325	-2.8836	BS_8YD46AZB	PT_WVC247PK
BS_8ZTNXCZJ	AFR	NA	0	0.9139	0.0861	0	0	-33.2992	-5.6415	-2.2655	-2.0298	-0.9274	BS_8ZTNXCZJ	PT_M1RYN7B0
BS_91CV203N	AMR	NA	0	2e-4	0.6757	3e-4	0.3237	-1.8569	3.5293	-7.4901	-1.9118	-1.7983	BS_91CV203N	PT_EDWA0XTP
BS_92HPNHFB	EUR	NA	0	0	0.056	0	0.944	-3.3289	12.3077	-3.9664	-10.1701	-1.9079	BS_92HPNHFB	PT_FAD8FQ6S
BS_92SK6DD8	EUR	NA	0	0	0.056	0	0.944	-1.5247	13.1186	-5.602	-8.5777	-1.9312	BS_92SK6DD8	PT_YZME6QCY
BS_938K7FSV	AFR	NA	0	0.6883	0.3116	0	0	-26.3125	0.4069	-2.1643	-4.5625	-2.2224	BS_938K7FSV	PT_XP8AM1CH
BS_949NSSEH	EUR	NA	0	0	0.0685	0	0.9315	-0.6248	10.1082	-4.2273	-9.4584	-0.2103	BS_949NSSEH	PT_JEW5HG4W
BS_95P46VE0	EUR	NA	0	0	0.0684	0	0.9316	1.7837	11.4647	-5.3371	-7.5558	-1.413	BS_95P46VE0	PT_CYVVA9AB
BS_95W988HQ	EUR	NA	0	0	0.4091	1e-4	0.5908	-3.4927	6.4138	-4.9733	-3.386	-2.7445	BS_95W988HQ	PT_PGVQ4XRZ
BS_96TV932S	AMR	NA	1e-4	0.0861	0.9128	0	0.001	-15.2074	3.0273	-4.2417	-4.7432	-1.6144	BS_96TV932S	PT_NA8NZ0BN
BS_9704T3DW	AMR	NA	0	0.2643	0.7026	5e-4	0.0326	-15.8239	-0.0948	3.2811	-3.2117	-3.4736	BS_9704T3DW	PT_KMHGNCNR
BS_97241EMC	EUR	NA	0	0	0.0691	0	0.9309	-2.7521	12.7455	-3.8512	-5.994	-1.0002	BS_97241EMC	PT_XNMKQ4MR
BS_98RN7Y9D	AMR	NA	0	0.0246	0.9752	0	2e-4	-6.7145	-4.8881	-10.6915	4.9511	-1.3884	BS_98RN7Y9D	PT_ZVV78QP5
BS_99MW9ECE	AMR	NA	0	0.0767	0.9233	0	0	-9.2631	-8.9247	-9.2266	9.8153	-1.4779	BS_99MW9ECE	PT_82A9SDRN
BS_9A5CF1QE	AFR	NA	0	0.9983	0.0017	0	0	-51.7651	-12.0602	-1.695	-0.9657	-1.2509	BS_9A5CF1QE	PT_66XN3MT1
BS_9BBWSCD6	EUR	NA	0	0	0.0715	0	0.9285	-1.1195	11.6206	-3.7323	-8.4583	-4.1967	BS_9BBWSCD6	PT_PR4YBBH3
BS_9E41M9S0	AFR	NA	0	0.9951	0.0049	0	0	-46.1213	-9.7395	-0.7004	-1.7421	-1.3589	BS_9E41M9S0	PT_4XWYZYJS
BS_9F8D3A05	EUR	NA	0	0	0.0838	0	0.9162	-2.0154	11.7075	-5.2253	-8.5346	-2.5543	BS_9F8D3A05	PT_8R00BMHH
BS_9G82HJFA	AMR	NA	1e-4	1e-4	0.5075	0.0012	0.4911	1.527	-0.2396	-2.0642	-5.8751	0.6513	BS_9G82HJFA	PT_59D00MBQ
BS_9GHGSRGG	AFR	NA	0	0.998	0.002	0	0	-49.6726	-14.1764	0.0398	-1.6789	-2.6625	BS_9GHGSRGG	PT_6TKJRSPW
BS_9GT5XCF3	EUR	NA	0	0	0.1501	1e-4	0.8499	-3.4598	8.4524	0.6979	-4.7772	-1.7386	BS_9GT5XCF3	PT_PAW18EK3
BS_9H6Z0MEG	EUR	NA	0	0	0.0727	0	0.9273	0.1371	10.6388	-5.8495	-8.7072	1.0854	BS_9H6Z0MEG	PT_KBFM551M
BS_9HVNGAB8	EAS	NA	1	0	0	0	0	5.7161	-43.2548	-5.0006	-7.9343	-2.8419	BS_9HVNGAB8	PT_V5ASTHRH
BS_9HYDMBBW	EUR	NA	0	0	0.0513	0	0.9487	0.5668	12.2903	-4.4286	-8.8304	-1.9053	BS_9HYDMBBW	PT_D5KHK0SS
BS_9NRNDZD0	AMR	NA	0	0.3771	0.6229	0	0	-20.5346	-0.1851	-2.7718	-5.4115	-2.4574	BS_9NRNDZD0	PT_BPKVVWVB
BS_9R1ENMBP	AMR	NA	0	0.0026	0.9974	0	0	6.6351	-23.122	-17.849	31.8503	-1.5196	BS_9R1ENMBP	PT_MSQ6GSVP
BS_9S3N3Y5W	AFR	NA	0	0.7967	0.2033	0	0	-27.2587	-2.5182	-0.7967	-3.6	-1.2643	BS_9S3N3Y5W	PT_N9CGVG02
BS_9TKZ0YP0	AMR	NA	2e-4	1e-4	0.7812	1e-4	0.2185	-5.9278	5.8368	-5.8516	-1.0384	-4.059	BS_9TKZ0YP0	PT_6DB7B9WV
BS_9TSKXKGH	EUR	NA	0	0	0.0683	0	0.9317	-1.0761	10.8393	-5.0372	-9.3554	-2.0277	BS_9TSKXKGH	PT_M9XXJ4GR
BS_9XHV04WE	EUR	NA	0	0	0.1228	0	0.8772	-1.4338	10.6424	-4.0587	-6.7447	-2.9896	BS_9XHV04WE	PT_T8V9ES93
BS_9XMMXFXW	EUR	NA	0	0	0.0665	0	0.9335	-2.3102	10.8012	-2.6919	-9.4843	-3.9341	BS_9XMMXFXW	PT_9M4CQX3M
BS_9YHX7QFW	EUR	NA	0	0	0.05	0	0.95	-1.8645	13.6575	-6.3721	-8.228	-1.3892	BS_9YHX7QFW	PT_2YT37G8P
BS_A1A5ZH77	EUR	NA	0	0	0.1203	0	0.8797	-3.6334	9.5147	-2.9763	-8.4035	-2.4972	BS_A1A5ZH77	PT_VJZN69T9
BS_A3Y7KGVY	AMR	NA	0	0.1102	0.8895	0	3e-4	-20.2968	-1.6672	-5.6476	0.4077	-0.675	BS_A3Y7KGVY	PT_A06JR0E5
BS_A4JP70KJ	AMR	NA	0	0.0045	0.9955	0	0	3.5446	-5.9946	-12.0789	12.3459	-0.9144	BS_A4JP70KJ	PT_DEKWG1QG
BS_A75SK7WA	AMR	NA	0	0.0112	0.9888	0	0	-0.9528	-8.6943	-13.9052	13.094	-3.3289	BS_A75SK7WA	PT_GHHY5AAE
BS_AA6DZJ9Z	EUR	NA	0	0	0.0969	0	0.9031	-1.244	11.5671	-6.0257	-7.8406	-3.71	BS_AA6DZJ9Z	PT_YY7CRV21
BS_AB2C1EF9	EUR	NA	0	0	0.2821	0	0.7179	-0.9846	6.8288	-6.2297	-4.4983	-0.4832	BS_AB2C1EF9	PT_Z7YJ7MSM
BS_ABDWNW1A	AMR	NA	0	0.0032	0.9968	0	0	5.0881	-25.0852	-19.8825	33.8882	-2.1143	BS_ABDWNW1A	PT_32J909WM
BS_ACZNJGV3	EUR	NA	0	0	0.0871	0	0.9129	-1.1831	10.1837	-5.1839	-8.8065	-0.8282	BS_ACZNJGV3	PT_HBT0C66Y
BS_AEJZG4A3	EUR	NA	0	0	0.0813	0	0.9187	-0.8673	10.5285	-3.2304	-8.2902	-3.345	BS_AEJZG4A3	PT_EYZ25B99
BS_AF68VM9V	AMR	NA	0	0.0087	0.9907	0	5e-4	0.7331	-2.5203	-8.4225	7.4392	-1.005	BS_AF68VM9V	PT_C5FKRB1P
BS_AF6A572P	EUR	NA	0	0	0.0783	0	0.9217	-1.4143	11.8296	-5.9532	-8.6422	-2.4654	BS_AF6A572P	PT_CWA1405H
BS_AGNSAKZG	EUR	NA	0	0	0.1218	0	0.8782	-5.7914	10.0838	-5.5048	-10.1024	0.208	BS_AGNSAKZG	PT_EG7PH32E
BS_AJZ5H79X	EUR	NA	0	0	0.0773	0	0.9227	-2.0841	11.5557	-3.6147	-8.6036	-1.6159	BS_AJZ5H79X	PT_BWGZBVD1
BS_APFT88Y3	EUR	NA	0	0	0.0807	0	0.9193	-2.9986	12.4101	-5.1157	-7.5765	-2.1892	BS_APFT88Y3	PT_VZTTTP3Q
BS_ARSZZ15F	EUR	NA	0	0	0.1116	0	0.8884	-4.4545	11.0441	-3.3991	-8.3039	-1.9859	BS_ARSZZ15F	PT_YXZPWFVB
BS_ARW4NM3Z	EUR	NA	0	0	0.0635	0	0.9365	-0.5676	12.5019	-5.8641	-8.6185	-2.2325	BS_ARW4NM3Z	PT_X8SK8120
BS_AS05QBHE	EAS	NA	1	0	0	0	0	6.0634	-39.6737	0.5007	-6.0243	1.9535	BS_AS05QBHE	PT_H024RK87
BS_AS4CJ75A	EUR	NA	0	0	0.0811	0	0.9189	0.5986	10.2202	-4.4722	-8.095	-1.6147	BS_AS4CJ75A	PT_858H7ABM
BS_ASJMZMN6	AFR	NA	0	0.9736	0.0264	0	0	-38.6879	-8.7667	-1.8496	-1.6374	-2.6124	BS_ASJMZMN6	PT_JXGMAHHN
BS_AWRNMZAY	EUR	NA	0	0	0.0837	0	0.9163	-1.0141	11.3131	-4.2547	-7.7018	-1.5189	BS_AWRNMZAY	PT_WE1CHTWK
BS_AYFJ1B57	EUR	NA	0	0	0.0334	0	0.9666	0.6144	13.2145	-5.7454	-9.0173	1.3406	BS_AYFJ1B57	PT_VTM2STE3
BS_AZ4ATNVV	EUR	NA	0	0	0.0636	0	0.9364	-1.8987	12.6604	-4.6097	-7.0766	-1.0255	BS_AZ4ATNVV	PT_7P6J57H3
BS_AZG06JFG	EUR	NA	0	0	0.1031	0	0.8969	-2.0061	10.1642	-3.891	-6.6281	1.5618	BS_AZG06JFG	PT_3RN24N9X
BS_B0M7XY0G	EUR	NA	0	0	0.0542	0	0.9458	0.9798	10.9557	-4.6387	-9.1788	-2.6362	BS_B0M7XY0G	PT_T3REPTTC
BS_B2AFNXS1	AMR	NA	0	0.022	0.9768	0	0.0012	-9.7295	-2.4632	-7.9328	0.9965	-1.3374	BS_B2AFNXS1	PT_CW0BJE0Y
BS_B3WREYSV	EUR	NA	0	0	0.051	0	0.949	-0.6152	12.5314	-4.5757	-7.6918	0.2269	BS_B3WREYSV	PT_6Q0NPVP3
BS_B4CQXY09	EUR	NA	0	0	0.0534	0	0.9466	-0.9425	11.6858	-5.0535	-9.8187	-3.216	BS_B4CQXY09	PT_X5SGG610
BS_B6H61NPY	EUR	NA	0	0	0.0722	0	0.9278	-1.653	12.0223	-4.2859	-8.3241	-1.8316	BS_B6H61NPY	PT_39HBKSGG
BS_B77MC92H	AFR	NA	0	0.999	0.001	0	0	-54.1042	-14.9373	-1.1191	-1.5703	-3.7111	BS_B77MC92H	PT_KAQMYFYB
BS_B7SMC7HM	EUR	NA	0	0	0.0705	0	0.9295	1.1818	10.7689	-5.2865	-7.5881	0.6582	BS_B7SMC7HM	PT_Q38AT6JY
BS_B900YTMN	AMR	NA	0	0.0116	0.9883	0	0	-0.0822	-6.2572	-12.8422	9.7352	-0.6286	BS_B900YTMN	PT_AKQZZPH8
BS_BE3DW3RB	EUR	NA	0	0	0.0648	0	0.9352	-1.632	12.1765	-4.6407	-8.4905	-1.093	BS_BE3DW3RB	PT_PHKSYE6Q
BS_BFK70293	EUR	NA	0	0	0.0648	0	0.9352	-0.3296	11.7724	-2.8663	-7.6264	-1.0888	BS_BFK70293	PT_TRXF649Z
BS_BG996C4D	EUR	NA	0	0	0.0725	0	0.9275	-0.9197	9.57	-2.6478	-9.1437	-4.1822	BS_BG996C4D	PT_GY0QSY4H
BS_BGW6PHHK	EUR	NA	0	0	0.0768	0	0.9232	-2.1885	11.2543	-5.1806	-9.2036	-1.2998	BS_BGW6PHHK	PT_ZN1F7RMP
BS_BJEG5SVT	EUR	NA	0	0	0.0942	0	0.9058	0.6459	10.4292	-5.6594	-5.5864	0.4706	BS_BJEG5SVT	PT_TXFYRDP4
BS_BKCPNFZ5	EAS	NA	1	0	0	0	0	6.2965	-36.605	1.0664	-6.8356	0.7621	BS_BKCPNFZ5	PT_1E3E6GMF
BS_BMYBS3EX	EUR	NA	0	0	0.0487	0	0.9513	-1.5641	13.2417	-4.1242	-8.4738	-1.2946	BS_BMYBS3EX	PT_FCYM09DV
BS_BPDT230W	AFR	NA	0	0.9946	0.0054	0	0	-44.5549	-9.427	-1.4248	-4.0005	-1.4933	BS_BPDT230W	PT_HXDCHQ9Y
BS_BQ0WVWAM	AMR	NA	0	0.0057	0.9926	1e-4	0.0016	-0.1052	-0.9136	-9.2737	6.1529	-3.1457	BS_BQ0WVWAM	PT_GG0D31DC
BS_BT4WRQCA	EUR	NA	0	0	0.0712	0	0.9288	-1.4289	11.1184	-4.2332	-9.0126	-1.9605	BS_BT4WRQCA	PT_8ECE2D92
BS_BVRH3WGW	EUR	NA	0	0	0.1495	0	0.8505	-3.4218	10.1599	-4.6081	-7.0064	-2.3148	BS_BVRH3WGW	PT_9YNQJZ5G
BS_BXTHPE56	EUR	NA	0	0	0.1303	0	0.8697	-2.0177	9.5563	-1.1301	-6.8533	-5.6827	BS_BXTHPE56	PT_A9F8Y6MA
BS_BYA3D12Q	EUR	NA	0	0	0.1052	0	0.8948	-2.8228	11.3892	-4.1089	-7.8614	-3.7694	BS_BYA3D12Q	PT_7T13FDWK
BS_BZ7FK347	EUR	NA	0	0	0.053	0	0.947	-0.8017	13.0231	-2.6263	-8.5054	-3.7824	BS_BZ7FK347	PT_63F63QY0
BS_C2AV5D4A	EUR	NA	0	0	0.4484	0	0.5516	-2.7343	6.618	-7.1855	-2.3991	-2.464	BS_C2AV5D4A	PT_E3S6H59E
BS_C4BTBM7G	AFR	NA	0	0.9989	0.0011	0	0	-53.8865	-13.7413	-1.9879	-0.2903	-1.0325	BS_C4BTBM7G	PT_CWD717Q0
BS_C524TC33	EAS	NA	1	0	0	0	0	7.7427	-41.2075	-2.5376	-5.9463	-2.5604	BS_C524TC33	PT_8CZ6ANE0
BS_C75Y7S77	EUR	NA	0	0	0.0659	0	0.9341	-2.6407	12.4154	-1.8784	-8.3117	-2.1402	BS_C75Y7S77	PT_CBAYDRF9
BS_C7M1W9D1	EUR	NA	0	0	0.0687	0	0.9313	-3.2169	11.9577	-3.2885	-9.2884	-4.1632	BS_C7M1W9D1	PT_BZKJR4GK
BS_C8EYP5BV	AMR	NA	0.0055	0.012	0.7018	0.031	0.2496	-4.2244	1.4368	0.6213	-1.8046	-1.8069	BS_C8EYP5BV	PT_2FVTD0WR
BS_C8FMN2ZR	EUR	NA	0	0	0.0635	0	0.9365	-1.4649	12.2091	-3.8018	-8.6135	-1.5277	BS_C8FMN2ZR	PT_3A0B29QT
BS_C9A3X8GK	EUR	NA	0	0	0.069	0	0.931	-2.1007	12.3557	-3.5537	-6.7674	-1.0931	BS_C9A3X8GK	PT_EEKE0V9T
BS_CBVA073E	EUR	NA	0	0	0.0834	0	0.9166	-1.1847	10.8416	-4.2817	-8.4233	-1.2827	BS_CBVA073E	PT_TS0FW57Z
BS_CEPD6BKP	EUR	NA	0	0	0.0529	0	0.9471	0.156	11.426	-4.2535	-9.326	-0.8267	BS_CEPD6BKP	PT_DA4WFQ96
BS_CEZVJC67	AMR	NA	2e-4	0.0338	0.9604	0	0.0055	-12.8032	2.1476	-4.5735	-1.9909	-2.1582	BS_CEZVJC67	PT_DTP4MMRA
BS_CJFTT8ZC	EUR	NA	0	0	0.0725	0	0.9275	-2.7001	11.2602	-4.7307	-9.5547	-2.3242	BS_CJFTT8ZC	PT_CGPJY881
BS_CKWQKB3A	EUR	NA	0	0	0.0898	0	0.9102	-1.0832	11.3591	-3.7917	-7.2702	-2.2492	BS_CKWQKB3A	PT_WVAJN6WR
BS_CMDFBW42	EUR	NA	0	0	0.103	0	0.897	-2.3979	10.0176	-3.0389	-8.3512	-1.0673	BS_CMDFBW42	PT_GBDYKSPY
BS_CN4VY1RE	EUR	NA	0	0	0.0636	0	0.9364	-0.9412	11.276	-2.2964	-8.7024	-2.7218	BS_CN4VY1RE	PT_7Y81E8DQ
BS_CTEM6SYF	EUR	NA	0	0	0.0588	0	0.9412	-1.3136	9.9594	-2.9372	-10.0256	-3.6252	BS_CTEM6SYF	PT_00G007DM
BS_CTQ82WX9	EUR	NA	0	0	0.0585	0	0.9415	-2.1228	12.6147	-2.1059	-8.3399	-1.7615	BS_CTQ82WX9	PT_HGHV85PZ
BS_CVBGRGCP	AMR	NA	0	0.007	0.9924	0	6e-4	-0.1993	-1.275	-11.4547	7.6363	-1.6633	BS_CVBGRGCP	PT_RYMG3M91
BS_CW6NWAWQ	AFR	NA	0	0.9986	0.0014	0	0	-51.1686	-13.422	0.1815	-3.2332	-3.0569	BS_CW6NWAWQ	PT_02J5CWN5
BS_CWMK1Y3Y	EUR	NA	0	0	0.103	0	0.897	-1.3376	10.7308	-3.4487	-6.4148	-1.3258	BS_CWMK1Y3Y	PT_KN25EYMG
BS_CX6SQF8T	EUR	NA	0	0	0.0647	0	0.9353	-0.5924	12.0475	-3.8971	-7.1801	-0.8747	BS_CX6SQF8T	PT_EZS4SRH6
BS_CYKA9DP6	EUR	NA	0	0	0.1006	0	0.8994	-2.1498	11.7991	-3.7082	-7.3188	-3.9708	BS_CYKA9DP6	PT_NPPBNRVV
BS_CYM7BP13	EUR	NA	0	0	0.0577	0	0.9423	-2.4358	11.1898	-2.2647	-9.8092	-2.9937	BS_CYM7BP13	PT_WKNKNYHH
BS_CZGNQ9KQ	EUR	NA	0	0	0.2766	1e-4	0.7233	-7.2002	8.0966	0.1997	-5.9639	-4.491	BS_CZGNQ9KQ	PT_XA8ASFJK
BS_D1TSGX69	EUR	NA	0	0	0.0663	0	0.9337	-1.2407	12.4082	-4.7959	-7.7878	-1.7164	BS_D1TSGX69	PT_AZQ230WT
BS_D3VQDD5A	EUR	NA	0	0	0.1029	0	0.8971	-0.1302	10.0106	-5.419	-7.4717	-0.2096	BS_D3VQDD5A	PT_ZZ8SBJJ5
BS_D48QXYW6	EUR	NA	0	0	0.0692	0	0.9308	-0.9155	10.9584	-3.7243	-8.8627	-1.3301	BS_D48QXYW6	PT_VPEMAQBN
BS_D4K3JN7S	AFR	NA	0	0.9984	0.0016	0	0	-50.5296	-13.0803	-1.3478	-2.701	-1.8793	BS_D4K3JN7S	PT_ZG4J0EK0
BS_D4X1QMG0	EUR	NA	0	0	0.0494	0	0.9506	1.5957	12.7185	-4.8972	-7.6947	-1.5785	BS_D4X1QMG0	PT_6PFFSB6D
BS_D4YJXS6R	EUR	NA	0	0	0.0744	0	0.9256	-1.1072	10.5759	-2.5371	-8.583	-1.4502	BS_D4YJXS6R	PT_2WA5PM32
BS_D64Q07W9	EUR	NA	0	0	0.0043	0.0187	0.977	-1.5959	7.2739	4.0701	-5.7399	-2.2115	BS_D64Q07W9	PT_GKSABESN
BS_D70Z2E3A	SAS	NA	0	0	0	1	0	-2.9432	-4.9697	15.856	3.4782	-3.1701	BS_D70Z2E3A	PT_RQ21EBK9
BS_D7AKEXHJ	EUR	NA	0	0	0.0474	0	0.9526	0.4724	13.0962	-4.9527	-8.041	-1.5562	BS_D7AKEXHJ	PT_GVDMG7KC
BS_D9FXAR11	EUR	NA	0	0	0.0623	0	0.9377	-0.5195	12.1104	-4.4897	-8.2726	-1.269	BS_D9FXAR11	PT_6MWPJ96F
BS_DC5JYYPA	AMR	NA	0	0.0111	0.9887	0	1e-4	0.6594	-4.9634	-10.3152	8.0527	-2.1931	BS_DC5JYYPA	PT_W17NV5YG
BS_DCEAZ94R	EUR	NA	0	0	0.1108	0	0.8892	-1.2621	10.7005	-4.5016	-7.3923	-3.6728	BS_DCEAZ94R	PT_CYBYN18G
BS_DDH5HKJK	AMR	NA	0	0.0193	0.9805	0	2e-4	-4.4167	-4.6985	-11.4878	5.9341	-1.5074	BS_DDH5HKJK	PT_40HTPY49
BS_DF6YZT8Y	EUR	NA	0	0	0.0912	0	0.9088	0.3138	10.2884	-6.1477	-7.6655	0.1673	BS_DF6YZT8Y	PT_AWBPNFM5
BS_DF9MHMCK	EUR	NA	0	0	0.0472	0	0.9528	0.4521	11.4313	-6.2892	-10.0996	-2.2864	BS_DF9MHMCK	PT_F3S9PB94
BS_DH8Z9WDK	EUR	NA	0	0	0.0958	0	0.9042	-2.394	9.9232	-4.1162	-8.8323	-4.6016	BS_DH8Z9WDK	PT_G8DRDA33
BS_DHHCTYYW	AMR	NA	0	0.0177	0.9822	0	0	-2.2542	-6.4829	-10.6493	9.5618	-2.395	BS_DHHCTYYW	PT_NFDHYPGT
BS_DHRJC5NK	EUR	NA	0	0	0.0644	0	0.9356	-1.8235	11.5136	-5.5271	-9.6786	-3.5507	BS_DHRJC5NK	PT_VE0Q731Y
BS_DJ7XB1DM	EUR	NA	0	0	0.0973	0	0.9027	-1.2344	10.2134	-4.6709	-8.2216	-3.4812	BS_DJ7XB1DM	PT_9B6KWJT2
BS_DKKJWR3M	EUR	NA	0	0	0.0876	0	0.9124	0.5758	10.4139	-3.6058	-7.4801	-2.5997	BS_DKKJWR3M	PT_TKWTTRQ7
BS_DKTB5YDM	EUR	NA	0	0	0.0967	0	0.9033	-1.7557	8.8853	-2.2972	-8.6403	-2.4984	BS_DKTB5YDM	PT_WTMSD2WB
BS_DMD12ZRF	EUR	NA	0	0	0.0715	0	0.9285	-2.0185	11.7993	-4.8472	-9.0467	-1.5794	BS_DMD12ZRF	PT_0EWY6S6S
BS_DMP1BV1H	EUR	NA	0	0	0.1091	0	0.8909	-1.4127	10.304	-3.0605	-7.4038	-2.8976	BS_DMP1BV1H	PT_BQ8BQ01J
BS_DNRQ0EN0	AMR	NA	0	0.0091	0.9899	0	0.001	0.5283	-2.5441	-11.0181	6.4973	-1.7181	BS_DNRQ0EN0	PT_HMF8J4EG
BS_DP925FZV	EUR	NA	0	0	0.0804	0	0.9196	-0.4627	11.798400000000001	-5.7527	-7.2433	-1.9289	BS_DP925FZV	PT_A325EYR2
BS_DQZV6K2W	AMR	NA	0.005	0.0076	0.9804	1e-4	0.007	1.7364	-7.9439	-6.4893	1.9375	-4.6502	BS_DQZV6K2W	PT_1AAYYGGY
BS_DRNNKZYE	EUR	NA	0	1e-4	0.4097	1e-4	0.5901	-5.5565	6.2084	-4.0884	-5.9157	-2.3953	BS_DRNNKZYE	PT_596H0BQF
BS_DSPH005J	EUR	NA	0	0	0.0765	0	0.9235	-0.2808	11.4245	-4.6708	-8.0253	-1.4994	BS_DSPH005J	PT_D3AN5M5W
BS_DTYN7DX6	EUR	NA	0	0	0.0433	0	0.9567	-1.1874	13.9754	-4.1826	-7.4879	-1.6685	BS_DTYN7DX6	PT_WGWMA5AZ
BS_E0H9DHVX	AMR	NA	0	0.0449	0.9551	0	0	-7.5228	-6.1532	-8.8766	8.546	-2.3269	BS_E0H9DHVX	PT_GH6HM5QF
BS_E1EPMTD5	EUR	NA	0	0	0.0622	0	0.9378	-1.9696	12.0982	-3.6666	-9.1385	-3.4821	BS_E1EPMTD5	PT_7YGZ526E
BS_E1SWA20C	AMR	NA	0	0.0018	0.8775	1e-4	0.1206	-11.9162	6.5879	-0.5887	-6.4782	-1.1698	BS_E1SWA20C	PT_FYECBRPP
BS_E24R3CN3	AMR	NA	0	0.0244	0.9734	0	0.0021	-16.129	0.9702	-6.9826	-0.2243	-2.564	BS_E24R3CN3	PT_J4BNR6FN
BS_E45WEXMB	EUR	NA	0	0	0.0514	0	0.9486	-1.8422	13.2972	-3.2508	-7.4378	-1.4018	BS_E45WEXMB	PT_9ZY739FB
BS_E4SBS246	EUR	NA	0	0	0.1047	0	0.8953	-1.9829	10.6361	-5.1582	-7.9689	-1.1649	BS_E4SBS246	PT_2YCHME6S
BS_E5RKHG41	EUR	NA	0	0	0.0706	0	0.9294	-0.9321	11.3218	-4.8935	-8.873	-1.0948	BS_E5RKHG41	PT_V1HNAC2Q
BS_E6AVH26R	EUR	NA	0	0	0.0376	0	0.9624	-1.2189	13.6221	-3.9399	-10.0447	-1.4167	BS_E6AVH26R	PT_7FAJ9STP
BS_E758QJDD	EUR	NA	0	0	0.0723	0	0.9277	-0.0245	11.4223	-6.1692	-8.5032	-0.8058	BS_E758QJDD	PT_20JVK3TZ
BS_E7JTAP8Y	EUR	NA	0	0	0.0953	0	0.9047	-1.5893	11.195	-4.3264	-7.871	-2.2647	BS_E7JTAP8Y	PT_4159VCJY
BS_EBBQ7GD2	EUR	NA	0	0	0.0753	0	0.9247	-2.6825	10.1122	-3.2482	-9.6385	-5.2261	BS_EBBQ7GD2	PT_KFYJBQB8
BS_ECMB9SWH	AFR	NA	0	0.9932	0.0068	0	0	-44.4763	-10.5654	-1.8786	-3.2923	-2.3802	BS_ECMB9SWH	PT_MTE126WM
BS_EE7684YB	EUR	NA	0	0	0.0744	0	0.9256	-2.5201	11.5541	-4.1192	-9.0723	-2.5039	BS_EE7684YB	PT_ZS2YDFBE
BS_EFTRE3J4	EUR	NA	0	0	0.0853	0	0.9147	-1.7528	10.0972	-3.1104	-8.704	-2.4985	BS_EFTRE3J4	PT_17NG0KW3
BS_EHZWX70B	AMR	NA	0	0	0.7738	1e-4	0.2261	1.3929	6.7613	-6.9784	0.3596	-0.7762	BS_EHZWX70B	PT_T03AT4BJ
BS_EK6AB5ZC	EUR	NA	0	0	0.0652	0	0.9348	-0.2125	12.1243	-5.005	-8.4499	-3.1046	BS_EK6AB5ZC	PT_EW604JB3
BS_EM6VE8JM	EUR	NA	0	0	0.0536	0	0.9464	-0.6231	12.6276	-4.9832	-9.1451	-2.6193	BS_EM6VE8JM	PT_7KBMN6C2
BS_EM975DQ6	EUR	NA	0	0	0.0761	0	0.9239	-0.9231	10.7097	-3.3228	-8.5071	-3.2106	BS_EM975DQ6	PT_7JQ24F35
BS_EPCD7XFA	EUR	NA	0	0	0.0565	0	0.9435	-0.3941	11.2344	-4.911	-9.555	-3.2382	BS_EPCD7XFA	PT_FYPWZBH0
BS_EQG6D837	AMR	NA	1e-4	0.0101	0.989	0	8e-4	0.4371	-9.5164	-10.79	3.0099	-1.7033	BS_EQG6D837	PT_DJ106XYS
BS_ER05WTNS	AFR	NA	0	0.925	0.075	0	0	-33.499	-7.1867	-0.907	-4.6618	-3.493	BS_ER05WTNS	PT_YMN5GV47
BS_ER2MEZMV	EUR	NA	0	0	0.1506	0	0.8494	-3.2506	7.326	-4.9387	-8.87	-3.8008	BS_ER2MEZMV	PT_3KK1F95W
BS_ESFA9S69	EUR	NA	0	0	0.0762	0	0.9238	-1.0919	11.3968	-5.0098	-8.1087	-0.6576	BS_ESFA9S69	PT_J3B812DT
BS_ET04R6F9	EUR	NA	0	0	0.0866	0	0.9134	-2.8094	11.839	-2.2846	-7.8544	-2.8754	BS_ET04R6F9	PT_JWW33RTB
BS_ETAATG3J	EUR	NA	0	0	0.0973	0	0.9027	-2.2989	10.2257	-4.4424	-8.6566	-1.7991	BS_ETAATG3J	PT_BWFTKJXT
BS_EVE9103J	EUR	NA	0	0	0.0945	0	0.9055	-0.8987	11.0942	-5.2961	-7.4695	-1.7389	BS_EVE9103J	PT_RE6AXQM1
BS_EVZW31ZP	EUR	NA	0	0	0.0955	0	0.9045	-1.7325	11.066	-1.9769	-7.421	-2.4409	BS_EVZW31ZP	PT_J06X17XH
BS_EW74HRQW	EUR	NA	0	0	0.1241	0	0.8759	1.1018	8.6087	-5.8559	-7.2864	0.3804	BS_EW74HRQW	PT_5D3AVPCW
BS_EXKVBK51	EUR	NA	0	0	0.1019	0	0.8981	-0.7349	10.5886	-5.9335	-7.911	-1.4314	BS_EXKVBK51	PT_1DY2TP9N
BS_EYXVNC69	EUR	NA	0	0	0.0618	0	0.9382	0.7119	11.0002	-5.2875	-8.9108	-2.1209	BS_EYXVNC69	PT_Z4PJA6KT
BS_F0K8DMTS	EUR	NA	0	0	0.0599	0	0.9401	-1.452	13.2985	-4.5881	-6.3904	-2.0248	BS_F0K8DMTS	PT_GCXG7800
BS_F0WR427W	SAS	NA	0	0	0	0.9958	0.0041	0.2532	1.5128	5.1371	-2.5768	0.21	BS_F0WR427W	PT_7QKGGMKV
BS_F2D6YE08	AFR	NA	0	0.999	0.001	0	0	-52.5175	-14.2634	-1.5666	-1.8832	-1.6576	BS_F2D6YE08	PT_X0FPPTMT
BS_F3K6K7R6	EUR	NA	0	0	0.219	0	0.781	-3.8828	8.4554	-6.3599	-7.1791	-2.9524	BS_F3K6K7R6	PT_V9ACEWSK
BS_F42WG7E7	EUR	NA	0	0	0.0534	0	0.9466	0.3157	11.3255	-3.3241	-9.1222	-0.1579	BS_F42WG7E7	PT_5FR2YA6E
BS_F46C86A9	EUR	NA	0	0	0.0393	0	0.9607	-1.2545	11.9114	-2.6692	-10.8504	-0.1939	BS_F46C86A9	PT_RM9AZ7A8
BS_F4V6RWJ9	EUR	NA	0	0	0.1345	1e-4	0.8654	-4.5721	6.8601	0.9816	-5.9599	-5.8209	BS_F4V6RWJ9	PT_W6CW60K9
BS_F69GWP99	EUR	NA	0	0	0.1002	0	0.8998	-0.3133	10.8268	-5.2088	-7.4194	-2.1093	BS_F69GWP99	PT_HMY997GX
BS_F8WRX1VY	EUR	NA	0	0	0.0676	0	0.9324	-2.401	11.6991	-5.451	-9.647	-0.9223	BS_F8WRX1VY	PT_6R7AE0P3
BS_F8Y7NRK8	EUR	NA	0	0	0.0703	0	0.9297	-0.5728	10.5864	-2.1123	-8.4638	-1.6759	BS_F8Y7NRK8	PT_5P3XJ97K
BS_FBR8VCND	EUR	NA	0	0	0.0571	0	0.9429	0.2014	11.5056	-5.2563	-9.1872	-1.8743	BS_FBR8VCND	PT_1NBHNPE4
BS_FBZQ4DXA	AFR	NA	0	0.6932	0.3068	0	0	-27.0246	-1.2139	-3.0706	-5.6655	-3.8716	BS_FBZQ4DXA	PT_AC5SD9AC
BS_FCPCSXCG	EUR	NA	0	0	0.0595	0	0.9405	0.2242	11.3239	-4.088	-8.829	-2.727	BS_FCPCSXCG	PT_1MW98VR1
BS_FD2A9E05	EUR	NA	0	0	0.0465	0	0.9535	-0.6411	12.1519	-4.2757	-9.8097	-1.0211	BS_FD2A9E05	PT_DQ3ZCHB6
BS_FEYZXWG7	EUR	NA	0	0	0.3454	0	0.6546	-1.1373	6.7704	-5.6011	-3.2186	-2.4949	BS_FEYZXWG7	PT_04YTK82N
BS_FGY7TGJF	AMR	NA	0	0.0338	0.9662	0	0	0.4102	-10.2751	-8.8861	7.2696	-1.4979	BS_FGY7TGJF	PT_CSKHQB16
BS_FJ19AHR2	EUR	NA	0	0	0.0377	0	0.9623	-1.7686	12.8913	-2.2947	-10.2663	-4.4256	BS_FJ19AHR2	PT_C7HHJG7Z
BS_FJ9W9C74	EUR	NA	0	0	0.0443	0	0.9557	-0.0147	11.6271	-3.3126	-9.8693	-0.4499	BS_FJ9W9C74	PT_MSBPMJ56
BS_FNQMY128	AFR	NA	0	0.9999	1e-4	0	0	-61.05	-16.9501	-0.4092	-0.8647	-1.6637	BS_FNQMY128	PT_ND34A6PR
BS_FPB0JGKX	AMR	NA	0	0.0115	0.9885	0	0	-1.7589	-6.7293	-12.6511	12.1187	-1.2977	BS_FPB0JGKX	PT_E6FTW238
BS_FQ58DAZV	EUR	NA	0	0	0.0581	0	0.9419	-0.1723	12.9688	-5.6954	-7.9674	-2.4835	BS_FQ58DAZV	PT_C2VY5NM6
BS_FRY5QDDQ	EUR	NA	0	0	0.0697	0	0.9303	0.8111	10.5576	-3.546	-8.2648	0.7788	BS_FRY5QDDQ	PT_QS59ATXW
BS_FSK1AK5N	EUR	NA	0	0	0.0789	0	0.9211	-0.276	10.4957	-2.6635	-8.0234	-3.44	BS_FSK1AK5N	PT_57YP9ABV
BS_FT5H2TGH	EUR	NA	0	0	0.0845	0	0.9155	-1.4995	11.2822	-2.8247	-7.6194	-1.6777	BS_FT5H2TGH	PT_7FQ6VECA
BS_FTRXA2R5	EUR	NA	0	0	0.1022	0	0.8978	-3.3952	9.3243	-0.6538	-8.5678	-3.3645	BS_FTRXA2R5	PT_F9F3E8YR
BS_FVGXRPNG	EUR	NA	0	0	0.1515	0	0.8485	-2.5759	9.7799	-3.1347	-6.8122	-3.6852	BS_FVGXRPNG	PT_2Z7GVDTM
BS_FW28DA07	EUR	NA	0	0	0.0644	0	0.9356	-0.2754	12.2062	-6.593	-8.7173	-1.558	BS_FW28DA07	PT_BBHAD51D
BS_G113MX63	AFR	NA	0	0.9988	0.0012	0	0	-51.3596	-15.4382	0.5454	-2.5437	0.1977	BS_G113MX63	PT_JCECCFPB
BS_G473TPVG	AMR	NA	0	0.0032	0.9968	0	0	5.2683	-16.1177	-16.8872	23.6091	-3.0715	BS_G473TPVG	PT_XNTFM9XY
BS_G4NEC9N5	EUR	NA	0	0	0.0737	0	0.9263	-2.6001	12.1581	-2.8138	-6.7416	-1.1419	BS_G4NEC9N5	PT_976P4557
BS_G5B1ZN5S	EUR	NA	0	0	0.072	0	0.928	-1.1549	12.1587	-6.9866	-8.6098	-1.6778	BS_G5B1ZN5S	PT_EXJAEW1M
BS_GABF65KC	EUR	NA	0	0	0.0861	0	0.9139	-1.0497	10.6905	-5.5888	-7.3535	0.7572	BS_GABF65KC	PT_WY8REZ3P
BS_GAFJBRM5	EUR	NA	0	0	0.0518	0	0.9482	-1.0112	11.3087	-4.6341	-10.0839	-1.2988	BS_GAFJBRM5	PT_90W4HCNR
BS_GAPT45QB	SAS	NA	0	0	0	1	0	-2.6697	-4.4659	15.0783	1.8723	-1.1835	BS_GAPT45QB	PT_CX58G6P6
BS_GBQ6A3ST	EUR	NA	0	0	0.0887	0	0.9113	-1.7062	11.5135	-5.8855	-7.7674	-1.5551	BS_GBQ6A3ST	PT_9BZETM0M
BS_GCNH4CC0	AMR	NA	1e-4	2e-4	0.58	6e-4	0.4191	-1.4312	3.8678	-4.9726	-1.1446	-1.3259	BS_GCNH4CC0	PT_CTSQ5FHH
BS_GE6GWP4A	EUR	NA	0	0	0.0779	0	0.9221	-2.1392	11.2085	-4.5333	-8.9947	-1.4833	BS_GE6GWP4A	PT_1TB2V1PH
BS_GERET530	EUR	NA	0	0	0.048	0	0.952	-2.0037	13.349	-5.7357	-8.7708	-0.6455	BS_GERET530	PT_JV9G8MFD
BS_GEYA8N9C	EUR	NA	0	1e-4	0.4597	1e-4	0.5401	-7.3596	7.7211	-1.5266	-5.0247	-3.6422	BS_GEYA8N9C	PT_BF3PGTF7
BS_GFKX8YM0	AFR	NA	0	0.9977	0.0023	0	0	-48.0847	-13.0523	0.1422	-2.1398	-1.5804	BS_GFKX8YM0	PT_23K3YS1P
BS_GGNKMKW9	AMR	NA	0	0.0616	0.9384	0	0	-12.5934	-6.324	-8.801	5.9056	-3.1414	BS_GGNKMKW9	PT_EZEMVRVT
BS_GJWAV3E5	AFR	NA	0	0.9982	0.0018	0	0	-49.9957	-14.3006	-0.954	-3.1162	-2.408	BS_GJWAV3E5	PT_9PJR0ZK7
BS_GKFY1GX4	EUR	NA	0	0	0.065	0	0.935	0.2104	12.3505	-5.8829	-8.3601	-2.8642	BS_GKFY1GX4	PT_HM2GMT2H
BS_GKJZGTFS	EUR	NA	0	0	0.0863	0	0.9137	-0.4616	10.3904	-5.1068	-8.3878	-1.1937	BS_GKJZGTFS	PT_VAJN5QP8
BS_GKRMQS5W	EUR	NA	0	0	0.0606	0	0.9394	0.0436	11.7625	-4.4312	-8.6884	-3.0001	BS_GKRMQS5W	PT_4347ZBEX
BS_GMJP7PN2	AMR	NA	0	0.0413	0.9484	0	0.0102	-15.0354	4.2581	-2.1556	-7.2353	-0.6247	BS_GMJP7PN2	PT_9C2G356W
BS_GNH80DDG	EUR	NA	0	0	0.0335	0.0127	0.9538	-5.2356	6.1256	3.0146	-5.3151	-1.9658	BS_GNH80DDG	PT_BK92NM09
BS_GP9W8WG8	EUR	NA	0	0	0.0377	0	0.9623	-0.762	13.5586	-5.5286	-9.7295	-0.4524	BS_GP9W8WG8	PT_NH8CJ84W
BS_GPJ4WQ8E	EUR	NA	0	0	0.0671	0	0.9329	-2.06	11.2714	-5.6333	-9.7733	-4.1572	BS_GPJ4WQ8E	PT_PZRWEBK5
BS_GQ03DXR8	EUR	NA	0	0	0.0595	0	0.9405	-2.1846	12.7913	-6.6509	-9.1673	-1.1301	BS_GQ03DXR8	PT_K1YK24PP
BS_GSF4J5DP	EUR	NA	0	0	0.096	0	0.904	-6.3993	10.5387	-0.5342	-9.4775	-5.1141	BS_GSF4J5DP	PT_NYBH025T
BS_GSH1192A	SAS	NA	0	0	0	1	0	-0.9975	-11.713	13.2811	2.1502	-0.2045	BS_GSH1192A	PT_P9GVEXFE
BS_GSKG0MB0	EUR	NA	0	0	0.1229	0	0.8771	-2.3833	10.7409	-3.9907	-6.5915	-2.4355	BS_GSKG0MB0	PT_ZA95JQEB
BS_GSTHVZFR	EUR	NA	0	0	0.0642	0	0.9358	0.1709	10.4964	-2.806	-8.6938	-2.4028	BS_GSTHVZFR	PT_0MHKP408
BS_GTY5J0S4	EAS	NA	0.8556	3e-4	0.1441	0	0	1.2693	-15.4843	0.4003	-7.7747	-2.3308	BS_GTY5J0S4	PT_DPVW4M1W
BS_GVA39GGG	EUR	NA	0	0	0.0497	0	0.9503	-1.6096	13.104	-3.5944	-9.3188	-2.3448	BS_GVA39GGG	PT_4XVA57J7
BS_GWFF9E3C	EUR	NA	0	0	0.0825	0	0.9175	-1.8299	10.1137	-1.9119	-8.5739	-4.2135	BS_GWFF9E3C	PT_X71D7G5S
BS_H17P6WH8	EUR	NA	0	0	0.1062	0	0.8938	-3.4619	10.8891	-3.2192	-8.1262	-1.7757	BS_H17P6WH8	PT_VVCN8DXT
BS_H281CW3G	AMR	NA	0	0.0113	0.9886	0	0	0.2015	-5.5515	-10.0328	9.3157	-1.5545	BS_H281CW3G	PT_RXT6KRR6
BS_H4KBJDGN	EUR	NA	0	0	0.0726	0	0.9274	-1.6205	11.2518	-5.5464	-9.2548	-2.4173	BS_H4KBJDGN	PT_JSFBMK5V
BS_H5KWGC03	EAS	NA	1	0	0	0	0	7.6447	-42.7835	-2.1059	-7.7778	-1.3387	BS_H5KWGC03	PT_PABK01H0
BS_H9813KRS	AMR	NA	0	0.0073	0.5082	0.0131	0.4714	-8.6188	2.5082	1.8083	-6.2036	-4.3696	BS_H9813KRS	PT_VBVZ2NAR
BS_H9YGSVB9	SAS	NA	0	0	0	1	0	-2.5214	-4.6554	13.7534	1.1067	-1.0718	BS_H9YGSVB9	PT_ZH3SBJPZ
BS_HD85HDA9	EAS	NA	1	0	0	0	0	5.9019	-37.8735	4.0088	-5.0958	4.2562	BS_HD85HDA9	PT_BMK69WFB
BS_HGPJ76NM	EUR	NA	0	0	0.0774	0	0.9226	-3.0697	11.9364	-3.881	-7.7658	-0.9863	BS_HGPJ76NM	PT_XSS1ANXD
BS_HHJZ05XC	EUR	NA	0	0	0.0586	0	0.9414	-2.2747	13.1243	-4.3741	-9.1346	-4.1146	BS_HHJZ05XC	PT_S4YNE17X
BS_HJ99CJ2R	EUR	NA	0	0	0.0637	0	0.9363	-1.959	11.4209	-3.7511	-9.4103	-4.2336	BS_HJ99CJ2R	PT_MT27S7S4
BS_HM2ZG2J7	EUR	NA	0	0	0.0662	0	0.9338	-1.4934	11.1844	-4.6436	-9.3857	-3.5961	BS_HM2ZG2J7	PT_PFA762TK
BS_HMWZ2893	EUR	NA	0	0	0.0537	0	0.9463	-2.2337	11.4108	-5.0082	-10.5344	-1.7617	BS_HMWZ2893	PT_4TASAQKA
BS_HN0SA3ZK	EUR	NA	0	0	0.0592	0	0.9408	-1.1938	11.9369	-4.5237	-8.9238	-0.023	BS_HN0SA3ZK	PT_XHYBZKCX
BS_HNWNZFHA	EUR	NA	0	0	0.0762	0	0.9238	-0.4121	10.8263	-3.5795	-8.2731	-2.7021	BS_HNWNZFHA	PT_7TRGHZBK
BS_HP0BWRY0	EUR	NA	0	0	0.0503	0	0.9497	-0.7939	12.4114	-4.6543	-9.5171	-1.7994	BS_HP0BWRY0	PT_03K77G7N
BS_HQEFFVM1	EUR	NA	0	0	0.063	0	0.937	-1.5065	12.1622	-5.3987	-9.2532	-2.1243	BS_HQEFFVM1	PT_CQ7EGCMB
BS_HS2BZ6T2	EUR	NA	0	0	0.108	0	0.892	-0.9917	11.4349	-5.3925	-6.949	-3.708	BS_HS2BZ6T2	PT_MNR94DEV
BS_HT2S4SW0	EUR	NA	0	0	0.0932	0	0.9068	-3.3112	12.0784	-4.4308	-7.2715	-2.653	BS_HT2S4SW0	PT_RDJ40M73
BS_HV0NC9TY	EUR	NA	0	0	0.0779	0	0.9221	-1.0682	10.3919	-4.3889	-8.9115	-1.1777	BS_HV0NC9TY	PT_3GP5H8Z0
BS_HVCBQ58H	AMR	NA	0	0.0168	0.9832	0	0	-0.6734	-10.2031	-13.3346	11.9418	-3.0106	BS_HVCBQ58H	PT_EQ5C5TEA
BS_HVY3C919	EUR	NA	0	0	0.0863	0	0.9137	-3.4371	9.2771	-2.0325	-9.7092	-2.8276	BS_HVY3C919	PT_D75EGJWB
BS_J354PJZN	EUR	NA	0	0	0.1209	0	0.8791	-4.0803	10.8677	-3.3356	-7.9456	-3.196	BS_J354PJZN	PT_8WNA6M94
BS_J4WKRNHA	EUR	NA	0	0	0.0388	0	0.9612	0.5633	13.3122	-5.961	-9.7496	-1.5592	BS_J4WKRNHA	PT_T5CR5HQZ
BS_J5596HKA	EUR	NA	0	0	0.0503	0	0.9497	0.6594	10.8145	-5.5466	-9.9162	-1.1207	BS_J5596HKA	PT_3P3D97AB
BS_J6Q1Z24T	EUR	NA	0	0	0.0867	0	0.9133	-1.3572	10.029	-3.8852	-8.8272	-0.2065	BS_J6Q1Z24T	PT_1YQH5NSH
BS_J764TSC8	EUR	NA	0	0	0.0859	0	0.9141	-1.4627	10.6459	-3.9534	-8.4682	-0.7062	BS_J764TSC8	PT_RFGZ2JGP
BS_J7EMBT8S	EUR	NA	0	0	0.0679	0	0.9321	-2.7636	12.4663	-3.8486	-8.4917	-1.8386	BS_J7EMBT8S	PT_X1XVE1XX
BS_J7WQHJDQ	AFR	NA	0	0.7114	0.2886	0	0	-26.4146	-0.2437	-2.4179	-4.6843	-2.2477	BS_J7WQHJDQ	PT_A594A46X
BS_J996NDK4	EUR	NA	0	0	0.0882	0	0.9118	-1.42	9.9922	-4.8936	-8.8764	-3.9177	BS_J996NDK4	PT_VABP80N2
BS_J9M165VZ	EUR	NA	0	0	0.0906	0	0.9094	-0.7416	9.0251	-2.6325	-8.7239	-0.0254	BS_J9M165VZ	PT_8RB7TPS2
BS_JAGHHZXH	EUR	NA	0	0	0.1034	0	0.8966	-3.4037	11.3189	-3.9401	-7.1129	-1.6856	BS_JAGHHZXH	PT_4JG5KWE8
BS_JDD16DMY	AFR	NA	0	0.9947	0.0053	0	0	-44.0902	-10.3016	-0.3559	-3.4173	-1.2844	BS_JDD16DMY	PT_S2ASFBP7
BS_JEPRW1KE	SAS	NA	0	0	0	1	0	0.4057	-2.9247	10.02	2.7402	-0.0829	BS_JEPRW1KE	PT_962TCBVR
BS_JF2EP1G9	AFR	NA	0	0.9976	0.0024	0	0	-48.7153	-12.8278	-1.3089	-1.308	-1.4863	BS_JF2EP1G9	PT_EJ8TKG2Z
BS_JG0BEXPR	EUR	NA	0	0	0.0625	0	0.9375	-0.7326	12.5513	-3.6958	-7.7897	-2.3498	BS_JG0BEXPR	PT_1N6ATKJS
BS_JGTBRH16	EUR	NA	0	0	0.0601	0	0.9399	-1.2299	12.0385	-3.3153	-8.9007	-1.3245	BS_JGTBRH16	PT_M5HDHQNQ
BS_JHEHVG4M	EUR	NA	0	0	0.0819	0	0.9181	-0.7274	11.0035	-4.363	-8.2245	-1.0227	BS_JHEHVG4M	PT_VY45XTT7
BS_JJ593ZW7	EUR	NA	0	0	0.1115	0	0.8885	-3.5642	10.8791	-4.1532	-8.2448	-2.636	BS_JJ593ZW7	PT_N3205P0D
BS_JJNCV530	EUR	NA	0	0	0.0788	0	0.9212	-0.5548	11.2619	-3.6756	-7.7634	-1.3639	BS_JJNCV530	PT_NS1F6DT8
BS_JN7F983Y	EUR	NA	0	0	0.0633	0	0.9367	-0.1509	11.0894	-4.6978	-9.0323	-0.5642	BS_JN7F983Y	PT_9DER14KH
BS_JNRAKEMV	EUR	NA	0	0	0.0755	0	0.9245	-1.6622	11.9172	-5.1188	-8.6635	-2.1605	BS_JNRAKEMV	PT_NTEKMKTX
BS_JQB0CTE7	EUR	NA	0	0	0.1623	0	0.8377	-2.195	8.6211	-2.4644	-6.8001	-2.4922	BS_JQB0CTE7	PT_0K0DPVF6
BS_JTSWHVNR	EUR	NA	0	0	0.137	0	0.863	-4.1302	10.0005	-3.4069	-7.9105	-3.2327	BS_JTSWHVNR	PT_0RN3VSXZ
BS_JWETX0BH	AMR	NA	0	0.0051	0.9762	4e-4	0.0182	-4.9504	1.6103	-8.1655	0.4343	-1.9758	BS_JWETX0BH	PT_KZ04SDDS
BS_JXEQWWJH	EUR	NA	0	0	0.0759	0	0.9241	-1.5255	11.9327	-3.9156	-7.5509	-1.8187	BS_JXEQWWJH	PT_78NQ0QQS
BS_JYCKQ8E7	AFR	NA	0	0.9985	0.0015	0	0	-51.0813	-12.371	-1.0313	-1.6807	-2.2505	BS_JYCKQ8E7	PT_41BCPB7R
BS_JZAENWRM	EUR	NA	0	0	0.0648	0	0.9352	-0.3969	12.3376	-4.2855	-8.1724	-2.4425	BS_JZAENWRM	PT_7F3ZPZB7
BS_JZKV3CQ1	EUR	NA	0	0	0.0735	0	0.9265	-1.1021	11.433	-5.0342	-7.0639	0.4296	BS_JZKV3CQ1	PT_EYWDFKA7
BS_K0R1DMA7	EUR	NA	0	0	0.0627	0	0.9373	-1.9616	12.0862	-4.3835	-8.7398	-0.4388	BS_K0R1DMA7	PT_NGDW8WVP
BS_K1ZCZDGY	EUR	NA	0	0	0.047	0	0.953	0.9044	12.7239	-4.5946	-8.8322	-1.7761	BS_K1ZCZDGY	PT_3PK66TJY
BS_K2S0JAFS	EUR	NA	0	0	0.1143	0	0.8857	-2.7217	9.1645	-0.3651	-7.768	-4.3643	BS_K2S0JAFS	PT_H0HWHRPB
BS_K3N0H305	EUR	NA	0	0	0.15310000000000001	0	0.8469	0.3766	6.4586	-5.0962	-7.6571	-1.1994	BS_K3N0H305	PT_R9V5R1SY
BS_K44TMQ9G	EUR	NA	0	0	0.0737	0	0.9263	-0.7834	11.1904	-3.0607	-8.269	-1.7156	BS_K44TMQ9G	PT_W6AWJJK7
BS_K4XGEGW0	EUR	NA	0	0	0.0497	0	0.9503	0.3942	13.0177	-4.4902	-7.5362	-1.5866	BS_K4XGEGW0	PT_PF9EC93Q
BS_K65XZGKM	SAS	NA	0	0	0	1	0	-2.1574	-1.9738	14.8518	2.5408	-1.942	BS_K65XZGKM	PT_D7KMPYTZ
BS_K756ZQDR	EUR	NA	0	0	0.0635	0	0.9365	-0.6273	11.8324	-3.6637	-7.8949	-0.6621	BS_K756ZQDR	PT_FC0EF5ZT
BS_K7A7QW76	EUR	NA	0	0	0.0529	0	0.9471	-1.0421	10.5098	-4.4708	-10.487	-0.9018	BS_K7A7QW76	PT_F27SA15G
BS_K7R4CV56	EUR	NA	0	0	0.115	0	0.885	-0.2736	9.4067	-5.1258	-7.6337	-1.2578	BS_K7R4CV56	PT_SRWZDG3N
BS_K9NDFNWV	AMR	NA	1e-4	0.026	0.9702	0	0.0037	-14.7475	1.2068	-6.4185	-0.9566	-2.2931	BS_K9NDFNWV	PT_ATE3YRH5
BS_K9TB43R2	EUR	NA	0	0	0.0645	0	0.9355	-2.2496	12.2401	-3.2582	-8.9585	-2.0706	BS_K9TB43R2	PT_YJGTKDV0
BS_KA6B8TG8	EUR	NA	0	0	0.1101	0	0.8899	-1.5275	10.9945	-5.0543	-7.2678	-2.6282	BS_KA6B8TG8	PT_FKWCVXNC
BS_KAPQRSFM	EUR	NA	0	0	0.0772	0	0.9228	-3.0687	12.2186	-2.0491	-8.2986	-2.8979	BS_KAPQRSFM	PT_124TTG01
BS_KB57P6YZ	EUR	NA	0	0	0.0639	0	0.9361	-0.9721	10.7704	-4.0004	-9.3704	-1.2955	BS_KB57P6YZ	PT_DMAF1J4A
BS_KBM2MTND	EUR	NA	0	0	0.0865	0	0.9135	-0.4122	9.9897	-5.8937	-8.7475	-1.576	BS_KBM2MTND	PT_RJ1TJ2KH
BS_KC1C1TZA	EUR	NA	0	0	0.2014	0	0.7986	-2.5311	9.024	-2.9792	-5.4105	-2.965	BS_KC1C1TZA	PT_XCCV6CW2
BS_KC7HM9HA	EUR	NA	0	0	0.0803	0	0.9197	-3.6677	12.9995	-4.3348	-7.2397	-3.3333	BS_KC7HM9HA	PT_HYXSSCJ5
BS_KD07YRG3	EUR	NA	0	0	0.1023	0	0.8977	-0.3894	10.5823	-5.3496	-7.5529	-1.634	BS_KD07YRG3	PT_0CRPE7YP
BS_KF14TKFY	EUR	NA	0	0	0.1011	0	0.8989	-2.6753	10.1541	-3.0457	-8.3693	-3.3203	BS_KF14TKFY	PT_2NQPX1R2
BS_KFFMZDJ0	EUR	NA	0	0	0.0903	0	0.9097	-1.1145	11.3972	-6.9091	-7.5037	-1.2829	BS_KFFMZDJ0	PT_G16VK7FR
BS_KFTEJV19	EUR	NA	0	0	0.0367	0	0.9633	-0.0034	13.5534	-3.863	-9.5908	-2.8528	BS_KFTEJV19	PT_H8Z52K09
BS_KGG1WDT8	AMR	NA	0	0.0116	0.9884	0	0	0.0215	-8.6444	-13.2837	12.3157	-1.2365	BS_KGG1WDT8	PT_QJ3144WH
BS_KKV7WAG3	EUR	NA	0	0	0.0708	0	0.9292	-2.226	11.4988	-4.406	-9.238	-1.3263	BS_KKV7WAG3	PT_K6G6BE6G
BS_KN5FPSJE	EUR	NA	0	0	0.0915	0	0.9085	-1.8894	11.7059	-3.2131	-7.6367	-4.4682	BS_KN5FPSJE	PT_203ZY782
BS_KNJ64STQ	EUR	NA	0	0	0.0698	0	0.9302	-2.083	12.9764	-4.022	-7.615	-3.4094	BS_KNJ64STQ	PT_JN3EN2HR
BS_KPVPQYD0	EUR	NA	0	0	0.0246	0	0.9754	0.772	14.3518	-5.8536	-9.9278	0.5132	BS_KPVPQYD0	PT_4ZWS0R9N
BS_KRYAZ09R	EUR	NA	0	0	0.067	0	0.933	-1.6849	10.7562	-4.5212	-9.6351	-1.2087	BS_KRYAZ09R	PT_Y572BRC1
BS_KSFM87N1	EUR	NA	0	0	0.0778	0	0.9222	-1.6508	11.898	-3.8524	-8.0032	-2.2505	BS_KSFM87N1	PT_95S99RWE
BS_KTKMBKXB	EUR	NA	0	0	0.0855	0	0.9145	-0.7631	11.3978	-1.5735	-7.1781	-4.9501	BS_KTKMBKXB	PT_H57TEQDT
BS_KWQ8A6AJ	EUR	NA	0	0	0.0606	0	0.9394	-1.1603	12.1696	-3.715	-7.4718	-0.3662	BS_KWQ8A6AJ	PT_E1TRJP8V
BS_KZCXH6EX	EUR	NA	0	0	0.1221	0	0.8779	-2.5115	9.1781	-3.1264	-8.0356	-3.6902	BS_KZCXH6EX	PT_FXPJM0MW
BS_M28J7CGM	AFR	NA	0	0.9998	2e-4	0	0	-59.0842	-16.5946	0.6167	-1.4232	-0.6511	BS_M28J7CGM	PT_HVZTF42R
BS_M2D1DQR4	EUR	NA	0	0	0.0604	0	0.9396	-0.0954	11.8416	-5.7656	-8.0782	0.1456	BS_M2D1DQR4	PT_7VSY72EK
BS_M4KBSYZ2	EUR	NA	0	0	0.0876	0	0.9124	0.974	11.0806	-6.2874	-6.9839	-1.5812	BS_M4KBSYZ2	PT_2WVW55DA
BS_M5M3BPDH	EUR	NA	0	0	0.0686	0	0.9314	-0.503	12.1288	-6.3108	-7.7973	-1.2731	BS_M5M3BPDH	PT_6N1QWCXE
BS_M7KYG012	AMR	NA	0	0.0278	0.9721	0	1e-4	-3.8487	-5.6231	-9.1951	7.2749	-2.9505	BS_M7KYG012	PT_C94VR1Y2
BS_M9J949F5	EUR	NA	0	0	0.085	0	0.915	-0.8404	11.2038	-4.3613	-8.0097	-1.9441	BS_M9J949F5	PT_8KSGR8MY
BS_MAZNT95V	EUR	NA	0	1e-4	0.0545	0.0068	0.9386	-2.454	4.352	2.4	-5.1306	-3.5367	BS_MAZNT95V	PT_NBSRQAMS
BS_MCFJEQJ9	AMR	NA	0	0.0048	0.9952	0	0	4.6749	-12.5117	-13.0636	18.2008	-1.9077	BS_MCFJEQJ9	PT_W5GP3F6B
BS_MCWEQ2PN	EAS	NA	1	0	0	0	0	7.1051	-41.7288	-1.7875	-9.1755	-4.0665	BS_MCWEQ2PN	PT_4ADZ9F53
BS_MDHYHEBH	EUR	NA	0	0	0.0544	0	0.9456	-1.0426	13.0408	-3.1784	-8.6335	-2.8136	BS_MDHYHEBH	PT_26V72ZXB
BS_MKGT5WZD	AMR	NA	0	0.224	0.7754	0	6e-4	-17.9799	3.892	-1.4338	-6.6289	-3.2294	BS_MKGT5WZD	PT_QPY0H50V
BS_MKSMSB6J	SAS	NA	0	0	0	1	0	-1.3882	-3.7847	14.901	3.5879	-2.4705	BS_MKSMSB6J	PT_Q3EP24V1
BS_MKYS4YRC	EUR	NA	0	0	0.056	0	0.944	0.5315	11.1068	-4.4796	-9.2145	0.3832	BS_MKYS4YRC	PT_K2YDNZDA
BS_MN13H3T4	AFR	NA	0	0.9991	9e-4	0	0	-54.0994	-13.6158	-1.8482	-1.4492	-2.6813	BS_MN13H3T4	PT_76Q72M5T
BS_MN2FX68Z	EAS	NA	1	0	0	0	0	6.1359	-39.6666	0.4134	-5.3915	1.6114	BS_MN2FX68Z	PT_NCDHZ8H8
BS_MNF5CN7X	EUR	NA	0	0	0.057	0	0.943	-1.4115	12.0304	-4.7445	-8.5047	1.0396	BS_MNF5CN7X	PT_A8YXZ42Q
BS_MTA50F0G	AFR	NA	0	0.9998	2e-4	0	0	-60.982	-18.5495	-0.6789	0.0916	-2.6624	BS_MTA50F0G	PT_ATS9XDJ5
BS_MTDQBCQK	EUR	NA	0	0	0.0871	0	0.9129	-0.4517	10.6112	-4.5185	-8.087	-1.544	BS_MTDQBCQK	PT_YJBPEF4V
BS_MVK4CG1G	EUR	NA	0	0	0.1121	0	0.8879	0.2464	11.1236	-5.8645	-4.9303	-2.5588	BS_MVK4CG1G	PT_ECMZCNTF
BS_MVYA262V	AMR	NA	0	0.0125	0.9875	0	0	0.7587	-12.5264	-13.3372	15.6945	-0.8407	BS_MVYA262V	PT_9GKVQ9QS
BS_MWV7PRDK	AMR	NA	0	0.0092	0.9843	2e-4	0.0063	-2.8169	-1.2324	-8.1734000000000009	2.2063	-2.6613	BS_MWV7PRDK	PT_WWME595X
BS_MX3KAJ7X	EUR	NA	0	0	0.0914	0	0.9086	-1.5929	11.2636	-4.8465	-7.8862	-1.7872	BS_MX3KAJ7X	PT_6RZ363TJ
BS_N05BJ03T	EUR	NA	0	0	0.0459	0	0.9541	0.6978	12.8316	-5.4725	-9.1684	-1.988	BS_N05BJ03T	PT_RKECV80K
BS_N0X0S3JD	EUR	NA	0	0	0.0619	0	0.9381	-1.2121	12.6312	-3.0757	-7.7275	-2.3019	BS_N0X0S3JD	PT_E79807KT
BS_N1WCEX2B	AFR	NA	0	0.9984	0.0016	0	0	-50.2758	-11.7094	-2.0572	-4.5134	-1.5108	BS_N1WCEX2B	PT_RA6AGBA7
BS_N2A2JA32	EUR	NA	0	0	0.0565	0	0.9435	-0.1499	13.1863	-4.5463	-8.2506	-3.5001	BS_N2A2JA32	PT_X5TQR8V2
BS_N2TDDQ9Y	EUR	NA	0	0	0.0696	0	0.9304	-0.2948	10.6858	-3.6074	-8.6649	-2.7537	BS_N2TDDQ9Y	PT_YBJYA2CD
BS_N4D5BPQP	EUR	NA	0	0	0.0509	0	0.9491	-0.4726	12.2158	-4.688	-9.448	-0.2552	BS_N4D5BPQP	PT_TGTJECMR
BS_N559C2Y0	EAS	NA	1	0	0	0	0	5.2679	-36.5295	2.5975	-4.1293	3.2623	BS_N559C2Y0	PT_HT4HJXY6
BS_N56BGDK6	AMR	NA	0	0.0116	0.9487	1e-4	0.0396	-13.9403	5.2464	-1.8916	-7.4869	-1.7653	BS_N56BGDK6	PT_6GDPNFA6
BS_N6XWSD15	EUR	NA	0	0	0.076	0	0.924	-0.43120000000000003	11.0197	-5.479	-8.0236	0.1662	BS_N6XWSD15	PT_CGWPWSXM
BS_NBM9CPE4	EUR	NA	0	0	0.0536	0	0.9464	-1.8103	12.9264	-4.3848	-8.7643	-1.3281	BS_NBM9CPE4	PT_SBHN5F68
BS_NCF4MJ9S	EUR	NA	0	0	0.1021	0	0.8979	-2.0468	10.0523	-2.3107	-7.9295	-2.5214	BS_NCF4MJ9S	PT_3R0P995B
BS_NE3YDEVF	EUR	NA	0	0	0.0434	0	0.9566	-0.1495	12.3995	-2.9438	-9.4123	-1.6675	BS_NE3YDEVF	PT_1FQFJ0V1
BS_NFHNG4MV	EAS	NA	0.9605	0	0.0394	0	0	1.3028	-14.0079	-5.1551	-6.8573	-1.7462	BS_NFHNG4MV	PT_DRVY2FQQ
BS_NFTVRVAF	EUR	NA	0	0	0.1232	0	0.8768	-1.6815	10.7301	-4.0157	-6.9979	-4.5632	BS_NFTVRVAF	PT_G1QNGVCZ
BS_NHFB2YJR	EUR	NA	0	0	0.0537	0	0.9463	0.1613	11.4006	-3.7324	-9.1534	-0.7341	BS_NHFB2YJR	PT_GH27VJBD
BS_NKJRXAJ1	EUR	NA	0	0	0.0572	0	0.9428	-0.5555	12.8064	-5.3259	-8.4113	-2.0486	BS_NKJRXAJ1	PT_C9YDTZPA
BS_NKNDVFFR	EUR	NA	0	5e-4	0.2135	0.0061	0.7799	-5.4591	4.1724	1.7722	-4.5385	-3.1114	BS_NKNDVFFR	PT_RRG1V7EP
BS_NTV9Z7SE	AMR	NA	3e-4	0.0251	0.9664	0	0.0082	-12.4896	1.3683	-5.0036	-0.7848	-1.5125	BS_NTV9Z7SE	PT_QD6KKKJH
BS_NWXG4ZNS	EUR	NA	0	0	0.2247	0	0.7753	-0.0938	7.8963	-5.7546	-4.664	-1.4446	BS_NWXG4ZNS	PT_Y5KY6KN9
BS_NY51QX79	EUR	NA	0	0	0.1037	0	0.8963	-3.0679	10.3562	-1.7821	-8.0332	-4.8709	BS_NY51QX79	PT_JMW6Q6NH
BS_NY9MPC8F	EUR	NA	0	0	0.0998	0	0.9002	-3.1555	10.9757	-2.4908	-7.0476	-0.8324	BS_NY9MPC8F	PT_0MXPTTM3
BS_P1JY6XK5	AFR	NA	0	0.9988	0.0012	0	0	-51.1849	-13.6038	-0.3906	-2.3911	-1.3926	BS_P1JY6XK5	PT_J5NSRW1Y
BS_P2QCH2SY	EUR	NA	0	0	0.0598	0	0.9402	0.3804	11.7452	-5.6524	-8.8779	-3.0142	BS_P2QCH2SY	PT_QZN7FZER
BS_P3W89XQY	EUR	NA	0	0	0.1205	0	0.8795	-1.1311	9.6413	-4.3503	-5.6208	0.7497	BS_P3W89XQY	PT_94EHCMXA
BS_P4Z4YP0P	AMR	NA	0	2e-4	0.8999	6e-4	0.0993	-0.0736	4.1321	-8.1142	0.5305	-0.202	BS_P4Z4YP0P	PT_C2D4JXS1
BS_P52FTQNA	AFR	NA	0	0.9974	0.0026	0	0	-48.209	-10.9216	-3.1599	-4.3694	-0.6514	BS_P52FTQNA	PT_KXB1PJV0
BS_P65SHPNZ	EUR	NA	0	0	0.0593	0	0.9407	-0.8712	12.8023	-4.6839	-8.6099	-2.5817	BS_P65SHPNZ	PT_1VQWQ0TC
BS_P862EP9P	EUR	NA	0	0	0.1476	0	0.8524	-2.696	9.4171	-2.35	-6.9926	-3.5381	BS_P862EP9P	PT_2SCVQ2N6
BS_PAYW4RCK	AFR	NA	0	0.7993	0.2007	0	0	-28.5811	-1.9998	-3.0002	-7.2061	-2.8592	BS_PAYW4RCK	PT_5KP2E0DS
BS_PC83EJY8	EUR	NA	0	0	0.1006	0	0.8994	-4.1029	10.6536	-1.9732	-8.5217	-4.0265	BS_PC83EJY8	PT_3VQEVNDD
BS_PCKWEEVT	EUR	NA	0	0	0.1249	0	0.8751	-2.3193	9.3049	-1.4792	-7.4025	-3.1067	BS_PCKWEEVT	PT_F0N89D15
BS_PF6TP3FX	EUR	NA	0	0	0.0322	0	0.9678	0.333	14.2002	-3.677	-7.995	-0.9743	BS_PF6TP3FX	PT_2FK75B27
BS_PF7546KW	AMR	NA	0	0.0141	0.9841	0	0.0018	-11.7474	-0.2983	-7.0945	1.1414	-1.8005	BS_PF7546KW	PT_J0SZ1SX5
BS_PFE6M2EW	EUR	NA	0	0	0.0591	0	0.9409	0.1226	9.6303	-5.6671	-10.1813	-1.463	BS_PFE6M2EW	PT_4ZSR5DY8
BS_PFSB20M7	EUR	NA	0	0	0.0716	0	0.9284	1.196	11.0995	-5.3602	-8.0699	-1.2647	BS_PFSB20M7	PT_YV2S3ES7
BS_PHMN1WB3	AFR	NA	0	0.998	0.002	0	0	-49.7433	-13.5329	-0.8995	-2.8584	-2.6161	BS_PHMN1WB3	PT_G16WS1MW
BS_PJK0M1X0	AFR	NA	0	0.5674	0.4326	0	0	-23.3313	0.5386	-3.4426	-7.4044	-0.6212	BS_PJK0M1X0	PT_06ERX8Z7
BS_PKKNB5PY	AMR	NA	0	6e-4	0.9636	6e-4	0.0352	-3.3726	4.0263	-8.9376	0.8505	-0.7751	BS_PKKNB5PY	PT_RFB07MZS
BS_PN1V5KM9	EUR	NA	0	0	0.164	0	0.836	-0.1144	7.1605	-2.7277	-6.6415	-2.5675	BS_PN1V5KM9	PT_T2M1338J
BS_PSAZZC71	AMR	NA	6e-4	0.0327	0.9619	0	0.0048	-11.3531	1.0746	-4.4412	-2.1098	-1.327	BS_PSAZZC71	PT_V07ZH5JS
BS_PT1DC3ZF	AMR	NA	0	0.0017	0.9983	0	0	8.7647	-26.1111	-21.8215	35.0952	-2.6542	BS_PT1DC3ZF	PT_HV6C0T34
BS_PTYP388A	AMR	NA	0	0.1947	0.7819	8e-4	0.0226	-13.7575	1.6184	1.9408	-3.131	-0.7932	BS_PTYP388A	PT_N673SYWW
BS_PVJXA07K	EUR	NA	0	0	0.0664	0	0.9336	-1.3904	9.7362	-4.2001	-10.0573	-1.3213	BS_PVJXA07K	PT_46F28BFH
BS_PXD19CBF	EUR	NA	0	0	0.0647	0	0.9353	0.5409	11.0576	-4.4592	-8.5892	-0.7694	BS_PXD19CBF	PT_2C63FJAM
BS_PY472W3B	EUR	NA	0	0	0.0868	0	0.9132	-2.9478	10.6641	-4.9487	-9.2959	-3.8546	BS_PY472W3B	PT_3A87PCQK
BS_PY51XH82	EUR	NA	0	0	0.103	0	0.897	-0.6684	10.2087	-6.768	-8.2355	-1.0967	BS_PY51XH82	PT_SSE4AH59
BS_PZ35809R	EUR	NA	0	0	0.0775	0	0.9225	-1.228	10.0076	-2.5076	-8.7559	-3.5724	BS_PZ35809R	PT_KVFS3Z2Q
BS_PZE7R1WM	EUR	NA	0	0	0.0602	0	0.9398	-1.0936	11.8831	-5.1051	-8.8391	0.0444	BS_PZE7R1WM	PT_ZD45GXZ0
BS_Q0T0VAXT	EUR	NA	0	0	0.1272	0	0.8728	-2.8981	8.9395	-3.9977	-8.3649	-3.9412	BS_Q0T0VAXT	PT_WYR1DVHX
BS_Q14B10B6	AMR	NA	0	0.0108	0.9891	0	1e-4	-0.9966	-3.9846	-11.488	8.7592	-1.2131	BS_Q14B10B6	PT_D215EQAP
BS_Q16PX3HA	AFR	NA	0	0.9931	0.0069	0	0	-43.762	-9.5417	-0.4751	-3.0057	-2.238	BS_Q16PX3HA	PT_KCDPF85V
BS_Q1SPJ467	EUR	NA	0	0	0.1245	0	0.8755	-1.7907	10.4007	-4.2077	-6.6081	-2.0207	BS_Q1SPJ467	PT_WG2Z95B5
BS_Q2TEFDZ7	EUR	NA	0	0	0.1496	0	0.8504	-0.0803	6.8907	-5.1553	-7.8495	0.4994	BS_Q2TEFDZ7	PT_YRMG61G8
BS_Q4NCA4E4	EUR	NA	0	0	0.0875	0	0.9125	-2.6461	10.9153	-4.8338	-8.9751	-1.8205	BS_Q4NCA4E4	PT_N4PR21ME
BS_Q5ABAC4M	EUR	NA	0	0	0.0775	0	0.9225	-0.4631	12.0177	-5.2605	-7.8792	-2.8156	BS_Q5ABAC4M	PT_NPETR8RY
BS_Q6K6BVTF	AFR	NA	0	0.9986	0.0014	0	0	-50.2472	-12.7482	-0.5053	-2.9176	-1.3126	BS_Q6K6BVTF	PT_K8ZV7APT
BS_Q7NF95N0	EUR	NA	0	0	0.0927	0	0.9073	-0.591	10.6335	-4.5496	-6.4879	-0.0647	BS_Q7NF95N0	PT_JYZA0PNV
BS_Q80JX5G6	EUR	NA	0	0	0.0486	0	0.9514	-0.1704	11.6865	-4.0868	-9.6276	-1.4972	BS_Q80JX5G6	PT_S0PBN4M7
BS_QEGZ6CYZ	AMR	NA	0	0.0287	0.971	0	3e-4	-8.3484	-3.6551	-9.0543	4.3724	-2.1922	BS_QEGZ6CYZ	PT_VH6S71AC
BS_QG3PYXB4	EUR	NA	0	1e-4	0.3999	1e-4	0.5999	-7.0834	7.1417	-1.5813	-6.507	-3.256	BS_QG3PYXB4	PT_A0F23R7E
BS_QGEEVNAS	EUR	NA	0	0	0.0776	0	0.9223	-2.8874	11.5198	-3.9264	-9.0367	-2.5834	BS_QGEEVNAS	PT_NNZQ09SH
BS_QMBK2FV7	EUR	NA	0	0	0.0921	0	0.9079	-0.953	11.1431	-6.3302	-7.3132	-1.0172	BS_QMBK2FV7	PT_S4A0R1PM
BS_QMDRA3VT	EUR	NA	0	0	0.0686	0	0.9314	-1.2077	11.2909	-4.5937	-8.8056	0.6321	BS_QMDRA3VT	PT_FFRHWB74
BS_QNYDD0TY	EUR	NA	0	0	0.0962	0	0.9038	-2.9734	10.5241	-1.5005	-8.1578	-2.712	BS_QNYDD0TY	PT_VTF65Y63
BS_QPSQPDR8	AMR	NA	0	0.0164	0.9836	0	0	-2.3203	-6.6096	-11.6506	10.406	-0.6386	BS_QPSQPDR8	PT_QA9WJ679
BS_QSHPVH0P	EUR	NA	0	0	0.1292	0	0.8708	-2.2887	9.455	-4.268	-7.8228	-1.975	BS_QSHPVH0P	PT_1P436YMM
BS_QTF9SJGP	SAS	NA	0	0	0	1	0	0.5718	-2.8342	12.339	1.5496	-2.1617	BS_QTF9SJGP	PT_R5T773FS
BS_QVS9AXGC	EUR	NA	0	0	0.0622	0	0.9378	-0.253	12.6356	-4.9347	-8.2703	-2.758	BS_QVS9AXGC	PT_NEB4WEAT
BS_QVX41H9E	EUR	NA	0	0	0.0688	0	0.9312	-1.666	10.4025	-3.4567	-9.6271	-0.7572	BS_QVX41H9E	PT_CSZ9QA1N
BS_QW5QYXGG	EUR	NA	0	0	0.1241	0	0.8759	-3.4443	10.417	-3.8115	-7.8959	-3.4849	BS_QW5QYXGG	PT_JPWVCTAJ
BS_QX8PTX5X	EUR	NA	0	0	0.0675	0	0.9325	-1.9338	11.8976	-3.9874	-8.4691	-0.7628	BS_QX8PTX5X	PT_ZRQQC2S9
BS_QYFY15FA	EUR	NA	0	0	0.1271	0	0.8729	-2.595	10.709	-2.3997	-6.9038	-6.524	BS_QYFY15FA	PT_5KRVE8E4
BS_QYGZMWPC	EUR	NA	0	0	0.0585	0	0.9415	-1.5793	10.5705	-3.8203	-10.0513	-4.0383	BS_QYGZMWPC	PT_CXT81GRM
BS_QYQNZDD8	EUR	NA	0	0	0.0764	0	0.9236	-0.9014	11.2125	-4.0473	-8.389	-2.3743	BS_QYQNZDD8	PT_TPSMT960
BS_R035Q020	EUR	NA	0	0	0.0612	0	0.9388	-1.2955	12.5801	-3.7514	-7.4277	-1.4708	BS_R035Q020	PT_0NY38X3W
BS_R0JC16SG	AFR	NA	0	0.9986	0.0014	0	0	-51.6565	-16.1786	0.0139	-1.7391	-3.3788	BS_R0JC16SG	PT_XRQHMBHB
BS_R2J0DCAT	EUR	NA	0	0	0.1451	0	0.8549	-4.7374	9.6743	-2.0354	-7.7748	-5.2938	BS_R2J0DCAT	PT_BG7GAFK6
BS_R2Z4MK3F	AMR	NA	0	0.2633	0.7366	0	1e-4	-19.3455	1.7009	-3.5827	-6.1852	-2.3744	BS_R2Z4MK3F	PT_NESAQHB1
BS_R333SVK1	EUR	NA	0	0	0.0226	0	0.9774	0.7413	13.4943	-4.1901	-11.2477	-0.588	BS_R333SVK1	PT_JP1FDKN9
BS_R483NVWW	EUR	NA	0	0	0.1522	0	0.8478	-2.5287	10.1901	-3.0096	-6.0342	-3.2653	BS_R483NVWW	PT_5CNZ47XV
BS_R7TZRSZT	AMR	NA	0	0.0031	0.9969	0	0	7.2675	-22.3312	-18.3239	29.1528	-0.1873	BS_R7TZRSZT	PT_P5HHJJPH
BS_R96A4D8G	EUR	NA	0	0	0.0595	0	0.9405	-1.7182	12.881	-2.9801	-8.6262	-2.972	BS_R96A4D8G	PT_9P7P6YAQ
BS_RB3PE7G3	EUR	NA	0	0	0.1036	0	0.8964	-1.9633	10.5921	-5.1327	-8.1673	-1.089	BS_RB3PE7G3	PT_MDWPRDBT
BS_RG2CTN65	AFR	NA	0	0.9978	0.0022	0	0	-49.4466	-13.0819	-1.8746	-2.0521	-1.9252	BS_RG2CTN65	PT_1BV6ND1D
BS_RJ0CHRKK	AFR	NA	0	0.9965	0.0035	0	0	-47.2105	-9.1552	-0.8045	-2.574	-0.8324	BS_RJ0CHRKK	PT_E546ZRXA
BS_RKNNAG23	EUR	NA	0	0	0.0544	0	0.9456	1.876	10.558	-4.4521	-8.9413	-0.3743	BS_RKNNAG23	PT_EYHJQQ8E
BS_RQGMWB4X	EUR	NA	0	0	0.0643	0	0.9357	-1.0988	10.3481	-2.2641	-9.3512	-1.2113	BS_RQGMWB4X	PT_9PDE9KSB
BS_RQPK5NY1	AMR	NA	0	0.0122	0.9841	1e-4	0.0035	-0.4623	-3.4106	-8.7743	2.9723	-3.0286	BS_RQPK5NY1	PT_QEMT1845
BS_RREVQG9H	AMR	NA	2e-4	4e-4	0.7963	6e-4	0.2026	-2.2209	3.8718	-4.8805	-0.2913	-3.6558	BS_RREVQG9H	PT_D1WJ3BJX
BS_RVFDSK8D	AFR	NA	0	0.851	0.149	0	0	-29.5299	-2.957	-3.3839	-5.0629	-1.213	BS_RVFDSK8D	PT_5ABCFCSK
BS_RW50H521	EUR	NA	0	0	0.1117	0	0.8883	-2.2834	10.665	-4.6477	-7.8789	-2.9466	BS_RW50H521	PT_RJ98S3KZ
BS_RX561Y2K	EAS	NA	1	0	0	0	0	7.0306	-42.2343	-1.8938	-5.3097	-7.9456	BS_RX561Y2K	PT_ZZTQQVCT
BS_S0NVKYR6	EUR	NA	0	0	0.0919	0	0.9081	-1.6786	10.706	-2.228	-7.8223	-4.4474	BS_S0NVKYR6	PT_FAPEH6R1
BS_S0WS43HJ	SAS	NA	0	0	0	1	0	-3.0177	-10.2294	14.8761	2.4506	-1.3575	BS_S0WS43HJ	PT_RGX23JFP
BS_S2N3XTKS	AFR	NA	0	0.9991	9e-4	0	0	-52.5486	-12.5716	0.8234	-1.6354	-1.9174	BS_S2N3XTKS	PT_RX1EWBP9
BS_S3VV60EP	EUR	NA	0	0	0.0917	0	0.9083	-1.7366	10.9529	-1.8357	-7.6372	-3.7137	BS_S3VV60EP	PT_8GW4J4TD
BS_S573YGV3	EUR	NA	0	0	0.0353	0	0.9647	-0.257	14.2735	-7.2589	-8.389	-0.4829	BS_S573YGV3	PT_S3FJSBJT
BS_S588W9V2	EUR	NA	0	0	0.0988	0	0.9012	-3.2075	10.2592	-4.4222	-8.9662	-4.5848	BS_S588W9V2	PT_2ZXR2PDN
BS_S5EPM2VY	EUR	NA	0	0	0.0987	0	0.9013	-2.0982	11.2113	-4.635	-7.2753	-1.7318	BS_S5EPM2VY	PT_FHDZNN40
BS_S5SSWSVM	EUR	NA	0	0	0.0851	0	0.9149	-1.1637	10.4394	-4.1645	-8.4939	-4.5206	BS_S5SSWSVM	PT_F9G665B1
BS_S6EXG9N9	AMR	NA	0	0.0118	0.9881	0	1e-4	0.1967	-4.6615	-9.574	7.9441	-2.3308	BS_S6EXG9N9	PT_QQ9JGEY9
BS_S75EZJDW	AMR	NA	0	1e-4	0.8132	2e-4	0.1865	1.7936	-1.7895	-3.8417	-8.4647	-3.0156	BS_S75EZJDW	PT_S0Q27J13
BS_S7MPY3T4	EUR	NA	0	0	0.0818	0	0.9182	1.072	12.152	-6.5161	-6.8777	-3.7526	BS_S7MPY3T4	PT_DH8A0SNQ
BS_S8CT9Z7J	AMR	NA	0	0.0106	0.9894	0	0	-0.0128	-8.4366	-12.4977	12.5777	-3.0094	BS_S8CT9Z7J	PT_5M8A47WW
BS_S9CT40AZ	AFR	NA	0	0.9998	2e-4	0	0	-60.0031	-17.7666	-0.0018	-0.6669	-2.0887	BS_S9CT40AZ	PT_ZWY04DCR
BS_SCCY3YMQ	AFR	NA	0	0.9989	0.0011	0	0	-53.1886	-12.8324	-0.1781	-0.5882	-0.6843	BS_SCCY3YMQ	PT_K30AWQ8A
BS_SECVKH87	EUR	NA	0	0	0.0414	0	0.9586	-1.3218	13.8473	-2.1433	-8.9755	-2.6631	BS_SECVKH87	PT_VPAXYBS7
BS_SEERSEV2	AMR	NA	0	0.2631	0.7369	0	0	-25.0995	-11.0437	-6.1376	5.4649	-1.4254	BS_SEERSEV2	PT_FZHGKJ0H
BS_SF02KBCG	AMR	NA	0	1e-4	0.6795	0	0.3204	-8.0517	6.7331	-6.9582	-3.9062	-4.4325	BS_SF02KBCG	PT_EGGY1XC0
BS_SG7EPZ4W	EUR	NA	0	0	0.2608	0	0.7392	-2.4476	7.7933	-4.7872	-4.5541	-1.5841	BS_SG7EPZ4W	PT_DW6V5V8E
BS_SGS26NXP	EUR	NA	0	0	0.0831	0	0.9169	-2.578	11.6196	-3.7216	-8.1777	-1.6249	BS_SGS26NXP	PT_JNEV57VK
BS_SHEX782D	AMR	NA	3e-4	0.0036	0.9777	1e-4	0.0184	-7.4406	1.9363	-7.8222	-1.0237	-3.0992	BS_SHEX782D	PT_7G7G1B27
BS_SK68QV3Y	AMR	NA	0	0.0066	0.9934	0	0	0.6866	-4.3227	-12.9028	10.3768	-1.7351	BS_SK68QV3Y	PT_H876VB6R
BS_SKWPQHER	EUR	NA	0	0	0.0605	0	0.9395	-2.2422	11.7899	-4.0529	-9.8612	-0.19	BS_SKWPQHER	PT_Y660CKCB
BS_SMRT95TG	AMR	NA	0	1e-4	0.6504	1e-4	0.3494	-0.8217	4.7396	-7.2506	-1.119	-2.1038	BS_SMRT95TG	PT_RH59ET3M
BS_SN2CD2FC	AFR	NA	0	0.9985	0.0015	0	0	-51.1565	-14.8899	-1.5746	-3.2187	-2.5186	BS_SN2CD2FC	PT_P4ZEFY19
BS_SN3A5QSN	EUR	NA	0	0	0.0613	0	0.9387	0.1272	12.3136	-5.9178	-7.9339	-1.3517	BS_SN3A5QSN	PT_KZG2CZ95
BS_SNRF1RKC	AMR	NA	0	0.0137	0.9854	0	9e-4	0.8713	-4.6027	-10.2481	6.0382	-0.8433	BS_SNRF1RKC	PT_KTRJ8TFY
BS_SP3ND4W3	EUR	NA	0	0	0.0562	0	0.9438	-2.0435	11.1144	-4.3888	-10.2768	-2.0388	BS_SP3ND4W3	PT_QQZXYR4M
BS_SP886CE6	EUR	NA	0	0	0.1327	0	0.8673	-4.5908	11.0294	-2.4485	-6.4539	-2.9114	BS_SP886CE6	PT_27FDWCVZ
BS_SQT11CPC	EUR	NA	0	0	0.0926	0	0.9074	-4.3601	9.9815	-1.4562	-9.4349	-2.564	BS_SQT11CPC	PT_NTK39NNV
BS_SS95SWY2	EUR	NA	0	0	0.1249	0	0.8751	-2.0359	8.6127	-1.6417	-7.6719	-4.0057	BS_SS95SWY2	PT_WG5PHHSQ
BS_SSVBWYPN	EUR	NA	0	0	0.0781	0	0.9219	-4.0705	12.3762	-1.8965	-7.4386	-2.0996	BS_SSVBWYPN	PT_HN0AXSZ0
BS_ST9MMP22	AFR	NA	0	0.9979	0.0021	0	0	-48.2059	-12.2702	-0.8206	-2.8681	-0.73	BS_ST9MMP22	PT_ECBD1D5J
BS_SW0HDKGJ	EUR	NA	0	0	0.0859	0	0.9141	-2.3309	11.2429	-5.4855	-8.4498	-0.608	BS_SW0HDKGJ	PT_FH0TJ5P2
BS_SW8JSYQ7	SAS	NA	1e-4	0.0148	0.1228	0.4558	0.4065	-6.8464	2.138	3.3329	-3.2593	-3.2889	BS_SW8JSYQ7	PT_YDWBWTVN
BS_SWHT4TC3	EUR	NA	0	0	0.0731	0	0.9269	-1.9492	12.4102	-3.1993	-6.4028	-1.8633	BS_SWHT4TC3	PT_6VJ5PNKS
BS_SY0S6QFV	EUR	NA	0	0	0.0752	0	0.9248	-0.3304	12.2526	-4.0113	-7.3701	-3.3921	BS_SY0S6QFV	PT_C4F1HPH5
BS_SYGXZY9V	EUR	NA	0	0	0.0692	0	0.9308	-0.0479	12.402	-4.7012	-6.3481	-2.1043	BS_SYGXZY9V	PT_D7FS86D8
BS_T2025VEQ	EUR	NA	0	0	0.0435	0	0.9565	-0.7751	12.6711	-5.0605	-10.0438	-1.414	BS_T2025VEQ	PT_7BJBEBZT
BS_T20VY3XN	EUR	NA	0	0	0.1308	0	0.8692	-2.6145	10.2117	-2.4567	-7.0829	-3.3925	BS_T20VY3XN	PT_AYZA2WCW
BS_T3VJQSYM	AFR	NA	0	0.9943	0.0057	0	0	-45.4972	-11.9633	-2.0598	-2.3516	-2.4557	BS_T3VJQSYM	PT_DEDRCQWH
BS_T5772838	EUR	NA	0	0	0.0702	0	0.9298	-2.8445	9.588	-1.6816	-9.9173	-4.1948	BS_T5772838	PT_W3FSA7NH
BS_T5QB3H8B	EUR	NA	0	0	0.2085	0	0.7915	1.171	7.6264	-5.007	-4.0795	-0.6014	BS_T5QB3H8B	PT_D835NGZW
BS_T5TB5NM7	EUR	NA	0	0	0.1181	0	0.8819	-2.3014	9.4543	-4.5222	-8.2689	-2.711	BS_T5TB5NM7	PT_RFF7MKTC
BS_T5WVTGV8	EUR	NA	0	0	0.0848	0	0.9152	-1.6551	10.9315	-4.1325	-8.4709	-3.8792	BS_T5WVTGV8	PT_E78NHRWQ
BS_T77MXWTX	EUR	NA	0	0	0.0533	0	0.9467	-0.2593	11.8082	-2.2292	-8.7848	-4.8723	BS_T77MXWTX	PT_387VK1T9
BS_TA48KCWF	EUR	NA	0	0	0.0636	0	0.9364	-1.1741	10.387	-6.0776	-10.2158	-0.3177	BS_TA48KCWF	PT_7TEHW6VQ
BS_TARPGT44	EUR	NA	0	0	0.0594	0	0.9406	-0.6342	12.1713	-5.1243	-9.0243	-1.5397	BS_TARPGT44	PT_S7WJ99PC
BS_TBYS2Z4H	SAS	NA	0	0	0	1	0	-1.8827	-6.0461	18.8418	4.158	-2.1734	BS_TBYS2Z4H	PT_0H65S44B
BS_TDN8NVYJ	EUR	NA	0	0	0.1628	0	0.8372	-1.4132	9.4861	-7.608	-6.2111	-1.2135	BS_TDN8NVYJ	PT_YFS3AWC0
BS_TE01WW4M	EUR	NA	0	0	0.0746	0	0.9254	-1.7566	11.8409	-2.5975	-8.1903	-4.5768	BS_TE01WW4M	PT_E4ECAFEN
BS_TG80SF4Z	AFR	NA	0	0.9991	9e-4	0	0	-51.646	-11.2418	1.6596	-2.7551	-0.6436	BS_TG80SF4Z	PT_T4VKB29K
BS_TGEBNSS2	AMR	NA	0	0.0076	0.9924	0	0	1.0314	-8.6875	-12.0633	14.4346	-2.0346	BS_TGEBNSS2	PT_5VAKED5F
BS_TH4A63J7	EAS	NA	1	0	0	0	0	6.6155	-42.897	-3.9317	-7.5233	-4.0133	BS_TH4A63J7	PT_164RNWTT
BS_THDBV4G0	EUR	NA	0	0	0.0417	0	0.9583	-0.1366	12.2905	-4.5635	-10.0688	-0.0478	BS_THDBV4G0	PT_2JDDX6TJ
BS_TKRHXGZQ	EUR	NA	0	0	0.0357	0	0.9643	-0.0619	14.614	-4.8442	-7.1583	-1.8191	BS_TKRHXGZQ	PT_XWVQW6JX
BS_TQYACCGG	EUR	NA	0	0	0.0695	0	0.9305	-1.5519	11.5862	-2.9966	-8.6244	-2.2024	BS_TQYACCGG	PT_DACV00WF
BS_TTRNJ8DJ	EUR	NA	0	0	0.0524	0	0.9476	0.1895	11.9055	-4.5243	-9.1552	-0.3098	BS_TTRNJ8DJ	PT_HQ89KPKT
BS_TTVB22NF	EUR	NA	0	0	0.0755	0	0.9245	-3.1195	12.828	-5.1768	-8.5064	-3.2017	BS_TTVB22NF	PT_TD6ST5MG
BS_TTZA89Y4	EUR	NA	0	0	0.0634	0	0.9366	-0.9313	12.2036	-4.8895	-8.3151	-1.2562	BS_TTZA89Y4	PT_2VSDT9CK
BS_TV12GQHS	EUR	NA	0	0	0.0957	0	0.9043	-3.004	11.9869	-4.2922	-7.7933	-3.3784	BS_TV12GQHS	PT_HEGTYPQJ
BS_TV8HD883	EUR	NA	0	0	0.1614	0	0.8386	-2.4801	9.402	-1.8025	-6.3739	-4.1865	BS_TV8HD883	PT_4EDBZRM2
BS_TWCW8QZV	EUR	NA	0	0	0.0752	0	0.9248	-2.6078	11.5124	-1.6521	-8.5036	-3.869	BS_TWCW8QZV	PT_ADTP7EHN
BS_TYCE05MW	EUR	NA	0	0	0.0969	0	0.9031	-1.2189	11.3933	-5.9177	-7.8953	-3.8478	BS_TYCE05MW	PT_6E8JYRXM
BS_TZQ8XNQQ	EUR	NA	0	0	0.0538	0	0.9462	0.2169	12.2773	-4.8183	-8.2728	-0.6202	BS_TZQ8XNQQ	PT_6DW5NFKX
BS_V1P84V9F	EUR	NA	0	0	0.0699	0	0.9301	-1.4452	12.2963	-3.903	-8.3809	-3.4778	BS_V1P84V9F	PT_0CE0HFYB
BS_V733WCVK	EUR	NA	0	0	0.0379	0	0.9621	0.097	13.4955	-3.6949	-7.4137	-0.0758	BS_V733WCVK	PT_3KWSRWZN
BS_V8GEAEZJ	EUR	NA	0	0	0.0929	0	0.9071	-0.3917	10.564	-5.3605	-8.0114	-2.2354	BS_V8GEAEZJ	PT_YGN06RPZ
BS_V8JGE8N1	EUR	NA	0	0	0.0614	0	0.9386	-3.1196	10.8056	-2.3683	-10.1493	-2.7985	BS_V8JGE8N1	PT_PX4E85V1
BS_VA0KWD52	EUR	NA	0	0	0.0992	0	0.9008	-0.3685	9.8527	-3.2166	-7.6108	-1.5815	BS_VA0KWD52	PT_69C7CBFW
BS_VA9JGYAX	SAS	NA	0	0	0	1	0	-2.7599	-5.4116	17.5687	2.8274	-1.2825	BS_VA9JGYAX	PT_VJBVXB08
BS_VBB1XSPW	EUR	NA	0	0	0.042	0	0.958	0.3853	12.5308	-4.6807	-9.6356	-2.1281	BS_VBB1XSPW	PT_279D9QZ8
BS_VCCX0CTG	EUR	NA	0	0	0.0875	0	0.9125	-0.7937	10.9153	-5.6859	-7.0814	-0.0276	BS_VCCX0CTG	PT_8V3360DR
BS_VHG85P93	AMR	NA	0	1e-4	0.5523	1e-4	0.4475	-8.8003	7.7013	-1.3976	-5.4174	-2.9823	BS_VHG85P93	PT_8SDJXNFR
BS_VJ7200DX	EUR	NA	0	0	0.0685	0	0.9315	-1.5206	10.9559	-3.6073	-9.141	-3.0309	BS_VJ7200DX	PT_3WA7SBQ6
BS_VM2GYF7B	EUR	NA	0	0	0.0502	0	0.9498	0.0208	12.335	-3.8754	-7.9244	-0.0107	BS_VM2GYF7B	PT_XDV8W16W
BS_VN983YRH	EUR	NA	0	0	0.0701	0	0.9299	0.4127	11.0214	-3.3534	-8.0772	-2.3554	BS_VN983YRH	PT_41QYPSGV
BS_VNBX1SEV	EUR	NA	0	0	0.0487	0	0.9513	-0.5548	12.4176	-3.4099	-9.2407	-1.8997	BS_VNBX1SEV	PT_RSDTCFDA
BS_VP4S1XTC	EUR	NA	0	0	0.0697	0	0.9303	-0.5328	12.3208	-5.0748	-8.2142	-2.7758	BS_VP4S1XTC	PT_J50NZYZF
BS_VP4WNVZG	EUR	NA	0	0	0.4973	0	0.5026	0.6695	5.5273	-7.5713	-1.8527	-2.1653	BS_VP4WNVZG	PT_VJ0M4E8Y
BS_VRHRMEW1	EAS	NA	1	0	0	0	0	7.2728	-43.1701	-1.2115	-6.7049	3.3497	BS_VRHRMEW1	PT_7YM9EBCK
BS_VSV2MSW6	EUR	NA	0	0	0.0677	0	0.9323	-0.2921	11.1592	-5.7292	-9.0217	-2.2918	BS_VSV2MSW6	PT_3FWKC70D
BS_VZ4NGF34	EUR	NA	0	0	0.06	0	0.94	-1.2113	12.8119	-3.9451	-6.6455	-1.3174	BS_VZ4NGF34	PT_DFXQFYPV
BS_W1T5T8WS	EUR	NA	0	0	0.0763	0	0.9237	-2.9008	12.3297	-1.913	-8.0081	-3.0569	BS_W1T5T8WS	PT_GERCQ0JG
BS_W489E0R2	SAS	NA	0	6e-4	0.0104	0.8028	0.1862	-0.2708	0.6363	3.1997	-2.9659	-2.0106	BS_W489E0R2	PT_FMK5VFYW
BS_W75GCHPW	EUR	NA	0	0	0.1376	0	0.86240000000000006	-1.0656	9.6523	-3.2308	-6.306	-1.8266	BS_W75GCHPW	PT_ESHACWF6
BS_W7P0FTAQ	EUR	NA	0	0	0.0335	0	0.9665	-1.3876	13.8263	-4.3035	-9.2921	0.846	BS_W7P0FTAQ	PT_FCM7XPVR
BS_W82P51ED	EUR	NA	0	0	0.0475	0	0.9525	-0.5334	13.0793	-1.2918	-8.4728	-2.5497	BS_W82P51ED	PT_X8S0H6TG
BS_WA65EGJJ	EUR	NA	0	0	0.0525	0	0.9475	-1.7696	10.5375	-1.3853	-10.0109	-3.7287	BS_WA65EGJJ	PT_M0FVZ88D
BS_WCAMS5WN	EUR	NA	0	0	0.0608	0	0.9392	-2.3408	12.7242	-3.9119	-8.1091	-1.4	BS_WCAMS5WN	PT_KHX1WQ4H
BS_WCQW99V3	EUR	NA	0	0	0.077	0	0.923	-0.914	11.029	-4.4506	-8.561	-1.826	BS_WCQW99V3	PT_CEWNZVKF
BS_WDSA6GVS	EUR	NA	0	0	0.122	0	0.878	-2.1209	9.8113	-4.5575	-7.8735	-1.3532	BS_WDSA6GVS	PT_AWMZ12NP
BS_WDTHGVYN	EUR	NA	1e-4	0.0189	0.3295	0.1214	0.5301	-7.9984	3.4011	2.9926	-2.8177	-3.889	BS_WDTHGVYN	PT_E3ADF4ZB
BS_WKD534RB	EUR	NA	0	0	0.2054	0	0.7946	-0.6906	8.4135	-3.5907	-4.2951	-1.8914	BS_WKD534RB	PT_VCD0W8HG
BS_WM0ZMCCN	EUR	NA	0	0	0.0477	0	0.9523	-0.8222	13.0326	-3.982	-9.257	-1.8151	BS_WM0ZMCCN	PT_FWD7NZQ0
BS_WMVYQREN	EUR	NA	0	0	0.4708	1e-4	0.529	-2.6268	5.0525	-6.3554	-3.1079	-1.3605	BS_WMVYQREN	PT_7WT6P5M8
BS_WNKT1PAM	EUR	NA	0	0	0.0421	0	0.9579	0.1059	13.6752	-4.3012	-8.2689	-2.0679	BS_WNKT1PAM	PT_1NN9AW39
BS_WP9M8J6W	EUR	NA	0	0	0.0709	0	0.9291	-2.2752	13.2961	-1.8898	-6.7907	-4.5993	BS_WP9M8J6W	PT_NMZBRFYS
BS_WQFHXEKC	AMR	NA	0	0.0171	0.9829	0	0	-1.383	-8.456	-12.3412	10.9898	-1.6674	BS_WQFHXEKC	PT_N56EYD4Z
BS_WRRTNKYE	AMR	NA	0	0.0146	0.9854	0	0	0.5776	-11.0489	-11.3904	13.2011	-2.5592	BS_WRRTNKYE	PT_CAYBADQC
BS_WVRCPEH1	EUR	NA	0	0	0.0709	0	0.9291	-1.5581	10.4711	-4.7233	-9.5461	-1.5951	BS_WVRCPEH1	PT_NPHZQW6A
BS_WWHGAHR5	EAS	NA	1	0	0	0	0	6.5479	-42.541	0.9144	-7.5944	0.7356	BS_WWHGAHR5	PT_NDVJE438
BS_WYX72YAC	EUR	NA	0	0	0.056	0	0.944	-0.9556	10.91	-4.5	-9.9241	-2.9088	BS_WYX72YAC	PT_1J2DT6MM
BS_WZ662J49	EUR	NA	0	0	0.1036	0	0.8964	-2.0868	11.4005	-1.9596	-6.742	-3.53	BS_WZ662J49	PT_3PSG2DQT
BS_X0XM8PYJ	EUR	NA	0	0	0.0805	0	0.9195	-1.2681	11.5096	-5.4584	-8.5159	-2.6964	BS_X0XM8PYJ	PT_3D74J8RZ
BS_X4VBHJSZ	EUR	NA	0	0	0.1053	0	0.8947	-1.3617	11.5357	-7.4943	-7.7082	-3.1022	BS_X4VBHJSZ	PT_K94ZVZMX
BS_X4ZVTJEK	EUR	NA	0	0	0.0485	0	0.9515	0.2784	11.6883	-5.6848	-9.8119	-0.4438	BS_X4ZVTJEK	PT_T1FV709B
BS_X5H2K1XG	EUR	NA	0	0	0.094	0	0.906	-1.95	9.984	-5.1015	-8.9225	-1.5178	BS_X5H2K1XG	PT_K63972GG
BS_X75SX2EH	EUR	NA	0	0	0.0872	0	0.9128	-1.2309	10.592	-4.0422	-8.3227	-3.5421	BS_X75SX2EH	PT_QW5VW2PY
BS_X7EQKJZH	SAS	NA	0	0	0	1	0	-1.479	-2.5074	13.0876	1.5657	-1.6292	BS_X7EQKJZH	PT_QT9T89S5
BS_X9GKMCXV	AMR	NA	0	0.0118	0.9877	0	5e-4	0.5058	-4.0718	-9.9095	6.4453	-3.318	BS_X9GKMCXV	PT_DXET8FM2
BS_XAKR8MYK	EUR	NA	0	0	0.0638	0	0.9362	0.5123	11.825	-4.4214	-7.7019	-1.1558	BS_XAKR8MYK	PT_GPQJYAW4
BS_XCA92FF3	AMR	NA	0	6e-4	0.8751	1e-4	0.1241	-10.7824	5.8445	-5.0567	-5.2005	0.0585	BS_XCA92FF3	PT_X84SD608
BS_XCKDRRYT	EUR	NA	0	0	0.038	0	0.962	-0.6944	13.7611	-5.1639	-8.2571	-0.2515	BS_XCKDRRYT	PT_02MVZZSW
BS_XCW7C66J	EUR	NA	0	0	0.0997	0	0.9003	-1.3729	11.4054	-5.2927	-7.4413	-2.8172	BS_XCW7C66J	PT_JXSDFPNM
BS_XDE7MG7P	EUR	NA	0	0	0.0686	0	0.9314	-1.8916	12.6506	-2.0136	-7.7309	-3.3663	BS_XDE7MG7P	PT_VGXHFMND
BS_XEY2VWR9	EUR	NA	0	0	0.1065	0	0.8935	-3.7172	9.0708	-4.7681	-9.6008	-4.1299	BS_XEY2VWR9	PT_9DMMZ08D
BS_XFT4ENH2	EUR	NA	0	0	0.0565	0	0.9435	-0.0088	12.6974	-3.4373	-7.6094	-2.2298	BS_XFT4ENH2	PT_F1086Z0A
BS_XHT3F34T	EUR	NA	0	0	0.059	0	0.941	-0.7089	12.5745	-4.1222	-8.2779	-1.9932	BS_XHT3F34T	PT_89XRZBSG
BS_XJWNW9E8	EAS	NA	1	0	0	0	0	6.9953	-43.6834	-2.2637	-8.4652	-0.8587	BS_XJWNW9E8	PT_67R1AF5R
BS_XKHY9A6D	EUR	NA	0	0	0.1012	0	0.8988	-2.7054	10.8625	-3.8049	-8.181	-3.5846	BS_XKHY9A6D	PT_Y8RNS9JE
BS_XMP45ADN	AMR	NA	0	0.0087	0.9913	0	0	6.9272	-15.514	-14.2269	14.9011	-1.5526	BS_XMP45ADN	PT_TVK2KY36
BS_XN449RAJ	EUR	NA	0	0	0.0768	0	0.9232	-1.3464	11.1389	-4.5012	-8.7075	-3.6152	BS_XN449RAJ	PT_1TGKS073
BS_XQ0Y2PMV	EUR	NA	0	0	0.0983	0	0.9017	-0.5524	10.7214	-5.2135	-7.7367	-1.6916	BS_XQ0Y2PMV	PT_6SH7PV1N
BS_XQFPDAB6	EUR	NA	0	0	0.0782	0	0.9218	-0.3334	11.2203	-2.5312	-6.9068	-1.175	BS_XQFPDAB6	PT_GDDWPDMC
BS_XR81Q21W	EUR	NA	0	0	0.0501	0	0.9499	2.9274	11.4115	-3.3817	-8.0849	-0.1384	BS_XR81Q21W	PT_2E552BAR
BS_XRF8D151	AFR	NA	0	0.999	0.001	0	0	-53.8957	-14.086	-1.7513	-0.3553	-0.8405	BS_XRF8D151	PT_MPRBGGEJ
BS_XWBMBWC6	EUR	NA	0	0	0.046	0	0.954	-0.7476	12.0143	-5.2689	-10.2043	-1.8434	BS_XWBMBWC6	PT_JQ45JK94
BS_XXMXCGJ7	EUR	NA	0	0	0.043	0	0.957	1.0948	11.5269	-5.2594	-9.8905	-1.3089	BS_XXMXCGJ7	PT_HJA1ZYS1
BS_Y63AQ2ZX	EUR	NA	0	0	0.0475	0	0.9525	-0.5366	12.5263	-4.0009	-9.0671	-0.3056	BS_Y63AQ2ZX	PT_B38P3Y5T
BS_Y6D4JQS8	EUR	NA	0	0	0.0609	0	0.9391	-3.2639	12.1532	-1.6558	-9.3144	-3.5867	BS_Y6D4JQS8	PT_P2NGYMG5
BS_Y6FTH24P	EUR	NA	0	0	0.0918	0	0.9082	-1.8841	10.3895	-4.4721	-8.6524	-0.7102	BS_Y6FTH24P	PT_3SW2VHD5
BS_Y6ZSGEPG	EUR	NA	0	0	0.0756	0	0.9244	-1.1677	11.501	-5.4488	-7.4491	-0.1388	BS_Y6ZSGEPG	PT_TH18S0JQ
BS_Y7A7J675	EUR	NA	0	0	0.061	0	0.939	-2.5228	12.9358	-6.3578	-8.1993	-0.9535	BS_Y7A7J675	PT_01MZ62KG
BS_Y8FH8822	EUR	NA	0	0	0.0553	0	0.9447	0.4657	10.9168	-2.5239	-8.9277	-0.568	BS_Y8FH8822	PT_BWN251DF
BS_YCT0FK91	EUR	NA	0	0	0.1165	0	0.8835	-2.5951	9.1482	-5.5139	-8.8616	-1.0403	BS_YCT0FK91	PT_45P9F9MD
BS_YEEV8386	EUR	NA	0	0	0.0798	0	0.9202	-0.0107	11.3115	-6.6139	-7.9515	-1.0037	BS_YEEV8386	PT_3MNY9BRY
BS_YFKXF7K2	EUR	NA	0	0	0.0611	0	0.9389	-1.3818	12.9791	-4.7756	-8.3108	-2.7266	BS_YFKXF7K2	PT_FF0MSK4D
BS_YG4EJAF4	AMR	NA	2e-4	6e-4	0.78	3e-4	0.219	-3.7765	3.4347	-7.1886	-1.5788	-3.3383	BS_YG4EJAF4	PT_V3Q78E6F
BS_YHZ69SDZ	AFR	NA	0	0.9992	8e-4	0	0	-54.5285	-16.7982	-1.2889	-2.0016	-1.0065	BS_YHZ69SDZ	PT_B0JFCN5W
BS_YJ0QJJZB	EUR	NA	0	0	0.0842	0	0.9158	-2.394	12.1183	-5.9517	-8.6267	-4.3416	BS_YJ0QJJZB	PT_50ZFWMZE
BS_YJCZY95C	EUR	NA	0	0	0.0665	0	0.9335	-0.504	11.8241	-3.5613	-8.1287	-1.4534	BS_YJCZY95C	PT_3WA1XB8G
BS_YKD3WYFB	EUR	NA	0	0	0.1189	0	0.8811	-1.8594	9.7348	-4.8442	-7.9632	-3.0388	BS_YKD3WYFB	PT_XA98HG1C
BS_YKT1NAJQ	EUR	NA	0	0	0.042	0	0.958	0.2236	10.7292	-2.6329	-10.1818	-2.0396	BS_YKT1NAJQ	PT_3AWKWXEV
BS_YNN71TNT	EUR	NA	0	0	0.0639	0	0.9361	-2.2882	11.1515	-2.9257	-9.4992	-4.5046	BS_YNN71TNT	PT_1EB5KHZX
BS_YP6V626P	AFR	NA	0	0.9932	0.0068	0	0	-43.9073	-10.2586	-1.7823	-2.1971	-1.3159	BS_YP6V626P	PT_4HPR047B
BS_YR1X1SSH	EUR	NA	0	0	0.0589	0	0.9411	-0.7937	12.0446	-5.7102	-8.8118	-0.1599	BS_YR1X1SSH	PT_V0X73HEQ
BS_YR9C74CN	EUR	NA	0	0	0.0517	0	0.9483	-0.8587	12.1997	-4.5375	-9.5225	-2.5935	BS_YR9C74CN	PT_S4H6KA09
BS_YVH56WW3	AFR	NA	0	0.9983	0.0017	0	0	-50.3046	-12.5358	0.594	-2.1407	-2.865	BS_YVH56WW3	PT_7M2PGCBV
BS_YVRSCEC6	EUR	NA	0	0	0.0693	0	0.9307	-0.9315	12.8544	-4.0424	-4.5008	-1.6084	BS_YVRSCEC6	PT_9S6WMQ92
BS_YVWRMH36	EUR	NA	0	0	0.0508	0	0.9492	-2.3699	11.3005	-2.3431	-10.2351	-3.9075	BS_YVWRMH36	PT_Q25V9Y6M
BS_YWHDJ7FE	EUR	NA	0	0	0.051	0	0.949	-0.7134	12.2035	-3.2642	-8.5857	0.4929	BS_YWHDJ7FE	PT_DEYCW197
BS_YWM1RMFT	EUR	NA	0	0	0.0529	0	0.9471	-2.3434	12.7075	-2.8247	-9.4221	-5.1095	BS_YWM1RMFT	PT_3CVMBGD7
BS_YXPWKF92	EUR	NA	0	0	0.0606	0	0.9394	-2.1677	11.441	-5.3389	-10.076	-2.8845	BS_YXPWKF92	PT_13MKXR8G
BS_YXW56D0Z	EUR	NA	0	0	0.0566	0	0.9434	-1.8674	12.27	-4.32	-7.7801	1.2138	BS_YXW56D0Z	PT_N3HVMV06
BS_YXWZB6S7	EUR	NA	0	0	0.0788	0	0.9212	-0.8982	11.6582	-3.9548	-7.7519	-2.0804	BS_YXWZB6S7	PT_ZCXS29JJ
BS_YZ3MRCXX	EUR	NA	0	0	0.0623	0	0.9377	-1.2641	11.2916	-2.0969	-9.209	0.0836	BS_YZ3MRCXX	PT_5F4N0CAP
BS_YZDD793H	EUR	NA	0	0	0.0837	0	0.9163	0.1278	10.0197	-4.0747	-8.1949	-1.9221	BS_YZDD793H	PT_F9ANPADH
BS_Z263QQQV	AMR	NA	0	0.0091	0.9909	0	0	1.6259	-8.79	-13.3058	12.6696	-0.2816	BS_Z263QQQV	PT_WPYCXMDA
BS_Z370T42N	SAS	NA	0	0	0	1	0	-1.0279	-4.7847	15.6791	3.3565	-1.4142	BS_Z370T42N	PT_HGM20MW7
BS_Z56904ZW	EUR	NA	0	0	0.0542	0	0.9458	1.4349	11.5848	-4.4729	-8.6106	-1.7134	BS_Z56904ZW	PT_8FWP7BR3
BS_Z5JH1FMC	EUR	NA	0	0	0.0604	0	0.9396	-0.8452	12.5511	-4.7054	-7.3845	-1.1779	BS_Z5JH1FMC	PT_SJEG0MKD
BS_Z6GF2TDX	EUR	NA	0	0	0.0759	0	0.9241	-2.6415	10.352	-2.4752	-9.2909	-3.2795	BS_Z6GF2TDX	PT_7YSCM82T
BS_Z82320N1	EUR	NA	0	0	0.0668	0	0.9332	-0.4203	12.229	-5.0036	-8.1496	-2.1233	BS_Z82320N1	PT_A4KA01ZH
BS_Z8E250HZ	EUR	NA	0	0	0.0536	0	0.9464	1.2001	11.7046	-6.0115	-9.0524	-2.4358	BS_Z8E250HZ	PT_CB9PD1YP
BS_Z9WDGDVR	EUR	NA	0	0	0.0909	0	0.9091	-2.7391	11.8303	-4.9885	-7.0178	-1.7205	BS_Z9WDGDVR	PT_EPFX7V9H
BS_ZBEZT4XY	EUR	NA	0	0	0.0524	0	0.9476	-0.9271	12.8056	-3.2085	-7.9417	-1.3367	BS_ZBEZT4XY	PT_YSYNKHAE
BS_ZDBEHEPY	EUR	NA	0	0	0.1173	0	0.8827	-1.6045	10.4491	-3.4234	-6.6753	-1.9881	BS_ZDBEHEPY	PT_GAM3E6M3
BS_ZDSXV5N1	AFR	NA	0	0.856	0.144	0	0	-30.2664	-3.1335	-1.8417	-3.0115	-0.2679	BS_ZDSXV5N1	PT_8GBF5MTD
BS_ZFNG7X82	EUR	NA	0	0	0.1043	0	0.8957	-3.2547	11.1912	-5.1173	-8.4057	-2.0066	BS_ZFNG7X82	PT_5JCY0JFD
BS_ZH666SJW	EUR	NA	0	0	0.0713	0	0.9287	-1.0795	11.7452	-5.748	-8.1714	-0.6665	BS_ZH666SJW	PT_M0AP3Z15
BS_ZJ3VP0AP	EUR	NA	0	0	0.0396	0	0.9604	-0.08	12.0167	-3.4041	-10.0408	-3.2879	BS_ZJ3VP0AP	PT_TV5DYHNC
BS_ZJF3N0DE	EUR	NA	0	0	0.098	0	0.902	-1.2691	10.2639	-3.581	-7.9354	-1.8243	BS_ZJF3N0DE	PT_0T2EWNYR
BS_ZM9EYYDT	EUR	NA	0	0	0.0477	0	0.9523	-0.3387	11.9395	-5.5462	-9.9812	-1.9079	BS_ZM9EYYDT	PT_QK4XB83F
BS_ZMPNTK3D	EUR	NA	0	0	0.0807	0	0.9193	-2.1522	12.0811	-3.655	-7.4765	-2.4581	BS_ZMPNTK3D	PT_GR8P8NY5
BS_ZMW21B7R	EUR	NA	0	0	0.0847	0	0.9153	-2.7812	11.5688	-6.1773	-9.1355	-2.8421	BS_ZMW21B7R	PT_XXZHRPNM
BS_ZMZFKVWZ	EUR	NA	0	0	0.07	0	0.93	1.4003	11.7888	-1.543	-6.2716	-2.8845	BS_ZMZFKVWZ	PT_VHS5RM2K
BS_ZNB7T5SZ	AMR	NA	0	0.0029	0.9785	0.0014	0.0171	-1.1505	2.2828	-9.2644	1.7817	-1.7588	BS_ZNB7T5SZ	PT_RMK36R2E
BS_ZP36WDVS	EUR	NA	0	0	0.0809	0	0.9191	-1.0605	10.6638	-4.0759	-8.5345	-1.4381	BS_ZP36WDVS	PT_B54PH840
BS_ZQY1P7NR	EUR	NA	0	0	0.0919	0	0.9081	-2.1447	11.2665	-3.0058	-7.401	-1.8219	BS_ZQY1P7NR	PT_229DRV7B
BS_ZRVFD8TY	EUR	NA	0	0	0.0774	0	0.9226	0.029	9.8007	-5.8525	-9.081	-3.5235	BS_ZRVFD8TY	PT_WYVMWYVA
BS_ZSAHMF4V	EUR	NA	0	0	0.0518	0	0.9482	0.8782	12.1439	-4.2772	-7.9225	-0.335	BS_ZSAHMF4V	PT_TEBD1SES
BS_ZVFTWY6Y	EUR	NA	0	0	0.191	0	0.8089	-4.0111	7.7688	-1.694	-7.2838	-2.1639	BS_ZVFTWY6Y	PT_NXX0M835
BS_ZVXHWM3N	AMR	NA	0	0.0031	0.9969	0	0	5.3975	-16.5471	-19.4705	23.4272	-2.9697	BS_ZVXHWM3N	PT_37WTWPZY
BS_ZX3ZSN8F	EUR	NA	0	0	0.1555	0	0.8445	-0.721	8.8625	-5.2823	-6.4565	-0.5949	BS_ZX3ZSN8F	PT_R63RHJWX
BS_ZY3SVMA5	EUR	NA	0	0	0.0541	0	0.9459	-1.1959	13.0991	-5.112	-8.9482	-2.2469	BS_ZY3SVMA5	PT_1T7WF5S1
BS_ZZ47KXR3	AMR	NA	0.001	0.0029	0.9616	1e-4	0.0344	-8.7566	3.5889	-6.8435	-1.7915	-2.0964	BS_ZZ47KXR3	PT_91PDAFH0
BS_ZZHCTPFR	EUR	NA	0	0	0.0632	0	0.9368	-1.0545	12.8147	-2.4225	-6.8427	-2.7882	BS_ZZHCTPFR	PT_GH693TT8
