Kids_First_Biospecimen_ID	Kids_First_Participant_ID	cohort	sub_cohort	cohort_participant_id	match_id	sample_id	sample_type	tumor_descriptor	composition	cell_line_composition	broad_histology	cancer_group	molecular_subtype	molecular_subtype_methyl	pathology_diagnosis	pathology_free_text_diagnosis	primary_site	CNS_region	extent_of_tumor_resection	RNA_library	age_at_diagnosis_days	race	ethnicity	reported_gender	germline_sex_estimate	cancer_predispositions	plot_group	plot_group_hex	is_independent_primary	predicted_ancestry	EFS_days	EFS_event_type	OS_days	OS_status	EFS_status
BS_00W5QB9S	PT_K84J9401	PBTA	PBTA-X01-FY22	C2803539	PT_K84J9401_7316-6972_Solid Tissue_Progressive	7316-6972	Tumor	Progressive	Solid Tissue	NA	Ependymal tumor	Ependymoma	EPN, To be classified	NA	Ependymoma	anaplastic ependymoma, who grade iii	Cerebellum/Posterior Fossa	Posterior fossa	Gross/Near total resection	poly-A stranded	3192	Asian	Not Hispanic or Latino	Male	Male	None documented	Ependymoma	#2200ff	No	EAS	192	Progressive	1054	LIVING	EVENT
BS_014EVM2D	PT_S21ZTKPS	PBTA	CBTN	C75522	PT_S21ZTKPS_7316-362_Solid Tissue_Initial CNS Tumor	7316-362	Tumor	Initial CNS Tumor	Solid Tissue	NA	Low-grade astrocytic tumor	Low-grade glioma	LGG, other MAPK	NA	Low-grade glioma/astrocytoma (WHO grade I/II)	low grade glioma	Temporal Lobe	Hemispheric	Gross/Near total resection	stranded	4938	White	Not Hispanic or Latino	Female	Female	None documented	Low-grade glioma	#8f8fbf	Yes	EUR	2410	Not Applicable	2410	LIVING	NO EVENT
BS_028YFYJ6	PT_394ZA6P7	PBTA	PBTA-X01-FY22	C2399853	PT_394ZA6P7_7316-6910_Solid Tissue_Deceased	7316-6910	Tumor	Deceased	Solid Tissue	NA	Diffuse astrocytic and oligodendroglial tumor	High-grade glioma	HGG, H3 wildtype, TP53	NA	High-grade glioma/astrocytoma (WHO grade III/IV)	hgg	Cerebellum/Posterior Fossa	Posterior fossa	NA	poly-A stranded	2963	Asian	Not Hispanic or Latino	Male	Male	None documented	Other high-grade glioma	#ffccf5	No	SAS	245	Progressive - Metastatic	294	DECEASED	EVENT
BS_02NZT8CE	PT_2BJF83GQ	PBTA	CBTN	C324351	PT_2BJF83GQ_7316-1745_Solid Tissue_Recurrence	7316-1745	Tumor	Recurrence	Solid Tissue	NA	Low-grade astrocytic tumor	Low-grade glioma	LGG, NF1-somatic, NF1-germline	LGG, MAPK	Low-grade glioma/astrocytoma (WHO grade I/II)	recurrent low-grade glioma	Optic Pathway;Temporal Lobe	Mixed	Gross/Near total resection	stranded	1569	White	Not Hispanic or Latino	Female	Female	Neurofibromatosis, Type 1 (NF-1)	Low-grade glioma	#8f8fbf	No	EUR	404	Progressive	5059	LIVING	EVENT
BS_03FT4S8B	PT_5KRVE8E4	PBTA	CBTN	C773301	PT_5KRVE8E4_7316-1671_Solid Tissue_Initial CNS Tumor	7316-1671	Tumor	Initial CNS Tumor	Solid Tissue	NA	Tumors of sellar region	Adamantinomatous Craniopharyngioma	CRANIO, ADAM	CRANIO, ADAM	Craniopharyngioma	craniopharyngioma	Suprasellar/Hypothalamic/Pituitary	Suprasellar	Gross/Near total resection	stranded	4180	White	Not Hispanic or Latino	Female	Female	None documented	Craniopharyngioma	#b2502d	Yes	EUR	Not Reported	Not Applicable	Not Reported	LIVING	NO EVENT
BS_0448A413	PT_VHS5RM2K	PBTA	CBTN	C76137	PT_VHS5RM2K_7316-364_Solid Tissue_Initial CNS Tumor	7316-364	Tumor	Initial CNS Tumor	Solid Tissue	NA	Mesenchymal non-meningothelial tumor	Ewing sarcoma	EWS	EWS	Ewings Sarcoma	ewing's sarcoma	Temporal Lobe	Hemispheric	Partial resection	stranded	592	White	Not Hispanic or Latino	Male	Male	None documented	Mesenchymal tumor	#7fbf00	Yes	EUR	1785	Not Applicable	1785	LIVING	NO EVENT
BS_044XZ8ST	PT_QAX38GM7	PBTA	CBTN	C907617	PT_QAX38GM7_7316-3570_Solid Tissue_Progressive	7316-3570	Tumor	Progressive	Solid Tissue	NA	Low-grade astrocytic tumor	Low-grade glioma	LGG, other MAPK	NA	Low-grade glioma/astrocytoma (WHO grade I/II)	pilomyxoid astrocytoma	Parietal Lobe	Hemispheric	Gross/Near total resection	stranded	3450	White	Not Hispanic or Latino	Male	Male	None documented	Low-grade glioma	#8f8fbf	No	EUR	90	Progressive	2666	LIVING	EVENT
BS_052PZFMK	PT_N3205P0D	PBTA	HOPE	C291756	PT_N3205P0D_7316-1099_Solid Tissue_Initial CNS Tumor	7316-1099	Tumor	Initial CNS Tumor	Solid Tissue	NA	Diffuse astrocytic and oligodendroglial tumor	Diffuse hemispheric glioma	DHG, H3 G35, TP53	DHG, H3 G35	High-grade glioma/astrocytoma (WHO grade III/IV)	gbm with pnet component	Frontal Lobe;Parietal Lobe	Hemispheric	Gross/Near total resection	stranded	6770	White	Not Hispanic or Latino	Male	Male	None documented	Other high-grade glioma	#ffccf5	Yes	EUR	2125	Deceased-due to disease	2125	DECEASED	EVENT
BS_063ERW0R	PT_3V5GTCJR	PBTA	CBTN	C879204	PT_3V5GTCJR_7316-1646_Solid Tissue_Initial CNS Tumor	7316-1646	Tumor	Initial CNS Tumor	Solid Tissue	NA	Low-grade astrocytic tumor	Low-grade glioma	LGG, KIAA1549-BRAF	NA	Low-grade glioma/astrocytoma (WHO grade I/II)	pilocytic astrocytoma	Cerebellum/Posterior Fossa	Posterior fossa	Partial resection	stranded	3371	White	Not Hispanic or Latino	Female	Female	None documented	Low-grade glioma	#8f8fbf	Yes	EUR	Not Reported	Not Applicable	Not Reported	LIVING	NO EVENT
BS_06AMMCXR	PT_Q3EP24V1	PBTA	CBTN	C177366	PT_Q3EP24V1_7316-154_Solid Tissue_Progressive	7316-154	Tumor	Progressive	Solid Tissue	NA	Low-grade astrocytic tumor	Low-grade glioma	LGG, KIAA1549-BRAF	LGG, MAPK	Low-grade glioma/astrocytoma (WHO grade I/II)	low-grade glioma	Meninges/Dura;Optic Pathway;Suprasellar/Hypothalamic/Pituitary	Mixed	Partial resection	stranded	191	Reported Unknown	Not Hispanic or Latino	Male	Male	None documented	Low-grade glioma	#8f8fbf	No	SAS	1389	Progressive - Metastatic	2771	DECEASED	EVENT
BS_06D4QTM6	PT_H7WRRTGQ	PBTA	PBTA-X01-FY22	C2536875	PT_H7WRRTGQ_7316-6355_Solid Tissue_Initial CNS Tumor	7316-6355	Tumor	Initial CNS Tumor	Solid Tissue	NA	Meningioma	Meningioma	NA	NA	Meningioma	meningioma atypical, spen mutant, loss of whole chromosome 22, who grade ii	Frontal Lobe;Temporal Lobe	Hemispheric	Partial resection	poly-A stranded	7876	White	Not Hispanic or Latino	Female	Female	None documented	Meningioma	#2db398	Yes	EUR	394	Progressive	1296	DECEASED	EVENT
BS_06XH7EVF	PT_G8DRDA33	PBTA	CBTN	C140220	PT_G8DRDA33_7316-879_Solid Tissue_Initial CNS Tumor	7316-879	Tumor	Initial CNS Tumor	Solid Tissue	NA	Benign tumor	NA	NA	NA	Other	osteoblastoma	Spinal Cord- Cervical	Spine	Gross/Near total resection	stranded	6062	White	Not Hispanic or Latino	Male	Male	None documented	Non-neoplastic tumor	#FFF5EB	Yes	EUR	Not Reported	Not Applicable	Not Reported	LIVING	NO EVENT
BS_07ANYSYQ	PT_S4H6KA09	PBTA	CBTN	C522750	PT_S4H6KA09_7316-2134_Solid Tissue_Initial CNS Tumor	7316-2134	Tumor	Initial CNS Tumor	Solid Tissue	NA	Ependymal tumor	Ependymoma	EPN, ST ZFTA	EPN, ST ZFTA	Ependymoma	anaplastic ependymoma who grade iii	Frontal Lobe	Hemispheric	Gross/Near total resection	stranded	1412	White	Not Hispanic or Latino	Female	Female	None documented	Ependymoma	#2200ff	Yes	EUR	1090	Recurrence	2225	LIVING	EVENT
BS_08B376A6	PT_5HSJZPJ3	PBTA	PBTA-X01-FY22	C3943503	PT_5HSJZPJ3_7316-9436_Solid Tissue_Initial CNS Tumor	7316-9436	Tumor	Initial CNS Tumor	Solid Tissue	NA	Embryonal tumor	Medulloblastoma	MB, Group3	MB, Group3	Medulloblastoma	medulloblastoma non-wnt/non shh, who grade iv	Cerebellum/Posterior Fossa;Meninges/Dura;Spinal Cord- Thoracic	Mixed	Gross/Near total resection	poly-A stranded	964	Reported Unknown	Not Hispanic or Latino	Female	Female	None documented	Medulloblastoma	#a340ff	Yes	EUR	736	Not Applicable	736	LIVING	NO EVENT
BS_08ST21QE	PT_NC2X0HJS	PBTA	CBTN	C3285453	PT_NC2X0HJS_7316-7668_Solid Tissue_Deceased	7316-7668	Tumor	Deceased	Solid Tissue	NA	Diffuse astrocytic and oligodendroglial tumor	High-grade glioma	HGG, H3 wildtype	NA	High-grade glioma/astrocytoma (WHO grade III/IV)	spinal gbm	Brain Stem-Medulla;Spinal Cord- Cervical;Spinal Cord- Lumbar/Thecal Sac;Spinal Cord- Thoracic	Mixed	NA	poly-A stranded	2921	Reported Unknown	Not Hispanic or Latino	Male	Male	None documented	Other high-grade glioma	#ffccf5	No	EUR	Not Reported	Progressive - Metastatic	731	DECEASED	EVENT
BS_08TWG4K0	PT_SEKXH6HT	PBTA	PBTA-X01-FY22	C2317320	PT_SEKXH6HT_7316-4698_Solid Tissue_Initial CNS Tumor	7316-4698	Tumor	Initial CNS Tumor	Solid Tissue	NA	Diffuse astrocytic and oligodendroglial tumor	Pleomorphic xanthoastrocytoma	HGG, PXA	NA	High-grade glioma/astrocytoma (WHO grade III/IV)	anaplstic pleomorphic xanthoastrocytoma	Temporal Lobe	Hemispheric	Gross/Near total resection	poly-A stranded	4302	White	Not Hispanic or Latino	Female	Female	None documented	Other high-grade glioma	#ffccf5	Yes	EUR	772	Not Applicable	772	LIVING	NO EVENT
BS_09R7GDA7	PT_0PT33SCF	PBTA	CBTN	C291879	PT_0PT33SCF_7316-1100_Solid Tissue_Recurrence	7316-1100	Tumor	Recurrence	Solid Tissue	NA	Embryonal tumor	CNS Embryonal tumor	CNS Embryonal, NOS	NA	Supratentorial or Spinal Cord PNET	pnet, maturing treatment induced	Ventricles	Ventricles	Partial resection	stranded	1454	White	Not Hispanic or Latino	Female	Female	None documented	Other CNS embryonal tumor	#b08ccf	No	EUR	Not Reported	Recurrence	Not Reported	LIVING	EVENT
BS_09Z7TC35	PT_YHTK536P	PBTA	CBTN	C179703	PT_YHTK536P_7316-1714_Solid Tissue_Recurrence	7316-1714	Tumor	Recurrence	Solid Tissue	NA	Embryonal tumor	Medulloblastoma	MB, Group3	MB, Group3	Medulloblastoma	medulloblastoma	Cerebellum/Posterior Fossa	Posterior fossa	Unavailable	stranded	1282	Reported Unknown	Not Available	Female	NA	None documented	Medulloblastoma	#a340ff	No	NA	429	Recurrence	429	LIVING	EVENT
BS_0BBCFXDQ	PT_D5KKHPAE	PBTA	PBTA-X01-FY22	C1061121	PT_D5KKHPAE_7316-4740_Solid Tissue_Recurrence	7316-4740	Tumor	Recurrence	Solid Tissue	NA	Diffuse astrocytic and oligodendroglial tumor	High-grade glioma	HGG, To be classified	NA	High-grade glioma/astrocytoma (WHO grade III/IV)	anaplastic pleomorphic xanthoastrocytoma with braf p.val600glu mutation, who grade iii	Frontal Lobe;Parietal Lobe	Hemispheric	Partial resection	poly-A stranded	6233	White	Not Hispanic or Latino	Female	Female	Other inherited conditions NOS	Other high-grade glioma	#ffccf5	No	EUR	147	Recurrence	496	DECEASED	EVENT
BS_0BTXD5M6	PT_BAH54SVM	PBTA	PBTA-X01-FY22	C3519645	PT_BAH54SVM_7316-7965_Solid Tissue_Initial CNS Tumor	7316-7965	Tumor	Initial CNS Tumor	Solid Tissue	NA	Embryonal tumor	Medulloblastoma	MB, Group3	MB, Group3	Medulloblastoma	medulloblastoma non-wnt/non-shh-activated, tp53 wild type,   amplification of 8q including myc who grade iv	Cerebellum/Posterior Fossa	Posterior fossa	Gross/Near total resection	poly-A stranded	953	White	Not Hispanic or Latino	Male	Male	None documented	Medulloblastoma	#a340ff	Yes	EUR	410	Progressive - Metastatic	476	DECEASED	EVENT
BS_0BXY0F9N	PT_164RNWTT	PBTA	CBTN	C291633	PT_164RNWTT_7316-1078_Solid Tissue_Initial CNS Tumor	7316-1078	Tumor	Initial CNS Tumor	Solid Tissue	NA	Ependymal tumor	Ependymoma	EPN, PF A	EPN, PF A	Ependymoma	ependymoma grade iii anaplastic	Cerebellum/Posterior Fossa	Posterior fossa	Partial resection	stranded	2549	Asian	Not Hispanic or Latino	Male	Male	None documented	Ependymoma	#2200ff	Yes	EAS	560	Progressive	560	LIVING	EVENT
BS_0C00AYTE	PT_6RZ363TJ	PBTA	HOPE	C821517	PT_6RZ363TJ_7316UP-2035_Solid Tissue_Primary Tumor	7316UP-2035	Tumor	Primary Tumor	Solid Tissue	NA	Diffuse astrocytic and oligodendroglial tumor	High-grade glioma	HGG, H3 wildtype, TP53	NA	Glioblastoma	NA	Cerebrum	Hemispheric	NA	stranded	9348	White	Not Hispanic or Latino	Female	Female	Not Reported	Other high-grade glioma	#ffccf5	Yes	EUR	NA	NA	NA	NA	NO EVENT
BS_0C7VZC0A	PT_VAJN5QP8	PBTA	HOPE	C624225	PT_VAJN5QP8_7316-2176_Solid Tissue_Initial CNS Tumor	7316-2176	Tumor	Initial CNS Tumor	Solid Tissue	NA	Diffuse astrocytic and oligodendroglial tumor	High-grade glioma	HGG, H3 wildtype	NA	High-grade glioma/astrocytoma (WHO grade III/IV)	high grade glioma	Basal Ganglia;Optic Pathway;Temporal Lobe;Ventricles	Hemispheric	Partial resection	stranded	6158	White	Not Hispanic or Latino	Female	Female	None documented	Other high-grade glioma	#ffccf5	Yes	EUR	1776	Not Applicable	1776	LIVING	NO EVENT
BS_0CNMRHGW	PT_3GYW6P6P	PBTA	PBTA-X01-FY22	C2581647	PT_3GYW6P6P_7316-5877_Solid Tissue_Progressive	7316-5877	Tumor	Progressive	Solid Tissue	NA	Neuronal and mixed neuronal-glial tumor	Glial-neuronal tumor NOS	GNT, RTK	LGG, BRAF/MAPK	Glial-neuronal tumor NOS	rosette-forming glioneuronal tumor	Cerebellum/Posterior Fossa	Posterior fossa	Gross/Near total resection	poly-A stranded	548	Reported Unknown	Not Available	Male	Male	None documented	Mixed neuronal-glial tumor	#685815	No	EUR	418	Progressive	418	LIVING	EVENT
BS_0D5VRAKC	PT_7TVR7AJ2	PBTA	PBTA-X01-FY22	C3823455	PT_7TVR7AJ2_7316-8968_Solid Tissue_Initial CNS Tumor	7316-8968	Tumor	Initial CNS Tumor	Solid Tissue	NA	Low-grade astrocytic tumor	Low-grade glioma	LGG, KIAA1549-BRAF	NA	Low-grade glioma/astrocytoma (WHO grade I/II)	pilocytic astrocytoma	Cerebellum/Posterior Fossa	Posterior fossa	Partial resection	poly-A stranded	2188	Reported Unknown	Hispanic or Latino	Female	Female	None documented	Low-grade glioma	#8f8fbf	Yes	AMR	1046	Not Applicable	1046	LIVING	NO EVENT
BS_0EB67GB4	PT_32CD03EE	PBTA	PBTA-X01-FY22	C1060629	PT_32CD03EE_7316-4345_Solid Tissue_Initial CNS Tumor	7316-4345	Tumor	Initial CNS Tumor	Solid Tissue	NA	Embryonal tumor	Medulloblastoma	MB, Group3	NA	Medulloblastoma	medulloblastoma	Cerebellum/Posterior Fossa	Posterior fossa	Gross/Near total resection	poly-A stranded	4673	Black or African American	Not Hispanic or Latino	Male	Male	None documented	Medulloblastoma	#a340ff	Yes	AFR	1771	Not Applicable	1771	LIVING	NO EVENT
BS_0GDJQANN	PT_ABV3RS3T	PBTA	CBTN	C102336	PT_ABV3RS3T_7316-471_Solid Tissue_Initial CNS Tumor	7316-471	Tumor	Initial CNS Tumor	Solid Tissue	NA	Choroid plexus tumor	Choroid plexus tumor	NA	NA	Choroid plexus papilloma	choroid plexus papilloma (who grade i)	Ventricles	Ventricles	Gross/Near total resection	stranded	209	White	Hispanic or Latino	Female	Unknown	None documented	Choroid plexus tumor	#00441B	Yes	NA	706	Not Applicable	706	LIVING	NO EVENT
BS_0HKNEFQC	PT_NZ85YSJ1	PBTA	PBTA-X01-FY22	C1155585	PT_NZ85YSJ1_7316-4188_Solid Tissue_Initial CNS Tumor	7316-4188	Tumor	Initial CNS Tumor	Solid Tissue	NA	Embryonal tumor	Medulloblastoma	MB, Group4	MB, Group4	Medulloblastoma	medulloblastoma, who grade iv	Cerebellum/Posterior Fossa;Ventricles	Mixed	Gross/Near total resection	poly-A stranded	4322	White	Not Hispanic or Latino	Female	Female	None documented	Medulloblastoma	#a340ff	Yes	EUR	499	Progressive - Metastatic	750	DECEASED	EVENT
BS_0HW7W7SD	PT_C73C5BBZ	PBTA	CBTN	C702084	PT_C73C5BBZ_7316-2658_Solid Tissue_Initial CNS Tumor	7316-2658	Tumor	Initial CNS Tumor	Solid Tissue	NA	Embryonal tumor	Embryonal tumor with multilayer rosettes	ETMR, NOS	NA	Embryonal Tumor with Multilayered Rosettes (ETMR)	medullooepithelioma	Ventricles	Ventricles	Biopsy only	stranded	22	Reported Unknown	Not Hispanic or Latino	Female	Female	None documented	Other CNS embryonal tumor	#b08ccf	Yes	NA	79	Progressive	92	DECEASED	EVENT
BS_0J9SHHSC	PT_WVC247PK	PBTA	CBTN	C333822	PT_WVC247PK_7316-1090_Solid Tissue_Initial CNS Tumor	7316-1090	Tumor	Initial CNS Tumor	Solid Tissue	NA	Low-grade astrocytic tumor	Low-grade glioma	LGG, KIAA1549-BRAF	LGG, BRAF/MAPK	Low-grade glioma/astrocytoma (WHO grade I/II)	low grade astrocytoma	Cerebellum/Posterior Fossa	Posterior fossa	Gross/Near total resection	stranded	1024	White	Not Hispanic or Latino	Male	Male	None documented	Low-grade glioma	#8f8fbf	Yes	EUR	Not Reported	Not Applicable	Not Reported	LIVING	NO EVENT
BS_0JAKSXQP	PT_T5CR5HQZ	PBTA	PBTA-X01-FY22	C17097	PT_T5CR5HQZ_7316-33_Solid Tissue_Initial CNS Tumor	7316-33	Tumor	Initial CNS Tumor	Solid Tissue	NA	Low-grade astrocytic tumor	Low-grade glioma	LGG, wildtype	NA	Low-grade glioma/astrocytoma (WHO grade I/II)	diffuse fibrillary astrocytoma	Cerebellum/Posterior Fossa;Spinal Cord- Lumbar/Thecal Sac	Mixed	Partial resection	poly-A stranded	5868	White	Not Hispanic or Latino	Male	Male	None documented	Low-grade glioma	#8f8fbf	Yes	EUR	1712	Not Applicable	1712	LIVING	NO EVENT
BS_0K69QMK6	PT_4HPR047B	PBTA	PBTA-X01-FY22	C719796	PT_4HPR047B_7316-4431_Solid Tissue_Initial CNS Tumor	7316-4431	Tumor	Initial CNS Tumor	Solid Tissue	NA	Tumor of cranial and paraspinal nerves	Neurofibroma/Plexiform	NA	NA	Neurofibroma/Plexiform	neurofibroma plexiform	Other locations NOS	Other	Partial resection	poly-A stranded	4755	Black or African American	Not Hispanic or Latino	Male	Male	Neurofibromatosis, Type 1 (NF-1)	Neurofibroma plexiform	#e6ac39	Yes	AFR	6124	Not Applicable	6124	LIVING	NO EVENT
BS_0QNRXSFG	PT_CWXSP19D	PBTA	PBTA-X01-FY22	C2465904	PT_CWXSP19D_7316-5492_Solid Tissue_Initial CNS Tumor	7316-5492	Tumor	Initial CNS Tumor	Solid Tissue	NA	Tumor of cranial and paraspinal nerves	Schwannoma	NA	NA	Schwannoma	schwannoma	Spinal Cord- Thoracic	Spine	Gross/Near total resection	poly-A stranded	4024	White	Not Hispanic or Latino	Male	Male	None documented	Schwannoma	#ab7200	No	EUR	756	Recurrence	1772	LIVING	EVENT
BS_0QYS36NR	PT_V3Q78E6F	PBTA	CBTN	C96309	PT_V3Q78E6F_7316-455_Solid Tissue_Initial CNS Tumor	7316-455	Tumor	Initial CNS Tumor	Solid Tissue	NA	Ependymal tumor	Ependymoma	EPN, To be classified	NA	Ependymoma	ependymoma	Ventricles	Ventricles	Partial resection	stranded	337	White	Hispanic or Latino	Female	Female	None documented	Ependymoma	#2200ff	Yes	AMR	416	Not Applicable	416	LIVING	NO EVENT
BS_0R12SD1M	PT_Q50V3ACJ	PBTA	CBTN	C173307	PT_Q50V3ACJ_7316-1217_Solid Tissue_Initial CNS Tumor	7316-1217	Tumor	Initial CNS Tumor	Solid Tissue	NA	Diffuse astrocytic and oligodendroglial tumor	High-grade glioma	HGG, To be classified	NA	High-grade glioma/astrocytoma (WHO grade III/IV)	pleomorphic xanthoastrocytoma versus a high grade glioma (glioblastoma multiforme)	Frontal Lobe	Hemispheric	Unavailable	poly-A stranded	5889	Reported Unknown	Not Available	Unknown	NA	None documented	Other high-grade glioma	#ffccf5	Yes	NA	Not Reported	Not Applicable	Not Reported	LIVING	NO EVENT
BS_0RF0EZTV	PT_MW0QVGW2	PBTA	CBTN	C53136	PT_MW0QVGW2_7316-286_Solid Tissue_Initial CNS Tumor	7316-286	Tumor	Initial CNS Tumor	Solid Tissue	NA	Tumor of cranial and paraspinal nerves	Neurofibroma/Plexiform	NA	NA	Neurofibroma/Plexiform	plexiform neurofibroma	Other locations NOS	Other	Partial resection	stranded	4138	White	Not Hispanic or Latino	Male	NA	Neurofibromatosis, Type 1 (NF-1)	Neurofibroma plexiform	#e6ac39	Yes	NA	3501	Not Applicable	3501	LIVING	NO EVENT
BS_0RQ4P069	PT_C2D4JXS1	PBTA	CBTN	C337143	PT_C2D4JXS1_7316-1746_Derived Cell Line_Initial CNS Tumor_Serum-based_4	7316-1746	Tumor	Initial CNS Tumor	Derived Cell Line	Serum-based	Diffuse astrocytic and oligodendroglial tumor	High-grade glioma	HGG, H3 wildtype, TP53	NA	High-grade glioma/astrocytoma (WHO grade III/IV)	high grade glioma	Cerebellum/Posterior Fossa	Posterior fossa	Partial resection	stranded	2307	Reported Unknown	Hispanic or Latino	Female	Female	None documented	Other high-grade glioma	#ffccf5	No	AMR	23	Progressive	132	DECEASED	EVENT
BS_0SCXXM6N	PT_SMDEQVHJ	PBTA	CBTN	C29151	PT_SMDEQVHJ_7316-119_Solid Tissue_Initial CNS Tumor	7316-119	Tumor	Initial CNS Tumor	Solid Tissue	NA	Low-grade astrocytic tumor	Low-grade glioma	LGG, KIAA1549-BRAF	LGG, BRAF/MAPK	Low-grade glioma/astrocytoma (WHO grade I/II)	grade ii astrocytoma	Cerebellum/Posterior Fossa	Posterior fossa	Gross/Near total resection	stranded	649	White	Not Hispanic or Latino	Male	Male	None documented	Low-grade glioma	#8f8fbf	Yes	EUR	1156	Not Applicable	1156	LIVING	NO EVENT
BS_0SPCTBZY	PT_PKHG2YFW	PBTA	CBTN	C871455	PT_PKHG2YFW_7316-3306_Solid Tissue_Initial CNS Tumor	7316-3306	Tumor	Initial CNS Tumor	Solid Tissue	NA	Histiocytic tumor	Langerhans Cell histiocytosis	NA	NA	Langerhans Cell histiocytosis	langerhans cell histiocytosis	Other locations NOS	Other	Gross/Near total resection	stranded	5305	Asian	Not Hispanic or Latino	Female	Female	None documented	Other tumor	#b5b5b5	Yes	EAS	1644	Not Applicable	1644	LIVING	NO EVENT
BS_0T17SY47	PT_BQ8BQ01J	PBTA	CBTN	C39483	PT_BQ8BQ01J_7316-183_Solid Tissue_Initial CNS Tumor	7316-183	Tumor	Initial CNS Tumor	Solid Tissue	NA	Low-grade astrocytic tumor	Low-grade glioma	LGG, IDH	NA	Low-grade glioma/astrocytoma (WHO grade I/II)	gliomatosis cerebri, type 1, ia	Frontal Lobe	Hemispheric	Gross/Near total resection	stranded	8422	White	Not Hispanic or Latino	Male	Male	None documented	Low-grade glioma	#8f8fbf	Yes	EUR	315	Not Applicable	315	LIVING	NO EVENT
BS_0TDWG2CV	PT_K2PD4VT2	PBTA	PBTA-X01-FY22	C3755682	PT_K2PD4VT2_7316-9035_Solid Tissue_Initial CNS Tumor	7316-9035	Tumor	Initial CNS Tumor	Solid Tissue	NA	Neuronal and mixed neuronal-glial tumor	Glial-neuronal tumor NOS	GNT, other MAPK	GNT, MAPK	Glial-neuronal tumor NOS	low grade glial with gnai1- braf and braf intragenic fusion	Frontal Lobe	Hemispheric	Gross/Near total resection	poly-A stranded	6329	White	Not Hispanic or Latino	Male	Male	None documented	Mixed neuronal-glial tumor	#685815	Yes	EUR	Not Reported	Not Applicable	Not Reported	LIVING	NO EVENT
BS_0VRSD9V3	PT_3WA7SBQ6	PBTA	CBTN	C653376	PT_3WA7SBQ6_7316-2248_Solid Tissue_Initial CNS Tumor	7316-2248	Tumor	Initial CNS Tumor	Solid Tissue	NA	Choroid plexus tumor	Choroid plexus tumor	NA	NA	Choroid plexus carcinoma	choroid plexus carcinoma, who grade 3	Parietal Lobe	Hemispheric	Partial resection	stranded	698	White	Not Hispanic or Latino	Female	Female	None documented	Choroid plexus tumor	#00441B	Yes	EUR	448	Recurrence	1339	DECEASED	EVENT
BS_0VXZCRJS	PT_40HTPY49	PBTA	HOPE	C99753	PT_40HTPY49_7316-466_Solid Tissue_Initial CNS Tumor	7316-466	Tumor	Initial CNS Tumor	Solid Tissue	NA	Diffuse astrocytic and oligodendroglial tumor	Diffuse midline glioma	DMG, H3 K28	DMG, H3 K28	High-grade glioma/astrocytoma (WHO grade III/IV)	anaplastic astrocytoma who grade iii	Thalamus	Midline	Partial resection	poly-A stranded	2606	Native Hawaiian or Other Pacific Islander	Hispanic or Latino	Male	Male	None documented	DIPG or DMG	#ff40d9	Yes	AMR	889	Progressive	1569	DECEASED	EVENT
BS_0WQJP6ZG	PT_Y6Y9JJ9P	PBTA	CBTN	C657435	PT_Y6Y9JJ9P_7316-425_Solid Tissue_Progressive	7316-425	Tumor	Progressive	Solid Tissue	NA	Ependymal tumor	Ependymoma	EPN, ST ZFTA	EPN, ST ZFTA	Ependymoma	anaplastic ependymoma who iii	Frontal Lobe	Hemispheric	Gross/Near total resection	stranded	2271	Asian	Not Available	Female	NA	None documented	Ependymoma	#2200ff	No	NA	385	Recurrence	882	DECEASED	EVENT
BS_0WVJYM9R	PT_MNR94DEV	PBTA	CBTN	C77367	PT_MNR94DEV_7316-370_Solid Tissue_Initial CNS Tumor	7316-370	Tumor	Initial CNS Tumor	Solid Tissue	NA	Low-grade astrocytic tumor	Low-grade glioma	LGG, KIAA1549-BRAF	NA	Low-grade glioma/astrocytoma (WHO grade I/II)	astrocytoma, pilocytic	Cerebellum/Posterior Fossa	Posterior fossa	Gross/Near total resection	stranded	3870	White	Not Hispanic or Latino	Male	Male	None documented	Low-grade glioma	#8f8fbf	Yes	EUR	772	Not Applicable	772	LIVING	NO EVENT
BS_0WZKC4JH	PT_K18Z7QK3	PBTA	PBTA-X01-FY22	C2685213	PT_K18Z7QK3_7316-6989_Solid Tissue_Recurrence	7316-6989	Tumor	Recurrence	Solid Tissue	NA	Low-grade astrocytic tumor	Low-grade glioma	LGG, wildtype	NA	Low-grade glioma/astrocytoma (WHO grade I/II)	recurrent/residual pilocytic astrocytoma, who grade i	Frontal Lobe	Hemispheric	Gross/Near total resection	poly-A stranded	212	White	Not Hispanic or Latino	Male	Male	None documented	Low-grade glioma	#8f8fbf	No	EUR	2056	Recurrence	5030	LIVING	EVENT
BS_0X9EGHY2	PT_3KK1F95W	PBTA	CBTN	C311190	PT_3KK1F95W_7316-1744_Solid Tissue_Initial CNS Tumor	7316-1744	Tumor	Initial CNS Tumor	Solid Tissue	NA	Low-grade astrocytic tumor	Low-grade glioma	LGG, other MAPK	NA	Low-grade glioma/astrocytoma (WHO grade I/II)	low grade glioma	Temporal Lobe	Hemispheric	Gross/Near total resection	stranded	4633	White	Not Hispanic or Latino	Female	Female	None documented	Low-grade glioma	#8f8fbf	Yes	EUR	1791	Not Applicable	1791	LIVING	NO EVENT
BS_0XEBS3PG	PT_K0C8VSD9	PBTA	PBTA-X01-FY22	C843657	PT_K0C8VSD9_7316-3298_Solid Tissue_Initial CNS Tumor	7316-3298	Tumor	Initial CNS Tumor	Solid Tissue	NA	Pre-cancerous lesion	NA	NA	NA	Dysplasia/Gliosis	cortical dysplasia	Occipital Lobe	Hemispheric	Gross/Near total resection	poly-A stranded	490	Black or African American	Not Hispanic or Latino	Male	Male	None documented	Non-neoplastic tumor	#FFF5EB	Yes	AFR	895	Deceased-due to other causes	895	DECEASED	NO EVENT
BS_0XEG6SNV	PT_82A9SDRN	PBTA	CBTN	C625824	PT_82A9SDRN_7316-2313_Solid Tissue_Initial CNS Tumor	7316-2313	Tumor	Initial CNS Tumor	Solid Tissue	NA	Ependymal tumor	Ependymoma	EPN, ST ZFTA	EPN, ST ZFTA	Ependymoma	ependymoma who grade 3	Parietal Lobe;Ventricles	Mixed	Partial resection	stranded	4215	Reported Unknown	Hispanic or Latino	Female	Female	None documented	Ependymoma	#2200ff	Yes	AMR	270	Recurrence	2225	LIVING	EVENT
BS_0XHT9W4Q	PT_DB281Z4K	PBTA	HOPE	C329763	PT_DB281Z4K_7316UP-310_Solid Tissue_Primary Tumor	7316UP-310	Tumor	Primary Tumor	Solid Tissue	NA	Diffuse astrocytic and oligodendroglial tumor	High-grade glioma	HGG, H3 wildtype	NA	Glioblastoma	NA	Cerebrum	Hemispheric	NA	stranded	8756	White	Not Hispanic or Latino	Female	Female	Not Reported	Other high-grade glioma	#ffccf5	Yes	EUR	NA	NA	NA	NA	NO EVENT
BS_0Y1BP5A4	PT_XMYN334C	PBTA	Oligo	C2622114	PT_XMYN334C_7316UP-3705_Solid Tissue_Primary Tumor	7316UP-3705	Tumor	Primary Tumor	Solid Tissue	NA	Diffuse astrocytic and oligodendroglial tumor	Oligodendroglioma	NA	NA	Oligodendroglioma	NA	Cerebrum	Hemispheric	NA	stranded	13510	Black or African American	Not Hispanic or Latino	Female	Female	None documented	Oligodendroglioma	tan	Yes	AFR	NA	NA	NA	NA	NO EVENT
BS_0Y5J2AQ4	PT_SRZ6S76Y	PBTA	PBTA-X01-FY22	C3301689	PT_SRZ6S76Y_7316-7529_Solid Tissue_Initial CNS Tumor	7316-7529	Tumor	Initial CNS Tumor	Solid Tissue	NA	Low-grade astrocytic tumor	Low-grade glioma	LGG, KIAA1549-BRAF	NA	Low-grade glioma/astrocytoma (WHO grade I/II)	low grade glioma with kiaa1549-braf fusion and 1p/19q co-deletion	Brain Stem-Medulla;Brain Stem- Pons;Spinal Cord- Cervical;Spinal Cord- Thoracic	Mixed	Partial resection	poly-A stranded	1512	Reported Unknown	Hispanic or Latino	Male	Male	None documented	Low-grade glioma	#8f8fbf	Yes	AMR	1599	Progressive	1599	LIVING	EVENT
BS_0Y66ZBWE	PT_V2F0865M	PBTA	CBTN	C250428	PT_V2F0865M_7316-642_Solid Tissue_Initial CNS Tumor	7316-642	Tumor	Initial CNS Tumor	Solid Tissue	NA	Low-grade astrocytic tumor	Low-grade glioma	LGG, NF1-somatic, FGFR	NA	Low-grade glioma/astrocytoma (WHO grade I/II)	low grade glioma	Cerebellum/Posterior Fossa	Posterior fossa	Partial resection	stranded	2196	White	Not Hispanic or Latino	Male	Male	None documented	Low-grade glioma	#8f8fbf	Yes	EUR	2084	Not Applicable	2084	LIVING	NO EVENT
BS_0Z1XRQ8F	PT_Z4BF2NSB	PBTA	PBTA-X01-FY22	C34809	PT_Z4BF2NSB_7316-5335_Derived Cell Line_Recurrence_Serum-free-2_7	7316-5335	Tumor	Recurrence	Derived Cell Line	Serum-free-2	Diffuse astrocytic and oligodendroglial tumor	High-grade glioma	HGG, H3 wildtype, TP53	NA	High-grade glioma/astrocytoma (WHO grade III/IV)	glioblastome multiforme who iv	Temporal Lobe	Hemispheric	Gross/Near total resection	poly-A stranded	5908	Reported Unknown	Hispanic or Latino	Male	Male	None documented	Other high-grade glioma	#ffccf5	No	AMR	2369	Recurrence	2561	DECEASED	EVENT
BS_0ZA67BBC	PT_VPEMAQBN	PBTA	PNOC	C3078444	PT_VPEMAQBN_A12748_Solid Tissue_Initial CNS Tumor	A12748	Tumor	Initial CNS Tumor	Solid Tissue	NA	Diffuse astrocytic and oligodendroglial tumor	Diffuse midline glioma	DMG, H3 K28, TP53	NA	Brainstem glioma- Diffuse intrinsic pontine glioma	Anaplastic Astrocytoma	Pons/Brainstem	Midline	NA	poly-A	1709	Reported Unknown	Not Available	Female	Female	None documented	DIPG or DMG	#ff40d9	Yes	EUR	NA	NA	552	DECEASED	NO EVENT
BS_1021ZGQT	PT_HJMP6PH2	PBTA	CBTN	C42804	PT_HJMP6PH2_7316-3775_Solid Tissue_Recurrence	7316-3775	Tumor	Recurrence	Solid Tissue	NA	Mesenchymal non-meningothelial tumor	Ewing sarcoma	EWS	NA	Ewings Sarcoma	ewing's sarcoma	Cerebellum/Posterior Fossa	Posterior fossa	Gross/Near total resection	stranded	880	White	Not Hispanic or Latino	Male	Male	None documented	Mesenchymal tumor	#7fbf00	No	EUR	1710	Recurrence	1997	DECEASED	EVENT
BS_10APZRVT	PT_3D74J8RZ	PBTA	CBTN	C127305	PT_3D74J8RZ_7316-877_Solid Tissue_Progressive	7316-877	Tumor	Progressive	Solid Tissue	NA	Meningioma	Meningioma	NA	NA	Meningioma	meningioma	Frontal Lobe	Hemispheric	Partial resection	stranded	5431	White	Not Hispanic or Latino	Male	Male	Neurofibromatosis, Type 2 (NF-2)	Meningioma	#2db398	No	EUR	236	Progressive	6726	DECEASED	EVENT
BS_10Z9BMZ7	PT_9MT2G8NE	PBTA	PBTA-X01-FY22	C2774019	PT_9MT2G8NE_7316-6781_Solid Tissue_Initial CNS Tumor	7316-6781	Tumor	Initial CNS Tumor	Solid Tissue	NA	Embryonal tumor	Medulloblastoma	MB, Group3	MB, Group3	Medulloblastoma	medulloblastoma non-cnt/non-shh by ihc and genetic, classic variant, who grade iv	Cerebellum/Posterior Fossa;Ventricles	Mixed	Gross/Near total resection	poly-A stranded	1853	Reported Unknown	Hispanic or Latino	Male	Male	None documented	Medulloblastoma	#a340ff	Yes	AMR	458	Recurrence - Metastatic	794	DECEASED	EVENT
BS_11WY983P	PT_7A1PYTP9	PBTA	CBTN	C54366	PT_7A1PYTP9_7316-294_Solid Tissue_Second Malignancy	7316-294	Tumor	Second Malignancy	Solid Tissue	NA	Mesenchymal non-meningothelial tumor	Sarcoma	NA	NA	Sarcoma	sarcoma	Meninges/Dura	Other	Gross/Near total resection	stranded	8552	White	Not Available	Male	NA	None documented	Mesenchymal tumor	#7fbf00	No	NA	6148	Recurrence - Metastatic	6483	DECEASED	EVENT
BS_123NZXAQ	PT_JMYBRWQ9	PBTA	PBTA-X01-FY22	C3572781	PT_JMYBRWQ9_7316-6812_Solid Tissue_Initial CNS Tumor	7316-6812	Tumor	Initial CNS Tumor	Solid Tissue	NA	Choroid plexus tumor	Choroid plexus tumor	NA	NA	Choroid plexus carcinoma	chorioid plexus carcinoma (who iii)	Parietal Lobe	Hemispheric	Partial resection	poly-A stranded	428	Reported Unknown	Not Available	Female	Female	None documented	Choroid plexus tumor	#00441B	Yes	AMR	Not Reported	Not Applicable	Not Reported	LIVING	NO EVENT
BS_12G04QJM	PT_YTZJ8K0X	PBTA	PBTA-X01-FY22	C3224691	PT_YTZJ8K0X_7316-6381_Solid Tissue_Second Malignancy	7316-6381	Tumor	Second Malignancy	Solid Tissue	NA	Diffuse astrocytic and oligodendroglial tumor	High-grade glioma	HGG, H3 wildtype, TP53	HGG, H3 wildtype	High-grade glioma/astrocytoma (WHO grade III/IV)	glioblastoma, idh1 r132h-wild type, who grade iv	Cerebellum/Posterior Fossa	Posterior fossa	Gross/Near total resection	poly-A stranded	5774	Native Hawaiian or Other Pacific Islander	Not Hispanic or Latino	Male	Male	None documented	Other high-grade glioma	#ffccf5	No	AMR	2195	Second Malignancy	3076	LIVING	EVENT
BS_13AFE9QC	PT_WHK1MYQG	PBTA	PBTA-X01-FY22	C3778683	PT_WHK1MYQG_7316-7759_Solid Tissue_Recurrence	7316-7759	Tumor	Recurrence	Solid Tissue	NA	Mesenchymal non-meningothelial tumor	Sarcoma	NA	NA	Sarcoma	residual/recurrent cic-nutm1 sarcoma	Frontal Lobe	Hemispheric	Gross/Near total resection	poly-A stranded	1974	White	Hispanic or Latino	Male	Male	None documented	Mesenchymal tumor	#7fbf00	No	AMR	426	Recurrence	426	LIVING	EVENT
BS_13CGKADW	PT_WGWMA5AZ	PBTA	CBTN	C36900	PT_WGWMA5AZ_7316-148_Solid Tissue_Recurrence	7316-148	Tumor	Recurrence	Solid Tissue	NA	Low-grade astrocytic tumor	Low-grade glioma	LGG, KIAA1549-BRAF	NA	Low-grade glioma/astrocytoma (WHO grade I/II)	pilocytic astrocytoma	Cerebellum/Posterior Fossa	Posterior fossa	Gross/Near total resection	stranded	1853	White	Not Hispanic or Latino	Male	Male	None documented	Low-grade glioma	#8f8fbf	No	EUR	4131	Recurrence	7399	LIVING	EVENT
BS_15ETQ0E4	PT_CW0BJE0Y	PBTA	CBTN	C18819	PT_CW0BJE0Y_7316-41_Solid Tissue_Initial CNS Tumor	7316-41	Tumor	Initial CNS Tumor	Solid Tissue	NA	Embryonal tumor	Atypical Teratoid Rhabdoid Tumor	ATRT, MYC	ATRT, MYC	Atypical Teratoid Rhabdoid Tumor (ATRT)	atypical teratoid rhabdoid tumor	Cerebellum/Posterior Fossa	Posterior fossa	Biopsy only	stranded	883	Reported Unknown	Not Available	Male	Male	None documented	Atypical Teratoid Rhabdoid Tumor	#4d0d85	Yes	AMR	104	Progressive - Metastatic	117	DECEASED	EVENT
BS_1607397Q	PT_7VSY72EK	PBTA	CBTN	C574164	PT_7VSY72EK_7316-1855_Solid Tissue_Initial CNS Tumor	7316-1855	Tumor	Initial CNS Tumor	Solid Tissue	NA	Lymphoma	CNS Burkitt's lymphoma	NA	NA	Primary CNS lymphoma	burkitt's lymphoma	Skull;Temporal Lobe	Mixed	Unavailable	stranded	2929	White	Not Hispanic or Latino	Male	Male	None documented	Other tumor	#b5b5b5	Yes	EUR	5074	Not Applicable	5074	LIVING	NO EVENT
BS_166N7SZQ	PT_GNW76F1X	PBTA	PBTA-X01-FY22	C3840798	PT_GNW76F1X_7316-8913_Solid Tissue_Initial CNS Tumor	7316-8913	Tumor	Initial CNS Tumor	Solid Tissue	NA	Low-grade astrocytic tumor	Low-grade glioma	LGG, KIAA1549-BRAF	NA	Low-grade glioma/astrocytoma (WHO grade I/II)	pilocytic astrocytoma, who grade 1	Cerebellum/Posterior Fossa	Posterior fossa	Gross/Near total resection	poly-A stranded	1918	White	Not Hispanic or Latino	Female	Female	None documented	Low-grade glioma	#8f8fbf	Yes	EUR	Not Reported	Not Applicable	Not Reported	LIVING	NO EVENT
BS_1719EQ53	PT_062ZW10V	PBTA	PBTA-X01-FY22	C2344749	PT_062ZW10V_7316-5423_Solid Tissue_Deceased	7316-5423	Tumor	Deceased	Solid Tissue	NA	Neuronal and mixed neuronal-glial tumor	Glial-neuronal tumor NOS	GNT, FGFR	NA	Glial-neuronal tumor NOS	metastatic glioneuronal tumor	Cerebellum/Posterior Fossa;Cranial Nerves NOS;Spinal Cord- Lumbar/Thecal Sac;Spinal Cord- Thoracic;Spine NOS	Mixed	NA	poly-A stranded	7123	White	Not Hispanic or Latino	Male	Male	None documented	Mixed neuronal-glial tumor	#685815	No	EUR	878	Recurrence - Metastatic	1175	DECEASED	EVENT
BS_17WYVEEC	PT_FKWCVXNC	PBTA	CBTN	C68634	PT_FKWCVXNC_7316-332_Solid Tissue_Initial CNS Tumor	7316-332	Tumor	Initial CNS Tumor	Solid Tissue	NA	Low-grade astrocytic tumor	Low-grade glioma	LGG, KIAA1549-BRAF	NA	Low-grade glioma/astrocytoma (WHO grade I/II)	pilocytic astrocytoma	Cerebellum/Posterior Fossa	Posterior fossa	Gross/Near total resection	stranded	1178	White	Not Hispanic or Latino	Female	Female	None documented	Low-grade glioma	#8f8fbf	Yes	EUR	1523	Not Applicable	1523	LIVING	NO EVENT
BS_18M3RHYN	PT_CPYZVCN8	PBTA	PBTA-X01-FY22	C3409806	PT_CPYZVCN8_7316-7922_Solid Tissue_Initial CNS Tumor	7316-7922	Tumor	Initial CNS Tumor	Solid Tissue	NA	Ependymal tumor	Ependymoma	EPN, PF A	EPN, PF A	Ependymoma	anaplastic ependymoma with balanced diploid genomic profile and loss of h3k27me3 staining (pf-epn-a)	Cerebellum/Posterior Fossa;Ventricles	Mixed	Gross/Near total resection	poly-A stranded	446	Black or African American	Hispanic or Latino	Male	Male	None documented	Ependymoma	#2200ff	Yes	AFR	1107	Not Applicable	1107	LIVING	NO EVENT
BS_196BBNEJ	PT_BNARR0N6	PBTA	CBTN	C596919	PT_BNARR0N6_7316-1954_Solid Tissue_Initial CNS Tumor	7316-1954	Tumor	Initial CNS Tumor	Solid Tissue	NA	Ependymal tumor	Ependymoma	EPN, PF A	EPN, PF A	Ependymoma	anaplastic ependymoma (who iii)	Cerebellum/Posterior Fossa	Posterior fossa	Partial resection	stranded	376	White	Not Hispanic or Latino	Male	Male	None documented	Ependymoma	#2200ff	Yes	EUR	Not Reported	Progressive	Not Reported	NA	EVENT
BS_19Z0ERYF	PT_M39RC0Y1	PBTA	PBTA-X01-FY22	C2405388	PT_M39RC0Y1_7316-4523_Solid Tissue_Initial CNS Tumor	7316-4523	Tumor	Initial CNS Tumor	Solid Tissue	NA	Embryonal tumor	Medulloblastoma	MB, SHH	MB, SHH	Medulloblastoma	medulloblastoma (shh) who grade iv	Cerebellum/Posterior Fossa	Posterior fossa	Partial resection	poly-A stranded	251	Asian	Not Hispanic or Latino	Male	Male	None documented	Medulloblastoma	#a340ff	Yes	SAS	67	Deceased-due to disease	67	DECEASED	EVENT
BS_1A521KDP	PT_P571HTNK	PBTA	PBTA-X01-FY22	C3684465	PT_P571HTNK_7316-8851_Derived Cell Line_Initial CNS Tumor_Serum-free_9	7316-8851	Tumor	Initial CNS Tumor	Derived Cell Line	Serum-free	Diffuse astrocytic and oligodendroglial tumor	Diffuse midline glioma	DMG, H3 K28	NA	Brainstem glioma- Diffuse intrinsic pontine glioma	diffuse midline glioma h3 k27m-mutant, corresponds to grade 4	Brain Stem- Pons	Midline	Partial resection	poly-A stranded	2251	White	Not Hispanic or Latino	Female	Female	None documented	DIPG or DMG	#ff40d9	No	AMR	190	Progressive - Metastatic	190	LIVING	EVENT
BS_1A6MQ9ZA	PT_JSFBMK5V	PBTA	HOPE	C88806	PT_JSFBMK5V_7316-1769_Solid Tissue_Progressive	7316-1769	Tumor	Progressive	Solid Tissue	NA	Diffuse astrocytic and oligodendroglial tumor	Diffuse midline glioma	DMG, H3 K28	DMG, H3 K28	High-grade glioma/astrocytoma (WHO grade III/IV)	recurrent/residual glioblastoma (gbm) who grade iv	Frontal Lobe;Suprasellar/Hypothalamic/Pituitary;Thalamus;Ventricles	Midline	Partial resection	stranded	5653	White	Not Hispanic or Latino	Male	Male	None documented	DIPG or DMG	#ff40d9	No	EUR	581	Progressive - Metastatic	638	DECEASED	EVENT
BS_1AYRM596	PT_BPKVVWVB	PBTA	CBTN	C665061	PT_BPKVVWVB_7316-2250_Solid Tissue_Initial CNS Tumor	7316-2250	Tumor	Initial CNS Tumor	Solid Tissue	NA	Embryonal tumor	Medulloblastoma	MB, Group4	NA	Medulloblastoma	medulloblastoma, who grade 4	Cerebellum/Posterior Fossa;Ventricles	Mixed	Gross/Near total resection	stranded	3266	White	Not Hispanic or Latino	Male	Male	None documented	Medulloblastoma	#a340ff	Yes	AMR	567	Not Applicable	567	LIVING	NO EVENT
BS_1BHA8RJ6	PT_3WA7SBQ6	PBTA	PBTA-X01-FY22	C653376	PT_3WA7SBQ6_7316-6122_Solid Tissue_Recurrence	7316-6122	Tumor	Recurrence	Solid Tissue	NA	Choroid plexus tumor	Choroid plexus tumor	NA	NA	Choroid plexus carcinoma	recurrent choroid plexus carcinoma	Occipital Lobe;Parietal Lobe	Hemispheric	Partial resection	poly-A stranded	698	White	Not Hispanic or Latino	Female	Female	None documented	Choroid plexus tumor	#00441B	No	EUR	448	Recurrence	1339	DECEASED	EVENT
BS_1BJNPHMD	PT_D5KKHPAE	PBTA	HOPE	C1061121	PT_D5KKHPAE_7316-4337_Solid Tissue_Initial CNS Tumor	7316-4337	Tumor	Initial CNS Tumor	Solid Tissue	NA	Diffuse astrocytic and oligodendroglial tumor	Pleomorphic xanthoastrocytoma	HGG, PXA	NA	High-grade glioma/astrocytoma (WHO grade III/IV)	anaplastic pleomorphic xanthoastrocytoma with braf p.val600glu mutation, who grade iii	Frontal Lobe;Parietal Lobe	Hemispheric	Gross/Near total resection	stranded	6233	White	Not Hispanic or Latino	Female	Female	Other inherited conditions NOS	Other high-grade glioma	#ffccf5	Yes	EUR	147	Recurrence	496	DECEASED	EVENT
BS_1BWP5MCT	PT_23NZGSRJ	PBTA	CBTN	C698517	PT_23NZGSRJ_7316-2659_Solid Tissue_Initial CNS Tumor	7316-2659	Tumor	Initial CNS Tumor	Solid Tissue	NA	Embryonal tumor	Medulloblastoma	MB, Group3	MB, Group3	Medulloblastoma	medulloblastoma, who grade iv	Cerebellum/Posterior Fossa;Meninges/Dura;Spinal Cord- Thoracic	Mixed	Partial resection	stranded	1484	White	Not Hispanic or Latino	Female	Female	None documented	Medulloblastoma	#a340ff	Yes	EUR	384	Progressive - Metastatic	599	DECEASED	EVENT
BS_1D6PZNKN	PT_7DTGJYA7	PBTA	CBTN	C226320	PT_7DTGJYA7_7316-1695_Solid Tissue_Deceased	7316-1695	Tumor	Deceased	Solid Tissue	NA	Diffuse astrocytic and oligodendroglial tumor	Diffuse midline glioma	DMG, H3 K28	DMG, H3 K28	Brainstem glioma- Diffuse intrinsic pontine glioma	gbm (grade iv) + dipg	Brain Stem-Medulla;Brain Stem- Pons;Cerebellum/Posterior Fossa	Mixed	NA	stranded	1070	White	Not Hispanic or Latino	Female	NA	None documented	DIPG or DMG	#ff40d9	No	NA	1004	Deceased-due to disease	1004	DECEASED	EVENT
BS_1D93Z575	PT_BC0B16HC	PBTA	PBTA-X01-FY22	C2832690	PT_BC0B16HC_7316-7075_Solid Tissue_Initial CNS Tumor	7316-7075	Tumor	Initial CNS Tumor	Solid Tissue	NA	Diffuse astrocytic and oligodendroglial tumor	Diffuse midline glioma	DMG, H3 K28	DMG, H3 K28	High-grade glioma/astrocytoma (WHO grade III/IV)	diffuse midline glioma h3 k27m-mutant, correspond to grade iv	Pineal Gland;Thalamus;Ventricles	Mixed	Gross/Near total resection	poly-A stranded	3415	White	Not Hispanic or Latino	Female	Female	None documented	DIPG or DMG	#ff40d9	Yes	EUR	117	Progressive - Metastatic	174	DECEASED	EVENT
BS_1DECYC4K	PT_2HWA1TA9	PBTA	PBTA-X01-FY22	C3530469	PT_2HWA1TA9_7316-8126_Solid Tissue_Initial CNS Tumor	7316-8126	Tumor	Initial CNS Tumor	Solid Tissue	NA	Low-grade astrocytic tumor	Low-grade glioma	LGG, KIAA1549-BRAF	NA	Low-grade glioma/astrocytoma (WHO grade I/II)	pilocytic astrocytoma with kiaa1549-braf fusion	Cerebellum/Posterior Fossa	Posterior fossa	Biopsy only	poly-A stranded	343	Reported Unknown	Hispanic or Latino	Male	Male	None documented	Low-grade glioma	#8f8fbf	Yes	AMR	1022	Progressive	1210	LIVING	EVENT
BS_1DMAMKFZ	PT_RM8V31DA	PBTA	PBTA-X01-FY22	C2407602	PT_RM8V31DA_7316-5539_Solid Tissue_Initial CNS Tumor	7316-5539	Tumor	Initial CNS Tumor	Solid Tissue	NA	Embryonal tumor	Medulloblastoma	MB, SHH	NA	Medulloblastoma	desmoplastic medulloblastoma who grade iv	Cerebellum/Posterior Fossa	Posterior fossa	Gross/Near total resection	poly-A stranded	3386	Reported Unknown	Not Hispanic or Latino	Male	Male	None documented	Medulloblastoma	#a340ff	Yes	AMR	385	Not Applicable	385	LIVING	NO EVENT
BS_1E684SD5	PT_P571HTNK	PBTA	PBTA-X01-FY22	C3684465	PT_P571HTNK_7316-9433_Derived Cell Line_Progressive_Serum-free_7	7316-9433	Tumor	Progressive	Derived Cell Line	Serum-free	Diffuse astrocytic and oligodendroglial tumor	Diffuse midline glioma	DMG, H3 K28	NA	Brainstem glioma- Diffuse intrinsic pontine glioma	metastatic diffuse midline glioma, h3 k27-altered, involving fibrous tissue and skeletal muscle, see note	Brain Stem- Pons;Other locations NOS	Mixed	Unavailable	poly-A stranded	2251	White	Not Hispanic or Latino	Female	Female	None documented	DIPG or DMG	#ff40d9	No	AMR	190	Progressive - Metastatic	190	LIVING	EVENT
BS_1EBQ3T20	PT_4347ZBEX	PBTA	HOPE	C216603	PT_4347ZBEX_7316-913_Solid Tissue_Progressive	7316-913	Tumor	Progressive	Solid Tissue	NA	Diffuse astrocytic and oligodendroglial tumor	High-grade glioma	HGG, H3 wildtype	HGG, H3 wildtype	High-grade glioma/astrocytoma (WHO grade III/IV)	glioblastoma (hgg)	Parietal Lobe;Temporal Lobe	Hemispheric	Gross/Near total resection	stranded	7884	White	Not Hispanic or Latino	Female	Female	None documented	Other high-grade glioma	#ffccf5	No	EUR	5508	Progressive	7024	DECEASED	EVENT
BS_1EN5V3XW	PT_RDJ40M73	PBTA	CBTN	C621519	PT_RDJ40M73_7316-2561_Solid Tissue_Recurrence	7316-2561	Tumor	Recurrence	Solid Tissue	NA	Diffuse astrocytic and oligodendroglial tumor	Diffuse hemispheric glioma	DHG, H3 G35	NA	High-grade glioma/astrocytoma (WHO grade III/IV)	gbm (glioblastoma multiforme)	Brain Stem- Midbrain/Tectum;Occipital Lobe;Parietal Lobe;Spinal Cord- Thoracic;Temporal Lobe;Ventricles	Mixed	Partial resection	stranded	6100	White	Not Hispanic or Latino	Female	Female	None documented	Other high-grade glioma	#ffccf5	No	EUR	346	Recurrence - Metastatic	728	DECEASED	EVENT
BS_1G3WYEN3	PT_TXFYRDP4	PBTA	CBTN	C41451	PT_TXFYRDP4_7316-193_Solid Tissue_Initial CNS Tumor	7316-193	Tumor	Initial CNS Tumor	Solid Tissue	NA	Low-grade astrocytic tumor	Low-grade glioma	LGG, BRAF V600E	NA	Low-grade glioma/astrocytoma (WHO grade I/II)	diffuse fibrillary astrocytoma	Temporal Lobe	Hemispheric	Gross/Near total resection	stranded	1232	White	Not Hispanic or Latino	Male	Male	None documented	Low-grade glioma	#8f8fbf	Yes	EUR	1512	Not Applicable	1512	LIVING	NO EVENT
BS_1H716C7D	PT_MGJJBG0T	PBTA	PBTA-X01-FY22	C2802309	PT_MGJJBG0T_7316-7667_Solid Tissue_Deceased	7316-7667	Tumor	Deceased	Solid Tissue	NA	Neuronal and mixed neuronal-glial tumor	Glial-neuronal tumor NOS	GNT, RTK, CDKN2A/B	NA	Glial-neuronal tumor NOS	malignant glial neuronal tumor	Frontal Lobe	Hemispheric	NA	poly-A stranded	1566	White	Not Hispanic or Latino	Female	Female	None documented	Mixed neuronal-glial tumor	#685815	No	EUR	4759	Recurrence	5425	DECEASED	EVENT
BS_1HFK0SXV	PT_2GPH62JS	PBTA	CBTN	C387450	PT_2GPH62JS_7316-1775_Solid Tissue_Initial CNS Tumor	7316-1775	Tumor	Initial CNS Tumor	Solid Tissue	NA	Tumors of sellar region	Adamantinomatous Craniopharyngioma	CRANIO, ADAM	CRANIO, ADAM	Craniopharyngioma	craniopharyngioma	Suprasellar/Hypothalamic/Pituitary	Suprasellar	Gross/Near total resection	stranded	4994	White	Hispanic or Latino	Male	Male	None documented	Craniopharyngioma	#b2502d	Yes	EUR	577	Recurrence	2323	LIVING	EVENT
BS_1HHS9AFK	PT_4ZWS0R9N	PBTA	Oligo	C3532191	PT_4ZWS0R9N_16510-8_Solid Tissue_Recurrence	16510-8	Tumor	Recurrence	Solid Tissue	NA	Diffuse astrocytic and oligodendroglial tumor	Oligodendroglioma	NA	NA	Oligodendroglioma	NA	Parietal Lobe	Hemispheric	NA	stranded	13149	NA	NA	NA	Male	None documented	Oligodendroglioma	tan	No	EUR	NA	NA	NA	NA	NO EVENT
BS_1HQ76V6D	PT_WE1CHTWK	PBTA	CBTN	C26199	PT_WE1CHTWK_7316-87_Solid Tissue_Initial CNS Tumor	7316-87	Tumor	Initial CNS Tumor	Solid Tissue	NA	Embryonal tumor	CNS Embryonal tumor	CNS Embryonal, NOS	NA	Supratentorial or Spinal Cord PNET	supratentorial pnet	Frontal Lobe	Hemispheric	Gross/Near total resection	stranded	523	White	Not Hispanic or Latino	Male	Male	None documented	Other CNS embryonal tumor	#b08ccf	Yes	EUR	685	Not Applicable	685	LIVING	NO EVENT
BS_1HYS8CSC	PT_XBSCF601	PBTA	PBTA-X01-FY22	C3513003	PT_XBSCF601_7316-7961_Solid Tissue_Initial CNS Tumor	7316-7961	Tumor	Initial CNS Tumor	Solid Tissue	NA	Low-grade astrocytic tumor	Low-grade glioma	LGG, KIAA1549-BRAF	NA	Low-grade glioma/astrocytoma (WHO grade I/II)	pilocytic astrocytoma who grade i	Cerebellum/Posterior Fossa	Posterior fossa	Gross/Near total resection	poly-A stranded	5501	White	Not Hispanic or Latino	Male	Male	None documented	Low-grade glioma	#8f8fbf	Yes	EUR	699	Not Applicable	699	LIVING	NO EVENT
BS_1J2WQ08M	PT_MKDQZ17N	PBTA	CBTN	C837507	PT_MKDQZ17N_7316-3300_Solid Tissue_Initial CNS Tumor	7316-3300	Tumor	Initial CNS Tumor	Solid Tissue	NA	Ependymal tumor	Ependymoma	EPN, ST YAP1	NA	Ependymoma	ependymoma	Cerebellum/Posterior Fossa	Posterior fossa	Biopsy only	stranded	54	Reported Unknown	Hispanic or Latino	Female	NA	None documented	Ependymoma	#2200ff	Yes	NA	1	Deceased-due to disease	1	DECEASED	EVENT
BS_1JDG6JV5	PT_CK41DW03	PBTA	CBTN	C22140	PT_CK41DW03_7316-329_Solid Tissue_Initial CNS Tumor	7316-329	Tumor	Initial CNS Tumor	Solid Tissue	NA	Low-grade astrocytic tumor	Low-grade glioma	LGG, KIAA1549-BRAF	NA	Low-grade glioma/astrocytoma (WHO grade I/II)	pilocytic astrocytoma (who grade i)	Spinal Cord- Cervical;Spinal Cord- Thoracic	Spine	Partial resection	stranded	4344	White	Not Hispanic or Latino	Male	Male	None documented	Low-grade glioma	#8f8fbf	Yes	EUR	270	Progressive	2491	LIVING	EVENT
BS_1JNJ0NJ6	PT_Y6ZREKYF	PBTA	PBTA-X01-FY22	C2413752	PT_Y6ZREKYF_7316-4839_Solid Tissue_Recurrence	7316-4839	Tumor	Recurrence	Solid Tissue	NA	Tumors of sellar region	Adamantinomatous Craniopharyngioma	CRANIO, ADAM	CRANIO, ADAM	Craniopharyngioma	craniopharyngioma	Suprasellar/Hypothalamic/Pituitary	Suprasellar	Gross/Near total resection	poly-A stranded	1371	White	Not Hispanic or Latino	Female	Female	None documented	Craniopharyngioma	#b2502d	No	EUR	1515	Recurrence	1515	LIVING	EVENT
BS_1KYGSMA7	PT_YGN06RPZ	PBTA	CBTN	C521274	PT_YGN06RPZ_7316-2208_Solid Tissue_Progressive	7316-2208	Tumor	Progressive	Solid Tissue	NA	Neuronal and mixed neuronal-glial tumor	Diffuse leptomeningeal glioneuronal tumor	GNT, MAPK	GNT, MAPK	Low-grade glioma/astrocytoma (WHO grade I/II)	diffuse leptomeningeal glioneuronal tumor	Cerebellum/Posterior Fossa;Meninges/Dura;Parietal Lobe;Spinal Cord- Cervical;Spinal Cord- Lumbar/Thecal Sac;Spinal Cord- Thoracic	Mixed	NA	stranded	1383	White	Not Hispanic or Latino	Male	Male	None documented	Mixed neuronal-glial tumor	#685815	No	EUR	1118	Progressive - Metastatic	4704	LIVING	EVENT
BS_1N76FQZY	PT_39X3ZWVJ	PBTA	PBTA-X01-FY22	C3733419	PT_39X3ZWVJ_7316-8966_Solid Tissue_Initial CNS Tumor	7316-8966	Tumor	Initial CNS Tumor	Solid Tissue	NA	Low-grade astrocytic tumor	Low-grade glioma	LGG, FGFR	NA	Low-grade glioma/astrocytoma (WHO grade I/II);Oligodendroglioma	low grade glioma	Temporal Lobe	Hemispheric	Gross/Near total resection	poly-A stranded	2036	White	Not Hispanic or Latino	Male	Male	None documented	Low-grade glioma	#8f8fbf	Yes	EUR	1144	Not Applicable	1144	LIVING	NO EVENT
BS_1N7MQZGR	PT_NK8A49X5	PBTA	PNOC	C3079428	PT_NK8A49X5_A14449_Solid Tissue_Progressive	A14449	Tumor	Progressive	Solid Tissue	NA	Diffuse astrocytic and oligodendroglial tumor	Diffuse midline glioma	DMG, H3 K28	NA	Brainstem glioma- Diffuse intrinsic pontine glioma	Diffuse Astrocytoma	Pons/Brainstem	Midline	NA	poly-A	4896	Reported Unknown	Hispanic or Latino	Male	Male	None documented	DIPG or DMG	#ff40d9	No	AMR	NA	NA	704	DECEASED	NO EVENT
BS_1N9XZXGE	PT_X8S0H6TG	PBTA	CBTN	C139113	PT_X8S0H6TG_7316-876_Solid Tissue_Initial CNS Tumor	7316-876	Tumor	Initial CNS Tumor	Solid Tissue	NA	Mesenchymal non-meningothelial tumor	Ewing sarcoma	EWS	EWS	Ewings Sarcoma	ewing's sarcoma	Skull	Other	Unavailable	stranded	2144	White	Not Hispanic or Latino	Female	Female	None documented	Mesenchymal tumor	#7fbf00	Yes	EUR	3243	Not Applicable	3243	LIVING	NO EVENT
BS_1NPD7PVG	PT_R9V5R1SY	PBTA	CBTN	C458298	PT_R9V5R1SY_7316-1940_Solid Tissue_Initial CNS Tumor	7316-1940	Tumor	Initial CNS Tumor	Solid Tissue	NA	Low-grade astrocytic tumor	Ganglioglioma	GNG, BRAF V600E	LGG, BRAF/MAPK	Ganglioglioma	ganglioglioma	Cerebellum/Posterior Fossa	Posterior fossa	Partial resection	stranded	1243	White	Not Hispanic or Latino	Male	Male	None documented	Mixed neuronal-glial tumor	#685815	Yes	EUR	Not Reported	Not Applicable	Not Reported	LIVING	NO EVENT
BS_1QNTEZPS	PT_5CKDR2SF	PBTA	CBTN	C104427	PT_5CKDR2SF_7316-525_Solid Tissue_Initial CNS Tumor	7316-525	Tumor	Initial CNS Tumor	Solid Tissue	NA	Embryonal tumor	Atypical Teratoid Rhabdoid Tumor	ATRT, TYR	ATRT, TYR	Atypical Teratoid Rhabdoid Tumor (ATRT)	atypical teratoid rhabdoid tumor, who grade iv	Cerebellum/Posterior Fossa	Posterior fossa	Gross/Near total resection	stranded	394	More Than One Race	Not Hispanic or Latino	Female	Female	None documented	Atypical Teratoid Rhabdoid Tumor	#4d0d85	Yes	EUR	1125	Deceased-due to disease	1125	DECEASED	EVENT
BS_1QXEC43H	PT_FN4GEEFR	PBTA	CBTN	C141696	PT_FN4GEEFR_7316-3010_Solid Tissue_Progressive	7316-3010	Tumor	Progressive	Solid Tissue	NA	Embryonal tumor	Medulloblastoma	MB, SHH	MB, SHH	Medulloblastoma	medulloblastoma	Cerebellum/Posterior Fossa;Frontal Lobe	Mixed	NA	stranded	3977	White	Not Hispanic or Latino	Female	Female	None documented	Medulloblastoma	#a340ff	No	EUR	1064	Progressive - Metastatic	1773	DECEASED	EVENT
BS_1RXZ3BP7	PT_02J5CWN5	PBTA	CBTN	C90159	PT_02J5CWN5_7316-898_Solid Tissue_Progressive	7316-898	Tumor	Progressive	Solid Tissue	NA	Low-grade astrocytic tumor	Low-grade glioma	LGG, MAPK	LGG, MAPK	Low-grade glioma/astrocytoma (WHO grade I/II)	low-grade glioma	Suprasellar/Hypothalamic/Pituitary	Suprasellar	Partial resection	stranded	2223	Black or African American	Not Hispanic or Latino	Male	Male	None documented	Low-grade glioma	#8f8fbf	No	AFR	1492	Progressive	2953	DECEASED	EVENT
BS_1SVVER1H	PT_RM9AZ7A8	PBTA	CBTN	C518199	PT_RM9AZ7A8_7316-2084_Solid Tissue_Initial CNS Tumor	7316-2084	Tumor	Initial CNS Tumor	Solid Tissue	NA	Tumor of cranial and paraspinal nerves	Schwannoma	NA	NA	Schwannoma	schwannoma, who grade i	Suprasellar/Hypothalamic/Pituitary	Suprasellar	Biopsy only	stranded	6986	White	Not Available	Male	Male	Other inherited conditions NOS	Schwannoma	#ab7200	Yes	EUR	390	Not Applicable	390	LIVING	NO EVENT
BS_1T19NFJ8	PT_QEMT1845	PBTA	CBTN	C965304	PT_QEMT1845_7316-3153_Solid Tissue_Initial CNS Tumor	7316-3153	Tumor	Initial CNS Tumor	Solid Tissue	NA	Non-tumor	NA	NA	NA	Other	epilepsy, chronic rasmussen encephalitis	Frontal Lobe;Occipital Lobe	Hemispheric	Gross/Near total resection	stranded	5719	Reported Unknown	Hispanic or Latino	Male	Male	None documented	Non-neoplastic tumor	#FFF5EB	Yes	AMR	1447	Not Applicable	1447	LIVING	NO EVENT
BS_1TPWFSK6	PT_7JQ24F35	PBTA	CBTN	C411189	PT_7JQ24F35_7316-1957_Solid Tissue_Initial CNS Tumor	7316-1957	Tumor	Initial CNS Tumor	Solid Tissue	NA	Low-grade astrocytic tumor	Subependymal Giant Cell Astrocytoma	SEGA, To be classified	NA	Low-grade glioma/astrocytoma (WHO grade I/II)	sega	Ventricles	Ventricles	Gross/Near total resection	stranded	341	White	Not Hispanic or Latino	Male	Male	Tuberous Sclerosis (TSC1, TSC2)	Low-grade glioma	#8f8fbf	No	EUR	574	Not Applicable	574	LIVING	NO EVENT
BS_1TWCV047	PT_85RSG67R	PBTA	CBTN	C22263	PT_85RSG67R_7316-2986_Solid Tissue_Initial CNS Tumor	7316-2986	Tumor	Initial CNS Tumor	Solid Tissue	NA	Embryonal tumor	Medulloblastoma	MB, Group3	NA	Medulloblastoma	pnet	Cerebellum/Posterior Fossa	Posterior fossa	Gross/Near total resection	stranded	4068	White	Not Hispanic or Latino	Male	Male	None documented	Medulloblastoma	#a340ff	Yes	EUR	3436	Not Applicable	3436	LIVING	NO EVENT
BS_1VNMJHMN	PT_773ZPTEB	PBTA	PBTA-X01-FY22	C3409314	PT_773ZPTEB_7316-8115_Solid Tissue_Initial CNS Tumor	7316-8115	Tumor	Initial CNS Tumor	Solid Tissue	NA	Low-grade astrocytic tumor	Low-grade glioma	LGG, KIAA1549-BRAF	NA	Low-grade glioma/astrocytoma (WHO grade I/II)	low grade glioma morphologically c/w pilocytic astrocytoma with kiaa1549-braf fusion	Cerebellum/Posterior Fossa	Posterior fossa	Gross/Near total resection	poly-A stranded	249	Black or African American	Not Hispanic or Latino	Female	Female	None documented	Low-grade glioma	#8f8fbf	Yes	AFR	443	Progressive	749	LIVING	EVENT
BS_1VVNM00A	PT_VREE80NP	PBTA	PBTA-X01-FY22	C924714	PT_VREE80NP_7316-3776_Solid Tissue_Deceased	7316-3776	Tumor	Deceased	Solid Tissue	NA	Tumor of cranial and paraspinal nerves	Neurofibroma/Plexiform	NA	NA	Neurofibroma/Plexiform	neurofibromas, pheochromocytoma	Other locations NOS	Other	NA	poly-A stranded	1868	White	Not Hispanic or Latino	Male	Female	Neurofibromatosis, Type 1 (NF-1)	Neurofibroma plexiform	#e6ac39	No	EUR	2583	Progressive	8881	DECEASED	EVENT
BS_1XFFNFY0	PT_QVWCRKZM	PBTA	PBTA-X01-FY22	C2402436	PT_QVWCRKZM_7316-5331_Solid Tissue_Initial CNS Tumor	7316-5331	Tumor	Initial CNS Tumor	Solid Tissue	NA	Ependymal tumor	Ependymoma	EPN, PF A	EPN, PF A	Ependymoma	ependymoma who grade ii	Ventricles	Ventricles	Gross/Near total resection	poly-A stranded	2971	Black or African American	Not Hispanic or Latino	Female	Female	None documented	Ependymoma	#2200ff	Yes	AFR	333	Recurrence - Metastatic	910	DECEASED	EVENT
BS_1XJ73KBQ	PT_AXVH36AM	PBTA	CBTN	C624102	PT_AXVH36AM_7316-2180_Solid Tissue_Initial CNS Tumor	7316-2180	Tumor	Initial CNS Tumor	Solid Tissue	NA	Mesenchymal non-meningothelial tumor	Sarcoma	NA	NA	Sarcoma	mesenchymal chondrosarcoma	Spinal Cord- Thoracic	Spine	Gross/Near total resection	stranded	4526	White	Not Hispanic or Latino	Female	Female	None documented	Mesenchymal tumor	#7fbf00	Yes	EUR	1508	Not Applicable	1508	LIVING	NO EVENT
BS_1Z2CNQEC	PT_AAA7EET4	PBTA	PBTA-X01-FY22	C1183875	PT_AAA7EET4_7316-4778_Solid Tissue_Initial CNS Tumor	7316-4778	Tumor	Initial CNS Tumor	Solid Tissue	NA	Embryonal tumor	Medulloblastoma	MB, WNT	MB, WNT	Medulloblastoma	medulloblastoma who grade iv	Cerebellum/Posterior Fossa	Posterior fossa	Gross/Near total resection	poly-A stranded	6394	White	Hispanic or Latino	Male	Male	None documented	Medulloblastoma	#a340ff	Yes	EUR	Not Reported	Not Applicable	Not Reported	LIVING	NO EVENT
BS_1Z3KSZQZ	PT_SKXEJZ6T	PBTA	CBTN	C614016	PT_SKXEJZ6T_7316-2551_Solid Tissue_Initial CNS Tumor	7316-2551	Tumor	Initial CNS Tumor	Solid Tissue	NA	Embryonal tumor	Atypical Teratoid Rhabdoid Tumor	ATRT, SHH	ATRT, SHH	Atypical Teratoid Rhabdoid Tumor (ATRT)	atypical teratoid/rhabdoid tumor (who grade iv)	Frontal Lobe	Hemispheric	Unavailable	poly-A stranded	1498	White	Not Available	Male	NA	None documented	Atypical Teratoid Rhabdoid Tumor	#4d0d85	Yes	NA	Not Reported	Not Applicable	Not Reported	LIVING	NO EVENT
BS_1Z9AX9JS	PT_62G82T6Q	PBTA	PBTA-X01-FY22	C2851386	PT_62G82T6Q_7316-6800_Solid Tissue_Progressive	7316-6800	Tumor	Progressive	Solid Tissue	NA	Low-grade astrocytic tumor	Low-grade glioma	LGG, KIAA1549-BRAF	NA	Low-grade glioma/astrocytoma (WHO grade I/II)	pilocytic astrocytoma	Cerebellum/Posterior Fossa	Posterior fossa	Gross/Near total resection	poly-A stranded	2163	Reported Unknown	Not Available	Female	Female	None documented	Low-grade glioma	#8f8fbf	No	EUR	390	Progressive	390	LIVING	EVENT
BS_1ZVXF5FE	PT_TS0FW57Z	PBTA	CBTN	C580068	PT_TS0FW57Z_7316-2167_Solid Tissue_Initial CNS Tumor	7316-2167	Tumor	Initial CNS Tumor	Solid Tissue	NA	Low-grade astrocytic tumor	Low-grade glioma	LGG, KIAA1549-BRAF, other MAPK	NA	Low-grade glioma/astrocytoma (WHO grade I/II)	pilocytic astrocytoma who i	Cerebellum/Posterior Fossa	Posterior fossa	Gross/Near total resection	stranded	5766	White	Not Hispanic or Latino	Male	Male	None documented	Low-grade glioma	#8f8fbf	Yes	EUR	1545	Not Applicable	1545	LIVING	NO EVENT
BS_1ZWSD3YQ	PT_CMPNS3BQ	PBTA	PBTA-X01-FY22	C1057185	PT_CMPNS3BQ_7316-4174_Solid Tissue_Initial CNS Tumor	7316-4174	Tumor	Initial CNS Tumor	Solid Tissue	NA	Embryonal tumor	Medulloblastoma	MB, Group3	NA	Medulloblastoma	medulloblastoma, classic histologic type (who grade iv)	Cerebellum/Posterior Fossa;Meninges/Dura;Spine NOS	Mixed	Gross/Near total resection	poly-A stranded	6136	Asian	Not Hispanic or Latino	Male	Male	None documented	Medulloblastoma	#a340ff	Yes	EAS	1234	Progressive - Metastatic	1745	DECEASED	EVENT
BS_1ZZW5HMJ	PT_QCR80TMD	PBTA	CBTN	C547104	PT_QCR80TMD_7316-2359_Solid Tissue_Initial CNS Tumor	7316-2359	Tumor	Initial CNS Tumor	Solid Tissue	NA	Diffuse astrocytic and oligodendroglial tumor	High-grade glioma	HGG, To be classified	NA	High-grade glioma/astrocytoma (WHO grade III/IV)	anaplastic astrocytoma	Frontal Lobe	Hemispheric	Unavailable	poly-A stranded	6635	White	Not Available	Male	NA	None documented	Other high-grade glioma	#ffccf5	Yes	NA	425	Recurrence	578	DECEASED	EVENT
BS_21ET39G7	PT_KZ56XHJT	PBTA	PNOC	C3079551	PT_KZ56XHJT_A12398_Solid Tissue_Progressive	A12398	Tumor	Progressive	Solid Tissue	NA	Diffuse astrocytic and oligodendroglial tumor	Diffuse midline glioma	DMG, H3 K28, TP53	NA	Brainstem glioma- Diffuse intrinsic pontine glioma	Anaplastic Astrocytoma	Pons/Brainstem	Midline	NA	poly-A	2773	Reported Unknown	Not Available	Female	Female	None documented	DIPG or DMG	#ff40d9	No	AMR	NA	NA	241	DECEASED	NO EVENT
BS_21RE8W46	PT_VABP80N2	PBTA	CBTN	C596550	PT_VABP80N2_7316-1949_Solid Tissue_Initial CNS Tumor	7316-1949	Tumor	Initial CNS Tumor	Solid Tissue	NA	Low-grade astrocytic tumor	Low-grade glioma	LGG, KIAA1549-BRAF	NA	Low-grade glioma/astrocytoma (WHO grade I/II)	pilocytic astrocytoma	Cerebellum/Posterior Fossa;Other locations NOS	Mixed	Gross/Near total resection	stranded	4443	White	Not Hispanic or Latino	Female	Female	None documented	Low-grade glioma	#8f8fbf	Yes	EUR	Not Reported	Not Applicable	Not Reported	LIVING	NO EVENT
BS_21XGYWWV	PT_9KDBBNQC	PBTA	PBTA-X01-FY22	C1262595	PT_9KDBBNQC_7316-4457_Solid Tissue_Initial CNS Tumor	7316-4457	Tumor	Initial CNS Tumor	Solid Tissue	NA	Low-grade astrocytic tumor	Low-grade glioma	LGG, wildtype	NA	Low-grade glioma/astrocytoma (WHO grade I/II)	pilocytic astrocytoma, who grade 1	Cerebellum/Posterior Fossa	Posterior fossa	Gross/Near total resection	poly-A stranded	3546	White	Not Hispanic or Latino	Male	Male	None documented	Low-grade glioma	#8f8fbf	Yes	EUR	1023	Not Applicable	1023	LIVING	NO EVENT
BS_22078RXH	PT_A3DQ8BM8	PBTA	PBTA-X01-FY22	C2702925	PT_A3DQ8BM8_7316-3089_Solid Tissue_Initial CNS Tumor	7316-3089	Tumor	Initial CNS Tumor	Solid Tissue	NA	Tumors of sellar region	Adamantinomatous Craniopharyngioma	CRANIO, ADAM	CRANIO, ADAM	Craniopharyngioma	craniopharyngioma	Other locations NOS	Other	Gross/Near total resection	poly-A stranded	5876	Reported Unknown	Not Available	Female	Female	None documented	Craniopharyngioma	#b2502d	Yes	EUR	Not Reported	Not Applicable	Not Reported	LIVING	NO EVENT
BS_223BM91B	PT_SKYC4AME	PBTA	CBTN	C908847	PT_SKYC4AME_7316-3201_Solid Tissue_Deceased	7316-3201	Tumor	Deceased	Solid Tissue	NA	Diffuse astrocytic and oligodendroglial tumor	Diffuse midline glioma	DMG, H3 K28	DMG, H3 K28	Brainstem glioma- Diffuse intrinsic pontine glioma	dipg	Brain Stem- Pons	Midline	NA	poly-A stranded	2150	White	Not Hispanic or Latino	Male	NA	None documented	DIPG or DMG	#ff40d9	No	NA	488	Progressive	595	DECEASED	EVENT
BS_22QMSCFR	PT_FRZQJNW9	PBTA	PBTA-X01-FY22	C2607600	PT_FRZQJNW9_7316-3542_Solid Tissue_Initial CNS Tumor	7316-3542	Tumor	Initial CNS Tumor	Solid Tissue	NA	Embryonal tumor	Medulloblastoma	MB, Group3	NA	Medulloblastoma	medulloblastoma who grade iv	Cerebellum/Posterior Fossa	Posterior fossa	Gross/Near total resection	poly-A stranded	2592	White	Hispanic or Latino	Male	Male	None documented	Medulloblastoma	#a340ff	Yes	AMR	1777	Not Applicable	1777	LIVING	NO EVENT
BS_238MGRTM	PT_94BFYTVZ	PBTA	PBTA-X01-FY22	C2734413	PT_94BFYTVZ_7316-6768_Solid Tissue_Initial CNS Tumor	7316-6768	Tumor	Initial CNS Tumor	Solid Tissue	NA	Ependymal tumor	Ependymoma	EPN, PF B	EPN, PF B	Ependymoma	ependymoma with anaplastic features; pfb type by ihc and molecular evaluation, who grade ii/iii	Cerebellum/Posterior Fossa	Posterior fossa	Gross/Near total resection	poly-A stranded	6571	Black or African American	Not Hispanic or Latino	Male	Male	None documented	Ependymoma	#2200ff	Yes	AFR	1434	Not Applicable	1434	LIVING	NO EVENT
BS_23M72ABG	PT_AQWDQW27	PBTA	CBTN	C104304	PT_AQWDQW27_7316-523_Solid Tissue_Initial CNS Tumor	7316-523	Tumor	Initial CNS Tumor	Solid Tissue	NA	Meningioma	Meningioma	NA	NA	Meningioma	atypical cystic meningioma who gr 2	Temporal Lobe	Hemispheric	Partial resection	stranded	209	Reported Unknown	Hispanic or Latino	Female	Female	None documented	Meningioma	#2db398	Yes	AMR	189	Progressive	2995	LIVING	EVENT
BS_23QW0BBA	PT_3X3MF8ZD	PBTA	HOPE	C30258	PT_3X3MF8ZD_7316-114_Solid Tissue_Second Malignancy	7316-114	Tumor	Second Malignancy	Solid Tissue	NA	Diffuse astrocytic and oligodendroglial tumor	High-grade glioma	HGG, H3 wildtype	HGG, H3 wildtype	High-grade glioma/astrocytoma (WHO grade III/IV)	high-grade glioma	Brain Stem-Medulla;Brain Stem- Pons;Spinal Cord- Cervical;Spinal Cord- Thoracic;Suprasellar/Hypothalamic/Pituitary	Mixed	Biopsy only	stranded	11184	White	Not Hispanic or Latino	Female	Female	None documented	Other high-grade glioma	#ffccf5	No	EUR	419	Progressive - Metastatic	8281	DECEASED	EVENT
BS_23W9EPFE	PT_1ZAWNGWT	PBTA	CBTN	C43542	PT_1ZAWNGWT_7316-3345_Solid Tissue_Initial CNS Tumor	7316-3345	Tumor	Initial CNS Tumor	Solid Tissue	NA	Low-grade astrocytic tumor	Ganglioglioma	GNG, IDH	NA	Ganglioglioma	ganglioglioma	Frontal Lobe	Hemispheric	Partial resection	stranded	6215	White	Not Available	Female	Female	None documented	Mixed neuronal-glial tumor	#685815	Yes	EUR	2011	Progressive	2156	LIVING	EVENT
BS_24AHZ9ZW	PT_SRWZDG3N	PBTA	CBTN	C75768	PT_SRWZDG3N_7316-361_Solid Tissue_Initial CNS Tumor	7316-361	Tumor	Initial CNS Tumor	Solid Tissue	NA	Low-grade astrocytic tumor	Low-grade glioma	LGG, BRAF V600E	LGG, MAPK	Low-grade glioma/astrocytoma (WHO grade I/II)	low grade glioma	Optic Pathway;Suprasellar/Hypothalamic/Pituitary	Mixed	Partial resection	stranded	5666	White	Not Hispanic or Latino	Male	Male	None documented	Low-grade glioma	#8f8fbf	Yes	EUR	112	Not Applicable	112	LIVING	NO EVENT
BS_24AK5EEP	PT_XEBJ890W	PBTA	CBTN	C128781	PT_XEBJ890W_7316-836_Solid Tissue_Initial CNS Tumor	7316-836	Tumor	Initial CNS Tumor	Solid Tissue	NA	Diffuse astrocytic and oligodendroglial tumor	High-grade glioma	HGG, To be classified	NA	High-grade glioma/astrocytoma (WHO grade III/IV)	malignant glial neoplasm	Cerebellum/Posterior Fossa	Posterior fossa	Unavailable	poly-A stranded	1915	Reported Unknown	Not Available	Female	NA	None documented	Other high-grade glioma	#ffccf5	Yes	NA	Not Reported	Not Applicable	Not Reported	LIVING	NO EVENT
BS_258RRGDM	PT_DQ3ZCHB6	PBTA	CBTN	C650178	PT_DQ3ZCHB6_7316-2195_Solid Tissue_Initial CNS Tumor	7316-2195	Tumor	Initial CNS Tumor	Solid Tissue	NA	Low-grade astrocytic tumor	Ganglioglioma	GNG, MAPK	GNG, MAPK	Low-grade glioma/astrocytoma (WHO grade I/II)	ganglion cell tumor	Temporal Lobe	Hemispheric	Gross/Near total resection	stranded	809	White	Not Hispanic or Latino	Male	Male	None documented	Mixed neuronal-glial tumor	#685815	Yes	EUR	1847	Not Applicable	1847	LIVING	NO EVENT
BS_25HNKZ79	PT_PMEXVDFJ	PBTA	PBTA-X01-FY22	C1174773	PT_PMEXVDFJ_7316-4800_Solid Tissue_Deceased	7316-4800	Tumor	Deceased	Solid Tissue	NA	Diffuse astrocytic and oligodendroglial tumor	Infant-type hemispheric glioma	IHG, NTRK-altered	HGG, IHG	High-grade glioma/astrocytoma (WHO grade III/IV)	tumor has the morphological and immunohistochemical features of a high-grade glial neoplasm with etv6-ntrk3 fusion and is most consistent with a congenital glioblastoma, who grade iv	Occipital Lobe;Parietal Lobe;Temporal Lobe	Hemispheric	NA	poly-A stranded	105	White	Not Hispanic or Latino	Female	Female	None documented	Other high-grade glioma	#ffccf5	No	EUR	105	Deceased-due to disease	105	DECEASED	EVENT
BS_25KYGJ71	PT_19GCSK2S	PBTA	PBTA-X01-FY22	C2751264	PT_19GCSK2S_7316-6761_Solid Tissue_Initial CNS Tumor	7316-6761	Tumor	Initial CNS Tumor	Solid Tissue	NA	Diffuse astrocytic and oligodendroglial tumor	Diffuse midline glioma	DMG, H3 K28, TP53	DMG, H3 K28	High-grade glioma/astrocytoma (WHO grade III/IV)	diffuse midline glioma h3 k27m-mutant, who grade iv	Thalamus	Midline	Biopsy only	poly-A stranded	3363	White	Not Hispanic or Latino	Female	Female	None documented	DIPG or DMG	#ff40d9	Yes	EUR	96	Recurrence - Metastatic	203	DECEASED	EVENT
BS_25T139TX	PT_TH8M3W34	PBTA	CBTN	C516723	PT_TH8M3W34_7316-2130_Solid Tissue_Progressive	7316-2130	Tumor	Progressive	Solid Tissue	NA	Low-grade astrocytic tumor	Low-grade glioma	LGG, To be classified	NA	Low-grade glioma/astrocytoma (WHO grade I/II)	low grade glioma	Occipital Lobe	Hemispheric	Gross/Near total resection	stranded	1737	Reported Unknown	Not Hispanic or Latino	Male	Male	Neurofibromatosis, Type 1 (NF-1)	Low-grade glioma	#8f8fbf	No	NA	1097	Progressive	5457	LIVING	EVENT
BS_264RCK7G	PT_3A0B29QT	PBTA	CBTN	C27921	PT_3A0B29QT_7316-80_Solid Tissue_Initial CNS Tumor	7316-80	Tumor	Initial CNS Tumor	Solid Tissue	NA	Neuronal and mixed neuronal-glial tumor	Dysembryoplastic neuroepithelial tumor	NA	NA	Dysembryoplastic neuroepithelial tumor (DNET)	dysembroyoplastic neuroepithelial tumor	Temporal Lobe	Hemispheric	Biopsy only	stranded	1687	White	Not Hispanic or Latino	Male	Male	None documented	Mixed neuronal-glial tumor	#685815	Yes	EUR	2802	Not Applicable	2802	LIVING	NO EVENT
BS_269X6Y6G	PT_C41JYFF4	PBTA	PBTA-X01-FY22	C2346225	PT_C41JYFF4_7316-5300_Solid Tissue_Initial CNS Tumor	7316-5300	Tumor	Initial CNS Tumor	Solid Tissue	NA	Tumor of pineal region	Pineoblastoma	PB, Group 2	PB, Group 2	Pineoblastoma	pineoblastoma who grade iv	Pineal Gland	Midline	Gross/Near total resection	poly-A stranded	2773	White	Not Hispanic or Latino	Male	Male	None documented	#220040	5	Yes	EUR	1785	Not Applicable	1785	LIVING	NO EVENT
BS_26H7DZD4	PT_H0Y8DJA8	PBTA	PBTA-X01-FY22	C3522105	PT_H0Y8DJA8_7316-7742_Solid Tissue_Initial CNS Tumor	7316-7742	Tumor	Initial CNS Tumor	Solid Tissue	NA	Embryonal tumor	Medulloblastoma	MB, Group4	MB, Group4	Medulloblastoma	medulloblastoma, anaplastic subtype, typ53-wildtype, who grade 4	Cerebellum/Posterior Fossa	Posterior fossa	Gross/Near total resection	poly-A stranded	6741	White	Not Hispanic or Latino	Female	Female	None documented	Medulloblastoma	#a340ff	Yes	EUR	383	Not Applicable	383	LIVING	NO EVENT
BS_273HKCT4	PT_8CZ6ANE0	PBTA	CBTN	C655221	PT_8CZ6ANE0_7316-1970_Solid Tissue_Initial CNS Tumor	7316-1970	Tumor	Initial CNS Tumor	Solid Tissue	NA	Neuronal and mixed neuronal-glial tumor	Dysembryoplastic neuroepithelial tumor	NA	NA	Dysembryoplastic neuroepithelial tumor (DNET)	dnet	Frontal Lobe	Hemispheric	Gross/Near total resection	stranded	2507	Asian	Not Hispanic or Latino	Male	Male	None documented	Mixed neuronal-glial tumor	#685815	Yes	EAS	Not Reported	Not Applicable	Not Reported	LIVING	NO EVENT
BS_27FYYPJG	PT_JQX1NM90	PBTA	PBTA-X01-FY22	C2581401	PT_JQX1NM90_7316-4559_Solid Tissue_Initial CNS Tumor	7316-4559	Tumor	Initial CNS Tumor	Solid Tissue	NA	Low-grade astrocytic tumor	Ganglioglioma	GNG, BRAF V600E	NA	Ganglioglioma	ganglioglioma	Parietal Lobe	Hemispheric	Partial resection	poly-A stranded	4891	Reported Unknown	Not Available	Male	Male	None documented	Mixed neuronal-glial tumor	#685815	Yes	EUR	Not Reported	Not Applicable	Not Reported	LIVING	NO EVENT
BS_27GVG2B7	PT_MYNKT1TK	PBTA	PBTA-X01-FY22	C3941166	PT_MYNKT1TK_7316-9075_Solid Tissue_Deceased	7316-9075	Tumor	Deceased	Solid Tissue	NA	Embryonal tumor	Medulloblastoma	MB, SHH	NA	Medulloblastoma	medulloblastoma, who grade iv	Cerebellum/Posterior Fossa	Posterior fossa	NA	poly-A stranded	591	More Than One Race	Not Hispanic or Latino	Female	Female	None documented	Medulloblastoma	#a340ff	No	AFR	356	Recurrence	725	DECEASED	EVENT
BS_27Q04NAT	PT_WZ9BGJ4X	PBTA	PBTA-X01-FY22	C3789876	PT_WZ9BGJ4X_7316-9044_Solid Tissue_Initial CNS Tumor	7316-9044	Tumor	Initial CNS Tumor	Solid Tissue	NA	Benign tumor	NA	NA	NA	Other	epidermoid cyst	Skull	Other	Gross/Near total resection	poly-A stranded	1960	White	Hispanic or Latino	Male	Male	None documented	Non-neoplastic tumor	#FFF5EB	Yes	NA	Not Reported	Not Applicable	Not Reported	LIVING	NO EVENT
BS_27QE6BV7	PT_Z9QE51C3	PBTA	CBTN	C78720	PT_Z9QE51C3_7316-373_Solid Tissue_Initial CNS Tumor	7316-373	Tumor	Initial CNS Tumor	Solid Tissue	NA	Low-grade astrocytic tumor	Ganglioglioma	GNG, wildtype	NA	Ganglioglioma	anaplastic ganglioglioma	Frontal Lobe;Parietal Lobe	Hemispheric	Partial resection	stranded	1400	White	Not Hispanic or Latino	Male	Male	None documented	Mixed neuronal-glial tumor	#685815	Yes	EUR	3234	Not Applicable	3234	LIVING	NO EVENT
BS_28CDASF7	PT_S4YNE17X	PBTA	CBTN	C15744	PT_S4YNE17X_7316-377_Solid Tissue_Progressive	7316-377	Tumor	Progressive	Solid Tissue	NA	Tumor of cranial and paraspinal nerves	Schwannoma	NA	NA	Schwannoma	schwannoma	Spinal Cord- Lumbar/Thecal Sac	Spine	Partial resection	stranded	2118	White	Not Hispanic or Latino	Female	Female	Neurofibromatosis, Type 2 (NF-2)	Schwannoma	#ab7200	No	EUR	3685	Progressive - Metastatic	7607	DECEASED	EVENT
BS_29006KEX	PT_XCCV6CW2	PBTA	CBTN	C855465	PT_XCCV6CW2_7316-2268_Solid Tissue_Initial CNS Tumor	7316-2268	Tumor	Initial CNS Tumor	Solid Tissue	NA	Germ cell tumor	Teratoma	NA	NA	Teratoma	mature teratoma/yolk sac germ cell	Pineal Gland	Midline	Gross/Near total resection	stranded	3776	White	Not Hispanic or Latino	Male	Male	None documented	Germ cell tumor	#0074d9	Yes	EUR	1982	Not Applicable	1982	LIVING	NO EVENT
BS_297H8BT4	PT_H5R0M2P6	PBTA	PBTA-X01-FY22	C887199	PT_H5R0M2P6_7316-3677_Solid Tissue_Initial CNS Tumor	7316-3677	Tumor	Initial CNS Tumor	Solid Tissue	NA	Diffuse astrocytic and oligodendroglial tumor	Diffuse midline glioma	DMG, H3 K28	DMG, H3 K28	Brainstem glioma- Diffuse intrinsic pontine glioma	diffuse midline glioma h3k27-mutant	Brain Stem- Pons;Cerebellum/Posterior Fossa	Mixed	Biopsy only	poly-A stranded	4323	White	Not Hispanic or Latino	Female	Female	None documented	DIPG or DMG	#ff40d9	Yes	EUR	233	Deceased-due to disease	233	DECEASED	EVENT
BS_29CPJ040	PT_06ERX8Z7	PBTA	CBTN	C714138	PT_06ERX8Z7_7316-2578_Solid Tissue_Initial CNS Tumor	7316-2578	Tumor	Initial CNS Tumor	Solid Tissue	NA	Low-grade astrocytic tumor	Subependymal Giant Cell Astrocytoma	SEGA, To be classified	SEGA, To be classified	Subependymal Giant Cell Astrocytoma (SEGA)	sega	Ventricles	Ventricles	Gross/Near total resection	stranded	3635	Black or African American	Not Hispanic or Latino	Female	Female	Tuberous Sclerosis (TSC1, TSC2)	Low-grade glioma	#8f8fbf	Yes	AFR	1733	Not Applicable	1733	LIVING	NO EVENT
BS_29TRQXWM	PT_XPDTCGRR	PBTA	PBTA-X01-FY22	C2613381	PT_XPDTCGRR_7316-6447_Solid Tissue_Initial CNS Tumor	7316-6447	Tumor	Initial CNS Tumor	Solid Tissue	NA	Low-grade astrocytic tumor	Low-grade glioma	LGG, KIAA1549-BRAF	NA	Low-grade glioma/astrocytoma (WHO grade I/II)	pilocytic astrocytoma	Cerebellum/Posterior Fossa	Posterior fossa	Gross/Near total resection	poly-A stranded	3324	Black or African American	Not Hispanic or Latino	Female	Female	None documented	Low-grade glioma	#8f8fbf	Yes	AFR	745	Not Applicable	745	LIVING	NO EVENT
BS_29X4ZX6Q	PT_63HDZHCN	PBTA	CBTN	C27306	PT_63HDZHCN_7316-2980_Solid Tissue_Initial CNS Tumor	7316-2980	Tumor	Initial CNS Tumor	Solid Tissue	NA	Diffuse astrocytic and oligodendroglial tumor	High-grade glioma	HGG, H3 wildtype, TP53	NA	High-grade glioma/astrocytoma (WHO grade III/IV)	gbm	Temporal Lobe	Hemispheric	Gross/Near total resection	stranded	2938	White	Not Available	Male	Male	None documented	Other high-grade glioma	#ffccf5	Yes	EUR	985	Recurrence	1139	DECEASED	EVENT
BS_2A162JH9	PT_JNEV57VK	PBTA	CBTN	C714384	PT_JNEV57VK_7316-3058_Derived Cell Line_Progressive_Serum-free_0	7316-3058	Tumor	Progressive	Derived Cell Line	Serum-free	Diffuse astrocytic and oligodendroglial tumor	Diffuse midline glioma	DMG, H3 K28, TP53	NA	High-grade glioma/astrocytoma (WHO grade III/IV)	diffuse midline glioma who iv	Basal Ganglia;Thalamus	Midline	Partial resection	stranded	2869	White	Not Hispanic or Latino	Male	Male	Other inherited conditions NOS	DIPG or DMG	#ff40d9	No	EUR	92	Progressive	273	DECEASED	EVENT
BS_2A5R9D97	PT_5DSYGVT4	PBTA	CBTN	C992856	PT_5DSYGVT4_7316-3392_Solid Tissue_Initial CNS Tumor	7316-3392	Tumor	Initial CNS Tumor	Solid Tissue	NA	Diffuse astrocytic and oligodendroglial tumor	Pleomorphic xanthoastrocytoma	HGG, PXA	HGG, PXA	High-grade glioma/astrocytoma (WHO grade III/IV)	anaplastic pleomorphic xanthoastrocytoma iii	Parietal Lobe;Temporal Lobe	Hemispheric	Gross/Near total resection	poly-A stranded	5043	Reported Unknown	Hispanic or Latino	Female	NA	None documented	Other high-grade glioma	#ffccf5	Yes	NA	1252	Recurrence	1853	DECEASED	EVENT
BS_2A5R9MEJ	PT_FYPWZBH0	PBTA	CBTN	C879573	PT_FYPWZBH0_7316-1085_Solid Tissue_Initial CNS Tumor	7316-1085	Tumor	Initial CNS Tumor	Solid Tissue	NA	Diffuse astrocytic and oligodendroglial tumor	Diffuse midline glioma	DMG, H3 K28, TP53	DMG, H3 K28	High-grade glioma/astrocytoma (WHO grade III/IV)	diffuse midline glioma, h3 k27 m	Brain Stem- Midbrain/Tectum;Thalamus	Midline	Partial resection	stranded	3360	White	Not Hispanic or Latino	Female	Female	None documented	DIPG or DMG	#ff40d9	Yes	EUR	37	Deceased-due to disease	37	DECEASED	EVENT
BS_2ADZNNV4	PT_NTK39NNV	PBTA	CBTN	C944394	PT_NTK39NNV_7316-3076_Solid Tissue_Progressive	7316-3076	Tumor	Progressive	Solid Tissue	NA	Low-grade astrocytic tumor	Low-grade glioma	LGG, KIAA1549-BRAF, RTK	NA	Low-grade glioma/astrocytoma (WHO grade I/II)	pilocytic astrocytoma	Cerebellum/Posterior Fossa	Posterior fossa	Gross/Near total resection	stranded	5518	White	Not Hispanic or Latino	Male	Male	None documented	Low-grade glioma	#8f8fbf	No	EUR	Not Reported	Progressive	Not Reported	LIVING	EVENT
BS_2AR3AP0N	PT_AWBPNFM5	PBTA	CBTN	C431607	PT_AWBPNFM5_7316-1854_Solid Tissue_Initial CNS Tumor	7316-1854	Tumor	Initial CNS Tumor	Solid Tissue	NA	Low-grade astrocytic tumor	Ganglioglioma	GNG, RTK	NA	Ganglioglioma	ganglioglioma	Frontal Lobe	Hemispheric	Gross/Near total resection	stranded	5012	White	Not Hispanic or Latino	Male	Male	None documented	Mixed neuronal-glial tumor	#685815	Yes	EUR	507	Not Applicable	507	LIVING	NO EVENT
BS_2AV1H5TV	PT_9CQA1W10	PBTA	PBTA-X01-FY22	C2469348	PT_9CQA1W10_7316-6349_Solid Tissue_Deceased	7316-6349	Tumor	Deceased	Solid Tissue	NA	Diffuse astrocytic and oligodendroglial tumor	Diffuse midline glioma	DMG, H3 K28, TP53	DMG, H3 K28	High-grade glioma/astrocytoma (WHO grade III/IV)	gbm, who grade iv, h3.k27m mutant	Brain Stem- Pons;Cerebellum/Posterior Fossa;Frontal Lobe;Occipital Lobe;Parietal Lobe;Thalamus	Mixed	NA	poly-A stranded	2841	Reported Unknown	Not Available	Female	Female	None documented	DIPG or DMG	#ff40d9	No	EUR	344	Recurrence	775	DECEASED	EVENT
BS_2CW8AGZ2	PT_FDQHEKJB	PBTA	PBTA-X01-FY22	C2357664	PT_FDQHEKJB_7316-5310_Solid Tissue_Progressive	7316-5310	Tumor	Progressive	Solid Tissue	NA	Tumors of sellar region	Adamantinomatous Craniopharyngioma	CRANIO, ADAM	NA	Craniopharyngioma	craniopharyngioma, adamantinomatous type	Suprasellar/Hypothalamic/Pituitary	Suprasellar	Partial resection	poly-A stranded	3257	Black or African American	Not Hispanic or Latino	Male	Male	None documented	Craniopharyngioma	#b2502d	No	AFR	229	Progressive	2009	LIVING	EVENT
BS_2D1R9SBY	PT_PF04R0BH	PBTA	PBTA-X01-FY22	C1011921	PT_PF04R0BH_7316-5470_Solid Tissue_Recurrence	7316-5470	Tumor	Recurrence	Solid Tissue	NA	Low-grade astrocytic tumor	Ganglioglioma	GNG, wildtype	NA	Ganglioglioma	ganglioglioma who grade i	Temporal Lobe	Hemispheric	Gross/Near total resection	poly-A stranded	5795	White	Not Hispanic or Latino	Male	Male	None documented	Mixed neuronal-glial tumor	#685815	No	EUR	545	Recurrence	1932	LIVING	EVENT
BS_2DMBCHNF	PT_8V1YD45K	PBTA	CBTN	C176997	PT_8V1YD45K_7316-1718_Solid Tissue_Recurrence	7316-1718	Tumor	Recurrence	Solid Tissue	NA	Diffuse astrocytic and oligodendroglial tumor	High-grade glioma	HGG, To be classified	NA	High-grade glioma/astrocytoma (WHO grade III/IV)	high grade glioma	Occipital Lobe	Hemispheric	Partial resection	poly-A stranded	8	White	Not Available	Female	NA	None documented	Other high-grade glioma	#ffccf5	No	NA	7552	Recurrence	7872	DECEASED	EVENT
BS_2EMW8ZG3	PT_FFRHWB74	PBTA	CBTN	C270477	PT_FFRHWB74_7316-932_Solid Tissue_Initial CNS Tumor	7316-932	Tumor	Initial CNS Tumor	Solid Tissue	NA	Low-grade astrocytic tumor	Low-grade glioma	LGG, BRAF V600E	PXA	Low-grade glioma/astrocytoma (WHO grade I/II)	low-grade glioma	Temporal Lobe	Hemispheric	Gross/Near total resection	stranded	4774	White	Not Hispanic or Latino	Male	Male	None documented	Low-grade glioma	#8f8fbf	Yes	EUR	2073	Not Applicable	2073	LIVING	NO EVENT
BS_2EN3X6HB	PT_CSZ9QA1N	PBTA	CBTN	C15498	PT_CSZ9QA1N_7316-1464_Solid Tissue_Initial CNS Tumor	7316-1464	Tumor	Initial CNS Tumor	Solid Tissue	NA	Diffuse astrocytic and oligodendroglial tumor	High-grade glioma	HGG, H3 wildtype	NA	High-grade glioma/astrocytoma (WHO grade III/IV)	anaplastic astrocytoma with focal ganglioglioma	Brain Stem- Midbrain/Tectum;Cerebellum/Posterior Fossa;Optic Pathway;Suprasellar/Hypothalamic/Pituitary;Temporal Lobe;Thalamus	Mixed	Partial resection	stranded	1886	White	Not Hispanic or Latino	Female	Female	None documented	Other high-grade glioma	#ffccf5	Yes	EUR	1002	Progressive	1747	DECEASED	EVENT
BS_2F5CPC8C	PT_8NPNACF3	PBTA	PBTA-X01-FY22	C2887548	PT_8NPNACF3_7316-7109_Solid Tissue_Initial CNS Tumor	7316-7109	Tumor	Initial CNS Tumor	Solid Tissue	NA	Mesenchymal non-meningothelial tumor	Ewing sarcoma	EWS	EWS	Ewings Sarcoma	Ewings Sarcoma;Metastatic secondary tumors	Other locations NOS;Skull	Other	Partial resection	poly-A stranded	4614	White	Not Hispanic or Latino	Female	Female	None documented	Mesenchymal tumor	#7fbf00	Yes	EUR	1439	Not Applicable	1439	LIVING	NO EVENT
BS_2FEZWH1F	PT_5SWFTE95	PBTA	PBTA-X01-FY22	C2706246	PT_5SWFTE95_7316-7621_Solid Tissue_Deceased	7316-7621	Tumor	Deceased	Solid Tissue	NA	Diffuse astrocytic and oligodendroglial tumor	Diffuse midline glioma	DMG, H3 K28, TP53	DMG, H3 K28	Brainstem glioma- Diffuse intrinsic pontine glioma	diffuse midline glioma h3 k27m-mutant, correspond to grade iv	Brain Stem-Medulla;Brain Stem- Midbrain/Tectum;Brain Stem- Pons;Other locations NOS	Mixed	NA	poly-A stranded	6636	Black or African American	Not Hispanic or Latino	Male	Male	None documented	DIPG or DMG	#ff40d9	No	AFR	194	Progressive	735	DECEASED	EVENT
BS_2G4EH95X	PT_XWFW59VV	PBTA	PBTA-X01-FY22	C3859863	PT_XWFW59VV_7316-9249_Solid Tissue_Initial CNS Tumor	7316-9249	Tumor	Initial CNS Tumor	Solid Tissue	NA	Embryonal tumor	Medulloblastoma	MB, WNT	MB, WNT	Medulloblastoma	medulloblastoma wnt subgroup, who grade iv	Cerebellum/Posterior Fossa	Posterior fossa	Gross/Near total resection	poly-A stranded	4099	Reported Unknown	Hispanic or Latino	Male	Male	None documented	Medulloblastoma	#a340ff	Yes	AMR	724	Not Applicable	724	LIVING	NO EVENT
BS_2GM2G2JS	PT_SXBC3298	PBTA	CBTN	C1270959	PT_SXBC3298_7316-4316_Solid Tissue_Unknown	7316-4316	Tumor	Unknown	Solid Tissue	NA	Diffuse astrocytic and oligodendroglial tumor	High-grade glioma	HGG, To be classified	NA	High-grade glioma/astrocytoma (WHO grade III/IV)	glioblastoma multiforme	Other locations NOS	Other	Unavailable	poly-A stranded	7721	White	Not Hispanic or Latino	Male	NA	None documented	Other high-grade glioma	#ffccf5	No	NA	Not Reported	Not Applicable	Not Reported	LIVING	NO EVENT
BS_2GSAPE1R	PT_89HXDTTW	PBTA	HOPE	C2442165	PT_89HXDTTW_7316-4844_Solid Tissue_Initial CNS Tumor	7316-4844	Tumor	Initial CNS Tumor	Solid Tissue	NA	Diffuse astrocytic and oligodendroglial tumor	High-grade glioma	HGG, H3 wildtype	NA	High-grade glioma/astrocytoma (WHO grade III/IV)	residual desmoplastic infantile astrocytoma with marked anaplasia	Frontal Lobe	Hemispheric	Gross/Near total resection	poly-A stranded	264	White	Not Hispanic or Latino	Male	Male	None documented	Other high-grade glioma	#ffccf5	No	EUR	1738	Not Applicable	1738	LIVING	NO EVENT
BS_2HN96129	PT_DTP4MMRA	PBTA	CBTN	C88437	PT_DTP4MMRA_7316-1463_Solid Tissue_Initial CNS Tumor	7316-1463	Tumor	Initial CNS Tumor	Solid Tissue	NA	Tumor of cranial and paraspinal nerves	Schwannoma	NA	NA	Schwannoma	schwannoma	Spinal Cord- Lumbar/Thecal Sac	Spine	Partial resection	stranded	4834	White	Hispanic or Latino	Female	Female	Neurofibromatosis, Type 2 (NF-2)	Schwannoma	#ab7200	Yes	AMR	664	Progressive	5399	LIVING	EVENT
BS_2HNXVFAS	PT_R5T773FS	PBTA	PNOC	C3064422	PT_R5T773FS_7316-8029_Solid Tissue_Initial CNS Tumor	7316-8029	Tumor	Initial CNS Tumor	Solid Tissue	NA	Diffuse astrocytic and oligodendroglial tumor	Diffuse midline glioma	DMG, H3 K28, TP53	NA	High-grade glioma/astrocytoma (WHO grade III/IV)	Diffuse Midline Glioma H2K27M WHO grade IV	cerebellum	Posterior fossa	NA	stranded	2758	Asian	Not Hispanic or Latino	Male	Male	None documented	DIPG or DMG	#ff40d9	Yes	SAS	NA	NA	NA	NA	NO EVENT
BS_2JH1QMT1	PT_KHCZB6GZ	PBTA	CBTN	C1276617	PT_KHCZB6GZ_7316-5112_Solid Tissue_Progressive	7316-5112	Tumor	Progressive	Solid Tissue	NA	Diffuse astrocytic and oligodendroglial tumor	High-grade glioma	HGG, H3 wildtype	HGG, H3 wildtype	Gliomatosis Cerebri;High-grade glioma/astrocytoma (WHO grade III/IV)	residual/recurrent anaplastic oligoastrocytoma (who grade iii); glioblastoma multiforme (who grade iv)	Basal Ganglia;Frontal Lobe;Occipital Lobe;Other locations NOS;Parietal Lobe;Temporal Lobe	Mixed	Partial resection	poly-A stranded	3826	Reported Unknown	Hispanic or Latino	Male	NA	None documented	Other high-grade glioma	#ffccf5	No	NA	92	Progressive - Metastatic	498	LIVING	EVENT
BS_2JP7RBMB	PT_Y74CVASJ	PBTA	PNOC	C3081519	PT_Y74CVASJ_A16538_Solid Tissue_Initial CNS Tumor	A16538	Tumor	Initial CNS Tumor	Solid Tissue	NA	Diffuse astrocytic and oligodendroglial tumor	Diffuse midline glioma	DMG, H3 K28, TP53	NA	Brainstem glioma- Diffuse intrinsic pontine glioma	Glioblastoma	Pons/Brainstem	Midline	NA	poly-A	1717	White	Not Hispanic or Latino	Female	Female	None documented	DIPG or DMG	#ff40d9	Yes	EUR	NA	NA	302	DECEASED	NO EVENT
BS_2K3FVT86	PT_YEXTH21W	PBTA	Oligo	C3532068	PT_YEXTH21W_16510-22_Solid Tissue_Recurrence	16510-22	Tumor	Recurrence	Solid Tissue	NA	Diffuse astrocytic and oligodendroglial tumor	Oligodendroglioma	NA	NA	Oligodendroglioma	NA	Frontal Lobe	Hemispheric	NA	stranded	9131	NA	NA	NA	Male	None documented	Oligodendroglioma	tan	No	EUR	NA	NA	NA	NA	NO EVENT
BS_2KD2NR56	PT_C2D4JXS1	PBTA	PBTA-X01-FY22	C337143	PT_C2D4JXS1_7316-1746_Derived Cell Line_Initial CNS Tumor_Serum-based_8	7316-1746	Tumor	Initial CNS Tumor	Derived Cell Line	Serum-based	Diffuse astrocytic and oligodendroglial tumor	High-grade glioma	HGG, H3 wildtype	NA	High-grade glioma/astrocytoma (WHO grade III/IV)	high grade glioma	Cerebellum/Posterior Fossa	Posterior fossa	Partial resection	poly-A stranded	2307	Reported Unknown	Hispanic or Latino	Female	Female	None documented	Other high-grade glioma	#ffccf5	No	AMR	23	Progressive	132	DECEASED	EVENT
BS_2KJ2YAZR	PT_N8W26H19	PBTA	CBTN	C37392	PT_N8W26H19_7316-267_Solid Tissue_Initial CNS Tumor	7316-267	Tumor	Initial CNS Tumor	Solid Tissue	NA	Low-grade astrocytic tumor	Low-grade glioma	LGG, BRAF V600E	NA	Low-grade glioma/astrocytoma (WHO grade I/II)	mixed fibrillary-pilocytic astrocytoma	Cerebellum/Posterior Fossa	Posterior fossa	Gross/Near total resection	stranded	5401	White	Not Hispanic or Latino	Female	Female	None documented	Low-grade glioma	#8f8fbf	Yes	EUR	600	Progressive	4803	LIVING	EVENT
BS_2M4174KG	PT_R0H8JTQR	PBTA	PBTA-X01-FY22	C2342412	PT_R0H8JTQR_7316-4265_Solid Tissue_Initial CNS Tumor	7316-4265	Tumor	Initial CNS Tumor	Solid Tissue	NA	Embryonal tumor	Medulloblastoma	MB, WNT	MB, WNT	Medulloblastoma	medulloblastoma who grade iv	Cerebellum/Posterior Fossa	Posterior fossa	Gross/Near total resection	poly-A stranded	3389	White	Not Hispanic or Latino	Male	Male	None documented	Medulloblastoma	#a340ff	Yes	EUR	1312	Not Applicable	1312	LIVING	NO EVENT
BS_2PDS3MSS	PT_K7SK9ZKK	PBTA	CBTN	C2345979	PT_K7SK9ZKK_7316-4859_Solid Tissue_Deceased	7316-4859	Tumor	Deceased	Solid Tissue	NA	Diffuse astrocytic and oligodendroglial tumor	Diffuse midline glioma	DMG, H3 K28	DMG, H3 K28	Brainstem glioma- Diffuse intrinsic pontine glioma	diffuse intrinsic pontine glioma	Brain Stem- Midbrain/Tectum;Brain Stem- Pons;Cerebellum/Posterior Fossa;Spinal Cord- Cervical;Thalamus	Mixed	NA	poly-A stranded	1321	White	Not Hispanic or Latino	Male	NA	None documented	DIPG or DMG	#ff40d9	No	NA	NA	NA	NA	NA	NO EVENT
BS_2QCQYY6M	PT_ER1C7KPB	PBTA	PBTA-X01-FY22	C736893	PT_ER1C7KPB_7316-2691_Solid Tissue_Progressive	7316-2691	Tumor	Progressive	Solid Tissue	NA	Low-grade astrocytic tumor	Ganglioglioma	GNG, KIAA1549-BRAF	NA	Ganglioglioma	ganglioglioma who grade i	Spinal Cord- Thoracic	Spine	Gross/Near total resection	poly-A stranded	5071	White	Not Hispanic or Latino	Male	Male	None documented	Mixed neuronal-glial tumor	#685815	No	EUR	3314	Progressive	6927	LIVING	EVENT
BS_2QGRF15R	PT_3NQ55S57	PBTA	Oligo	C1001589	PT_3NQ55S57_7316UP-2413_Solid Tissue_Primary Tumor	7316UP-2413	Tumor	Primary Tumor	Solid Tissue	NA	Diffuse astrocytic and oligodendroglial tumor	Oligodendroglioma	NA	NA	Oligodendroglioma	NA	Cerebrum	Hemispheric	NA	stranded	12657	White	Not Hispanic or Latino	Male	Male	None documented	Oligodendroglioma	tan	Yes	EUR	NA	NA	NA	NA	NO EVENT
BS_2R9HK6YY	PT_2RHSYJ07	PBTA	PBTA-X01-FY22	C3254088	PT_2RHSYJ07_7316-3088_Solid Tissue_Initial CNS Tumor	7316-3088	Tumor	Initial CNS Tumor	Solid Tissue	NA	Low-grade astrocytic tumor	Low-grade glioma	LGG, wildtype	NA	Low-grade glioma/astrocytoma (WHO grade I/II)	pilocytic astrocytoma	Cerebellum/Posterior Fossa	Posterior fossa	Gross/Near total resection	poly-A stranded	5318	Reported Unknown	Not Available	Female	Female	None documented	Low-grade glioma	#8f8fbf	Yes	EUR	Not Reported	Not Applicable	Not Reported	LIVING	NO EVENT
BS_2R9TCR03	PT_ZMKMKCFQ	PBTA	CBTN	C53505	PT_ZMKMKCFQ_7316-2988_Solid Tissue_Initial CNS Tumor	7316-2988	Tumor	Initial CNS Tumor	Solid Tissue	NA	Low-grade astrocytic tumor	Low-grade glioma	LGG, RTK	NA	Low-grade glioma/astrocytoma (WHO grade I/II)	low grade glioma	Other locations NOS;Suprasellar/Hypothalamic/Pituitary;Ventricles	Mixed	Partial resection	stranded	3924	White	Not Hispanic or Latino	Female	Female	None documented	Low-grade glioma	#8f8fbf	Yes	EUR	2211	Progressive	2918	LIVING	EVENT
BS_2S4M5VH9	PT_N5J8REP8	PBTA	PBTA-X01-FY22	C4037967	PT_N5J8REP8_7316-9808_Solid Tissue_Progressive	7316-9808	Tumor	Progressive	Solid Tissue	NA	Pre-cancerous lesion	NA	NA	NA	Dysplasia/Gliosis	fibrous dysplasia of bone	Skull	Other	Partial resection	poly-A stranded	2532	White	Not Hispanic or Latino	Female	Female	None documented	Non-neoplastic tumor	#FFF5EB	No	EUR	488	Progressive	3735	LIVING	EVENT
BS_2SFTWNVE	PT_BG7GAFK6	PBTA	CBTN	C979695	PT_BG7GAFK6_7316-3626_Solid Tissue_Initial CNS Tumor	7316-3626	Tumor	Initial CNS Tumor	Solid Tissue	NA	Embryonal tumor	Medulloblastoma	MB, Group4	MB, Group4	Medulloblastoma	medulloblastoma	Occipital Lobe	Hemispheric	Partial resection	stranded	3385	Reported Unknown	Not Available	Male	Male	None documented	Medulloblastoma	#a340ff	Yes	EUR	Not Reported	Not Applicable	Not Reported	LIVING	NO EVENT
BS_2SHWPB5P	PT_FZHGKJ0H	PBTA	CBTN	C1009953	PT_FZHGKJ0H_7316-4034_Solid Tissue_Initial CNS Tumor	7316-4034	Tumor	Initial CNS Tumor	Solid Tissue	NA	Embryonal tumor	Ganglioneuroblastoma	NBL, MYCN non-amplified	NA	Ganglioneuroblastoma	ganglioneuroblastoma, stage ii favorable histology non n-myc amplified	Other locations NOS;Spinal Cord- Thoracic	Mixed	Biopsy only	stranded	1667	Reported Unknown	Hispanic or Latino	Female	Female	None documented	#220040	5	No	AMR	702	Progressive	1957	LIVING	EVENT
BS_2T5PJAW8	PT_S2M5KJTJ	PBTA	PBTA-X01-FY22	C2580540	PT_S2M5KJTJ_7316-3655_Solid Tissue_Initial CNS Tumor	7316-3655	Tumor	Initial CNS Tumor	Solid Tissue	NA	Diffuse astrocytic and oligodendroglial tumor	High-grade glioma	HGG, H3 wildtype	NA	High-grade glioma/astrocytoma (WHO grade III/IV)	glioma, who grade iii	Frontal Lobe	Hemispheric	Partial resection	poly-A stranded	4698	Reported Unknown	Not Available	Male	Male	None documented	Other high-grade glioma	#ffccf5	Yes	EUR	Not Reported	Not Applicable	Not Reported	LIVING	NO EVENT
BS_2W3NC4K1	PT_2E552BAR	PBTA	CBTN	C723978	PT_2E552BAR_7316-2719_Solid Tissue_Initial CNS Tumor	7316-2719	Tumor	Initial CNS Tumor	Solid Tissue	NA	Tumor of cranial and paraspinal nerves	Neurofibroma/Plexiform	NA	NA	Neurofibroma/Plexiform	neurofibroma	Other locations NOS	Other	Unavailable	stranded	4648	White	Not Hispanic or Latino	Male	Male	Neurofibromatosis, Type 1 (NF-1)	Neurofibroma plexiform	#e6ac39	No	EUR	5138	Progressive	5890	DECEASED	EVENT
BS_2WANPFBJ	PT_WN5P2GCY	PBTA	PBTA-X01-FY22	C3491724	PT_WN5P2GCY_7316-8019_Solid Tissue_Deceased	7316-8019	Tumor	Deceased	Solid Tissue	NA	Diffuse astrocytic and oligodendroglial tumor	Diffuse midline glioma	DMG, H3 K28, TP53	NA	Brainstem glioma- Diffuse intrinsic pontine glioma	dipg  h3 k27m mutation	Brain Stem- Pons	Midline	NA	poly-A stranded	1721	White	Not Hispanic or Latino	Female	Female	None documented	DIPG or DMG	#ff40d9	No	EUR	339	Progressive	479	DECEASED	EVENT
BS_2WPQ8YCW	PT_KQK98ZVP	PBTA	CBTN	C479085	PT_KQK98ZVP_7316-1803_Solid Tissue_Initial CNS Tumor	7316-1803	Tumor	Initial CNS Tumor	Solid Tissue	NA	Low-grade astrocytic tumor	Low-grade glioma	LGG, KIAA1549-BRAF	NA	Low-grade glioma/astrocytoma (WHO grade I/II)	pilocytic astrocytoma, who grade i	Thalamus	Midline	Partial resection	stranded	1119	Black or African American	Not Hispanic or Latino	Male	Male	Not Reported	Low-grade glioma	#8f8fbf	Yes	AFR	2742	Not Applicable	2742	LIVING	NO EVENT
BS_2XD3MNKD	PT_YQWG98Z5	PBTA	CBTN	C789045	PT_YQWG98Z5_7316-2856_Solid Tissue_Initial CNS Tumor	7316-2856	Tumor	Initial CNS Tumor	Solid Tissue	NA	Pre-cancerous lesion	NA	NA	NA	Dysplasia/Gliosis	neuroglial tissue with gliosis	Frontal Lobe	Hemispheric	Gross/Near total resection	stranded	6251	Black or African American	Not Hispanic or Latino	Male	Male	None documented	Non-neoplastic tumor	#FFF5EB	Yes	EUR	411	Not Applicable	411	LIVING	NO EVENT
BS_2XM08BFY	PT_PPY9WF29	PBTA	PBTA-X01-FY22	C2406126	PT_PPY9WF29_7316-5217_Solid Tissue_Initial CNS Tumor	7316-5217	Tumor	Initial CNS Tumor	Solid Tissue	NA	Low-grade astrocytic tumor	Low-grade glioma	LGG, KIAA1549-BRAF	NA	Low-grade glioma/astrocytoma (WHO grade I/II)	pilocytic astrocytoma (who grade 1)	Cerebellum/Posterior Fossa	Posterior fossa	Gross/Near total resection	poly-A stranded	3493	White	Not Hispanic or Latino	Female	Female	None documented	Low-grade glioma	#8f8fbf	Yes	EUR	967	Not Applicable	967	LIVING	NO EVENT
BS_2YCJV2VV	PT_TD6ST5MG	PBTA	CBTN	C17835	PT_TD6ST5MG_7316-235_Solid Tissue_Initial CNS Tumor	7316-235	Tumor	Initial CNS Tumor	Solid Tissue	NA	Low-grade astrocytic tumor	Low-grade glioma	LGG, BRAF V600E	LGG, MAPK	Low-grade glioma/astrocytoma (WHO grade I/II)	astrocytoma with features of anaplastic tumor	Optic Pathway;Suprasellar/Hypothalamic/Pituitary	Mixed	Partial resection	stranded	129	White	Not Available	Female	Female	None documented	Low-grade glioma	#8f8fbf	Yes	EUR	613	Progressive	5435	LIVING	EVENT
BS_2Z1MKS84	PT_1T7WF5S1	PBTA	CBTN	C798270	PT_1T7WF5S1_7316-2934_Solid Tissue_Initial CNS Tumor	7316-2934	Tumor	Initial CNS Tumor	Solid Tissue	NA	Embryonal tumor	Medulloblastoma	MB, WNT	MB, WNT	Medulloblastoma	medulloblastoma	Ventricles	Ventricles	Gross/Near total resection	stranded	1846	White	Not Hispanic or Latino	Male	Male	None documented	Medulloblastoma	#a340ff	Yes	EUR	1734	Not Applicable	1734	LIVING	NO EVENT
BS_2ZKB9B81	PT_GEKNZ1KT	PBTA	CBTN	C3498735	PT_GEKNZ1KT_7316-7313_Solid Tissue_Initial CNS Tumor	7316-7313	Tumor	Initial CNS Tumor	Solid Tissue	NA	Diffuse astrocytic and oligodendroglial tumor	High-grade glioma	HGG, To be classified	NA	High-grade glioma/astrocytoma (WHO grade III/IV)	glioblastoma multiforme	Temporal Lobe	Hemispheric	Gross/Near total resection	poly-A stranded	4283	White	Not Hispanic or Latino	Male	NA	None documented	Other high-grade glioma	#ffccf5	Yes	NA	229	Deceased-due to disease	229	DECEASED	EVENT
BS_304SPN6B	PT_49KEX2FK	PBTA	PBTA-X01-FY22	C3600948	PT_49KEX2FK_7316-8066_Solid Tissue_Initial CNS Tumor	7316-8066	Tumor	Initial CNS Tumor	Solid Tissue	NA	Low-grade astrocytic tumor	Low-grade glioma	LGG, KIAA1549-BRAF	NA	Low-grade glioma/astrocytoma (WHO grade I/II)	pilocytic astrocytoma, with kiaa1549-braf fusion, and elevated proliferative activity	Cerebellum/Posterior Fossa	Posterior fossa	Gross/Near total resection	poly-A stranded	1088	Reported Unknown	Not Available	Female	Female	None documented	Low-grade glioma	#8f8fbf	Yes	EUR	Not Reported	Not Applicable	Not Reported	LIVING	NO EVENT
BS_30VC3R2Q	PT_7DTGJYA7	PBTA	CBTN	C226320	PT_7DTGJYA7_7316-639_Solid Tissue_Initial CNS Tumor	7316-639	Tumor	Initial CNS Tumor	Solid Tissue	NA	Diffuse astrocytic and oligodendroglial tumor	Diffuse midline glioma	DMG, H3 K28	DMG, H3 K28	Brainstem glioma- Diffuse intrinsic pontine glioma	anaplastic astrocytoma, who grade 3	Brain Stem- Pons	Midline	Partial resection	stranded	1070	White	Not Hispanic or Latino	Female	NA	None documented	DIPG or DMG	#ff40d9	Yes	NA	1004	Deceased-due to disease	1004	DECEASED	EVENT
BS_312K12XX	PT_6TGS95Q4	PBTA	PBTA-X01-FY22	C2462829	PT_6TGS95Q4_7316-5488_Solid Tissue_Initial CNS Tumor	7316-5488	Tumor	Initial CNS Tumor	Solid Tissue	NA	Germ cell tumor	Germinoma	NA	NA	Germinoma	germinoma	Suprasellar/Hypothalamic/Pituitary	Suprasellar	Partial resection	poly-A stranded	3895	Black or African American	Not Hispanic or Latino	Female	Female	None documented	Germ cell tumor	#0074d9	Yes	AFR	1395	Not Applicable	1395	LIVING	NO EVENT
BS_31TF0P1N	PT_M04EC74B	PBTA	CBTN	C196554	PT_M04EC74B_7316-918_Solid Tissue_Initial CNS Tumor	7316-918	Tumor	Initial CNS Tumor	Solid Tissue	NA	Embryonal tumor	Atypical Teratoid Rhabdoid Tumor	ATRT, To be classified	NA	Atypical Teratoid Rhabdoid Tumor (ATRT)	atrt	Skull	Other	Gross/Near total resection	stranded	345	Reported Unknown	Not Hispanic or Latino	Male	Male	None documented	Atypical Teratoid Rhabdoid Tumor	#4d0d85	Yes	AMR	227	Recurrence	495	DECEASED	EVENT
BS_31XK6FNH	PT_VTM2STE3	PBTA	PBTA-X01-FY22	C641691	PT_VTM2STE3_7316-2189_Derived Cell Line_Progressive_Serum-based_13	7316-2189	Tumor	Progressive	Derived Cell Line	Serum-based	Diffuse astrocytic and oligodendroglial tumor	High-grade glioma	HGG, H3 wildtype, TP53	NA	High-grade glioma/astrocytoma (WHO grade III/IV)	recurrent/residual glioblastoma multiforme who iv	Frontal Lobe;Parietal Lobe;Temporal Lobe	Hemispheric	Partial resection	poly-A stranded	3316	White	Not Hispanic or Latino	Female	Female	Other inherited conditions NOS	Other high-grade glioma	#ffccf5	No	EUR	215	Progressive	299	LIVING	EVENT
BS_32FYKNRN	PT_8GXNED2T	PBTA	PBTA-X01-FY22	C2744499	PT_8GXNED2T_7316-6508_Solid Tissue_Initial CNS Tumor	7316-6508	Tumor	Initial CNS Tumor	Solid Tissue	NA	Meningioma	Meningioma	NA	NA	Other	meningioangiomatosis	Parietal Lobe	Hemispheric	Gross/Near total resection	poly-A stranded	4694	Black or African American	Not Hispanic or Latino	Female	Female	None documented	Meningioma	#2db398	Yes	AFR	493	Not Applicable	493	LIVING	NO EVENT
BS_33AQSPRP	PT_SKXVTDKK	PBTA	PBTA-X01-FY22	C734556	PT_SKXVTDKK_7316-2727_Solid Tissue_Initial CNS Tumor	7316-2727	Tumor	Initial CNS Tumor	Solid Tissue	NA	Low-grade astrocytic tumor	Low-grade glioma	LGG, KIAA1549-BRAF	NA	Low-grade glioma/astrocytoma (WHO grade I/II)	low-grade glioma	Optic Pathway;Suprasellar/Hypothalamic/Pituitary	Mixed	Partial resection	poly-A stranded	1426	White	Not Hispanic or Latino	Male	Male	None documented	Low-grade glioma	#8f8fbf	Yes	EUR	646	Progressive	3227	LIVING	EVENT
BS_34201DKZ	PT_V0X73HEQ	PBTA	CBTN	C609711	PT_V0X73HEQ_7316-2182_Solid Tissue_Initial CNS Tumor	7316-2182	Tumor	Initial CNS Tumor	Solid Tissue	NA	Ependymal tumor	Ependymoma	EPN, PF A	EPN, PF A	Ependymoma	ependymoma	Cerebellum/Posterior Fossa;Spinal Cord- Cervical	Mixed	Partial resection	stranded	1163	White	Not Hispanic or Latino	Male	Male	None documented	Ependymoma	#2200ff	Yes	EUR	95	Progressive - Metastatic	615	DECEASED	EVENT
BS_34CAMM62	PT_BTYG7JR9	PBTA	PBTA-X01-FY22	C1155462	PT_BTYG7JR9_7316-4187_Solid Tissue_Progressive	7316-4187	Tumor	Progressive	Solid Tissue	NA	Embryonal tumor	Medulloblastoma	MB, Group3	MB, Group3	Medulloblastoma	medulloblastoma	Cerebellum/Posterior Fossa	Posterior fossa	Partial resection	poly-A stranded	1516	Reported Unknown	Not Available	Male	Male	None documented	Medulloblastoma	#a340ff	No	EUR	463	Recurrence - Metastatic	1455	DECEASED	EVENT
BS_36T79XQZ	PT_R24KKSND	PBTA	PBTA-X01-FY22	C3388404	PT_R24KKSND_7316-7214_Solid Tissue_Initial CNS Tumor	7316-7214	Tumor	Initial CNS Tumor	Solid Tissue	NA	Mesenchymal non-meningothelial tumor	Sarcoma	NA	NA	Sarcoma	bcor-altered sarcoma	Cerebellum/Posterior Fossa	Posterior fossa	Partial resection	poly-A stranded	180	White	Not Hispanic or Latino	Female	Female	None documented	Mesenchymal tumor	#7fbf00	Yes	EUR	1456	Not Applicable	1456	LIVING	NO EVENT
BS_37AZY1SH	PT_40KF771K	PBTA	CBTN	C2485338	PT_40KF771K_7316-6195_Solid Tissue_Unknown	7316-6195	Tumor	Unknown	Solid Tissue	NA	Diffuse astrocytic and oligodendroglial tumor	High-grade glioma	HGG, To be classified	NA	High-grade glioma/astrocytoma (WHO grade III/IV)	anaplastic astrocytoma, who grade iii	Other locations NOS	Other	Unavailable	poly-A stranded	1995	Black or African American	Not Hispanic or Latino	Male	NA	None documented	Other high-grade glioma	#ffccf5	No	NA	Not Reported	Deceased-causes unavailable	Not Reported	NA	NO EVENT
BS_37GTVG4N	PT_DQT78GS5	PBTA	CBTN	C874530	PT_DQT78GS5_7316-3326_Solid Tissue_Initial CNS Tumor	7316-3326	Tumor	Initial CNS Tumor	Solid Tissue	NA	Embryonal tumor	Embryonal tumor with multilayer rosettes	ETMR, C19MC-altered	ETMR, C19MC-altered	Embryonal Tumor with Multilayered Rosettes (ETMR)	embryonal tumor with multilayer rosettes, ros (who grade iv)	Frontal Lobe;Parietal Lobe;Temporal Lobe	Hemispheric	Gross/Near total resection	stranded	1134	White	Not Hispanic or Latino	Female	Female	None documented	Other CNS embryonal tumor	#b08ccf	Yes	EUR	1708	Not Applicable	1708	LIVING	NO EVENT
BS_397XFJY9	PT_97EQQMT9	PBTA	PBTA-X01-FY22	C836769	PT_97EQQMT9_7316-3114_Solid Tissue_Initial CNS Tumor	7316-3114	Tumor	Initial CNS Tumor	Solid Tissue	NA	Embryonal tumor	Medulloblastoma	MB, SHH	NA	Medulloblastoma	medulloblastoma, desmoplastic/nodular with diffuse anaplasia, who gr iv	Cerebellum/Posterior Fossa	Posterior fossa	Partial resection	poly-A stranded	4295	Reported Unknown	Hispanic or Latino	Female	Female	None documented	Medulloblastoma	#a340ff	Yes	AMR	369	Recurrence - Metastatic	634	DECEASED	EVENT
BS_398KYV92	PT_976P4557	PBTA	CBTN	C61500	PT_976P4557_7316-214_Solid Tissue_Initial CNS Tumor	7316-214	Tumor	Initial CNS Tumor	Solid Tissue	NA	Meningioma	Meningioma	NA	NA	Meningioma	meningioangiomatosis with associated meningioma (grade i who)	Frontal Lobe	Hemispheric	Gross/Near total resection	stranded	6009	White	Not Hispanic or Latino	Male	Male	None documented	Meningioma	#2db398	Yes	EUR	372	Not Applicable	372	LIVING	NO EVENT
BS_399RPKC9	PT_KVMF5TFW	PBTA	CBTN	C806142	PT_KVMF5TFW_7316-3030_Solid Tissue_Initial CNS Tumor	7316-3030	Tumor	Initial CNS Tumor	Solid Tissue	NA	Diffuse astrocytic and oligodendroglial tumor	Diffuse midline glioma	DMG, H3 K28, TP53	DMG, H3 K28	High-grade glioma/astrocytoma (WHO grade III/IV)	anaplastic astrocytoma	Brain Stem- Pons	Midline	Biopsy only	stranded	2600	White	Hispanic or Latino	Female	Female	None documented	DIPG or DMG	#ff40d9	Yes	AMR	216	Progressive	389	DECEASED	EVENT
BS_39CGACC7	PT_CBAYDRF9	PBTA	CBTN	C894948	PT_CBAYDRF9_7316-1675_Solid Tissue_Unknown	7316-1675	Tumor	Unknown	Solid Tissue	NA	Pre-cancerous lesion	NA	NA	NA	Dysplasia/Gliosis	focal cortical dysplasia iib (ilae ) (not a brain tumor)	Temporal Lobe	Hemispheric	Gross/Near total resection	stranded	4802	White	Not Hispanic or Latino	Female	Female	None documented	Non-neoplastic tumor	#FFF5EB	No	EUR	Not Reported	Not Applicable	Not Reported	LIVING	NO EVENT
BS_3A9BTVZJ	PT_67R1AF5R	PBTA	PBTA-X01-FY22	C186837	PT_67R1AF5R_7316-5481_Solid Tissue_Recurrence	7316-5481	Tumor	Recurrence	Solid Tissue	NA	Ependymal tumor	Ependymoma	EPN, To be classified	NA	Ependymoma	recurrent/residual ependymoma	Cerebellum/Posterior Fossa;Meninges/Dura	Mixed	Biopsy only	poly-A stranded	395	Asian	Not Hispanic or Latino	Male	Male	None documented	Ependymoma	#2200ff	No	EAS	650	Second Malignancy	2082	DECEASED	EVENT
BS_3AC3SRWH	PT_SDPA6AAP	PBTA	HOPE	C119925	PT_SDPA6AAP_7316-624_Solid Tissue_Initial CNS Tumor	7316-624	Tumor	Initial CNS Tumor	Solid Tissue	NA	Diffuse astrocytic and oligodendroglial tumor	High-grade glioma	HGG, H3 wildtype	NA	High-grade glioma/astrocytoma (WHO grade III/IV)	gbm	Frontal Lobe	Hemispheric	Unavailable	poly-A stranded	3740	Reported Unknown	Not Available	Female	NA	None documented	Other high-grade glioma	#ffccf5	Yes	NA	Not Reported	Not Applicable	Not Reported	LIVING	NO EVENT
BS_3BDAG9YN	PT_62VNQ8C4	PBTA	CBTN	C56211	PT_62VNQ8C4_7316-1884_Solid Tissue_Progressive	7316-1884	Tumor	Progressive	Solid Tissue	NA	Embryonal tumor	Medulloblastoma	MB, SHH	NA	Medulloblastoma	medulloblastoma	Cerebellum/Posterior Fossa;Spinal Cord- Cervical	Mixed	Partial resection	stranded	5235	White	Not Available	Female	NA	None documented	Medulloblastoma	#a340ff	No	NA	43	Progressive - Metastatic	247	DECEASED	EVENT
BS_3BVVWHP5	PT_JW6FBEFK	PBTA	CBTN	C819549	PT_JW6FBEFK_7316-3019_Solid Tissue_Progressive	7316-3019	Tumor	Progressive	Solid Tissue	NA	Low-grade astrocytic tumor	Subependymal Giant Cell Astrocytoma	SEGA, To be classified	SEGA, To be classified	Subependymal Giant Cell Astrocytoma (SEGA)	sega	Ventricles	Ventricles	Gross/Near total resection	stranded	92	Reported Unknown	Not Hispanic or Latino	Male	Male	Tuberous Sclerosis (TSC1, TSC2)	Low-grade glioma	#8f8fbf	No	AMR	699	Progressive	1433	DECEASED	EVENT
BS_3DCBDJAT	PT_AKQZZPH8	PBTA	CBTN	C832833	PT_AKQZZPH8_7316-2782_Solid Tissue_Initial CNS Tumor	7316-2782	Tumor	Initial CNS Tumor	Solid Tissue	NA	Meningioma	Meningioma	NA	NA	Meningioma	atypical meningioma, who grade ii	Parietal Lobe	Hemispheric	Gross/Near total resection	stranded	2815	Reported Unknown	Hispanic or Latino	Male	Male	None documented	Meningioma	#2db398	Yes	AMR	1174	Not Applicable	1174	LIVING	NO EVENT
BS_3EVSN5QD	PT_HXDCHQ9Y	PBTA	CBTN	C609465	PT_HXDCHQ9Y_7316-2171_Solid Tissue_Initial CNS Tumor	7316-2171	Tumor	Initial CNS Tumor	Solid Tissue	NA	Low-grade astrocytic tumor	Subependymal Giant Cell Astrocytoma	SEGA, To be classified	SEGA, To be classified	Subependymal Giant Cell Astrocytoma (SEGA)	sega	Ventricles	Ventricles	Partial resection	stranded	6654	Black or African American	Not Hispanic or Latino	Female	Female	Tuberous Sclerosis (TSC1, TSC2)	Low-grade glioma	#8f8fbf	Yes	AFR	855	Not Applicable	855	LIVING	NO EVENT
BS_3F4FQJMR	PT_8RB7TPS2	PBTA	CBTN	C21771	PT_8RB7TPS2_7316-3_Solid Tissue_Initial CNS Tumor	7316-3	Tumor	Initial CNS Tumor	Solid Tissue	NA	Ependymal tumor	Ependymoma	EPN, To be classified	NA	Ependymoma	ependymoma	Temporal Lobe	Hemispheric	Gross/Near total resection	stranded	4073	White	Not Hispanic or Latino	Male	Male	None documented	Ependymoma	#2200ff	No	EUR	2958	Not Applicable	2958	LIVING	NO EVENT
BS_3F5PR9GS	PT_HM2GMT2H	PBTA	CBTN	C15252	PT_HM2GMT2H_7316-6_Solid Tissue_Initial CNS Tumor	7316-6	Tumor	Initial CNS Tumor	Solid Tissue	NA	Embryonal tumor	Medulloblastoma	MB, SHH	MB, SHH	Medulloblastoma	medulloblastoma	Cerebellum/Posterior Fossa	Posterior fossa	Gross/Near total resection	stranded	604	White	Not Hispanic or Latino	Male	Male	None documented	Medulloblastoma	#a340ff	Yes	EUR	3337	Not Applicable	3337	LIVING	NO EVENT
BS_3G3KWY18	PT_48N4Y6YP	PBTA	CBTN	C428532	PT_48N4Y6YP_7316-1866_Solid Tissue_Initial CNS Tumor	7316-1866	Tumor	Initial CNS Tumor	Solid Tissue	NA	Low-grade astrocytic tumor	Low-grade glioma	LGG, BRAF V600E	LGG, MAPK	Low-grade glioma/astrocytoma (WHO grade I/II)	low grade astrocytoma	Suprasellar/Hypothalamic/Pituitary	Suprasellar	Partial resection	stranded	4436	Asian	Not Hispanic or Latino	Female	Female	None documented	Low-grade glioma	#8f8fbf	Yes	EAS	3353	Not Applicable	3353	LIVING	NO EVENT
BS_3GAN6Q43	PT_BDPH0Z9G	PBTA	PBTA-X01-FY22	C1233198	PT_BDPH0Z9G_7316-4915_Solid Tissue_Initial CNS Tumor	7316-4915	Tumor	Initial CNS Tumor	Solid Tissue	NA	Low-grade astrocytic tumor	Low-grade glioma	LGG, KIAA1549-BRAF	NA	Low-grade glioma/astrocytoma (WHO grade I/II)	pilocytic astrocytoma	Cerebellum/Posterior Fossa	Posterior fossa	Gross/Near total resection	poly-A stranded	3121	White	Not Hispanic or Latino	Male	Male	None documented	Low-grade glioma	#8f8fbf	Yes	EUR	1707	Not Applicable	1707	LIVING	NO EVENT
BS_3H71BH6Q	PT_AWMZ12NP	PBTA	CBTN	C534804	PT_AWMZ12NP_7316-2203_Solid Tissue_Progressive	7316-2203	Tumor	Progressive	Solid Tissue	NA	Low-grade astrocytic tumor	Ganglioglioma	GNG, wildtype	NA	Ganglioglioma	recurrent/residual ganglioglioma, who grade i	Cerebellum/Posterior Fossa	Posterior fossa	Gross/Near total resection	stranded	1702	Reported Unknown	Hispanic or Latino	Male	Male	Not Reported	Mixed neuronal-glial tumor	#685815	No	EUR	339	Progressive	4352	LIVING	EVENT
BS_3HGBZBGA	PT_8K2XRSY4	PBTA	PBTA-X01-FY22	C2583000	PT_8K2XRSY4_7316-3530_Solid Tissue_Initial CNS Tumor	7316-3530	Tumor	Initial CNS Tumor	Solid Tissue	NA	Tumors of sellar region	Adamantinomatous Craniopharyngioma	CRANIO, ADAM	CRANIO, ADAM	Craniopharyngioma	craniopharyngioma	Other locations NOS	Other	Partial resection	poly-A stranded	4747	Reported Unknown	Not Available	Female	Female	None documented	Craniopharyngioma	#b2502d	Yes	EUR	Not Reported	Not Applicable	Not Reported	LIVING	NO EVENT
BS_3J85TTZM	PT_5ZHYHDY2	PBTA	CBTN	C55719	PT_5ZHYHDY2_7316-1459_Solid Tissue_Progressive	7316-1459	Tumor	Progressive	Solid Tissue	NA	Tumor of cranial and paraspinal nerves	Malignant peripheral nerve sheath tumor	NA	NA	Malignant peripheral nerve sheath tumor (MPNST)	malignant peripheral nerve sheath tumor (mpnst)	Other locations NOS	Other	Gross/Near total resection	stranded	5918	White	Not Hispanic or Latino	Female	NA	Neurofibromatosis, Type 1 (NF-1)	Other tumor	#b5b5b5	No	NA	1998	Progressive	2260	LIVING	EVENT
BS_3JQDQR52	PT_89XRZBSG	PBTA	PBTA-X01-FY22	C94956	PT_89XRZBSG_7316-445_Derived Cell Line_Initial CNS Tumor_Serum-based_9	7316-445	Tumor	Initial CNS Tumor	Derived Cell Line	Serum-based	Diffuse astrocytic and oligodendroglial tumor	High-grade glioma	HGG, H3 wildtype, TP53	NA	High-grade glioma/astrocytoma (WHO grade III/IV)	anaplastic astrocytoma	Temporal Lobe	Hemispheric	Partial resection	poly-A stranded	6690	White	Not Hispanic or Latino	Male	Male	Li-Fraumeni syndrome (TP53)	Other high-grade glioma	#ffccf5	No	EUR	5100	Recurrence	5100	LIVING	EVENT
BS_3KASVCSQ	PT_T2V4X5ZW	PBTA	CBTN	C127059	PT_T2V4X5ZW_7316-965_Solid Tissue_Initial CNS Tumor	7316-965	Tumor	Initial CNS Tumor	Solid Tissue	NA	Germ cell tumor	Teratoma	NA	NA	Teratoma	teratoma	Temporal Lobe	Hemispheric	Gross/Near total resection	stranded	7	White	Not Hispanic or Latino	Male	Male	None documented	Germ cell tumor	#0074d9	Yes	NA	2918	Not Applicable	2918	LIVING	NO EVENT
BS_3KHXMAJF	PT_TGTJECMR	PBTA	CBTN	C687201	PT_TGTJECMR_7316-2647_Solid Tissue_Progressive	7316-2647	Tumor	Progressive	Solid Tissue	NA	Germ cell tumor	Teratoma	NA	NA	Teratoma	teratoma	Pineal Gland	Midline	Gross/Near total resection	stranded	4431	White	Not Hispanic or Latino	Male	Male	None documented	Germ cell tumor	#0074d9	No	EUR	78	Progressive	1757	LIVING	EVENT
BS_3MS8WVNR	PT_AP658JQV	PBTA	CBTN	C103935	PT_AP658JQV_7316-519_Solid Tissue_Initial CNS Tumor	7316-519	Tumor	Initial CNS Tumor	Solid Tissue	NA	Diffuse astrocytic and oligodendroglial tumor	Diffuse hemispheric glioma	DHG, H3 G35	DHG, H3 G35	High-grade glioma/astrocytoma (WHO grade III/IV)	high grade glioma with anaplastic astrocytoma (who gr 3) features)	Frontal Lobe;Occipital Lobe;Temporal Lobe	Hemispheric	Biopsy only	stranded	4582	White	Not Hispanic or Latino	Male	NA	None documented	Other high-grade glioma	#ffccf5	Yes	NA	637	Progressive	693	DECEASED	EVENT
BS_3MYEMXPQ	PT_RQ21EBK9	PBTA	CBTN	C76875	PT_RQ21EBK9_7316-367_Solid Tissue_Initial CNS Tumor	7316-367	Tumor	Initial CNS Tumor	Solid Tissue	NA	Embryonal tumor	Medulloblastoma	MB, Group4	MB, Group4	Medulloblastoma	medulloblastoma who grade iv, favor nodular desmoplastic	Cerebellum/Posterior Fossa	Posterior fossa	Partial resection	stranded	3651	Reported Unknown	Not Hispanic or Latino	Male	Male	None documented	Medulloblastoma	#a340ff	Yes	SAS	2997	Not Applicable	2997	LIVING	NO EVENT
BS_3NNQ6PSB	PT_GNKRMTQY	PBTA	CBTN	C991134	PT_GNKRMTQY_7316-3856_Solid Tissue_Initial CNS Tumor	7316-3856	Tumor	Initial CNS Tumor	Solid Tissue	NA	Tumor of pineal region	Pineoblastoma	PB, To be classified	NA	Pineoblastoma	pineoblastoma	Pineal Gland	Midline	Gross/Near total resection	stranded	2933	Reported Unknown	Hispanic or Latino	Female	Female	None documented	#220040	5	Yes	AMR	1889	Second Malignancy	1889	LIVING	EVENT
BS_3NQB12XN	PT_J8C3VPNF	PBTA	PBTA-X01-FY22	C1173543	PT_J8C3VPNF_7316-4684_Solid Tissue_Initial CNS Tumor	7316-4684	Tumor	Initial CNS Tumor	Solid Tissue	NA	Ependymal tumor	Ependymoma	EPN, To be classified	NA	Ependymoma	anaplastic ependymoma who grade iii	Ventricles	Ventricles	Partial resection	poly-A stranded	320	White	Not Hispanic or Latino	Female	Female	None documented	Ependymoma	#2200ff	Yes	EUR	120	Progressive - Metastatic	1176	LIVING	EVENT
BS_3NWQXPQV	PT_0DWRY9ZX	PBTA	CBTN	C960999	PT_0DWRY9ZX_7316-2221_Solid Tissue_Initial CNS Tumor	7316-2221	Tumor	Initial CNS Tumor	Solid Tissue	NA	Embryonal tumor	Medulloblastoma	MB, Group4	MB, Group4	Medulloblastoma	anaplastic/large cell medulloblastoma who grade iv	Cerebellum/Posterior Fossa	Posterior fossa	Gross/Near total resection	stranded	3804	White	Not Hispanic or Latino	Male	Male	None documented	Medulloblastoma	#a340ff	Yes	EUR	1049	Recurrence - Metastatic	3293	DECEASED	EVENT
BS_3P20Q2C3	PT_HYXSSCJ5	PBTA	CBTN	C879942	PT_HYXSSCJ5_7316-1088_Solid Tissue_Initial CNS Tumor	7316-1088	Tumor	Initial CNS Tumor	Solid Tissue	NA	Low-grade astrocytic tumor	Low-grade glioma	LGG, RTK	GNT	Low-grade glioma/astrocytoma (WHO grade I/II)	low grade astrocytoma	Frontal Lobe	Hemispheric	Gross/Near total resection	stranded	2522	White	Not Hispanic or Latino	Female	Female	None documented	Low-grade glioma	#8f8fbf	Yes	EUR	Not Reported	Not Applicable	Not Reported	LIVING	NO EVENT
BS_3PYESPHA	PT_A594A46X	PBTA	CBTN	C25584	PT_A594A46X_7316-91_Solid Tissue_Initial CNS Tumor	7316-91	Tumor	Initial CNS Tumor	Solid Tissue	NA	Low-grade astrocytic tumor	Ganglioglioma	GNG, other MAPK	NA	Ganglioglioma	ganglioglioma, who grade i	Temporal Lobe	Hemispheric	Partial resection	stranded	2475	White	Not Hispanic or Latino	Male	Male	None documented	Mixed neuronal-glial tumor	#685815	Yes	AFR	1116	Not Applicable	1116	LIVING	NO EVENT
BS_3Q0GTSYH	PT_KXB1PJV0	PBTA	CBTN	C58179	PT_KXB1PJV0_7316-206_Solid Tissue_Initial CNS Tumor	7316-206	Tumor	Initial CNS Tumor	Solid Tissue	NA	Low-grade astrocytic tumor	Low-grade glioma	LGG, KIAA1549-BRAF	NA	Low-grade glioma/astrocytoma (WHO grade I/II)	pilocytic astrocytoma	Cerebellum/Posterior Fossa	Posterior fossa	Gross/Near total resection	stranded	4216	Black or African American	Not Hispanic or Latino	Female	Female	None documented	Low-grade glioma	#8f8fbf	Yes	AFR	739	Not Applicable	739	LIVING	NO EVENT
BS_3RAM3K7B	PT_WF4Q4SF2	PBTA	PBTA-X01-FY22	C3665154	PT_WF4Q4SF2_7316-8860_Solid Tissue_Initial CNS Tumor	7316-8860	Tumor	Initial CNS Tumor	Solid Tissue	NA	Embryonal tumor	Medulloblastoma	MB, SHH	MB, SHH	Medulloblastoma	medulloblastoma, shh-activated large cell/anaplastic who grade 4 p53 equivocal (pending comprehensive tumor panel) no gain or amplification of myc (fish) no amplification of mycn (fish) positive for gain of mycn (fish)	Cerebellum/Posterior Fossa	Posterior fossa	Gross/Near total resection	poly-A stranded	6703	Black or African American	Not Hispanic or Latino	Female	Female	None documented	Medulloblastoma	#a340ff	Yes	AFR	1081	Not Applicable	1081	LIVING	NO EVENT
BS_3SZZ50WB	PT_HFPCMNKX	PBTA	PBTA-X01-FY22	C2684844	PT_HFPCMNKX_7316-6986_Solid Tissue_Initial CNS Tumor	7316-6986	Tumor	Initial CNS Tumor	Solid Tissue	NA	Embryonal tumor	Medulloblastoma	MB, Group3	MB, Group3	Medulloblastoma	medulloblastoma, large cell/anaplastic type who grade: iv	Cerebellum/Posterior Fossa	Posterior fossa	Gross/Near total resection	poly-A stranded	1441	White	Not Hispanic or Latino	Male	Male	None documented	Medulloblastoma	#a340ff	Yes	EUR	Not Reported	Not Applicable	Not Reported	LIVING	NO EVENT
BS_3T0G8136	PT_YJVYZM0H	PBTA	PBTA-X01-FY22	C854358	PT_YJVYZM0H_7316-3955_Solid Tissue_Progressive	7316-3955	Tumor	Progressive	Solid Tissue	NA	Tumor of cranial and paraspinal nerves	NA	NA	NA	Neurofibroma/Plexiform;Schwannoma	hybrid neurofibroma/schwannoma	Other locations NOS;Spinal Cord- Lumbar/Thecal Sac	Mixed	Partial resection	poly-A stranded	5838	White	Not Hispanic or Latino	Female	Female	None documented	Other tumor	#b5b5b5	No	EUR	606	Progressive	7042	LIVING	EVENT
BS_3T6X4BPC	PT_BBHAD51D	PBTA	CBTN	C333945	PT_BBHAD51D_7316-1089_Solid Tissue_Initial CNS Tumor	7316-1089	Tumor	Initial CNS Tumor	Solid Tissue	NA	Neuronal and mixed neuronal-glial tumor	Dysembryoplastic neuroepithelial tumor	NA	NA	Dysembryoplastic neuroepithelial tumor (DNET)	dnet	Frontal Lobe	Hemispheric	Gross/Near total resection	stranded	6500	White	Not Hispanic or Latino	Female	Female	None documented	Mixed neuronal-glial tumor	#685815	Yes	EUR	Not Reported	Not Applicable	Not Reported	LIVING	NO EVENT
BS_3TJHY996	PT_WXTDDRD9	PBTA	PBTA-X01-FY22	C3255810	PT_WXTDDRD9_7316-5876_Solid Tissue_Initial CNS Tumor	7316-5876	Tumor	Initial CNS Tumor	Solid Tissue	NA	Low-grade astrocytic tumor	Ganglioglioma	GNG, BRAF V600E	NA	Ganglioglioma	ganglioglioma	Temporal Lobe	Hemispheric	Gross/Near total resection	poly-A stranded	823	Reported Unknown	Not Available	Male	Male	None documented	Mixed neuronal-glial tumor	#685815	Yes	EUR	Not Reported	Not Applicable	Not Reported	LIVING	NO EVENT
BS_3TQSE8HF	PT_BYJ428GA	PBTA	CBTN	C48462	PT_BYJ428GA_7316-290_Solid Tissue_Initial CNS Tumor	7316-290	Tumor	Initial CNS Tumor	Solid Tissue	NA	Low-grade astrocytic tumor	Subependymal Giant Cell Astrocytoma	SEGA, wildtype	NA	Subependymal Giant Cell Astrocytoma (SEGA)	subependymal giant cell astrocytoma	Ventricles	Ventricles	Gross/Near total resection	stranded	2796	White	Not Hispanic or Latino	Female	Female	None documented	Low-grade glioma	#8f8fbf	Yes	EUR	1697	Not Applicable	1697	LIVING	NO EVENT
BS_3V3KE3VT	PT_9DMMZ08D	PBTA	CBTN	C773793	PT_9DMMZ08D_7316-1676_Solid Tissue_Initial CNS Tumor	7316-1676	Tumor	Initial CNS Tumor	Solid Tissue	NA	Embryonal tumor	Medulloblastoma	MB, SHH	NA	Medulloblastoma	anaplastic medulloblastoma	Cerebellum/Posterior Fossa	Posterior fossa	Gross/Near total resection	stranded	1433	White	Not Hispanic or Latino	Female	Female	None documented	Medulloblastoma	#a340ff	No	EUR	107	Not Applicable	107	LIVING	NO EVENT
BS_3VJ0CA6A	PT_2VYJXHHQ	PBTA	PBTA-X01-FY22	C2898864	PT_2VYJXHHQ_7316-6966_Solid Tissue_Initial CNS Tumor	7316-6966	Tumor	Initial CNS Tumor	Solid Tissue	NA	Low-grade astrocytic tumor	Low-grade glioma	LGG, KIAA1549-BRAF	NA	Low-grade glioma/astrocytoma (WHO grade I/II)	pilocytic astrocytoma, who grade i	Cerebellum/Posterior Fossa	Posterior fossa	Gross/Near total resection	poly-A stranded	311	White	Not Hispanic or Latino	Male	Male	None documented	Low-grade glioma	#8f8fbf	Yes	EUR	738	Not Applicable	738	LIVING	NO EVENT
BS_3W07B2TG	PT_HMY997GX	PBTA	CBTN	C880926	PT_HMY997GX_7316-3554_Solid Tissue_Initial CNS Tumor	7316-3554	Tumor	Initial CNS Tumor	Solid Tissue	NA	Low-grade astrocytic tumor	Low-grade glioma	SEGA, RTK	NA	Low-grade glioma/astrocytoma (WHO grade I/II)	sega	Ventricles	Ventricles	Gross/Near total resection	stranded	2234	White	Not Hispanic or Latino	Female	Female	None documented	Low-grade glioma	#8f8fbf	Yes	EUR	1006	Not Applicable	1006	LIVING	NO EVENT
BS_3X9WMZGJ	PT_3VCS1PPF	PBTA	CBTN	C47724	PT_3VCS1PPF_7316-198_Solid Tissue_Initial CNS Tumor	7316-198	Tumor	Initial CNS Tumor	Solid Tissue	NA	Ependymal tumor	Ependymoma	EPN, SP-MYCN	EPN, SP-MYCN	Ependymoma	ependymoma	Spinal Cord- Cervical;Spinal Cord- Lumbar/Thecal Sac;Spinal Cord- Thoracic	Spine	Partial resection	stranded	4658	Reported Unknown	Not Hispanic or Latino	Male	Male	None documented	Ependymoma	#2200ff	Yes	EUR	575	Progressive - Metastatic	575	LIVING	EVENT
BS_3XY76V8T	PT_GDDWPDMC	PBTA	CBTN	C657927	PT_GDDWPDMC_7316-2575_Solid Tissue_Initial CNS Tumor	7316-2575	Tumor	Initial CNS Tumor	Solid Tissue	NA	Low-grade astrocytic tumor	Ganglioglioma	GNG, BRAF V600E	GNT, MAPK	Ganglioglioma	ganglioglioma	Temporal Lobe	Hemispheric	Partial resection	stranded	6625	White	Not Hispanic or Latino	Male	Male	None documented	Mixed neuronal-glial tumor	#685815	Yes	EUR	1787	Not Applicable	1787	LIVING	NO EVENT
BS_3XYJBBHQ	PT_JC3FDHBS	PBTA	PBTA-X01-FY22	C164943	PT_JC3FDHBS_7316-6484_Solid Tissue_Deceased	7316-6484	Tumor	Deceased	Solid Tissue	NA	Diffuse astrocytic and oligodendroglial tumor	Pleomorphic xanthoastrocytoma	HGG, PXA, TP53	NA	High-grade glioma/astrocytoma (WHO grade III/IV)	anaplastic pleomorphic xanthoastrocytoma (who grade 3).	Parietal Lobe;Temporal Lobe	Hemispheric	NA	poly-A stranded	5360	White	Not Hispanic or Latino	Female	Female	None documented	Other high-grade glioma	#ffccf5	No	EAS	1162	Progressive	3032	DECEASED	EVENT
BS_3Y0QXZQB	PT_K8ZV7APT	PBTA	CBTN	C15129	PT_K8ZV7APT_7316-2590_Solid Tissue_Initial CNS Tumor	7316-2590	Tumor	Initial CNS Tumor	Solid Tissue	NA	Tumor of cranial and paraspinal nerves	Neurofibroma/Plexiform	NA	NA	Neurofibroma/Plexiform	neurofibroma/plexiform	Other locations NOS	Other	Partial resection	stranded	3899	Black or African American	Not Hispanic or Latino	Female	Female	Neurofibromatosis, Type 1 (NF-1)	Neurofibroma plexiform	#e6ac39	Yes	AFR	4408	Progressive	7175	LIVING	EVENT
BS_3Y2X2RBJ	PT_BVA0H9T9	PBTA	PBTA-X01-FY22	C2837733	PT_BVA0H9T9_7316-7079_Solid Tissue_Initial CNS Tumor	7316-7079	Tumor	Initial CNS Tumor	Solid Tissue	NA	Low-grade astrocytic tumor	Low-grade glioma	LGG, KIAA1549-BRAF	NA	Low-grade glioma/astrocytoma (WHO grade I/II)	pilocytic astrocytoma with kiaa1549-braf fusion, who grade i	Cerebellum/Posterior Fossa	Posterior fossa	Gross/Near total resection	poly-A stranded	4052	White	Not Hispanic or Latino	Male	Male	None documented	Low-grade glioma	#8f8fbf	Yes	EUR	921	Recurrence	1469	LIVING	EVENT
BS_3ZBQX151	PT_6AZMN6A8	PBTA	PBTA-X01-FY22	C3958755	PT_6AZMN6A8_7316-9717_Solid Tissue_Initial CNS Tumor	7316-9717	Tumor	Initial CNS Tumor	Solid Tissue	NA	Germ cell tumor	NA	NA	NA	Non-germinomatous germ cell tumor	post-treatment germ cell tumor with residual mature teratomatous elements	Pineal Gland	Midline	Gross/Near total resection	poly-A stranded	2961	Reported Unknown	Not Hispanic or Latino	Male	Male	None documented	Germ cell tumor	#0074d9	Yes	EUR	589	Not Applicable	589	LIVING	NO EVENT
BS_3ZGXMCJS	PT_SY6W6B0Z	PBTA	PBTA-X01-FY22	C3339819	PT_SY6W6B0Z_7316-8527_Solid Tissue_Initial CNS Tumor	7316-8527	Tumor	Initial CNS Tumor	Solid Tissue	NA	Tumor of cranial and paraspinal nerves	Malignant peripheral nerve sheath tumor	NA	NA	Malignant peripheral nerve sheath tumor (MPNST)	mpnst	Other locations NOS	Other	Gross/Near total resection	poly-A stranded	6010	White	Not Hispanic or Latino	Male	Male	Neurofibromatosis, Type 1 (NF-1)	Other tumor	#b5b5b5	Yes	EUR	179	Progressive - Metastatic	538	DECEASED	EVENT
BS_401R3KV0	PT_MBAXTJET	PBTA	CBTN	C51045	PT_MBAXTJET_7316-275_Solid Tissue_Initial CNS Tumor	7316-275	Tumor	Initial CNS Tumor	Solid Tissue	NA	Low-grade astrocytic tumor	Low-grade glioma	LGG, other MAPK	NA	Low-grade glioma/astrocytoma (WHO grade I/II)	pilocytic astrocytoma	Cerebellum/Posterior Fossa	Posterior fossa	Gross/Near total resection	stranded	1896	White	Not Hispanic or Latino	Male	Male	None documented	Low-grade glioma	#8f8fbf	Yes	EUR	524	Not Applicable	524	LIVING	NO EVENT
BS_40HCP3HB	PT_2JGWN6EA	PBTA	PBTA-X01-FY22	C2725434	PT_2JGWN6EA_7316-8051_Solid Tissue_Deceased	7316-8051	Tumor	Deceased	Solid Tissue	NA	Low-grade astrocytic tumor	Low-grade glioma	LGG, NF1-somatic, FGFR	NA	Low-grade glioma/astrocytoma (WHO grade I/II)	disseminated pilocytic astrocytoma	Cerebellum/Posterior Fossa;Spinal Cord- Cervical;Spinal Cord- Lumbar/Thecal Sac;Spinal Cord- Thoracic	Mixed	NA	poly-A stranded	1204	White	Not Hispanic or Latino	Male	Male	None documented	Low-grade glioma	#8f8fbf	No	EUR	1261	Progressive - Metastatic	4428	DECEASED	EVENT
BS_40MP5BWR	PT_JSFBMK5V	PBTA	CBTN	C88806	PT_JSFBMK5V_7316-1769_Derived Cell Line_Progressive_Serum-free_11	7316-1769	Tumor	Progressive	Derived Cell Line	Serum-free	Diffuse astrocytic and oligodendroglial tumor	Diffuse midline glioma	DMG, H3 K28	NA	High-grade glioma/astrocytoma (WHO grade III/IV)	recurrent/residual glioblastoma (gbm) who grade iv	Frontal Lobe;Suprasellar/Hypothalamic/Pituitary;Thalamus;Ventricles	Midline	Partial resection	stranded	5653	White	Not Hispanic or Latino	Male	Male	None documented	DIPG or DMG	#ff40d9	No	EUR	581	Progressive - Metastatic	638	DECEASED	EVENT
BS_418N847Z	PT_HV6XEG0K	PBTA	PBTA-X01-FY22	C944763	PT_HV6XEG0K_7316-3137_Solid Tissue_Initial CNS Tumor	7316-3137	Tumor	Initial CNS Tumor	Solid Tissue	NA	Ependymal tumor	Ependymoma	EPN, To be classified	NA	Ependymoma	ependymoma, grade 2	Ventricles	Ventricles	Gross/Near total resection	poly-A stranded	2843	White	Not Hispanic or Latino	Male	Male	None documented	Ependymoma	#2200ff	Yes	EUR	768	Not Applicable	768	LIVING	NO EVENT
BS_41YS708B	PT_CDC4A70C	PBTA	PBTA-X01-FY22	C3684219	PT_CDC4A70C_7316-8853_Solid Tissue_Initial CNS Tumor	7316-8853	Tumor	Initial CNS Tumor	Solid Tissue	NA	Tumors of sellar region	Adamantinomatous Craniopharyngioma	CRANIO, ADAM	NA	Craniopharyngioma	craniopharyngioma, adamantinomatous type, piloid gliosis, prominent, surrounding tissue	Suprasellar/Hypothalamic/Pituitary;Ventricles	Mixed	Partial resection	poly-A stranded	5496	Reported Unknown	Hispanic or Latino	Male	Male	None documented	Craniopharyngioma	#b2502d	Yes	AFR	202	Recurrence	328	LIVING	EVENT
BS_421D5Q6J	PT_VWE92AXY	PBTA	PBTA-X01-FY22	C4064904	PT_VWE92AXY_7316-6817_Solid Tissue_Initial CNS Tumor	7316-6817	Tumor	Initial CNS Tumor	Solid Tissue	NA	Pre-cancerous lesion	NA	NA	NA	Dysplasia/Gliosis	focal cortical dysplasia type iib	Frontal Lobe	Hemispheric	Gross/Near total resection	poly-A stranded	9916	Reported Unknown	Not Available	Male	Male	None documented	Non-neoplastic tumor	#FFF5EB	Yes	EUR	Not Reported	Not Applicable	Not Reported	LIVING	NO EVENT
BS_42DY6WS7	PT_12JTZFC2	PBTA	CBTN	C944148	PT_12JTZFC2_7316-3504_Solid Tissue_Initial CNS Tumor	7316-3504	Tumor	Initial CNS Tumor	Solid Tissue	NA	Low-grade astrocytic tumor	Low-grade glioma	LGG, KIAA1549-BRAF	NA	Low-grade glioma/astrocytoma (WHO grade I/II)	pilocytic astrocytoma	Cerebellum/Posterior Fossa	Posterior fossa	Gross/Near total resection	stranded	1615	White	Not Hispanic or Latino	Female	Female	None documented	Low-grade glioma	#8f8fbf	Yes	EUR	Not Reported	Not Applicable	Not Reported	LIVING	NO EVENT
BS_42Y3YANN	PT_BDNE55YT	PBTA	CBTN	C226689	PT_BDNE55YT_7316-1710_Solid Tissue_Initial CNS Tumor	7316-1710	Tumor	Initial CNS Tumor	Solid Tissue	NA	Low-grade astrocytic tumor	Low-grade glioma	LGG, KIAA1549-BRAF	NA	Low-grade glioma/astrocytoma (WHO grade I/II)	pilocytic astrocytoma	Spinal Cord- Thoracic	Spine	Partial resection	stranded	1472	White	Not Hispanic or Latino	Male	Male	None documented	Low-grade glioma	#8f8fbf	Yes	EUR	35	Progressive	2308	LIVING	EVENT
BS_44A3ES23	PT_9DMMZ08D	PBTA	CBTN	C773793	PT_9DMMZ08D_7316-1666_Solid Tissue_Initial CNS Tumor	7316-1666	Tumor	Initial CNS Tumor	Solid Tissue	NA	Embryonal tumor	Medulloblastoma	MB, SHH	NA	Medulloblastoma	medulloblastoma	Cerebellum/Posterior Fossa	Posterior fossa	Partial resection	stranded	1433	White	Not Hispanic or Latino	Female	Female	None documented	Medulloblastoma	#a340ff	Yes	EUR	107	Not Applicable	107	LIVING	NO EVENT
BS_45J79YTF	PT_6GDPNFA6	PBTA	CBTN	C655713	PT_6GDPNFA6_7316-2610_Solid Tissue_Initial CNS Tumor	7316-2610	Tumor	Initial CNS Tumor	Solid Tissue	NA	Diffuse astrocytic and oligodendroglial tumor	High-grade glioma	HGG, H3 wildtype	HGG, H3 wildtype	High-grade glioma/astrocytoma (WHO grade III/IV)	glioblastoma, who grade iv	Frontal Lobe;Other locations NOS;Ventricles	Mixed	Gross/Near total resection	stranded	1820	Reported Unknown	Not Hispanic or Latino	Female	Female	None documented	Other high-grade glioma	#ffccf5	Yes	AMR	170	Progressive - Metastatic	222	DECEASED	EVENT
BS_46BZ2NNN	PT_41RR5FQD	PBTA	CBTN	C293232	PT_41RR5FQD_7316-1115_Solid Tissue_Initial CNS Tumor	7316-1115	Tumor	Initial CNS Tumor	Solid Tissue	NA	Germ cell tumor	Teratoma	NA	NA	Teratoma	immature teratoma	Other locations NOS	Other	Partial resection	stranded	99	White	Not Hispanic or Latino	Male	Male	None documented	Germ cell tumor	#0074d9	Yes	EUR	Not Reported	Not Applicable	Not Reported	LIVING	NO EVENT
BS_46MF83WA	PT_9Y9S32VY	PBTA	PBTA-X01-FY22	C1070100	PT_9Y9S32VY_7316-4493_Solid Tissue_Initial CNS Tumor	7316-4493	Tumor	Initial CNS Tumor	Solid Tissue	NA	Embryonal tumor	Medulloblastoma	MB, Group3	NA	Medulloblastoma	medulloblastoma, who grade iv	Cerebellum/Posterior Fossa	Posterior fossa	Partial resection	poly-A stranded	5024	White	Not Hispanic or Latino	Male	Male	None documented	Medulloblastoma	#a340ff	Yes	EUR	1965	Recurrence	2390	LIVING	EVENT
BS_470DYRJQ	PT_0EWY6S6S	PBTA	CBTN	C1041441	PT_0EWY6S6S_7316-3491_Solid Tissue_Initial CNS Tumor	7316-3491	Tumor	Initial CNS Tumor	Solid Tissue	NA	Low-grade astrocytic tumor	Low-grade glioma	LGG, KIAA1549-BRAF	NA	Low-grade glioma/astrocytoma (WHO grade I/II)	pilocytic astrocytoma, who grade 1	Cerebellum/Posterior Fossa	Posterior fossa	Gross/Near total resection	stranded	3999	White	Not Hispanic or Latino	Male	Male	None documented	Low-grade glioma	#8f8fbf	Yes	EUR	1322	Not Applicable	1322	LIVING	NO EVENT
BS_478TN841	PT_W6AWJJK7	PBTA	CBTN	C62484	PT_W6AWJJK7_7316-230_Solid Tissue_Initial CNS Tumor	7316-230	Tumor	Initial CNS Tumor	Solid Tissue	NA	Low-grade astrocytic tumor	Ganglioglioma	GNG, other MAPK, IDH	NA	Ganglioglioma	ganglioglioma	Frontal Lobe	Hemispheric	Gross/Near total resection	stranded	3925	White	Not Hispanic or Latino	Female	Female	None documented	Mixed neuronal-glial tumor	#685815	Yes	EUR	2545	Recurrence	4331	LIVING	EVENT
BS_479S95Q6	PT_8V3360DR	PBTA	CBTN	C250305	PT_8V3360DR_7316-641_Solid Tissue_Initial CNS Tumor	7316-641	Tumor	Initial CNS Tumor	Solid Tissue	NA	Tumor of cranial and paraspinal nerves	Schwannoma	NA	NA	Schwannoma	schwannoma (who grade 1)	Spinal Cord- Lumbar/Thecal Sac	Spine	Gross/Near total resection	stranded	7605	White	Not Hispanic or Latino	Female	Female	None documented	Schwannoma	#ab7200	Yes	EUR	120	Not Applicable	120	LIVING	NO EVENT
BS_47SJZ3PH	PT_1VQWQ0TC	PBTA	CBTN	C979818	PT_1VQWQ0TC_7316-3627_Solid Tissue_Recurrence	7316-3627	Tumor	Recurrence	Solid Tissue	NA	Low-grade astrocytic tumor	Low-grade glioma	LGG, BRAF V600E, other MAPK	LGG, BRAF/MAPK	Low-grade glioma/astrocytoma (WHO grade I/II)	low grade astrocytoma	Cerebellum/Posterior Fossa	Posterior fossa	Partial resection	stranded	5605	White	Not Hispanic or Latino	Male	Male	None documented	Low-grade glioma	#8f8fbf	No	EUR	1444	Recurrence	2353	LIVING	EVENT
BS_49852ZBH	PT_5VAKED5F	PBTA	CBTN	C736647	PT_5VAKED5F_7316-2689_Solid Tissue_Initial CNS Tumor	7316-2689	Tumor	Initial CNS Tumor	Solid Tissue	NA	Low-grade astrocytic tumor	Low-grade glioma	LGG, KIAA1549-BRAF	NA	Low-grade glioma/astrocytoma (WHO grade I/II)	pilocytic astrocytoma, who grade i	Ventricles	Ventricles	Gross/Near total resection	stranded	1607	Reported Unknown	Hispanic or Latino	Male	Male	None documented	Low-grade glioma	#8f8fbf	Yes	AMR	665	Not Applicable	665	LIVING	NO EVENT
BS_49BQS7Z6	PT_HNZNZ635	PBTA	HOPE	C801468	PT_HNZNZ635_7316-2151_Solid Tissue_Progressive	7316-2151	Tumor	Progressive	Solid Tissue	NA	Diffuse astrocytic and oligodendroglial tumor	High-grade glioma	HGG, H3 wildtype	NA	High-grade glioma/astrocytoma (WHO grade III/IV)	anaplastic astrocytoma	Thalamus	Midline	Partial resection	stranded	2199	White	Hispanic or Latino	Male	Male	None documented	Other high-grade glioma	#ffccf5	No	AMR	78	Progressive	560	LIVING	EVENT
BS_49CJNZ06	PT_M9XXJ4GR	PBTA	PNOC	C3080781	PT_M9XXJ4GR_A09576_Solid Tissue_Initial CNS Tumor	A09576	Tumor	Initial CNS Tumor	Solid Tissue	NA	Diffuse astrocytic and oligodendroglial tumor	Diffuse midline glioma	DMG, H3 K28, TP53	NA	Brainstem glioma- Diffuse intrinsic pontine glioma	High Grade Glial Neoplasma	Pons/Brainstem	Midline	NA	poly-A	3893	White	Not Hispanic or Latino	Male	Unknown	None documented	DIPG or DMG	#ff40d9	Yes	EUR	NA	NA	260	DECEASED	NO EVENT
BS_49F4RAA4	PT_J06X17XH	PBTA	CBTN	C879327	PT_J06X17XH_7316-1649_Solid Tissue_Initial CNS Tumor	7316-1649	Tumor	Initial CNS Tumor	Solid Tissue	NA	Histiocytic tumor	Rosai-Dorfman disease	NA	NA	Other	rosai-dorfman disease	Parietal Lobe	Hemispheric	Gross/Near total resection	stranded	5146	White	Not Hispanic or Latino	Male	Male	None documented	Other tumor	#b5b5b5	Yes	EUR	202	Recurrence	202	LIVING	EVENT
BS_49FQXT2E	PT_89XRZBSG	PBTA	CBTN	C94956	PT_89XRZBSG_7316-1789_Solid Tissue_Recurrence	7316-1789	Tumor	Recurrence	Solid Tissue	NA	Diffuse astrocytic and oligodendroglial tumor	High-grade glioma	HGG, H3 wildtype, TP53	NA	High-grade glioma/astrocytoma (WHO grade III/IV)	anaplastic astrocytoma	Temporal Lobe	Hemispheric	Partial resection	stranded	6690	White	Not Hispanic or Latino	Male	Male	Li-Fraumeni syndrome (TP53)	Other high-grade glioma	#ffccf5	No	EUR	5100	Recurrence	5100	LIVING	EVENT
BS_49VCQD19	PT_DEDRCQWH	PBTA	CBTN	C80442	PT_DEDRCQWH_7316-398_Solid Tissue_Initial CNS Tumor	7316-398	Tumor	Initial CNS Tumor	Solid Tissue	NA	Tumor of cranial and paraspinal nerves	Neurofibroma/Plexiform	NA	NA	Neurofibroma/Plexiform	neurofibroma/plexiform	Spinal Cord- Lumbar/Thecal Sac;Spinal Cord- Thoracic	Spine	Partial resection	stranded	516	Black or African American	Not Hispanic or Latino	Female	Female	Neurofibromatosis, Type 1 (NF-1)	Neurofibroma plexiform	#e6ac39	Yes	AFR	3915	Not Applicable	3915	LIVING	NO EVENT
BS_4A45GGSW	PT_QJDY4Y9P	PBTA	CBTN	C235422	PT_QJDY4Y9P_7316-562_Solid Tissue_Initial CNS Tumor	7316-562	Tumor	Initial CNS Tumor	Solid Tissue	NA	Low-grade astrocytic tumor	Low-grade glioma	LGG, KIAA1549-BRAF	NA	Low-grade glioma/astrocytoma (WHO grade I/II)	juvenile pilocytic astrocytoma	Cerebellum/Posterior Fossa	Posterior fossa	Gross/Near total resection	stranded	4754	White	Hispanic or Latino	Female	Female	None documented	Low-grade glioma	#8f8fbf	Yes	EUR	1302	Progressive	2358	LIVING	EVENT
BS_4B0BAVTX	PT_7FZ8SE69	PBTA	HOPE	C524349	PT_7FZ8SE69_7316-2152_Solid Tissue_Initial CNS Tumor	7316-2152	Tumor	Initial CNS Tumor	Solid Tissue	NA	Diffuse astrocytic and oligodendroglial tumor	Diffuse midline glioma	DMG, H3 K28, TP53	NA	High-grade glioma/astrocytoma (WHO grade III/IV)	high grade glioma (who grade iii)	Optic Pathway;Suprasellar/Hypothalamic/Pituitary;Thalamus	Midline	Biopsy only	stranded	4402	White	Not Hispanic or Latino	Male	Male	None documented	DIPG or DMG	#ff40d9	Yes	EUR	91	Progressive	482	DECEASED	EVENT
BS_4BM3F6XJ	PT_0FNG5FK3	PBTA	PBTA-X01-FY22	C3778314	PT_0FNG5FK3_7316-7756_Solid Tissue_Initial CNS Tumor	7316-7756	Tumor	Initial CNS Tumor	Solid Tissue	NA	Diffuse astrocytic and oligodendroglial tumor	High-grade glioma	HGG, H3 wildtype, TP53	NA	High-grade glioma/astrocytoma (WHO grade III/IV)	pediatric-type diffuse high-grade glioma, h3-wild type and  idh-wild type	Frontal Lobe	Hemispheric	Gross/Near total resection	poly-A stranded	6332	Reported Unknown	Hispanic or Latino	Male	Male	None documented	Other high-grade glioma	#ffccf5	Yes	AMR	Not Reported	Not Applicable	Not Reported	LIVING	NO EVENT
BS_4BWB0FA0	PT_EXYXBDGP	PBTA	CBTN	C945132	PT_EXYXBDGP_7316-3140_Solid Tissue_Initial CNS Tumor	7316-3140	Tumor	Initial CNS Tumor	Solid Tissue	NA	Low-grade astrocytic tumor	Low-grade glioma	LGG, KIAA1549-BRAF	NA	Low-grade glioma/astrocytoma (WHO grade I/II)	jpa, grade 1	Thalamus	Midline	Gross/Near total resection	stranded	6045	White	Not Hispanic or Latino	Male	NA	None documented	Low-grade glioma	#8f8fbf	Yes	NA	2229	Not Applicable	2229	LIVING	NO EVENT
BS_4C4MZ4NT	PT_A9F8Y6MA	PBTA	CBTN	C111930	PT_A9F8Y6MA_7316-476_Solid Tissue_Initial CNS Tumor	7316-476	Tumor	Initial CNS Tumor	Solid Tissue	NA	Low-grade astrocytic tumor	Low-grade glioma	LGG, KIAA1549-BRAF	NA	Low-grade glioma/astrocytoma (WHO grade I/II)	pilomyxoid astrocytoma	Spinal Cord- Cervical;Spinal Cord- Lumbar/Thecal Sac;Spinal Cord- Thoracic;Suprasellar/Hypothalamic/Pituitary	Mixed	Biopsy only	stranded	199	White	Not Hispanic or Latino	Male	Male	None documented	Low-grade glioma	#8f8fbf	Yes	EUR	Not Reported	Deceased-due to unknown causes	Not Reported	NA	NO EVENT
BS_4C6B11E4	PT_6PJ126FF	PBTA	PNOC	C3173277	PT_6PJ126FF_7316-8815_Solid Tissue_Initial CNS Tumor	7316-8815	Tumor	Initial CNS Tumor	Solid Tissue	NA	Diffuse astrocytic and oligodendroglial tumor	Diffuse midline glioma	DMG, H3 K28	NA	High-grade glioma/astrocytoma (WHO grade III/IV)	diffuse midline glioma	brain, dorsal pons	Midline	NA	stranded	NA	Asian	Not Available	Female	Female	None documented	DIPG or DMG	#ff40d9	Yes	EAS	NA	NA	NA	NA	NO EVENT
BS_4CP4T22V	PT_9HMVHQEH	PBTA	CBTN	C20910	PT_9HMVHQEH_7316-22_Solid Tissue_Initial CNS Tumor	7316-22	Tumor	Initial CNS Tumor	Solid Tissue	NA	Embryonal tumor	Medulloblastoma	MB, Group4	MB, Group4	Medulloblastoma	medulloblastoma who grade iv	Cerebellum/Posterior Fossa	Posterior fossa	Gross/Near total resection	stranded	2644	Black or African American	Not Hispanic or Latino	Male	Male	None documented	Medulloblastoma	#a340ff	Yes	AFR	1099	Recurrence - Metastatic	2322	DECEASED	EVENT
BS_4CXE5XEP	PT_AYV78KT9	PBTA	PBTA-X01-FY22	C3622227	PT_AYV78KT9_7316-8836_Solid Tissue_Initial CNS Tumor	7316-8836	Tumor	Initial CNS Tumor	Solid Tissue	NA	Low-grade astrocytic tumor	Low-grade glioma	LGG, KIAA1549-BRAF	NA	Low-grade glioma/astrocytoma (WHO grade I/II)	pilocytic astrocytoma	Cerebellum/Posterior Fossa	Posterior fossa	Gross/Near total resection	poly-A stranded	1477	White	Not Hispanic or Latino	Male	Male	None documented	Low-grade glioma	#8f8fbf	Yes	EUR	633	Not Applicable	633	LIVING	NO EVENT
BS_4D9DD103	PT_9A6RPJ97	PBTA	CBTN	C217095	PT_9A6RPJ97_7316-906_Solid Tissue_Initial CNS Tumor	7316-906	Tumor	Initial CNS Tumor	Solid Tissue	NA	Embryonal tumor	Medulloblastoma	MB, WNT	MB, WNT	Medulloblastoma	medulloblastoma	Cerebellum/Posterior Fossa;Spinal Cord- Lumbar/Thecal Sac	Mixed	Gross/Near total resection	stranded	2994	White	Not Hispanic or Latino	Female	Female	None documented	Medulloblastoma	#a340ff	Yes	EUR	13	Progressive - Metastatic	3080	LIVING	EVENT
BS_4E1G7E3G	PT_RJ1TJ2KH	PBTA	CBTN	C603069	PT_RJ1TJ2KH_7316-2110_Solid Tissue_Initial CNS Tumor	7316-2110	Tumor	Initial CNS Tumor	Solid Tissue	NA	Embryonal tumor	Atypical Teratoid Rhabdoid Tumor	ATRT, TYR	ATRT, TYR	Atypical Teratoid Rhabdoid Tumor (ATRT)	atypical teratoid / rhabdoid tumor (who grade iv)	Cerebellum/Posterior Fossa	Posterior fossa	Gross/Near total resection	stranded	218	White	Not Hispanic or Latino	Male	Male	Other inherited conditions NOS	Atypical Teratoid Rhabdoid Tumor	#4d0d85	Yes	EUR	220	Recurrence - Metastatic	408	DECEASED	EVENT
BS_4EN8D8Y4	PT_ZRQQC2S9	PBTA	CBTN	C945009	PT_ZRQQC2S9_7316-3139_Solid Tissue_Initial CNS Tumor	7316-3139	Tumor	Initial CNS Tumor	Solid Tissue	NA	Low-grade astrocytic tumor	Low-grade glioma	LGG, NF1-germline, CDKN2A/B	NA	Low-grade glioma/astrocytoma (WHO grade I/II)	jpa with nf1 mutation	Frontal Lobe	Hemispheric	Gross/Near total resection	stranded	5407	White	Not Hispanic or Latino	Female	Female	Neurofibromatosis, Type 1 (NF-1)	Low-grade glioma	#8f8fbf	Yes	EUR	2162	Not Applicable	2162	LIVING	NO EVENT
BS_4FSWWNAK	PT_19GCSK2S	PBTA	PBTA-X01-FY22	C2751264	PT_19GCSK2S_7316-7622_Solid Tissue_Deceased	7316-7622	Tumor	Deceased	Solid Tissue	NA	Diffuse astrocytic and oligodendroglial tumor	Diffuse midline glioma	DMG, H3 K28, TP53	DMG, H3 K28	High-grade glioma/astrocytoma (WHO grade III/IV)	diffuse midline glioma, h3k27m-mutant, who grade iv	Cerebellum/Posterior Fossa;Hippocampus;Other locations NOS;Temporal Lobe;Thalamus	Mixed	NA	poly-A stranded	3363	White	Not Hispanic or Latino	Female	Female	None documented	DIPG or DMG	#ff40d9	No	EUR	96	Recurrence - Metastatic	203	DECEASED	EVENT
BS_4FZS7TX4	PT_NPETR8RY	PBTA	CBTN	C35793	PT_NPETR8RY_7316-160_Solid Tissue_Initial CNS Tumor	7316-160	Tumor	Initial CNS Tumor	Solid Tissue	NA	Ependymal tumor	Ependymoma	EPN, PF A	EPN, PF A	Ependymoma	ependymoma	Ventricles	Ventricles	Gross/Near total resection	stranded	1223	White	Hispanic or Latino	Male	Male	None documented	Ependymoma	#2200ff	Yes	EUR	1115	Recurrence	4473	LIVING	EVENT
BS_4GTESTSE	PT_1ZAWNGWT	PBTA	CBTN	C43542	PT_1ZAWNGWT_7316-319_Solid Tissue_Progressive	7316-319	Tumor	Progressive	Solid Tissue	NA	Low-grade astrocytic tumor	Ganglioglioma	GNG, IDH	LGG, IDH	Ganglioglioma	ganglioglioma	Frontal Lobe	Hemispheric	Gross/Near total resection	stranded	6215	White	Not Available	Female	Female	None documented	Mixed neuronal-glial tumor	#685815	No	EUR	2011	Progressive	2156	LIVING	EVENT
BS_4HQ3T2NC	PT_6N1QWCXE	PBTA	CBTN	C1028403	PT_6N1QWCXE_7316-3169_Solid Tissue_Initial CNS Tumor	7316-3169	Tumor	Initial CNS Tumor	Solid Tissue	NA	Low-grade astrocytic tumor	Low-grade glioma	LGG, KIAA1549-BRAF	NA	Low-grade glioma/astrocytoma (WHO grade I/II)	pilocytic astrocytoma, who grade i	Cerebellum/Posterior Fossa	Posterior fossa	Gross/Near total resection	stranded	2869	White	Not Hispanic or Latino	Male	Male	None documented	Low-grade glioma	#8f8fbf	Yes	EUR	1179	Not Applicable	1179	LIVING	NO EVENT
BS_4J9RWYRN	PT_GTHZF21E	PBTA	PBTA-X01-FY22	C3232317	PT_GTHZF21E_7316-9066_Solid Tissue_Deceased	7316-9066	Tumor	Deceased	Solid Tissue	NA	Diffuse astrocytic and oligodendroglial tumor	Diffuse midline glioma	DMG, H3 K28, TP53	DMG, H3 K28	High-grade glioma/astrocytoma (WHO grade III/IV)	thalamic dmg	Brain Stem- Pons;Cerebellum/Posterior Fossa;Frontal Lobe;Parietal Lobe;Spinal Cord- Cervical;Spinal Cord- Lumbar/Thecal Sac;Spinal Cord- Thoracic;Thalamus;Ventricles	Mixed	NA	poly-A stranded	3795	Reported Unknown	Not Hispanic or Latino	Female	Female	None documented	DIPG or DMG	#ff40d9	No	AFR	192	Progressive	527	DECEASED	EVENT
BS_4JWBB28H	PT_69C7CBFW	PBTA	CBTN	C597534	PT_69C7CBFW_7316-1959_Solid Tissue_Initial CNS Tumor	7316-1959	Tumor	Initial CNS Tumor	Solid Tissue	NA	Mesenchymal non-meningothelial tumor	Rhabdomyosarcoma	NA	NA	Rhabdomyosarcoma	alveolar rhabdomyosarcoma	Other locations NOS	Other	Partial resection	stranded	250	White	Not Hispanic or Latino	Male	Male	None documented	Mesenchymal tumor	#7fbf00	Yes	EUR	Not Reported	Not Applicable	Not Reported	LIVING	NO EVENT
BS_4N1GNHX4	PT_548918FZ	PBTA	PBTA-X01-FY22	C3557160	PT_548918FZ_7316-8728_Solid Tissue_Progressive	7316-8728	Tumor	Progressive	Solid Tissue	NA	Low-grade astrocytic tumor	Low-grade glioma	LGG, FGFR, NF1-somatic	NA	Low-grade glioma/astrocytoma (WHO grade I/II)	residual/recurrent low grade glioma	Optic Pathway;Suprasellar/Hypothalamic/Pituitary	Mixed	Partial resection	poly-A stranded	2145	White	Not Hispanic or Latino	Male	Male	None documented	Low-grade glioma	#8f8fbf	No	EUR	4001	Progressive	5449	LIVING	EVENT
BS_4NF35AF6	PT_FAPEH6R1	PBTA	CBTN	C824223	PT_FAPEH6R1_7316-1660_Solid Tissue_Initial CNS Tumor	7316-1660	Tumor	Initial CNS Tumor	Solid Tissue	NA	Low-grade astrocytic tumor	Low-grade glioma	LGG, RTK	LGG, MAPK	Low-grade glioma/astrocytoma (WHO grade I/II)	low grade astrocytoma	Thalamus	Midline	Partial resection	stranded	4379	White	Not Hispanic or Latino	Male	Male	None documented	Low-grade glioma	#8f8fbf	Yes	EUR	Not Reported	Not Applicable	Not Reported	LIVING	NO EVENT
BS_4NWHYH53	PT_Y4FN0XN1	PBTA	CBTN	C170601	PT_Y4FN0XN1_7316-1252_Solid Tissue_Initial CNS Tumor	7316-1252	Tumor	Initial CNS Tumor	Solid Tissue	NA	Ependymal tumor	Ependymoma	EPN, ST ZFTA	EPN, ST ZFTA	Ependymoma	ependymoma	Frontal Lobe	Hemispheric	Gross/Near total resection	stranded	4262	Reported Unknown	Not Available	Unknown	NA	None documented	Ependymoma	#2200ff	Yes	NA	2644	Not Applicable	2644	LIVING	NO EVENT
BS_4PBXY1E3	PT_Q4GD8TFQ	PBTA	PBTA-X01-FY22	C1054725	PT_Q4GD8TFQ_7316-4221_Solid Tissue_Initial CNS Tumor	7316-4221	Tumor	Initial CNS Tumor	Solid Tissue	NA	Embryonal tumor	Medulloblastoma	MB, WNT	MB, WNT	Medulloblastoma	medulloblastoma wnt activated, who grade iv	Ventricles	Ventricles	Gross/Near total resection	poly-A stranded	3260	White	Not Hispanic or Latino	Female	Female	None documented	Medulloblastoma	#a340ff	Yes	EUR	1854	Not Applicable	1854	LIVING	NO EVENT
BS_4PH1MBGR	PT_NDVJE438	PBTA	CBTN	C758541	PT_NDVJE438_7316-2811_Solid Tissue_Initial CNS Tumor	7316-2811	Tumor	Initial CNS Tumor	Solid Tissue	NA	Embryonal tumor	Medulloblastoma	MB, Group4	MB, Group4	Medulloblastoma	medulloblastoma (who grade iv)	Cerebellum/Posterior Fossa	Posterior fossa	Partial resection	stranded	2820	Asian	Not Hispanic or Latino	Male	Male	None documented	Medulloblastoma	#a340ff	Yes	EAS	663	Recurrence - Metastatic	3482	LIVING	EVENT
BS_4PPHAQXF	PT_P5HHJJPH	PBTA	HOPE	C116727	PT_P5HHJJPH_7316-870_Solid Tissue_Progressive	7316-870	Tumor	Progressive	Solid Tissue	NA	Diffuse astrocytic and oligodendroglial tumor	Pleomorphic xanthoastrocytoma	HGG, PXA	HGG, PXA	High-grade glioma/astrocytoma (WHO grade III/IV)	high-grade glioma	Parietal Lobe;Temporal Lobe	Hemispheric	Partial resection	poly-A stranded	3570	Reported Unknown	Hispanic or Latino	Female	Female	None documented	Other high-grade glioma	#ffccf5	No	AMR	169	Progressive	855	DECEASED	EVENT
BS_4PWDGEB0	PT_FF0NV7ZM	PBTA	CBTN	C124599	PT_FF0NV7ZM_7316-716_Solid Tissue_Initial CNS Tumor	7316-716	Tumor	Initial CNS Tumor	Solid Tissue	NA	Diffuse astrocytic and oligodendroglial tumor	High-grade glioma	HGG, To be classified	NA	High-grade glioma/astrocytoma (WHO grade III/IV)	glioblastoma multiforme who gr 4	Frontal Lobe	Hemispheric	Gross/Near total resection	poly-A stranded	537	White	Not Hispanic or Latino	Male	NA	None documented	Other high-grade glioma	#ffccf5	Yes	NA	3313	Not Applicable	3313	LIVING	NO EVENT
BS_4Q3NRFBD	PT_8YS7JD5V	PBTA	Oligo	C999006	PT_8YS7JD5V_7316UP-2398_Solid Tissue_Primary Tumor	7316UP-2398	Tumor	Primary Tumor	Solid Tissue	NA	Diffuse astrocytic and oligodendroglial tumor	Oligodendroglioma	NA	NA	Oligodendroglioma	NA	Cerebrum	Hemispheric	NA	stranded	10875	Reported Unknown	Not Hispanic or Latino	Female	Female	None documented	Oligodendroglioma	tan	Yes	EUR	NA	NA	NA	NA	NO EVENT
BS_4QW2S1Q8	PT_Y5KY6KN9	PBTA	HOPE	C56826	PT_Y5KY6KN9_7316-195_Solid Tissue_Initial CNS Tumor	7316-195	Tumor	Initial CNS Tumor	Solid Tissue	NA	Diffuse astrocytic and oligodendroglial tumor	Diffuse midline glioma	DMG, H3 K28, TP53	DMG, H3 K28	High-grade glioma/astrocytoma (WHO grade III/IV)	glioblastoma multiforme	Cerebellum/Posterior Fossa	Posterior fossa	Partial resection	stranded	3296	White	Not Hispanic or Latino	Male	Male	None documented	DIPG or DMG	#ff40d9	Yes	EUR	276	Deceased-due to disease	276	DECEASED	EVENT
BS_4RAHHT12	PT_GFERC3PT	PBTA	PBTA-X01-FY22	C4145715	PT_GFERC3PT_7316-9975_Solid Tissue_Initial CNS Tumor	7316-9975	Tumor	Initial CNS Tumor	Solid Tissue	NA	Histiocytic tumor	Langerhans Cell histiocytosis	NA	NA	Langerhans Cell histiocytosis	langerhans cell histiocytosis (lch)	Skull	Other	Gross/Near total resection	poly-A stranded	4148	White	Not Hispanic or Latino	Female	Female	None documented	Other tumor	#b5b5b5	Yes	EUR	271	Not Applicable	271	LIVING	NO EVENT
BS_4SCWT0FX	PT_D3AN5M5W	PBTA	CBTN	C20418	PT_D3AN5M5W_7316-47_Solid Tissue_Initial CNS Tumor	7316-47	Tumor	Initial CNS Tumor	Solid Tissue	NA	Ependymal tumor	Ependymoma	EPN, PF A	EPN, PF A	Ependymoma	anaplastic ependymoma grade 3	Ventricles	Ventricles	Gross/Near total resection	stranded	4337	White	Not Hispanic or Latino	Male	Male	None documented	Ependymoma	#2200ff	Yes	EUR	923	Deceased-due to disease	923	DECEASED	EVENT
BS_4SKWCEDV	PT_P69FZ5A6	PBTA	PBTA-X01-FY22	C2878446	PT_P69FZ5A6_7316-7100_Solid Tissue_Initial CNS Tumor	7316-7100	Tumor	Initial CNS Tumor	Solid Tissue	NA	Germ cell tumor	Germinoma	NA	NA	Germinoma	germinoma	Suprasellar/Hypothalamic/Pituitary	Suprasellar	Partial resection	poly-A stranded	4580	Reported Unknown	Hispanic or Latino	Female	Female	None documented	Germ cell tumor	#0074d9	Yes	AMR	641	Recurrence - Metastatic	1396	LIVING	EVENT
BS_4SM4CG1E	PT_2S69A6JY	PBTA	PBTA-X01-FY22	C2544747	PT_2S69A6JY_7316-5239_Solid Tissue_Initial CNS Tumor	7316-5239	Tumor	Initial CNS Tumor	Solid Tissue	NA	Choroid plexus tumor	Choroid plexus tumor	NA	NA	Choroid plexus papilloma	atypical choroid plexus papilloma who grade ii	Cerebellum/Posterior Fossa;Frontal Lobe;Ventricles	Mixed	Gross/Near total resection	poly-A stranded	4053	White	Not Hispanic or Latino	Male	Male	None documented	Choroid plexus tumor	#00441B	Yes	EUR	890	Not Applicable	890	LIVING	NO EVENT
BS_4SMPV083	PT_TBTGEVJV	PBTA	CBTN	C1274403	PT_TBTGEVJV_7316-5090_Solid Tissue_Progressive	7316-5090	Tumor	Progressive	Solid Tissue	NA	Diffuse astrocytic and oligodendroglial tumor	Pleomorphic xanthoastrocytoma	HGG, PXA	HGG, PXA	High-grade glioma/astrocytoma (WHO grade III/IV)	epithelioid glioblastoma, arising from a pleiomorphic xanthoastrocytoma	Frontal Lobe;Parietal Lobe	Hemispheric	Unavailable	poly-A stranded	4068	Reported Unknown	Not Available	Male	NA	None documented	Other high-grade glioma	#ffccf5	No	NA	Not Reported	Progressive	Not Reported	LIVING	EVENT
BS_4T0HPZDC	PT_06H29FCG	PBTA	CBTN	C457806	PT_06H29FCG_7316-1944_Solid Tissue_Initial CNS Tumor	7316-1944	Tumor	Initial CNS Tumor	Solid Tissue	NA	Ependymal tumor	Ependymoma	EPN, To be classified	NA	Ependymoma	ependymoma	Cerebellum/Posterior Fossa	Posterior fossa	Gross/Near total resection	stranded	813	White	Not Hispanic or Latino	Female	Female	None documented	Ependymoma	#2200ff	Yes	EUR	Not Reported	Not Applicable	Not Reported	LIVING	NO EVENT
BS_4T0HQ9QF	PT_3AR6AW9N	PBTA	PBTA-X01-FY22	C3986184	PT_3AR6AW9N_7316-9840_Solid Tissue_Deceased	7316-9840	Tumor	Deceased	Solid Tissue	NA	Diffuse astrocytic and oligodendroglial tumor	Diffuse midline glioma	DMG, H3 K28, TP53	DMG, H3 K28	High-grade glioma/astrocytoma (WHO grade III/IV)	dmg, h3k27m mutant, who gr iv	Thalamus	Midline	NA	poly-A stranded	3868	Reported Unknown	Not Available	Male	Unknown	None documented	DIPG or DMG	#ff40d9	No	EUR	267	Recurrence	446	DECEASED	EVENT
BS_4TZQY7TT	PT_F4Q7HW4H	PBTA	PBTA-X01-FY22	C2581278	PT_F4Q7HW4H_7316-4556_Solid Tissue_Initial CNS Tumor	7316-4556	Tumor	Initial CNS Tumor	Solid Tissue	NA	Low-grade astrocytic tumor	Low-grade glioma	LGG, BRAF V600E	NA	Low-grade glioma/astrocytoma (WHO grade I/II)	pleomorphic xanthoastrocytoma	Frontal Lobe	Hemispheric	Gross/Near total resection	poly-A stranded	8675	Reported Unknown	Not Available	Female	Female	None documented	Low-grade glioma	#8f8fbf	Yes	EUR	Not Reported	Not Applicable	Not Reported	LIVING	NO EVENT
BS_4V42BXBT	PT_HF824BSM	PBTA	HOPE	C1253616	PT_HF824BSM_7316-4942_Solid Tissue_Recurrence	7316-4942	Tumor	Recurrence	Solid Tissue	NA	Diffuse astrocytic and oligodendroglial tumor	High-grade glioma	HGG, H3 wildtype, TP53	NA	High-grade glioma/astrocytoma (WHO grade III/IV)	glioblastoma	Thalamus	Midline	Gross/Near total resection	stranded	1719	Reported Unknown	Hispanic or Latino	Male	Male	None documented	Other high-grade glioma	#ffccf5	No	AMR	1810	Recurrence	2151	DECEASED	EVENT
BS_4W1DBAN4	PT_5D3AVPCW	PBTA	CBTN	C42927	PT_5D3AVPCW_7316-187_Solid Tissue_Initial CNS Tumor	7316-187	Tumor	Initial CNS Tumor	Solid Tissue	NA	Pre-cancerous lesion	NA	NA	NA	Dysplasia/Gliosis	dysplasia/gliosis	Frontal Lobe;Occipital Lobe;Parietal Lobe	Hemispheric	Gross/Near total resection	stranded	184	White	Not Hispanic or Latino	Female	Male	None documented	Non-neoplastic tumor	#FFF5EB	Yes	EUR	Not Reported	Not Applicable	Not Reported	LIVING	NO EVENT
BS_4W1PKKYD	PT_Q8QBKBTX	PBTA	PBTA-X01-FY22	C3384960	PT_Q8QBKBTX_7316-7541_Solid Tissue_Progressive	7316-7541	Tumor	Progressive	Solid Tissue	NA	Low-grade astrocytic tumor	Low-grade glioma	LGG, NF1-somatic, NF1-germline	NA	Low-grade glioma/astrocytoma (WHO grade I/II)	pilocytic astrocytoma who grade 1 with nf1 mutation	Basal Ganglia;Brain Stem- Midbrain/Tectum;Spine NOS;Temporal Lobe;Thalamus	Mixed	Partial resection	poly-A stranded	1572	White	Not Hispanic or Latino	Male	Male	Neurofibromatosis, Type 1 (NF-1)	Low-grade glioma	#8f8fbf	No	EUR	868	Recurrence - Metastatic	5662	LIVING	EVENT
BS_4W68NV3M	PT_D215EQAP	PBTA	CBTN	C417585	PT_D215EQAP_7316-747_Solid Tissue_Initial CNS Tumor	7316-747	Tumor	Initial CNS Tumor	Solid Tissue	NA	Embryonal tumor	Medulloblastoma	MB, Group4	MB, Group4	Medulloblastoma	medulloblastoma with desmoplasia and melanotic differentiation, who grade iv	Cerebellum/Posterior Fossa	Posterior fossa	Gross/Near total resection	stranded	2759	More Than One Race	Hispanic or Latino	Male	Male	Not Reported	Medulloblastoma	#a340ff	Yes	AMR	1638	Not Applicable	1638	LIVING	NO EVENT
BS_4X5GB9K0	PT_CNCJZ4JD	PBTA	PBTA-X01-FY22	C1002819	PT_CNCJZ4JD_7316-3956_Solid Tissue_Initial CNS Tumor	7316-3956	Tumor	Initial CNS Tumor	Solid Tissue	NA	Benign tumor	NA	NA	NA	Other	hemangioma	Spinal Cord- Lumbar/Thecal Sac	Spine	Gross/Near total resection	poly-A stranded	4066	White	Not Hispanic or Latino	Female	Female	None documented	Non-neoplastic tumor	#FFF5EB	Yes	NA	1648	Not Applicable	1648	LIVING	NO EVENT
BS_4XH092HE	PT_TRZ1N1HQ	PBTA	PBTA-X01-FY22	C1046730	PT_TRZ1N1HQ_7316-4225_Solid Tissue_Initial CNS Tumor	7316-4225	Tumor	Initial CNS Tumor	Solid Tissue	NA	Low-grade astrocytic tumor	Low-grade glioma	LGG, KIAA1549-BRAF, BRAF V600E	NA	Low-grade glioma/astrocytoma (WHO grade I/II)	pilocytic astrocytoma with kiaa1549- braf fusion, who grade i	Brain Stem- Pons;Other locations NOS	Mixed	Biopsy only	poly-A stranded	2386	White	Not Hispanic or Latino	Male	Male	None documented	Low-grade glioma	#8f8fbf	Yes	EUR	463	Progressive	2514	LIVING	EVENT
BS_4XZH52X8	PT_J4BNR6FN	PBTA	PBTA-X01-FY22	C975021	PT_J4BNR6FN_7316-3924_Solid Tissue_Initial CNS Tumor	7316-3924	Tumor	Initial CNS Tumor	Solid Tissue	NA	Germ cell tumor	Germinoma	NA	NA	Germinoma	germinoma	Pineal Gland	Midline	Biopsy only	poly-A stranded	5673	Reported Unknown	Hispanic or Latino	Male	Male	None documented	Germ cell tumor	#0074d9	Yes	AMR	Not Reported	Not Applicable	Not Reported	LIVING	NO EVENT
BS_4Y2JAQTS	PT_01SH4F1X	PBTA	PBTA-X01-FY22	C2578326	PT_01SH4F1X_7316-6365_Solid Tissue_Initial CNS Tumor	7316-6365	Tumor	Initial CNS Tumor	Solid Tissue	NA	Low-grade astrocytic tumor	Ganglioglioma	GNG, wildtype	NA	Ganglioglioma	ganglioglioma with braf v600e mutation, who grade i	Temporal Lobe	Hemispheric	Gross/Near total resection	poly-A stranded	3838	White	Not Hispanic or Latino	Male	Male	None documented	Mixed neuronal-glial tumor	#685815	Yes	EUR	245	Recurrence	1665	LIVING	EVENT
BS_4Y6BCYK5	PT_N9SG16EC	PBTA	CBTN	C597657	PT_N9SG16EC_7316-1958_Solid Tissue_Initial CNS Tumor	7316-1958	Tumor	Initial CNS Tumor	Solid Tissue	NA	Low-grade astrocytic tumor	Low-grade glioma	LGG, KIAA1549-BRAF	NA	Low-grade glioma/astrocytoma (WHO grade I/II)	pilocytic astrocytoma	Cerebellum/Posterior Fossa	Posterior fossa	Gross/Near total resection	stranded	8379	White	Not Hispanic or Latino	Female	Female	None documented	Low-grade glioma	#8f8fbf	Yes	EUR	Not Reported	Not Applicable	Not Reported	LIVING	NO EVENT
BS_4Y93HVP4	PT_WFQNVJ4Z	PBTA	PBTA-X01-FY22	C1026189	PT_WFQNVJ4Z_7316-3925_Solid Tissue_Initial CNS Tumor	7316-3925	Tumor	Initial CNS Tumor	Solid Tissue	NA	Low-grade astrocytic tumor	Low-grade glioma	LGG, KIAA1549-BRAF	NA	Low-grade glioma/astrocytoma (WHO grade I/II)	pilocytic/pilomyxoid astrocytoma with kiaa1549- braf fusion, who grade i	Ventricles	Ventricles	Partial resection	poly-A stranded	1895	White	Not Hispanic or Latino	Female	Female	None documented	Low-grade glioma	#8f8fbf	Yes	AFR	1228	Progressive	1228	LIVING	EVENT
BS_4Z2F4P9N	PT_BWGZBVD1	PBTA	CBTN	C824592	PT_BWGZBVD1_7316-1678_Solid Tissue_Initial CNS Tumor	7316-1678	Tumor	Initial CNS Tumor	Solid Tissue	NA	Low-grade astrocytic tumor	Low-grade glioma	LGG, BRAF V600E	NA	Low-grade glioma/astrocytoma (WHO grade I/II)	pilomyxoid astrocytoma	Optic Pathway;Other locations NOS;Suprasellar/Hypothalamic/Pituitary	Mixed	Gross/Near total resection	stranded	315	White	Not Hispanic or Latino	Female	Female	None documented	Low-grade glioma	#8f8fbf	Yes	EUR	Not Reported	Not Applicable	Not Reported	LIVING	NO EVENT
BS_503DZ8BN	PT_3FWKC70D	PBTA	PBTA-X01-FY22	C647472	PT_3FWKC70D_7316-2323_Solid Tissue_Recurrence	7316-2323	Tumor	Recurrence	Solid Tissue	NA	Low-grade astrocytic tumor	Low-grade glioma	LGG, other MAPK, H3	NA	Low-grade glioma/astrocytoma (WHO grade I/II)	anaplastic pilocytic astrocytoma	Frontal Lobe;Suprasellar/Hypothalamic/Pituitary;Temporal Lobe	Mixed	Partial resection	poly-A stranded	3070	Reported Unknown	Not Available	Female	Female	None documented	Low-grade glioma	#8f8fbf	No	EUR	1568	Recurrence	1754	DECEASED	EVENT
BS_50S6TFFE	PT_GMFX689Z	PBTA	PBTA-X01-FY22	C1276125	PT_GMFX689Z_7316-5108_Solid Tissue_Initial CNS Tumor	7316-5108	Tumor	Initial CNS Tumor	Solid Tissue	NA	Ependymal tumor	Ependymoma	EPN, PF B	EPN, PF B	Ependymoma	anaplastic ependymoma, who grade iii	Cerebellum/Posterior Fossa;Spinal Cord- Cervical;Ventricles	Mixed	Gross/Near total resection	poly-A stranded	3997	Reported Unknown	Hispanic or Latino	Female	Female	None documented	Ependymoma	#2200ff	Yes	AMR	1330	Recurrence	2893	LIVING	EVENT
BS_51FQXETB	PT_062ZW10V	PBTA	PBTA-X01-FY22	C2344749	PT_062ZW10V_7316-5423_Solid Tissue_Deceased	7316-5423	Tumor	Deceased	Solid Tissue	NA	Neuronal and mixed neuronal-glial tumor	Glial-neuronal tumor NOS	GNT, FGFR	NA	Glial-neuronal tumor NOS	metastatic glioneuronal tumor	Cerebellum/Posterior Fossa;Cranial Nerves NOS;Spinal Cord- Lumbar/Thecal Sac;Spinal Cord- Thoracic;Spine NOS	Mixed	NA	poly-A stranded	7123	White	Not Hispanic or Latino	Male	Male	None documented	Mixed neuronal-glial tumor	#685815	No	EUR	878	Recurrence - Metastatic	1175	DECEASED	EVENT
BS_51RA1PGE	PT_HMF8J4EG	PBTA	CBTN	C250674	PT_HMF8J4EG_7316-644_Solid Tissue_Initial CNS Tumor	7316-644	Tumor	Initial CNS Tumor	Solid Tissue	NA	Diffuse astrocytic and oligodendroglial tumor	Diffuse midline glioma	DMG, H3 K28, TP53	DMG, H3 K28	High-grade glioma/astrocytoma (WHO grade III/IV)	glioblastoma multiforme (who grade iv)	Thalamus	Midline	Biopsy only	stranded	2879	Reported Unknown	Hispanic or Latino	Male	Male	None documented	DIPG or DMG	#ff40d9	Yes	AMR	264	Progressive	358	DECEASED	EVENT
BS_52426AMF	PT_3HRS5CWF	PBTA	CBTN	C262605	PT_3HRS5CWF_7316-925_Solid Tissue_Initial CNS Tumor	7316-925	Tumor	Initial CNS Tumor	Solid Tissue	NA	Low-grade astrocytic tumor	Low-grade glioma	LGG, KIAA1549-BRAF	LGG, BRAF/MAPK	Low-grade glioma/astrocytoma (WHO grade I/II)	low-grade glioma/astrocytoma	Cerebellum/Posterior Fossa	Posterior fossa	Gross/Near total resection	stranded	779	White	Not Hispanic or Latino	Female	NA	None documented	Low-grade glioma	#8f8fbf	Yes	NA	762	Not Applicable	762	LIVING	NO EVENT
BS_52C576HH	PT_KFYJBQB8	PBTA	HOPE	C944517	PT_KFYJBQB8_7316-3075_Solid Tissue_Initial CNS Tumor	7316-3075	Tumor	Initial CNS Tumor	Solid Tissue	NA	Diffuse astrocytic and oligodendroglial tumor	Infant-type hemispheric glioma	IHG, ROS1-altered	HGG, IHG	High-grade glioma/astrocytoma (WHO grade III/IV)	high grade glioma/gbm	Temporal Lobe	Hemispheric	Gross/Near total resection	stranded	257	White	Not Hispanic or Latino	Male	Male	None documented	Other high-grade glioma	#ffccf5	Yes	EUR	Not Reported	Not Applicable	Not Reported	LIVING	NO EVENT
BS_52DAPP1Y	PT_WYF217NZ	PBTA	CBTN	C72324	PT_WYF217NZ_7316-345_Solid Tissue_Initial CNS Tumor	7316-345	Tumor	Initial CNS Tumor	Solid Tissue	NA	Low-grade astrocytic tumor	Low-grade glioma	LGG, KIAA1549-BRAF	LGG, BRAF/MAPK	Low-grade glioma/astrocytoma (WHO grade I/II)	low-grade glioma	Cerebellum/Posterior Fossa	Posterior fossa	Gross/Near total resection	stranded	2478	White	Not Hispanic or Latino	Male	Male	None documented	Low-grade glioma	#8f8fbf	Yes	EUR	1138	Not Applicable	1138	LIVING	NO EVENT
BS_52MPKTJH	PT_KX84KH6K	PBTA	CBTN	C702576	PT_KX84KH6K_7316-2703_Solid Tissue_Initial CNS Tumor	7316-2703	Tumor	Initial CNS Tumor	Solid Tissue	NA	Diffuse astrocytic and oligodendroglial tumor	High-grade glioma	HGG, To be classified	NA	High-grade glioma/astrocytoma (WHO grade III/IV)	anaplastic pilocytic astrocytoma (who grade iii)	Brain Stem- Pons	Midline	Biopsy only	stranded	4810	American Indian or Alaska Native	Not Hispanic or Latino	Male	NA	None documented	Other high-grade glioma	#ffccf5	Yes	NA	219	Progressive	289	DECEASED	EVENT
BS_52TQWRJN	PT_DQE0STN1	PBTA	PBTA-X01-FY22	C1063950	PT_DQE0STN1_7316-3509_Solid Tissue_Initial CNS Tumor	7316-3509	Tumor	Initial CNS Tumor	Solid Tissue	NA	Neuronal and mixed neuronal-glial tumor	Glial-neuronal tumor NOS	GNT, To be classified	GNT	Glial-neuronal tumor NOS	low grade glioneuronal tumor	Other locations NOS	Other	Gross/Near total resection	poly-A stranded	5353	White	Not Hispanic or Latino	Female	Female	None documented	Mixed neuronal-glial tumor	#685815	Yes	EUR	Not Reported	Not Applicable	Not Reported	LIVING	NO EVENT
BS_534XRSNB	PT_6VKN63HK	PBTA	PBTA-X01-FY22	C4034277	PT_6VKN63HK_7316-9505_Solid Tissue_Initial CNS Tumor	7316-9505	Tumor	Initial CNS Tumor	Solid Tissue	NA	Low-grade astrocytic tumor	Low-grade glioma	LGG, KIAA1549-BRAF	NA	Low-grade glioma/astrocytoma (WHO grade I/II)	pilocytic astrocytoma	Cerebellum/Posterior Fossa	Posterior fossa	Gross/Near total resection	poly-A stranded	3698	More Than One Race	Not Hispanic or Latino	Male	Male	None documented	Low-grade glioma	#8f8fbf	Yes	EUR	Not Reported	Not Applicable	Not Reported	LIVING	NO EVENT
BS_53CTGDQG	PT_3D74J8RZ	PBTA	CBTN	C127305	PT_3D74J8RZ_7316-1792_Solid Tissue_Progressive	7316-1792	Tumor	Progressive	Solid Tissue	NA	Meningioma	Meningioma	NA	NA	Meningioma	meningioma	Meninges/Dura	Other	Partial resection	stranded	5431	White	Not Hispanic or Latino	Male	Male	Neurofibromatosis, Type 2 (NF-2)	Meningioma	#2db398	No	EUR	236	Progressive	6726	DECEASED	EVENT
BS_53GQKVEX	PT_GQZ84ACS	PBTA	CBTN	C114759	PT_GQZ84ACS_7316-487_Solid Tissue_Initial CNS Tumor	7316-487	Tumor	Initial CNS Tumor	Solid Tissue	NA	Low-grade astrocytic tumor	Low-grade glioma	LGG, KIAA1549-BRAF	LGG, MAPK	Low-grade glioma/astrocytoma (WHO grade I/II)	low-grade glioma	Suprasellar/Hypothalamic/Pituitary	Suprasellar	Partial resection	stranded	553	White	Not Hispanic or Latino	Male	Male	None documented	Low-grade glioma	#8f8fbf	Yes	EUR	1635	Progressive	3842	LIVING	EVENT
BS_53KFK3G0	PT_DKRVS07M	PBTA	PBTA-X01-FY22	C4097622	PT_DKRVS07M_7316-8926_Solid Tissue_Initial CNS Tumor	7316-8926	Tumor	Initial CNS Tumor	Solid Tissue	NA	Embryonal tumor	Atypical Teratoid Rhabdoid Tumor	ATRT, To be classified	NA	Atypical Teratoid Rhabdoid Tumor (ATRT)	atypical teratoid/rhabdoid tumor, who grade 4	Cerebellum/Posterior Fossa	Posterior fossa	Gross/Near total resection	poly-A stranded	368	White	Hispanic or Latino	Female	Female	None documented	Atypical Teratoid Rhabdoid Tumor	#4d0d85	Yes	AMR	Not Reported	Not Applicable	Not Reported	LIVING	NO EVENT
BS_53M8PP88	PT_NPETR8RY	PBTA	CBTN	C35793	PT_NPETR8RY_7316-1784_Solid Tissue_Recurrence	7316-1784	Tumor	Recurrence	Solid Tissue	NA	Ependymal tumor	Ependymoma	EPN, PF A	EPN, PF A	Ependymoma	ependymoma	Ventricles	Ventricles	Gross/Near total resection	stranded	1223	White	Hispanic or Latino	Male	Male	None documented	Ependymoma	#2200ff	No	EUR	1115	Recurrence	4473	LIVING	EVENT
BS_54H90JW2	PT_FVBANNK9	PBTA	PBTA-X01-FY22	C3397875	PT_FVBANNK9_7316-6395_Solid Tissue_Initial CNS Tumor	7316-6395	Tumor	Initial CNS Tumor	Solid Tissue	NA	Low-grade astrocytic tumor	Low-grade glioma	LGG, other MAPK	NA	Low-grade glioma/astrocytoma (WHO grade I/II)	pilomyxoid astrocytoma	Frontal Lobe	Hemispheric	Gross/Near total resection	poly-A stranded	3163	Reported Unknown	Not Hispanic or Latino	Male	Male	None documented	Low-grade glioma	#8f8fbf	Yes	EUR	349	Not Applicable	349	LIVING	NO EVENT
BS_55JW3HFM	PT_R10BSB9F	PBTA	CBTN	C654729	PT_R10BSB9F_7316-1965_Solid Tissue_Initial CNS Tumor	7316-1965	Tumor	Initial CNS Tumor	Solid Tissue	NA	Low-grade astrocytic tumor	Ganglioglioma	GNG, wildtype	NA	Ganglioglioma	ganglioglioma	Temporal Lobe	Hemispheric	Gross/Near total resection	stranded	451	White	Not Hispanic or Latino	Male	Male	None documented	Mixed neuronal-glial tumor	#685815	Yes	EUR	Not Reported	Not Applicable	Not Reported	LIVING	NO EVENT
BS_55P8HPYD	PT_Q25V9Y6M	PBTA	CBTN	C773670	PT_Q25V9Y6M_7316-1668_Solid Tissue_Initial CNS Tumor	7316-1668	Tumor	Initial CNS Tumor	Solid Tissue	NA	Low-grade astrocytic tumor	Low-grade glioma	LGG, KIAA1549-BRAF, FGFR	NA	Low-grade glioma/astrocytoma (WHO grade I/II)	pilocytic astrocytoma	Cerebellum/Posterior Fossa	Posterior fossa	Gross/Near total resection	stranded	1401	White	Not Hispanic or Latino	Male	Male	None documented	Low-grade glioma	#8f8fbf	Yes	EUR	Not Reported	Not Applicable	Not Reported	LIVING	NO EVENT
BS_55X1W2MR	PT_QNMBRAKM	PBTA	PBTA-X01-FY22	C1221636	PT_QNMBRAKM_7316-4450_Solid Tissue_Initial CNS Tumor	7316-4450	Tumor	Initial CNS Tumor	Solid Tissue	NA	Low-grade astrocytic tumor	Ganglioglioma	GNG, BRAF V600E	NA	Ganglioglioma	ganglioglioma, who grade 1	Temporal Lobe	Hemispheric	Partial resection	poly-A stranded	4142	Black or African American	Not Hispanic or Latino	Male	Male	None documented	Mixed neuronal-glial tumor	#685815	Yes	AFR	1074	Progressive	2182	LIVING	EVENT
BS_57NMZPS0	PT_JQ8ZRKBH	PBTA	PBTA-X01-FY22	C2802924	PT_JQ8ZRKBH_7316-6977_Solid Tissue_Recurrence	7316-6977	Tumor	Recurrence	Solid Tissue	NA	Low-grade astrocytic tumor	Low-grade glioma	LGG, RTK	NA	Low-grade glioma/astrocytoma (WHO grade I/II)	malignant neuroepithelial tumor	Cerebellum/Posterior Fossa	Posterior fossa	Gross/Near total resection	poly-A stranded	730	Reported Unknown	Hispanic or Latino	Female	Female	None documented	Low-grade glioma	#8f8fbf	No	AMR	7494	Recurrence	7659	DECEASED	EVENT
BS_58AJ8F56	PT_5ZMC0VG2	PBTA	PBTA-X01-FY22	C3292710	PT_5ZMC0VG2_7316-7618_Solid Tissue_Deceased	7316-7618	Tumor	Deceased	Solid Tissue	NA	Diffuse astrocytic and oligodendroglial tumor	Diffuse intrinsic pontine glioma	DIPG, To be classified	NA	Brainstem glioma- Diffuse intrinsic pontine glioma	dipg who grade iv	Brain Stem- Pons	Midline	NA	poly-A stranded	2099	White	Not Hispanic or Latino	Male	NA	None documented	DIPG or DMG	#ff40d9	No	NA	170	Deceased-due to disease	170	DECEASED	EVENT
BS_58N4Y4ZJ	PT_NF6R6YHR	PBTA	PBTA-X01-FY22	C2897142	PT_NF6R6YHR_7316-7064_Solid Tissue_Initial CNS Tumor	7316-7064	Tumor	Initial CNS Tumor	Solid Tissue	NA	Embryonal tumor	Medulloblastoma	MB, SHH	NA	Medulloblastoma	medulloblastoma, desmoplastic/nodular, shh-activated, tp53 wild type, who grade iv	Cerebellum/Posterior Fossa	Posterior fossa	Gross/Near total resection	poly-A stranded	5980	Reported Unknown	Hispanic or Latino	Male	Male	None documented	Medulloblastoma	#a340ff	Yes	AMR	193	Not Applicable	193	LIVING	NO EVENT
BS_58YXHGAJ	PT_G4N67N0D	PBTA	CBTN	C176874	PT_G4N67N0D_7316-1057_Solid Tissue_Progressive	7316-1057	Tumor	Progressive	Solid Tissue	NA	Diffuse astrocytic and oligodendroglial tumor	High-grade glioma	HGG, H3 wildtype	HGG, H3 wildtype	High-grade glioma/astrocytoma (WHO grade III/IV)	glioblastoma multiforme (who grade iv)	Hippocampus;Temporal Lobe	Mixed	Unavailable	poly-A stranded	4284	White	Not Hispanic or Latino	Male	NA	None documented	Other high-grade glioma	#ffccf5	No	NA	266	Progressive	420	DECEASED	EVENT
BS_593HEWBF	PT_DB800CE1	PBTA	CBTN	C48093	PT_DB800CE1_7316-261_Solid Tissue_Initial CNS Tumor	7316-261	Tumor	Initial CNS Tumor	Solid Tissue	NA	Low-grade astrocytic tumor	Ganglioglioma	GNG, other MAPK	NA	Ganglioglioma	ganglioglioma	Temporal Lobe	Hemispheric	Gross/Near total resection	stranded	2093	White	Not Hispanic or Latino	Male	NA	None documented	Mixed neuronal-glial tumor	#685815	Yes	NA	634	Not Applicable	634	LIVING	NO EVENT
BS_5965SFPZ	PT_A325EYR2	PBTA	CBTN	C796794	PT_A325EYR2_7316-2557_Solid Tissue_Initial CNS Tumor	7316-2557	Tumor	Initial CNS Tumor	Solid Tissue	NA	Diffuse astrocytic and oligodendroglial tumor	Diffuse midline glioma	DMG, H3 K28	DMG, H3 K28	Brainstem glioma- Diffuse intrinsic pontine glioma	diffuse midline glioma, h3-k27m mutant who grade iv	Brain Stem- Pons;Cerebellum/Posterior Fossa	Mixed	Partial resection	stranded	2774	White	Not Hispanic or Latino	Female	Female	None documented	DIPG or DMG	#ff40d9	Yes	EUR	237	Progressive	273	DECEASED	EVENT
BS_596QRYFP	PT_5Q52M9W8	PBTA	HOPE	C20541	PT_5Q52M9W8_7316-37_Solid Tissue_Progressive	7316-37	Tumor	Progressive	Solid Tissue	NA	Diffuse astrocytic and oligodendroglial tumor	High-grade glioma	HGG, H3 wildtype	NA	High-grade glioma/astrocytoma (WHO grade III/IV)	recurrent anaplastic astrocytoma	Brain Stem- Midbrain/Tectum;Brain Stem- Pons;Cerebellum/Posterior Fossa	Mixed	Gross/Near total resection	poly-A stranded	9784	White	Not Hispanic or Latino	Female	Female	None documented	Other high-grade glioma	#ffccf5	No	EUR	180	Progressive	4845	DECEASED	EVENT
BS_59ZJWJTF	PT_3AWKWXEV	PBTA	CBTN	C28290	PT_3AWKWXEV_7316-85_Derived Cell Line_Initial CNS Tumor_Serum-based_4	7316-85	Tumor	Initial CNS Tumor	Derived Cell Line	Serum-based	Diffuse astrocytic and oligodendroglial tumor	High-grade glioma	HGG, H3 wildtype	NA	High-grade glioma/astrocytoma (WHO grade III/IV)	glioblastoma multiforme	Temporal Lobe	Hemispheric	Gross/Near total resection	stranded	919	White	Not Available	Male	Male	None documented	Other high-grade glioma	#ffccf5	No	EUR	515	Deceased-due to disease	515	DECEASED	EVENT
BS_5AF6ZNJF	PT_02MVZZSW	PBTA	CBTN	C310329	PT_02MVZZSW_7316-1702_Solid Tissue_Initial CNS Tumor	7316-1702	Tumor	Initial CNS Tumor	Solid Tissue	NA	Meningioma	Meningioma	NA	NA	Meningioma	meningioma	Cerebellum/Posterior Fossa;Other locations NOS;Temporal Lobe	Mixed	Partial resection	stranded	4656	White	Not Hispanic or Latino	Female	Female	None documented	Meningioma	#2db398	Yes	EUR	541	Recurrence	1381	LIVING	EVENT
BS_5AK32KGB	PT_9BZETM0M	PBTA	PBTA-X01-FY22	C36285	PT_9BZETM0M_7316-158_Derived Cell Line_Initial CNS Tumor_Serum-free_25	7316-158	Tumor	Initial CNS Tumor	Derived Cell Line	Serum-free	Diffuse astrocytic and oligodendroglial tumor	Diffuse hemispheric glioma	DHG, H3 G35	NA	Supratentorial or Spinal Cord PNET	pnet with glial and neuronal differentiation and subarachnoid growth	Frontal Lobe	Hemispheric	Gross/Near total resection	poly-A stranded	6523	White	Not Hispanic or Latino	Male	Male	None documented	Other high-grade glioma	#ffccf5	No	EUR	2305	Recurrence - Metastatic	2681	DECEASED	EVENT
BS_5CMGN56B	PT_4ZSR5DY8	PBTA	CBTN	C62730	PT_4ZSR5DY8_7316-264_Solid Tissue_Progressive	7316-264	Tumor	Progressive	Solid Tissue	NA	Low-grade astrocytic tumor	Low-grade glioma	LGG, NF1-germline, FGFR	NA	Low-grade glioma/astrocytoma (WHO grade I/II)	low grade astrocytoma	Cerebellum/Posterior Fossa	Posterior fossa	Gross/Near total resection	stranded	4150	White	Not Hispanic or Latino	Male	Male	Neurofibromatosis, Type 1 (NF-1)	Low-grade glioma	#8f8fbf	No	EUR	486	Progressive	6028	LIVING	EVENT
BS_5CTVXVRX	PT_DW2XRPC9	PBTA	CBTN	C97416	PT_DW2XRPC9_7316-430_Solid Tissue_Recurrence	7316-430	Tumor	Recurrence	Solid Tissue	NA	Diffuse astrocytic and oligodendroglial tumor	High-grade glioma	HGG, To be classified	NA	High-grade glioma/astrocytoma (WHO grade III/IV)	small cell malignant neoplasm	Temporal Lobe	Hemispheric	Gross/Near total resection	stranded	3815	White	Not Hispanic or Latino	Female	NA	None documented	Other high-grade glioma	#ffccf5	No	NA	Not Reported	Recurrence	991	DECEASED	EVENT
BS_5EFYPZT0	PT_HX3JEBYR	PBTA	CBTN	C1082892	PT_HX3JEBYR_7316-3440_Solid Tissue_Deceased	7316-3440	Tumor	Deceased	Solid Tissue	NA	Diffuse astrocytic and oligodendroglial tumor	Diffuse hemispheric glioma	DHG, H3 G35	DHG, H3 G35	High-grade glioma/astrocytoma (WHO grade III/IV)	glioblastoma	Frontal Lobe;Parietal Lobe;Temporal Lobe;Ventricles	Mixed	NA	poly-A stranded	4868	Reported Unknown	Not Available	Male	NA	None documented	Other high-grade glioma	#ffccf5	No	NA	81	Recurrence	465	DECEASED	EVENT
BS_5G5BD2MD	PT_SBE1B4CV	PBTA	PBTA-X01-FY22	C3571551	PT_SBE1B4CV_7316-6807_Solid Tissue_Initial CNS Tumor	7316-6807	Tumor	Initial CNS Tumor	Solid Tissue	NA	Diffuse astrocytic and oligodendroglial tumor	High-grade glioma	HGG, H3 wildtype	NA	High-grade glioma/astrocytoma (WHO grade III/IV)	centrally revised as high grade glioneuronal tumor	Ventricles	Ventricles	Gross/Near total resection	poly-A stranded	4566	Reported Unknown	Not Available	Female	Female	None documented	Other high-grade glioma	#ffccf5	Yes	EUR	Not Reported	Not Applicable	Not Reported	LIVING	NO EVENT
BS_5GNQC2FF	PT_VAJN5QP8	PBTA	CBTN	C624225	PT_VAJN5QP8_7316-2176_Derived Cell Line_Initial CNS Tumor_Serum-based_3	7316-2176	Tumor	Initial CNS Tumor	Derived Cell Line	Serum-based	Diffuse astrocytic and oligodendroglial tumor	High-grade glioma	HGG, H3 wildtype	NA	High-grade glioma/astrocytoma (WHO grade III/IV)	high grade glioma	Basal Ganglia;Optic Pathway;Temporal Lobe;Ventricles	Hemispheric	Partial resection	stranded	6158	White	Not Hispanic or Latino	Female	Female	None documented	Other high-grade glioma	#ffccf5	No	EUR	1776	Not Applicable	1776	LIVING	NO EVENT
BS_5J5D3QTD	PT_DDQCAZJG	PBTA	PBTA-X01-FY22	C3409191	PT_DDQCAZJG_7316-8112_Solid Tissue_Initial CNS Tumor	7316-8112	Tumor	Initial CNS Tumor	Solid Tissue	NA	Low-grade astrocytic tumor	Low-grade glioma	LGG, KIAA1549-BRAF	NA	Low-grade glioma/astrocytoma (WHO grade I/II)	pilocytic astrocytoma with kiaa1549-braf fusion	Cerebellum/Posterior Fossa	Posterior fossa	Gross/Near total resection	poly-A stranded	3236	Reported Unknown	Hispanic or Latino	Female	Female	None documented	Low-grade glioma	#8f8fbf	Yes	AMR	519	Recurrence	519	LIVING	EVENT
BS_5JM573JC	PT_6Q0NPVP3	PBTA	CBTN	C731727	PT_6Q0NPVP3_7316-2255_Solid Tissue_Initial CNS Tumor	7316-2255	Tumor	Initial CNS Tumor	Solid Tissue	NA	Low-grade astrocytic tumor	Ganglioglioma	GNG, H3	NA	Ganglioglioma	ganglioma with extensive chondroid metaplasia	Frontal Lobe	Hemispheric	Gross/Near total resection	stranded	871	White	Not Hispanic or Latino	Female	Female	None documented	Mixed neuronal-glial tumor	#685815	Yes	EUR	136	Recurrence	801	LIVING	EVENT
BS_5K3R0F5D	PT_A0F23R7E	PBTA	CBTN	C95079	PT_A0F23R7E_7316-452_Solid Tissue_Progressive	7316-452	Tumor	Progressive	Solid Tissue	NA	Low-grade astrocytic tumor	Ganglioglioma	GNG, BRAF V600E	NA	Ganglioglioma	ganglioglioma	Temporal Lobe	Hemispheric	Gross/Near total resection	stranded	983	Reported Unknown	Not Hispanic or Latino	Male	Male	None documented	Mixed neuronal-glial tumor	#685815	No	EUR	481	Progressive	850	LIVING	EVENT
BS_5KBXD2GQ	PT_8FBR94AD	PBTA	PBTA-X01-FY22	C2671068	PT_8FBR94AD_7316-6884_Solid Tissue_Deceased	7316-6884	Tumor	Deceased	Solid Tissue	NA	Diffuse astrocytic and oligodendroglial tumor	Diffuse midline glioma	DMG, H3 K28	DMG, H3 K28	Brainstem glioma- Diffuse intrinsic pontine glioma	residual/recurrent diffuse midline glioma, h3 k27m-mutant (corresponds to grade iv)	Brain Stem-Medulla;Brain Stem- Midbrain/Tectum;Brain Stem- Pons;Cerebellum/Posterior Fossa;Thalamus	Mixed	NA	poly-A stranded	3055	White	Not Hispanic or Latino	Male	Male	None documented	DIPG or DMG	#ff40d9	No	EUR	349	Deceased-due to disease	349	DECEASED	EVENT
BS_5NWDARXG	PT_EEKE0V9T	PBTA	CBTN	C19065	PT_EEKE0V9T_7316-32_Solid Tissue_Initial CNS Tumor	7316-32	Tumor	Initial CNS Tumor	Solid Tissue	NA	Low-grade astrocytic tumor	Low-grade glioma	LGG, BRAF V600E	NA	Low-grade glioma/astrocytoma (WHO grade I/II)	pilocytic astrocytoma who i	Temporal Lobe	Hemispheric	Gross/Near total resection	stranded	6259	White	Not Hispanic or Latino	Male	Male	None documented	Low-grade glioma	#8f8fbf	Yes	EUR	2885	Not Applicable	2885	LIVING	NO EVENT
BS_5P1TN10Z	PT_9BZETM0M	PBTA	CBTN	C36285	PT_9BZETM0M_7316-158_Solid Tissue_Initial CNS Tumor	7316-158	Tumor	Initial CNS Tumor	Solid Tissue	NA	Diffuse astrocytic and oligodendroglial tumor	Diffuse hemispheric glioma	DHG, H3 G35	DHG, H3 G35	Supratentorial or Spinal Cord PNET	pnet with glial and neuronal differentiation and subarachnoid growth	Frontal Lobe	Hemispheric	Gross/Near total resection	stranded	6523	White	Not Hispanic or Latino	Male	Male	None documented	Other high-grade glioma	#ffccf5	No	EUR	2305	Recurrence - Metastatic	2681	DECEASED	EVENT
BS_5P3CZQV8	PT_MXASQ2GW	PBTA	CBTN	C883386	PT_MXASQ2GW_7316-3558_Solid Tissue_Progressive	7316-3558	Tumor	Progressive	Solid Tissue	NA	Tumor of cranial and paraspinal nerves	Neurofibroma/Plexiform	NA	NA	Neurofibroma/Plexiform	neurofibroma	Spinal Cord- Cervical	Spine	Partial resection	stranded	4612	Reported Unknown	Hispanic or Latino	Female	Female	Neurofibromatosis, Type 1 (NF-1)	Neurofibroma plexiform	#e6ac39	No	AMR	267	Progressive	985	LIVING	EVENT
BS_5P7SBSZV	PT_VREE80NP	PBTA	PBTA-X01-FY22	C924714	PT_VREE80NP_7316-3776_Solid Tissue_Deceased	7316-3776	Tumor	Deceased	Solid Tissue	NA	Tumor of cranial and paraspinal nerves	Neurofibroma/Plexiform	NA	NA	Neurofibroma/Plexiform	neurofibromas, pheochromocytoma	Other locations NOS	Other	NA	poly-A stranded	1868	White	Not Hispanic or Latino	Male	Female	Neurofibromatosis, Type 1 (NF-1)	Neurofibroma plexiform	#e6ac39	No	EUR	2583	Progressive	8881	DECEASED	EVENT
BS_5PEFNDCY	PT_VQDNSYXM	PBTA	CBTN	C772932	PT_VQDNSYXM_7316-1637_Solid Tissue_Initial CNS Tumor	7316-1637	Tumor	Initial CNS Tumor	Solid Tissue	NA	Neuronal and mixed neuronal-glial tumor	Glial-neuronal tumor NOS	GNT, KIAA1549-BRAF	NA	Glial-neuronal tumor NOS	rosette-forming glioneuronal tumor	Cerebellum/Posterior Fossa;Ventricles	Mixed	Gross/Near total resection	stranded	2855	White	Not Hispanic or Latino	Female	Female	None documented	Mixed neuronal-glial tumor	#685815	Yes	EUR	Not Reported	Not Applicable	Not Reported	LIVING	NO EVENT
BS_5PJCHF6V	PT_Q90R6M3E	PBTA	CBTN	C230994	PT_Q90R6M3E_7316-897_Solid Tissue_Initial CNS Tumor	7316-897	Tumor	Initial CNS Tumor	Solid Tissue	NA	Embryonal tumor	Medulloblastoma	MB, Group4	MB, Group4	Medulloblastoma	medulloblastoma	Cerebellum/Posterior Fossa	Posterior fossa	Gross/Near total resection	stranded	3026	White	Not Hispanic or Latino	Male	Male	None documented	Medulloblastoma	#a340ff	Yes	EUR	1766	Not Applicable	1766	LIVING	NO EVENT
BS_5PV5N4HQ	PT_YRMG61G8	PBTA	CBTN	C621396	PT_YRMG61G8_7316-2305_Solid Tissue_Initial CNS Tumor	7316-2305	Tumor	Initial CNS Tumor	Solid Tissue	NA	Low-grade astrocytic tumor	Low-grade glioma	LGG, KIAA1549-BRAF, RTK	NA	Low-grade glioma/astrocytoma (WHO grade I/II)	pilocytic astrocytoma, who grade i	Cerebellum/Posterior Fossa	Posterior fossa	Gross/Near total resection	stranded	2264	White	Not Hispanic or Latino	Male	Male	None documented	Low-grade glioma	#8f8fbf	Yes	EUR	1360	Not Applicable	1360	LIVING	NO EVENT
BS_5PXZ8F7W	PT_351GXJCW	PBTA	CBTN	C3477948	PT_351GXJCW_7316-8025_Solid Tissue_Deceased	7316-8025	Tumor	Deceased	Solid Tissue	NA	Diffuse astrocytic and oligodendroglial tumor	Diffuse midline glioma	DMG, H3 K28	DMG, H3 K28	Brainstem glioma- Diffuse intrinsic pontine glioma	dipg h3 k27m mutation	Brain Stem- Pons	Midline	NA	poly-A stranded	1189	White	Not Hispanic or Latino	Male	Male	None documented	DIPG or DMG	#ff40d9	No	EUR	168	Deceased-due to disease	168	DECEASED	EVENT
BS_5Q639PBS	PT_1VXX91Z9	PBTA	CBTN	C3843504	PT_1VXX91Z9_7316-8803_Solid Tissue_Progressive	7316-8803	Tumor	Progressive	Solid Tissue	NA	Diffuse astrocytic and oligodendroglial tumor	High-grade glioma	HGG, To be classified	NA	High-grade glioma/astrocytoma (WHO grade III/IV)	high grade malignant neoplasm	Frontal Lobe;Parietal Lobe	Hemispheric	Gross/Near total resection	poly-A stranded	3737	White	Not Hispanic or Latino	Male	NA	None documented	Other high-grade glioma	#ffccf5	No	NA	121	Progressive - Metastatic	565	DECEASED	EVENT
BS_5S47QSET	PT_DY2GNA83	PBTA	PBTA-X01-FY22	C3474996	PT_DY2GNA83_7316-8419_Solid Tissue_Deceased	7316-8419	Tumor	Deceased	Solid Tissue	NA	Embryonal tumor	Medulloblastoma	MB, SHH	MB, SHH	Medulloblastoma	recurrent medulloblastoma	Cerebellum/Posterior Fossa;Skull	Mixed	NA	poly-A stranded	6821	White	Not Hispanic or Latino	Male	Male	None documented	Medulloblastoma	#a340ff	No	EUR	1045	Progressive	2486	DECEASED	EVENT
BS_5SWXR2QQ	PT_1B265M3A	PBTA	PBTA-X01-FY22	C103320	PT_1B265M3A_7316-528_Solid Tissue_Initial CNS Tumor	7316-528	Tumor	Initial CNS Tumor	Solid Tissue	NA	Ependymal tumor	Ependymoma	EPN, PF A	EPN, PF A	Ependymoma	ependymoma, classic by histology without evidence of anaplasia, who gr 2.	Cerebellum/Posterior Fossa	Posterior fossa	Partial resection	poly-A stranded	2565	White	Not Hispanic or Latino	Female	Female	None documented	Ependymoma	#2200ff	Yes	EUR	2414	Progressive	3316	LIVING	EVENT
BS_5TKDAEGA	PT_5QEKPBGS	PBTA	PBTA-X01-FY22	C2804892	PT_5QEKPBGS_7316-6970_Solid Tissue_Initial CNS Tumor	7316-6970	Tumor	Initial CNS Tumor	Solid Tissue	NA	Neuronal and mixed neuronal-glial tumor	Dysembryoplastic neuroepithelial tumor	NA	NA	Dysembryoplastic neuroepithelial tumor (DNET)	low-grade glioneuronal tumor	Temporal Lobe	Hemispheric	Gross/Near total resection	poly-A stranded	8156	White	Not Hispanic or Latino	Male	Male	None documented	Mixed neuronal-glial tumor	#685815	Yes	EUR	772	Not Applicable	772	LIVING	NO EVENT
BS_5VPM0F36	PT_HGM20MW7	PBTA	PNOC	C3080289	PT_HGM20MW7_A09446_Solid Tissue_Initial CNS Tumor	A09446	Tumor	Initial CNS Tumor	Solid Tissue	NA	Diffuse astrocytic and oligodendroglial tumor	Diffuse midline glioma	DMG, H3 K28, TP53	NA	Brainstem glioma- Diffuse intrinsic pontine glioma	Diffuse Astrocytoma	Pons/Brainstem	Midline	NA	poly-A	3558	Reported Unknown	Not Hispanic or Latino	Male	Male	None documented	DIPG or DMG	#ff40d9	Yes	SAS	NA	NA	244	DECEASED	NO EVENT
BS_5VQP0E6K	PT_H6E09982	PBTA	CBTN	C17589	PT_H6E09982_7316-5_Solid Tissue_Initial CNS Tumor	7316-5	Tumor	Initial CNS Tumor	Solid Tissue	NA	Embryonal tumor	Medulloblastoma	MB, WNT	MB, WNT	Medulloblastoma	medulloblastoma	Cerebellum/Posterior Fossa	Posterior fossa	Gross/Near total resection	stranded	2857	Black or African American	Not Available	Male	Male	None documented	Medulloblastoma	#a340ff	Yes	AFR	Not Reported	Not Applicable	Not Reported	LIVING	NO EVENT
BS_5WG0W2NQ	PT_M9WKP8RF	PBTA	PBTA-X01-FY22	C3416817	PT_M9WKP8RF_7316-7919_Derived Cell Line_Initial CNS Tumor_Serum-based_6	7316-7919	Tumor	Initial CNS Tumor	Derived Cell Line	Serum-based	Tumors of sellar region	Adamantinomatous Craniopharyngioma	CRANIO, ADAM	NA	Craniopharyngioma	craniopharyngioma, adamantinomatous type with ctnnb1 mutation	Suprasellar/Hypothalamic/Pituitary;Ventricles	Mixed	Gross/Near total resection	poly-A stranded	2846	Reported Unknown	Not Hispanic or Latino	Male	Male	None documented	Craniopharyngioma	#b2502d	No	EUR	1625	Recurrence	1625	LIVING	EVENT
BS_5XNA3Z4D	PT_QZ6902AC	PBTA	CBTN	C125091	PT_QZ6902AC_7316-718_Solid Tissue_Second Malignancy	7316-718	Tumor	Second Malignancy	Solid Tissue	NA	Diffuse astrocytic and oligodendroglial tumor	High-grade glioma	HGG, To be classified	NA	High-grade glioma/astrocytoma (WHO grade III/IV)	anaplastic astrocytoma (who grade iii)	Temporal Lobe	Hemispheric	Partial resection	poly-A stranded	4507	Reported Unknown	Not Available	Male	NA	Neurofibromatosis, Type 1 (NF-1)	Other high-grade glioma	#ffccf5	No	NA	3282	Second Malignancy	6228	LIVING	EVENT
BS_5YF9GK7D	PT_Y5KY6KN9	PBTA	PBTA-X01-FY22	C56826	PT_Y5KY6KN9_7316-195_Derived Cell Line_Initial CNS Tumor_Serum-based_11	7316-195	Tumor	Initial CNS Tumor	Derived Cell Line	Serum-based	Diffuse astrocytic and oligodendroglial tumor	Diffuse midline glioma	DMG, H3 K28, TP53	NA	High-grade glioma/astrocytoma (WHO grade III/IV)	glioblastoma multiforme	Cerebellum/Posterior Fossa	Posterior fossa	Partial resection	poly-A stranded	3296	White	Not Hispanic or Latino	Male	Male	None documented	DIPG or DMG	#ff40d9	No	EUR	276	Deceased-due to disease	276	DECEASED	EVENT
BS_5YJEPPTP	PT_RFF7MKTC	PBTA	CBTN	C182655	PT_RFF7MKTC_7316-954_Solid Tissue_Initial CNS Tumor	7316-954	Tumor	Initial CNS Tumor	Solid Tissue	NA	Low-grade astrocytic tumor	Low-grade glioma	LGG, KIAA1549-BRAF	NA	Low-grade glioma/astrocytoma (WHO grade I/II)	pilocytic astrocytoma	Cerebellum/Posterior Fossa	Posterior fossa	Gross/Near total resection	stranded	1818	White	Not Hispanic or Latino	Female	Female	None documented	Low-grade glioma	#8f8fbf	Yes	EUR	2822	Not Applicable	2822	LIVING	NO EVENT
BS_5YYCP891	PT_GG0D31DC	PBTA	PBTA-X01-FY22	C16482	PT_GG0D31DC_7316-105_Solid Tissue_Initial CNS Tumor	7316-105	Tumor	Initial CNS Tumor	Solid Tissue	NA	Low-grade astrocytic tumor	Low-grade glioma	LGG, BRAF V600E	NA	Low-grade glioma/astrocytoma (WHO grade I/II)	pilocytic astrocytoma ii	Optic Pathway;Suprasellar/Hypothalamic/Pituitary	Mixed	Partial resection	poly-A stranded	1944	White	Hispanic or Latino	Male	Male	None documented	Low-grade glioma	#8f8fbf	Yes	AMR	252	Progressive	4170	LIVING	EVENT
BS_5Z9VV6T5	PT_M2GRHAXZ	PBTA	PBTA-X01-FY22	C1062966	PT_M2GRHAXZ_7316-3668_Solid Tissue_Progressive	7316-3668	Tumor	Progressive	Solid Tissue	NA	Germ cell tumor	Germinoma	NA	NA	Germinoma	germ cell tumor, with teratomatous component	Pineal Gland	Midline	Partial resection	poly-A stranded	812	White	Not Hispanic or Latino	Male	Male	None documented	Germ cell tumor	#0074d9	No	EUR	90	Progressive	90	LIVING	EVENT
BS_60K3EQ9S	PT_2D1KGV99	PBTA	CBTN	C959892	PT_2D1KGV99_7316-3151_Solid Tissue_Initial CNS Tumor	7316-3151	Tumor	Initial CNS Tumor	Solid Tissue	NA	Pre-cancerous lesion	NA	NA	NA	Dysplasia/Gliosis	intractable epilepsy& tuberous sclerosis	Frontal Lobe;Temporal Lobe	Hemispheric	Gross/Near total resection	stranded	1386	White	Not Hispanic or Latino	Female	Female	None documented	Non-neoplastic tumor	#FFF5EB	Yes	EUR	1751	Not Applicable	1751	LIVING	NO EVENT
BS_613KQVAE	PT_G4HD4QTK	PBTA	PBTA-X01-FY22	C3422475	PT_G4HD4QTK_7316-7943_Solid Tissue_Initial CNS Tumor	7316-7943	Tumor	Initial CNS Tumor	Solid Tissue	NA	Ependymal tumor	Ependymoma	EPN, MPE	EPN, MPE	Ependymoma	myxopapillary ependymoma	Spinal Cord- Lumbar/Thecal Sac	Spine	Gross/Near total resection	poly-A stranded	6813	White	Not Hispanic or Latino	Male	Male	None documented	Ependymoma	#2200ff	Yes	EUR	620	Not Applicable	620	LIVING	NO EVENT
BS_61E80SD6	PT_39HBKSGG	PBTA	CBTN	C419553	PT_39HBKSGG_7316-908_Solid Tissue_Initial CNS Tumor	7316-908	Tumor	Initial CNS Tumor	Solid Tissue	NA	Embryonal tumor	Medulloblastoma	MB, Group4	MB, Group4	Medulloblastoma	medulloblastoma	Cerebellum/Posterior Fossa	Posterior fossa	Gross/Near total resection	stranded	4854	White	Not Hispanic or Latino	Male	Male	None documented	Medulloblastoma	#a340ff	Yes	EUR	1736	Second Malignancy	2391	LIVING	EVENT
BS_63JT39PX	PT_5087VK5P	PBTA	PBTA-X01-FY22	C2714733	PT_5087VK5P_7316-6253_Solid Tissue_Initial CNS Tumor	7316-6253	Tumor	Initial CNS Tumor	Solid Tissue	NA	Low-grade astrocytic tumor	Low-grade glioma	LGG, wildtype	NA	Low-grade glioma/astrocytoma (WHO grade I/II)	pilocytic astrocytoma, who grade i	Cerebellum/Posterior Fossa;Ventricles	Mixed	Gross/Near total resection	poly-A stranded	6921	Reported Unknown	Hispanic or Latino	Female	Female	None documented	Low-grade glioma	#8f8fbf	Yes	AMR	750	Not Applicable	750	LIVING	NO EVENT
BS_64HCD9K3	PT_41BCPB7R	PBTA	CBTN	C94095	PT_41BCPB7R_7316-406_Solid Tissue_Initial CNS Tumor	7316-406	Tumor	Initial CNS Tumor	Solid Tissue	NA	Choroid plexus tumor	Choroid plexus tumor	NA	NA	Choroid plexus carcinoma	choroid plexus carcinoma who iii	Ventricles	Ventricles	Partial resection	stranded	864	Black or African American	Not Hispanic or Latino	Male	Male	None documented	Choroid plexus tumor	#00441B	Yes	AFR	140	Deceased-due to disease	140	DECEASED	EVENT
BS_65ZBBMMZ	PT_XNMKQ4MR	PBTA	PBTA-X01-FY22	C412665	PT_XNMKQ4MR_7316-4462_Solid Tissue_Recurrence	7316-4462	Tumor	Recurrence	Solid Tissue	NA	Low-grade astrocytic tumor	Low-grade glioma	LGG, other MAPK	NA	Low-grade glioma/astrocytoma (WHO grade I/II)	recurrent pilocytic astrocytoma	Cerebellum/Posterior Fossa	Posterior fossa	Gross/Near total resection	poly-A stranded	1918	White	Not Hispanic or Latino	Male	Male	None documented	Low-grade glioma	#8f8fbf	No	EUR	1139	Recurrence	2202	LIVING	EVENT
BS_66ABA973	PT_0K0DPVF6	PBTA	CBTN	C59532	PT_0K0DPVF6_7316-121_Solid Tissue_Initial CNS Tumor	7316-121	Tumor	Initial CNS Tumor	Solid Tissue	NA	Low-grade astrocytic tumor	Low-grade glioma	LGG, KIAA1549-BRAF	NA	Low-grade glioma/astrocytoma (WHO grade I/II)	pilocytic astrocytoma (who grade i)	Cerebellum/Posterior Fossa	Posterior fossa	Gross/Near total resection	stranded	2480	White	Not Hispanic or Latino	Male	Male	None documented	Low-grade glioma	#8f8fbf	Yes	EUR	799	Second Malignancy	2866	LIVING	EVENT
BS_66HQ3E4Z	PT_AC5SD9AC	PBTA	CBTN	C522996	PT_AC5SD9AC_7316-2291_Solid Tissue_Initial CNS Tumor	7316-2291	Tumor	Initial CNS Tumor	Solid Tissue	NA	Low-grade astrocytic tumor	Low-grade glioma	LGG, KIAA1549-BRAF	NA	Low-grade glioma/astrocytoma (WHO grade I/II)	pilocytic astrocytoma (who grade i).	Cerebellum/Posterior Fossa	Posterior fossa	Gross/Near total resection	stranded	1598	Black or African American	Not Hispanic or Latino	Male	Male	None documented	Low-grade glioma	#8f8fbf	Yes	AFR	562	Progressive	3227	LIVING	EVENT
BS_672V4AHJ	PT_ZZRBX5JT	PBTA	PBTA-X01-FY22	C121647	PT_ZZRBX5JT_7316-4423_Derived Cell Line_Progressive_Serum-free_8	7316-4423	Tumor	Progressive	Derived Cell Line	Serum-free	Ependymal tumor	Ependymoma	EPN, To be classified	NA	Ependymoma	metastatic ependymoma	Spinal Cord- Lumbar/Thecal Sac;Temporal Lobe	Mixed	Partial resection	poly-A stranded	1878	White	Not Hispanic or Latino	Female	Female	None documented	Ependymoma	#2200ff	No	EUR	789	Recurrence	1963	LIVING	EVENT
BS_67PX06P3	PT_WTMSD2WB	PBTA	CBTN	C978711	PT_WTMSD2WB_7316-3632_Solid Tissue_Initial CNS Tumor	7316-3632	Tumor	Initial CNS Tumor	Solid Tissue	NA	Chordoma	Chordoma	CHDM, conventional	NA	Chordoma	chordoma	Other locations NOS	Other	Biopsy only	stranded	4340	Reported Unknown	Not Available	Male	Male	None documented	Mesenchymal tumor	#7fbf00	Yes	EUR	Not Reported	Not Applicable	Not Reported	LIVING	NO EVENT
BS_67Z63A2K	PT_NYBH025T	PBTA	CBTN	C841320	PT_NYBH025T_7316-3069_Solid Tissue_Progressive	7316-3069	Tumor	Progressive	Solid Tissue	NA	Ependymal tumor	Ependymoma	EPN, PF A	EPN, PF A	Ependymoma	ependymoma	Cerebellum/Posterior Fossa	Posterior fossa	Partial resection	stranded	616	Reported Unknown	Not Hispanic or Latino	Male	Male	None documented	Ependymoma	#2200ff	No	EUR	181	Progressive	488	LIVING	EVENT
BS_680K119G	PT_44HPG5YT	PBTA	CBTN	C831726	PT_44HPG5YT_7316-3067_Solid Tissue_Initial CNS Tumor	7316-3067	Tumor	Initial CNS Tumor	Solid Tissue	NA	Low-grade astrocytic tumor	Ganglioglioma	GNG, BRAF V600E	GNG, MAPK	Ganglioglioma	ganglioglioma	Temporal Lobe	Hemispheric	Gross/Near total resection	stranded	301	Black or African American	Not Hispanic or Latino	Female	Female	None documented	Mixed neuronal-glial tumor	#685815	Yes	AFR	1739	Not Applicable	1739	LIVING	NO EVENT
BS_685DACMS	PT_7PXN3B4J	PBTA	CBTN	C134562	PT_7PXN3B4J_7316-784_Solid Tissue_Initial CNS Tumor	7316-784	Tumor	Initial CNS Tumor	Solid Tissue	NA	Embryonal tumor	Embryonal tumor with multilayer rosettes	ETMR, C19MC-altered	ETMR, C19MC-altered	Supratentorial or Spinal Cord PNET	primitive  neuroectodermal tumor (pnet)	Occipital Lobe;Parietal Lobe;Skull	Mixed	NA	poly-A stranded	690	Asian	Not Hispanic or Latino	Female	NA	None documented	Other CNS embryonal tumor	#b08ccf	Yes	NA	132	Progressive	3598	LIVING	EVENT
BS_68BW2163	PT_YZME6QCY	PBTA	CBTN	C607620	PT_YZME6QCY_7316-2245_Solid Tissue_Initial CNS Tumor	7316-2245	Tumor	Initial CNS Tumor	Solid Tissue	NA	Low-grade astrocytic tumor	Low-grade glioma	LGG, FGFR	NA	Low-grade glioma/astrocytoma (WHO grade I/II)	juvenile astocytoma, who grade 1	Cerebellum/Posterior Fossa	Posterior fossa	Gross/Near total resection	stranded	6001	White	Not Hispanic or Latino	Female	Female	None documented	Low-grade glioma	#8f8fbf	Yes	EUR	1136	Not Applicable	1136	LIVING	NO EVENT
BS_68KX6A42	PT_RYMG3M91	PBTA	PNOC	C3093450	PT_RYMG3M91_A18777_Solid Tissue_Initial CNS Tumor	A18777	Tumor	Initial CNS Tumor	Solid Tissue	NA	Diffuse astrocytic and oligodendroglial tumor	Diffuse midline glioma	DMG, H3 K28, TP53	NA	Brainstem glioma- Diffuse intrinsic pontine glioma	Glioblastoma	Pons/Brainstem	Midline	NA	poly-A	3656	Reported Unknown	Hispanic or Latino	Female	Female	None documented	DIPG or DMG	#ff40d9	No	AMR	NA	NA	515	DECEASED	NO EVENT
BS_68X75R4G	PT_T4VN7ZRB	PBTA	PBTA-X01-FY22	C324474	PT_T4VN7ZRB_7316-5295_Solid Tissue_Progressive	7316-5295	Tumor	Progressive	Solid Tissue	NA	Ependymal tumor	Ependymoma	EPN, PF A	EPN, PF A	Ependymoma	ependymoma who grade iii	Cerebellum/Posterior Fossa	Posterior fossa	Partial resection	poly-A stranded	448	White	Not Hispanic or Latino	Male	Male	None documented	Ependymoma	#2200ff	No	EUR	1379	Recurrence	2963	DECEASED	EVENT
BS_699TN5RN	PT_JWW33RTB	PBTA	CBTN	C311067	PT_JWW33RTB_7316-1793_Solid Tissue_Initial CNS Tumor	7316-1793	Tumor	Initial CNS Tumor	Solid Tissue	NA	Low-grade astrocytic tumor	Ganglioglioma	GNG, RTK, BRAF V600E	NA	Ganglioglioma	ganglioglioma	Temporal Lobe	Hemispheric	Gross/Near total resection	stranded	4186	White	Not Hispanic or Latino	Female	Female	None documented	Mixed neuronal-glial tumor	#685815	Yes	EUR	476	Not Applicable	476	LIVING	NO EVENT
BS_69V8P8A0	PT_GBDYKSPY	PBTA	CBTN	C57687	PT_GBDYKSPY_7316-209_Solid Tissue_Progressive	7316-209	Tumor	Progressive	Solid Tissue	NA	Tumor of cranial and paraspinal nerves	Neurofibroma/Plexiform	NA	NA	Neurofibroma/Plexiform	plexiform	Spinal Cord- Cervical;Spinal Cord- Lumbar/Thecal Sac;Spinal Cord- Thoracic	Spine	Partial resection	stranded	6134	White	Not Hispanic or Latino	Male	Male	None documented	Neurofibroma plexiform	#e6ac39	No	EUR	1959	Progressive	5714	LIVING	EVENT
BS_6AB299R2	PT_MQWJ7FHV	PBTA	PBTA-X01-FY22	C1203063	PT_MQWJ7FHV_7316-4296_Solid Tissue_Initial CNS Tumor	7316-4296	Tumor	Initial CNS Tumor	Solid Tissue	NA	Embryonal tumor	Medulloblastoma	MB, Group3	NA	Medulloblastoma	medulloblastoma, nos pending genomic analysis who grade iv	Brain Stem-Medulla;Cerebellum/Posterior Fossa	Mixed	Gross/Near total resection	poly-A stranded	6034	Reported Unknown	Hispanic or Latino	Male	Male	None documented	Medulloblastoma	#a340ff	Yes	AMR	1450	Not Applicable	1450	LIVING	NO EVENT
BS_6AFD49QR	PT_8D8V9PBH	PBTA	PBTA-X01-FY22	C4064781	PT_8D8V9PBH_7316-6816_Solid Tissue_Initial CNS Tumor	7316-6816	Tumor	Initial CNS Tumor	Solid Tissue	NA	Ependymal tumor	Ependymoma	EPN, ST ZFTA	NA	Ependymoma	ependymoma rela fusion-positive (who iii)	Occipital Lobe	Hemispheric	Gross/Near total resection	poly-A stranded	2970	Reported Unknown	Not Available	Female	Female	None documented	Ependymoma	#2200ff	Yes	EUR	Not Reported	Not Applicable	Not Reported	LIVING	NO EVENT
BS_6AQ5RR83	PT_PAPEQ0T0	PBTA	PBTA-X01-FY22	C2654586	PT_PAPEQ0T0_7316-5458_Solid Tissue_Initial CNS Tumor	7316-5458	Tumor	Initial CNS Tumor	Solid Tissue	NA	Ependymal tumor	Ependymoma	EPN, PF A	EPN, PF A	Ependymoma	ependymoma, pf-epn-a (by ihc)	Cerebellum/Posterior Fossa;Spinal Cord- Cervical;Ventricles	Mixed	Partial resection	poly-A stranded	1065	White	Not Hispanic or Latino	Male	Male	None documented	Ependymoma	#2200ff	Yes	EUR	490	Recurrence - Metastatic	1160	DECEASED	EVENT
BS_6BQ2Q78K	PT_K71TQSF4	PBTA	PBTA-X01-FY22	C3461835	PT_K71TQSF4_7316-8046_Solid Tissue_Deceased	7316-8046	Tumor	Deceased	Solid Tissue	NA	Embryonal tumor	Medulloblastoma	MB, Group4	NA	Medulloblastoma	medulloblastoma	Brain Stem- Pons;Cerebellum/Posterior Fossa;Spinal Cord- Cervical	Mixed	NA	poly-A stranded	3706	White	Not Hispanic or Latino	Male	Male	None documented	Medulloblastoma	#a340ff	No	EUR	373	Recurrence - Metastatic	612	DECEASED	EVENT
BS_6DCSD5Y6	PT_4YWZ538V	PBTA	CBTN	C125214	PT_4YWZ538V_7316-719_Solid Tissue_Deceased	7316-719	Tumor	Deceased	Solid Tissue	NA	Diffuse astrocytic and oligodendroglial tumor	Diffuse midline glioma	DMG, H3 K28	DMG, H3 K28	Brainstem glioma- Diffuse intrinsic pontine glioma	high grade, diffuse, infiltrative brain stem glioma	Brain Stem- Pons;Cerebellum/Posterior Fossa;Spinal Cord- Cervical;Ventricles	Mixed	NA	stranded	2724	White	Not Hispanic or Latino	Female	NA	None documented	DIPG or DMG	#ff40d9	No	NA	231	Deceased-due to disease	231	DECEASED	EVENT
BS_6EW6X0J0	PT_MA8VSJ14	PBTA	PBTA-X01-FY22	C2666394	PT_MA8VSJ14_7316-6138_Solid Tissue_Initial CNS Tumor	7316-6138	Tumor	Initial CNS Tumor	Solid Tissue	NA	Embryonal tumor	Medulloblastoma	MB, Group3	MB, Group3	Medulloblastoma	medulloblastoma, who grade 4	Cerebellum/Posterior Fossa	Posterior fossa	Gross/Near total resection	poly-A stranded	1447	White	Not Hispanic or Latino	Male	Male	None documented	Medulloblastoma	#a340ff	Yes	EUR	127	Deceased-due to disease	127	DECEASED	EVENT
BS_6EZK0R21	PT_SSQ9X2XH	PBTA	CBTN	C147846	PT_SSQ9X2XH_7316-1190_Solid Tissue_Recurrence	7316-1190	Tumor	Recurrence	Solid Tissue	NA	Embryonal tumor	Atypical Teratoid Rhabdoid Tumor	ATRT, SHH	ATRT, SHH	Atypical Teratoid Rhabdoid Tumor (ATRT)	recurrent atypical teratoid rhabdoid tumor.	Occipital Lobe	Hemispheric	Gross/Near total resection	poly-A stranded	2565	White	Not Hispanic or Latino	Female	NA	None documented	Atypical Teratoid Rhabdoid Tumor	#4d0d85	No	NA	480	Recurrence	796	DECEASED	EVENT
BS_6G6C7VPX	PT_XTVQB9S4	PBTA	CBTN	C626070	PT_XTVQB9S4_7316-2186_Solid Tissue_Initial CNS Tumor	7316-2186	Tumor	Initial CNS Tumor	Solid Tissue	NA	Embryonal tumor	Atypical Teratoid Rhabdoid Tumor	ATRT, TYR	ATRT, TYR	Atypical Teratoid Rhabdoid Tumor (ATRT)	atrt	Frontal Lobe;Meninges/Dura;Parietal Lobe;Spinal Cord- Cervical;Spinal Cord- Lumbar/Thecal Sac;Spinal Cord- Thoracic;Temporal Lobe;Ventricles	Mixed	Partial resection	stranded	291	Reported Unknown	Hispanic or Latino	Female	Female	None documented	Atypical Teratoid Rhabdoid Tumor	#4d0d85	Yes	AMR	244	Progressive - Metastatic	348	DECEASED	EVENT
BS_6H1C1ME9	PT_1MW98VR1	PBTA	CBTN	C632220	PT_1MW98VR1_7316-2558_Solid Tissue_Initial CNS Tumor	7316-2558	Tumor	Initial CNS Tumor	Solid Tissue	NA	Ependymal tumor	Ependymoma	EPN, PF A	EPN, PF A	Ependymoma	anaplastic ependymoma who grade iii	Cerebellum/Posterior Fossa	Posterior fossa	Gross/Near total resection	stranded	1872	White	Not Hispanic or Latino	Male	Male	None documented	Ependymoma	#2200ff	Yes	EUR	687	Not Applicable	687	LIVING	NO EVENT
BS_6HTK4YJP	PT_7F3ZPZB7	PBTA	CBTN	C702945	PT_7F3ZPZB7_7316-2662_Solid Tissue_Initial CNS Tumor	7316-2662	Tumor	Initial CNS Tumor	Solid Tissue	NA	Germ cell tumor	Germinoma	NA	NA	Germinoma	germ cell tumor, mixed	Pineal Gland	Midline	Partial resection	stranded	3349	White	Not Hispanic or Latino	Male	Male	None documented	Germ cell tumor	#0074d9	Yes	EUR	1715	Not Applicable	1715	LIVING	NO EVENT
BS_6HXD39AM	PT_3QP5FWMC	PBTA	PBTA-X01-FY22	C2466273	PT_3QP5FWMC_7316-4846_Solid Tissue_Initial CNS Tumor	7316-4846	Tumor	Initial CNS Tumor	Solid Tissue	NA	Low-grade astrocytic tumor	Ganglioglioma	GNG, BRAF V600E	NA	Ganglioglioma	ganglioglioma, who grade i	Temporal Lobe	Hemispheric	Gross/Near total resection	poly-A stranded	4148	White	Not Hispanic or Latino	Female	Female	None documented	Mixed neuronal-glial tumor	#685815	Yes	EUR	1895	Not Applicable	1895	LIVING	NO EVENT
BS_6JHXXVR7	PT_9PJR0ZK7	PBTA	CBTN	C270846	PT_9PJR0ZK7_7316-2576_Solid Tissue_Recurrence	7316-2576	Tumor	Recurrence	Solid Tissue	NA	Tumor of cranial and paraspinal nerves	Malignant peripheral nerve sheath tumor	NA	NA	Malignant peripheral nerve sheath tumor (MPNST)	mpnst	Other locations NOS	Other	Partial resection	stranded	6879	Black or African American	Not Hispanic or Latino	Male	Male	Neurofibromatosis, Type 1 (NF-1)	Other tumor	#b5b5b5	No	AFR	83	Second Malignancy	588	DECEASED	EVENT
BS_6KBHF52X	PT_7BVC1F8N	PBTA	PBTA-X01-FY22	C1265301	PT_7BVC1F8N_7316-4117_Solid Tissue_Initial CNS Tumor	7316-4117	Tumor	Initial CNS Tumor	Solid Tissue	NA	Embryonal tumor	Atypical Teratoid Rhabdoid Tumor	ATRT, TYR	ATRT, TYR	Atypical Teratoid Rhabdoid Tumor (ATRT)	atypical teratoid/rhabdoid tumor	Cerebellum/Posterior Fossa	Posterior fossa	Gross/Near total resection	poly-A stranded	266	White	Not Hispanic or Latino	Female	Female	None documented	Atypical Teratoid Rhabdoid Tumor	#4d0d85	Yes	EUR	85	Deceased-due to disease	85	DECEASED	EVENT
BS_6M2053M0	PT_RE6AXQM1	PBTA	PNOC	C3093573	PT_RE6AXQM1_A19015_Solid Tissue_Initial CNS Tumor	A19015	Tumor	Initial CNS Tumor	Solid Tissue	NA	Diffuse astrocytic and oligodendroglial tumor	Diffuse midline glioma	DMG, H3 K28, TP53	NA	Brainstem glioma- Diffuse intrinsic pontine glioma	Diffuse Astrocytoma	Pons/Brainstem	Midline	NA	poly-A	1743	White	Not Hispanic or Latino	Male	Unknown	None documented	DIPG or DMG	#ff40d9	Yes	EUR	NA	NA	346	DECEASED	NO EVENT
BS_6MY8W3H0	PT_PY4QFHHV	PBTA	CBTN	C949437	PT_PY4QFHHV_7316-3768_Solid Tissue_Initial CNS Tumor	7316-3768	Tumor	Initial CNS Tumor	Solid Tissue	NA	Neuronal and mixed neuronal-glial tumor	Dysembryoplastic neuroepithelial tumor	NA	NA	Dysembryoplastic neuroepithelial tumor (DNET)	dnet	Temporal Lobe	Hemispheric	Gross/Near total resection	stranded	5475	White	Not Hispanic or Latino	Male	Male	None documented	Mixed neuronal-glial tumor	#685815	Yes	EUR	Not Reported	Not Applicable	Not Reported	LIVING	NO EVENT
BS_6MZ7FRZH	PT_6BX46NVR	PBTA	CBTN	C1034184	PT_6BX46NVR_7316-3893_Solid Tissue_Progressive	7316-3893	Tumor	Progressive	Solid Tissue	NA	Ependymal tumor	Ependymoma	EPN, ST ZFTA	EPN, ST ZFTA	Ependymoma	anaplastic ependymoma, rela fusion positive, who grade iii	Other locations NOS	Other	Gross/Near total resection	stranded	221	Reported Unknown	Not Hispanic or Latino	Male	Male	None documented	Ependymoma	#2200ff	No	EAS	103	Progressive	2419	LIVING	EVENT
BS_6N3AFF66	PT_SBHN5F68	PBTA	CBTN	C100491	PT_SBHN5F68_7316-516_Solid Tissue_Initial CNS Tumor	7316-516	Tumor	Initial CNS Tumor	Solid Tissue	NA	Low-grade astrocytic tumor	Low-grade glioma	LGG, KIAA1549-BRAF	NA	Low-grade glioma/astrocytoma (WHO grade I/II)	pilocytic astrocytoma who gr i	Cerebellum/Posterior Fossa	Posterior fossa	Gross/Near total resection	stranded	2539	White	Not Hispanic or Latino	Male	Male	None documented	Low-grade glioma	#8f8fbf	Yes	EUR	1986	Not Applicable	1986	LIVING	NO EVENT
BS_6N7YE1A4	PT_YM51XZH0	PBTA	PBTA-X01-FY22	C2446962	PT_YM51XZH0_7316-5929_Solid Tissue_Deceased	7316-5929	Tumor	Deceased	Solid Tissue	NA	Ependymal tumor	Ependymoma	EPN, PF A	EPN, PF A	Ependymoma	recurrent malignant ependymoma	Basal Ganglia;Cerebellum/Posterior Fossa;Spine NOS;Ventricles	Mixed	NA	poly-A stranded	1996	Reported Unknown	Not Available	Female	Female	None documented	Ependymoma	#2200ff	No	EUR	1453	Recurrence	4695	DECEASED	EVENT
BS_6NBTFA33	PT_KSP2DSPE	PBTA	PBTA-X01-FY22	C2556801	PT_KSP2DSPE_7316-5468_Solid Tissue_Initial CNS Tumor	7316-5468	Tumor	Initial CNS Tumor	Solid Tissue	NA	Tumors of sellar region	Adamantinomatous Craniopharyngioma	CRANIO, ADAM	NA	Craniopharyngioma	craniopharyngioma, adamantinomatous type, who grade i	Other locations NOS;Suprasellar/Hypothalamic/Pituitary	Mixed	Gross/Near total resection	poly-A stranded	2518	White	Not Hispanic or Latino	Female	Female	None documented	Craniopharyngioma	#b2502d	Yes	EUR	91	Not Applicable	91	LIVING	NO EVENT
BS_6NJRE82B	PT_20JVK3TZ	PBTA	Oligo	C3533667	PT_20JVK3TZ_16510-4_Solid Tissue_Recurrence	16510-4	Tumor	Recurrence	Solid Tissue	NA	Diffuse astrocytic and oligodendroglial tumor	Oligodendroglioma	NA	NA	Oligodendroglioma	NA	Frontal Lobe	Hemispheric	NA	stranded	10957	NA	NA	NA	Male	None documented	Oligodendroglioma	tan	No	EUR	NA	NA	NA	NA	NO EVENT
BS_6NRTJSYK	PT_98QMQZY7	PBTA	CBTN	C100122	PT_98QMQZY7_7316-464_Solid Tissue_Initial CNS Tumor	7316-464	Tumor	Initial CNS Tumor	Solid Tissue	NA	Tumor of pineal region	Pineoblastoma	PB, Group 1	PB, Group 1A	Supratentorial or Spinal Cord PNET	pnet - pineoblastoma with calcification	Pineal Gland	Midline	Partial resection	stranded	1963	White	Not Hispanic or Latino	Female	Female	None documented	#220040	5	Yes	EUR	63	Progressive - Metastatic	2714	LIVING	EVENT
BS_6NTXGQAC	PT_9AHA6KW3	PBTA	CBTN	C80565	PT_9AHA6KW3_7316-395_Solid Tissue_Initial CNS Tumor	7316-395	Tumor	Initial CNS Tumor	Solid Tissue	NA	Low-grade astrocytic tumor	Ganglioglioma	GNG, wildtype	NA	Ganglioglioma	ganglioglioma	Brain Stem-Medulla;Brain Stem- Pons	Midline	Partial resection	stranded	2096	Black or African American	Not Hispanic or Latino	Female	Female	None documented	Mixed neuronal-glial tumor	#685815	Yes	AFR	1812	Not Applicable	1812	LIVING	NO EVENT
BS_6P50QTPP	PT_2ECVKTTQ	PBTA	CBTN	C38868	PT_2ECVKTTQ_7316-2154_Solid Tissue_Recurrence	7316-2154	Tumor	Recurrence	Solid Tissue	NA	Low-grade astrocytic tumor	Low-grade glioma	LGG, FGFR, NF1-germline	NA	Low-grade glioma/astrocytoma (WHO grade I/II)	low grade glial tumor	Temporal Lobe	Hemispheric	Gross/Near total resection	stranded	1099	White	Not Hispanic or Latino	Female	Female	Neurofibromatosis, Type 1 (NF-1)	Low-grade glioma	#8f8fbf	No	EUR	3838	Second Malignancy	8013	LIVING	EVENT
BS_6PJ5AWNE	PT_ZZRBX5JT	PBTA	PBTA-X01-FY22	C121647	PT_ZZRBX5JT_7316-6666_Solid Tissue_Progressive	7316-6666	Tumor	Progressive	Solid Tissue	NA	Ependymal tumor	Ependymoma	EPN, PF A	EPN, PF A	Ependymoma	metastatic, residual/recurrent anaplastic ependymoma, who grade iii	Brain Stem-Medulla;Frontal Lobe;Hippocampus;Other locations NOS;Spinal Cord- Cervical;Temporal Lobe	Mixed	Partial resection	poly-A stranded	1878	White	Not Hispanic or Latino	Female	Female	None documented	Ependymoma	#2200ff	No	EUR	789	Recurrence	1963	LIVING	EVENT
BS_6PWHC64Y	PT_MCC2RZ5H	PBTA	PBTA-X01-FY22	C4065150	PT_MCC2RZ5H_7316-6823_Solid Tissue_Initial CNS Tumor	7316-6823	Tumor	Initial CNS Tumor	Solid Tissue	NA	Embryonal tumor	Medulloblastoma	MB, Group4	NA	Medulloblastoma	medulloblastoma (non wnt non shh)	Ventricles	Ventricles	Partial resection	poly-A stranded	4945	Reported Unknown	Not Available	Male	Male	None documented	Medulloblastoma	#a340ff	Yes	EUR	Not Reported	Not Applicable	Not Reported	LIVING	NO EVENT
BS_6Q2REZCD	PT_3A2Q62RD	PBTA	PBTA-X01-FY22	C607128	PT_3A2Q62RD_7316-4849_Solid Tissue_Progressive	7316-4849	Tumor	Progressive	Solid Tissue	NA	Ependymal tumor	Ependymoma	EPN, PF A	EPN, PF A	Ependymoma	recurrent anaplastic ependymoma, who grade 3	Cerebellum/Posterior Fossa	Posterior fossa	Partial resection	poly-A stranded	2184	White	Not Hispanic or Latino	Female	Female	None documented	Ependymoma	#2200ff	No	EUR	888	Progressive - Metastatic	1892	DECEASED	EVENT
BS_6R7SFVV2	PT_HQ89KPKT	PBTA	CBTN	C47601	PT_HQ89KPKT_7316-202_Solid Tissue_Initial CNS Tumor	7316-202	Tumor	Initial CNS Tumor	Solid Tissue	NA	Embryonal tumor	Ganglioneuroma	NA	NA	Other	ganglioneuroma	Spine NOS	Spine	Biopsy only	stranded	3999	White	Not Hispanic or Latino	Female	Female	None documented	Other tumor	#b5b5b5	Yes	EUR	33	Not Applicable	33	LIVING	NO EVENT
BS_6RX2743N	PT_NTG1EJGA	PBTA	PBTA-X01-FY22	C782895	PT_NTG1EJGA_7316-3008_Solid Tissue_Initial CNS Tumor	7316-3008	Tumor	Initial CNS Tumor	Solid Tissue	NA	Embryonal tumor	Medulloblastoma	MB, Group3	MB, Group3	Medulloblastoma	medulloblastoma (who grade 4)	Cerebellum/Posterior Fossa	Posterior fossa	Partial resection	poly-A stranded	2013	More Than One Race	Not Hispanic or Latino	Male	Male	None documented	Medulloblastoma	#a340ff	Yes	EUR	2115	Not Applicable	2115	LIVING	NO EVENT
BS_6S2YMXRY	PT_0PT33SCF	PBTA	PBTA-X01-FY22	C291879	PT_0PT33SCF_7316-1100_Derived Cell Line_Recurrence_Serum-based_9	7316-1100	Tumor	Recurrence	Derived Cell Line	Serum-based	Embryonal tumor	CNS Embryonal tumor	CNS Embryonal, NOS	NA	Supratentorial or Spinal Cord PNET	pnet, maturing treatment induced	Ventricles	Ventricles	Partial resection	poly-A stranded	1454	White	Not Hispanic or Latino	Female	Female	None documented	Other CNS embryonal tumor	#b08ccf	No	EUR	Not Reported	Recurrence	Not Reported	LIVING	EVENT
BS_6SE44NVP	PT_SY6W6B0Z	PBTA	PBTA-X01-FY22	C3339819	PT_SY6W6B0Z_7316-9067_Solid Tissue_Deceased	7316-9067	Tumor	Deceased	Solid Tissue	NA	Tumor of cranial and paraspinal nerves	Malignant peripheral nerve sheath tumor	NA	NA	Malignant peripheral nerve sheath tumor (MPNST)	nf1/mpnst	Other locations NOS	Other	NA	poly-A stranded	6010	White	Not Hispanic or Latino	Male	Male	Neurofibromatosis, Type 1 (NF-1)	Other tumor	#b5b5b5	No	EUR	179	Progressive - Metastatic	538	DECEASED	EVENT
BS_6T4JGBGY	PT_218SX3G4	PBTA	CBTN	C114513	PT_218SX3G4_7316-529_Solid Tissue_Progressive	7316-529	Tumor	Progressive	Solid Tissue	NA	Embryonal tumor	CNS Embryonal tumor	CNS Embryonal, NOS	NA	Supratentorial or Spinal Cord PNET	pnet	Suprasellar/Hypothalamic/Pituitary	Suprasellar	Partial resection	stranded	425	Reported Unknown	Hispanic or Latino	Male	NA	None documented	Other CNS embryonal tumor	#b08ccf	No	NA	55	Progressive	73	DECEASED	EVENT
BS_6TB7MG0W	PT_H7XAC1YF	PBTA	PBTA-X01-FY22	C3398859	PT_H7XAC1YF_7316-6983_Solid Tissue_Recurrence	7316-6983	Tumor	Recurrence	Solid Tissue	NA	Germ cell tumor	Mixed germ cell tumor	NA	NA	Mixed germ cell tumor	Germinoma;Teratoma	Suprasellar/Hypothalamic/Pituitary;Ventricles	Mixed	Gross/Near total resection	poly-A stranded	9641	Reported Unknown	Not Hispanic or Latino	Male	Male	None documented	Germ cell tumor	#0074d9	No	EUR	738	Recurrence	775	DECEASED	EVENT
BS_6TSAVMT9	PT_HBNYKPM1	PBTA	PBTA-X01-FY22	C3832065	PT_HBNYKPM1_7316-9247_Solid Tissue_Initial CNS Tumor	7316-9247	Tumor	Initial CNS Tumor	Solid Tissue	NA	Low-grade astrocytic tumor	Low-grade glioma	LGG, other MAPK	NA	Low-grade glioma/astrocytoma (WHO grade I/II)	pilocytic astrocytoma	Cerebellum/Posterior Fossa	Posterior fossa	Partial resection	poly-A stranded	2376	White	Not Hispanic or Latino	Female	Female	None documented	Low-grade glioma	#8f8fbf	Yes	EUR	679	Not Applicable	679	LIVING	NO EVENT
BS_6VF6VPCG	PT_3MNY9BRY	PBTA	CBTN	C679329	PT_3MNY9BRY_7316-2583_Solid Tissue_Progressive	7316-2583	Tumor	Progressive	Solid Tissue	NA	Low-grade astrocytic tumor	Low-grade glioma	LGG, BRAF V600E	GNT, MAPK	Low-grade glioma/astrocytoma (WHO grade I/II)	astrocytoma	Temporal Lobe	Hemispheric	Gross/Near total resection	stranded	584	White	Not Hispanic or Latino	Male	Male	None documented	Low-grade glioma	#8f8fbf	No	EUR	3493	Progressive	4673	LIVING	EVENT
BS_6VPKXXMR	PT_6PP78VNE	PBTA	CBTN	C312912	PT_6PP78VNE_7316-1893_Solid Tissue_Recurrence	7316-1893	Tumor	Recurrence	Solid Tissue	NA	Diffuse astrocytic and oligodendroglial tumor	Diffuse hemispheric glioma	DHG, H3 G35, TP53	DHG, H3 G35	High-grade glioma/astrocytoma (WHO grade III/IV)	high grade glioma	Frontal Lobe	Hemispheric	Partial resection	stranded	7095	White	Not Hispanic or Latino	Male	Male	None documented	Other high-grade glioma	#ffccf5	No	EUR	519	Recurrence	844	DECEASED	EVENT
BS_6VRG1XFB	PT_A64KYWHR	PBTA	PBTA-X01-FY22	C2582385	PT_A64KYWHR_7316-4543_Solid Tissue_Initial CNS Tumor	7316-4543	Tumor	Initial CNS Tumor	Solid Tissue	NA	Diffuse astrocytic and oligodendroglial tumor	High-grade glioma	HGG, H3 wildtype	NA	High-grade glioma/astrocytoma (WHO grade III/IV)	glioblastoma	Temporal Lobe	Hemispheric	Partial resection	poly-A stranded	5102	Reported Unknown	Not Available	Male	Male	None documented	Other high-grade glioma	#ffccf5	Yes	EUR	Not Reported	Not Applicable	Not Reported	LIVING	NO EVENT
BS_6VW8FC7Z	PT_BGHP70ZG	PBTA	PBTA-X01-FY22	C2492964	PT_BGHP70ZG_7316-4851_Solid Tissue_Initial CNS Tumor	7316-4851	Tumor	Initial CNS Tumor	Solid Tissue	NA	Low-grade astrocytic tumor	Pilocytic astrocytoma	LGG, To be classified	NA	Low-grade glioma/astrocytoma (WHO grade I/II)	pilocytic astrocytoma, who grade 1	Thalamus	Midline	Partial resection	poly-A stranded	4851	White	Not Hispanic or Latino	Female	NA	Neurofibromatosis, Type 1 (NF-1)	Low-grade glioma	#8f8fbf	Yes	NA	1401	Not Applicable	1401	LIVING	NO EVENT
BS_6VYSQ8T6	PT_6BWQNKWR	PBTA	PBTA-X01-FY22	C2617317	PT_6BWQNKWR_7316-6292_Solid Tissue_Progressive	7316-6292	Tumor	Progressive	Solid Tissue	NA	Benign tumor	NA	NA	NA	Adenoma	somatotroph (gh) adenoma (pituitary neuroendocrine tumor),	Suprasellar/Hypothalamic/Pituitary	Suprasellar	Gross/Near total resection	poly-A stranded	5109	White	Not Hispanic or Latino	Female	Female	None documented	Non-neoplastic tumor	#FFF5EB	No	EUR	1142	Progressive	1630	LIVING	EVENT
BS_6W0VHGQE	PT_J6CREPMB	PBTA	PBTA-X01-FY22	C3775608	PT_J6CREPMB_7316-6528_Solid Tissue_Initial CNS Tumor	7316-6528	Tumor	Initial CNS Tumor	Solid Tissue	NA	Embryonal tumor	Medulloblastoma	MB, SHH	MB, SHH	Medulloblastoma	residual medulloblastoma	Cerebellum/Posterior Fossa	Posterior fossa	Partial resection	poly-A stranded	358	White	Not Hispanic or Latino	Male	Male	None documented	Medulloblastoma	#a340ff	Yes	EUR	730	Not Applicable	730	LIVING	NO EVENT
BS_6W8E9283	PT_N4CXYJSM	PBTA	PBTA-X01-FY22	C2403789	PT_N4CXYJSM_7316-4533_Solid Tissue_Initial CNS Tumor	7316-4533	Tumor	Initial CNS Tumor	Solid Tissue	NA	Choroid plexus tumor	Choroid plexus tumor	NA	NA	Choroid plexus papilloma	choroid plexus papilloma	Ventricles	Ventricles	Gross/Near total resection	poly-A stranded	414	White	Not Hispanic or Latino	Male	Male	None documented	Choroid plexus tumor	#00441B	Yes	EUR	Not Reported	Not Applicable	Not Reported	LIVING	NO EVENT
BS_6WP1FHTE	PT_Z4PJA6KT	PBTA	HOPE	C377856	PT_Z4PJA6KT_7316-1763_Solid Tissue_Initial CNS Tumor	7316-1763	Tumor	Initial CNS Tumor	Solid Tissue	NA	Diffuse astrocytic and oligodendroglial tumor	Diffuse midline glioma	DMG, H3 K28, TP53	DMG, H3 K28	High-grade glioma/astrocytoma (WHO grade III/IV)	glioblastoma (gbm) who grade iv	Temporal Lobe;Thalamus;Ventricles	Midline	Partial resection	stranded	3810	White	Not Hispanic or Latino	Female	Female	None documented	DIPG or DMG	#ff40d9	Yes	EUR	17	Progressive - Metastatic	225	DECEASED	EVENT
BS_6XB4G8ME	PT_V12EAF2V	PBTA	PBTA-X01-FY22	C3305010	PT_V12EAF2V_7316-7530_Solid Tissue_Progressive	7316-7530	Tumor	Progressive	Solid Tissue	NA	Embryonal tumor	Ganglioneuroma	NA	NA	Other	residual ganglioneuroma (schwannian stroma dominant), maturing type	Spinal Cord- Thoracic	Spine	Partial resection	poly-A stranded	2527	White	Not Hispanic or Latino	Female	Female	None documented	Other tumor	#b5b5b5	No	EUR	29	Progressive - Metastatic	1323	LIVING	EVENT
BS_6XHRA95C	PT_6PPHRJZB	PBTA	PBTA-X01-FY22	C3473397	PT_6PPHRJZB_7316-6792_Solid Tissue_Initial CNS Tumor	7316-6792	Tumor	Initial CNS Tumor	Solid Tissue	NA	Embryonal tumor	Medulloblastoma	MB, Group4	MB, Group4	Medulloblastoma	medulloblastoma (no shh no wnt)	Cerebellum/Posterior Fossa	Posterior fossa	Gross/Near total resection	poly-A stranded	1637	Reported Unknown	Not Available	Male	Male	None documented	Medulloblastoma	#a340ff	Yes	EUR	Not Reported	Not Applicable	Not Reported	LIVING	NO EVENT
BS_6XNJ9TG0	PT_BNARR0N6	PBTA	PBTA-X01-FY22	C596919	PT_BNARR0N6_7316-3660_Solid Tissue_Recurrence	7316-3660	Tumor	Recurrence	Solid Tissue	NA	Ependymal tumor	Ependymoma	EPN, To be classified	NA	Ependymoma	anaplastic ependymoma	Cerebellum/Posterior Fossa	Posterior fossa	Partial resection	poly-A stranded	376	White	Not Hispanic or Latino	Male	Male	None documented	Ependymoma	#2200ff	No	EUR	Not Reported	Progressive	Not Reported	NA	EVENT
BS_6XZJNNYY	PT_6RRWZ8CK	PBTA	CBTN	C3638094	PT_6RRWZ8CK_7316-7749_Solid Tissue_Initial CNS Tumor	7316-7749	Tumor	Initial CNS Tumor	Solid Tissue	NA	Embryonal tumor	Atypical Teratoid Rhabdoid Tumor	ATRT, TYR	ATRT, TYR	Atypical Teratoid Rhabdoid Tumor (ATRT)	atypical teratoid/thabdoid tumor, who grade 4	Cerebellum/Posterior Fossa	Posterior fossa	Gross/Near total resection	poly-A stranded	373	Asian	Not Hispanic or Latino	Female	Female	Not Reported	Atypical Teratoid Rhabdoid Tumor	#4d0d85	Yes	EAS	304	Recurrence - Metastatic	354	LIVING	EVENT
BS_6YMJ621P	PT_0F3RHT8J	PBTA	CBTN	C692244	PT_0F3RHT8J_7316-2673_Solid Tissue_Initial CNS Tumor	7316-2673	Tumor	Initial CNS Tumor	Solid Tissue	NA	Meningioma	Meningioma	NA	NA	Meningioma	clear cell meningioma, who grade ii	Skull	Other	Partial resection	stranded	1786	Reported Unknown	Not Hispanic or Latino	Female	Female	Other inherited conditions NOS	Meningioma	#2db398	Yes	SAS	1503	Not Applicable	1503	LIVING	NO EVENT
BS_70FFPA51	PT_BCWGRGDB	PBTA	CBTN	C979449	PT_BCWGRGDB_7316-3623_Solid Tissue_Initial CNS Tumor	7316-3623	Tumor	Initial CNS Tumor	Solid Tissue	NA	Meningioma	Meningioma	NA	NA	Meningioma	atypical meningioma	Frontal Lobe	Hemispheric	Partial resection	stranded	2837	More Than One Race	Not Hispanic or Latino	Male	Male	None documented	Meningioma	#2db398	Yes	EUR	162	Progressive	162	LIVING	EVENT
BS_71GFQYV5	PT_NYXTSK8K	PBTA	PBTA-X01-FY22	C2340813	PT_NYXTSK8K_7316-5426_Solid Tissue_Deceased	7316-5426	Tumor	Deceased	Solid Tissue	NA	Low-grade astrocytic tumor	Low-grade glioma	LGG, wildtype	NA	Low-grade glioma/astrocytoma (WHO grade I/II)	bithalamic diffuse astrocytoma, who grade ii	Thalamus	Midline	NA	poly-A stranded	1342	Reported Unknown	Not Available	Male	Male	None documented	Low-grade glioma	#8f8fbf	No	EUR	364	Progressive	425	DECEASED	EVENT
BS_730EYWFA	PT_M5ZPSRM5	PBTA	PBTA-X01-FY22	C1100850	PT_M5ZPSRM5_7316-4669_Solid Tissue_Initial CNS Tumor	7316-4669	Tumor	Initial CNS Tumor	Solid Tissue	NA	Benign tumor	NA	NA	NA	Other	inclusion cyst	Spinal Cord- Lumbar/Thecal Sac	Spine	Gross/Near total resection	poly-A stranded	2224	White	Not Hispanic or Latino	Female	Female	None documented	Non-neoplastic tumor	#FFF5EB	Yes	EUR	134	Not Applicable	134	LIVING	NO EVENT
BS_7327SDAQ	PT_7WT6P5M8	PBTA	CBTN	C622134	PT_7WT6P5M8_7316-2308_Solid Tissue_Initial CNS Tumor	7316-2308	Tumor	Initial CNS Tumor	Solid Tissue	NA	Diffuse astrocytic and oligodendroglial tumor	High-grade glioma	HGG, H3 wildtype, TP53	NA	High-grade glioma/astrocytoma (WHO grade III/IV)	glioblastoma, who grade iv	Cerebellum/Posterior Fossa	Posterior fossa	Gross/Near total resection	stranded	1422	White	Not Hispanic or Latino	Male	Male	Other inherited conditions NOS	Other high-grade glioma	#ffccf5	Yes	EUR	75	Deceased-due to disease	75	DECEASED	EVENT
BS_73AZT1Q3	PT_2SHG28W2	PBTA	CBTN	C2483616	PT_2SHG28W2_7316-6186_Solid Tissue_Initial CNS Tumor	7316-6186	Tumor	Initial CNS Tumor	Solid Tissue	NA	Diffuse astrocytic and oligodendroglial tumor	High-grade glioma	HGG, To be classified	NA	High-grade glioma/astrocytoma (WHO grade III/IV)	astrocytoma, anaplastic (who gr. 3)	Parietal Lobe;Temporal Lobe	Hemispheric	Gross/Near total resection	poly-A stranded	7779	White	Not Hispanic or Latino	Female	NA	None documented	Other high-grade glioma	#ffccf5	Yes	NA	126	Not Applicable	126	LIVING	NO EVENT
BS_742RHK1M	PT_1TB2V1PH	PBTA	CBTN	C659526	PT_1TB2V1PH_7316-2608_Solid Tissue_Initial CNS Tumor	7316-2608	Tumor	Initial CNS Tumor	Solid Tissue	NA	Germ cell tumor	Germinoma	NA	NA	Germinoma	germinoma	Pineal Gland;Ventricles	Mixed	Gross/Near total resection	stranded	5026	Reported Unknown	Not Hispanic or Latino	Male	Male	None documented	Germ cell tumor	#0074d9	Yes	EUR	1601	Not Applicable	1601	LIVING	NO EVENT
BS_74FS6GMW	PT_XTVQB9S4	PBTA	CBTN	C626070	PT_XTVQB9S4_7316-2933_Solid Tissue_Progressive	7316-2933	Tumor	Progressive	Solid Tissue	NA	Embryonal tumor	Atypical Teratoid Rhabdoid Tumor	ATRT, SHH	ATRT, SHH	Atypical Teratoid Rhabdoid Tumor (ATRT)	atrt	Basal Ganglia;Temporal Lobe	Mixed	Gross/Near total resection	stranded	291	Reported Unknown	Hispanic or Latino	Female	Female	None documented	Atypical Teratoid Rhabdoid Tumor	#4d0d85	No	AMR	244	Progressive - Metastatic	348	DECEASED	EVENT
BS_74G5K7JF	PT_8PV84CNE	PBTA	CBTN	C122508	PT_8PV84CNE_7316-532_Solid Tissue_Initial CNS Tumor	7316-532	Tumor	Initial CNS Tumor	Solid Tissue	NA	Ependymal tumor	Ependymoma	EPN, ST ZFTA	EPN, ST ZFTA	Ependymoma	ependymoma	Parietal Lobe	Hemispheric	Gross/Near total resection	stranded	2993	White	Not Hispanic or Latino	Male	NA	None documented	Ependymoma	#2200ff	Yes	NA	1391	Not Applicable	1391	LIVING	NO EVENT
BS_74GHJS7N	PT_FFSCZ7CA	PBTA	Oligo	C2382018	PT_FFSCZ7CA_7316UP-2877_Solid Tissue_Primary Tumor	7316UP-2877	Tumor	Primary Tumor	Solid Tissue	NA	Diffuse astrocytic and oligodendroglial tumor	Oligodendroglioma	NA	NA	Oligodendroglioma	NA	Cerebrum	Hemispheric	NA	stranded	10869	White	Not Hispanic or Latino	Female	Female	None documented	Oligodendroglioma	tan	Yes	EUR	NA	NA	NA	NA	NO EVENT
BS_765VDA4Q	PT_T0MRCE9A	PBTA	PBTA-X01-FY22	C3811647	PT_T0MRCE9A_7316-8053_Solid Tissue_Deceased	7316-8053	Tumor	Deceased	Solid Tissue	NA	Embryonal tumor	Medulloblastoma	MB, SHH	NA	Medulloblastoma	medulloblastoma	Cerebellum/Posterior Fossa;Spinal Cord- Lumbar/Thecal Sac	Mixed	NA	poly-A stranded	6005	White	Not Hispanic or Latino	Male	Male	None documented	Medulloblastoma	#a340ff	No	EUR	2549	Recurrence	5827	DECEASED	EVENT
BS_769BDPDB	PT_2FVTD0WR	PBTA	CBTN	C270969	PT_2FVTD0WR_7316-917_Solid Tissue_Progressive	7316-917	Tumor	Progressive	Solid Tissue	NA	Low-grade astrocytic tumor	Low-grade glioma	LGG, KIAA1549-BRAF	NA	Low-grade glioma/astrocytoma (WHO grade I/II)	pilocytic astrocytoma who grade i	Suprasellar/Hypothalamic/Pituitary	Suprasellar	Partial resection	stranded	1528	Reported Unknown	Hispanic or Latino	Male	Male	None documented	Low-grade glioma	#8f8fbf	No	AMR	5513	Progressive	8866	LIVING	EVENT
BS_76DRXZRJ	PT_FYA3HV03	PBTA	PBTA-X01-FY22	C1065303	PT_FYA3HV03_7316-3364_Solid Tissue_Initial CNS Tumor	7316-3364	Tumor	Initial CNS Tumor	Solid Tissue	NA	Low-grade astrocytic tumor	Low-grade glioma	LGG, other MAPK	NA	Low-grade glioma/astrocytoma (WHO grade I/II)	low-grade glioma/astrocytoma (who grade i/ii)	Occipital Lobe	Hemispheric	NA	poly-A stranded	2541	White	Not Hispanic or Latino	Female	Female	None documented	Low-grade glioma	#8f8fbf	Yes	EUR	Not Reported	Not Applicable	Not Reported	LIVING	NO EVENT
BS_77317DY4	PT_D7KMPYTZ	PBTA	CBTN	C522504	PT_D7KMPYTZ_7316-2133_Solid Tissue_Initial CNS Tumor	7316-2133	Tumor	Initial CNS Tumor	Solid Tissue	NA	Embryonal tumor	Medulloblastoma	MB, WNT	MB, WNT	Medulloblastoma	medulloblastoma with increased demsoplasia, who grade iv	Cerebellum/Posterior Fossa	Posterior fossa	Gross/Near total resection	stranded	4729	Asian	Not Hispanic or Latino	Female	Female	None documented	Medulloblastoma	#a340ff	Yes	SAS	3185	Not Applicable	3185	LIVING	NO EVENT
BS_775HDFNY	PT_GCKT4FJX	PBTA	CBTN	C972684	PT_GCKT4FJX_7316-3919_Solid Tissue_Initial CNS Tumor	7316-3919	Tumor	Initial CNS Tumor	Solid Tissue	NA	Low-grade astrocytic tumor	Low-grade glioma	LGG, KIAA1549-BRAF	NA	Low-grade glioma/astrocytoma (WHO grade I/II)	pilocytic astrocytoma	Cerebellum/Posterior Fossa	Posterior fossa	Gross/Near total resection	stranded	3242	White	Not Hispanic or Latino	Female	Female	None documented	Low-grade glioma	#8f8fbf	Yes	EUR	374	Not Applicable	374	LIVING	NO EVENT
BS_77CDMEY4	PT_HKWE1GCK	PBTA	CBTN	C62607	PT_HKWE1GCK_7316-259_Solid Tissue_Initial CNS Tumor	7316-259	Tumor	Initial CNS Tumor	Solid Tissue	NA	Low-grade astrocytic tumor	Ganglioglioma	GNG, To be classified	NA	Ganglioglioma	desmoplastic ganglioma, ia	Thalamus	Midline	Gross/Near total resection	stranded	487	White	Not Hispanic or Latino	Female	NA	None documented	Mixed neuronal-glial tumor	#685815	Yes	NA	3805	Not Applicable	3805	LIVING	NO EVENT
BS_77SBTNPN	PT_HHG37M6W	PBTA	PBTA-X01-FY22	C107625	PT_HHG37M6W_7316-6151_Solid Tissue_Recurrence	7316-6151	Tumor	Recurrence	Solid Tissue	NA	Diffuse astrocytic and oligodendroglial tumor	High-grade glioma	HGG, H3 wildtype	NA	High-grade glioma/astrocytoma (WHO grade III/IV)	anaplastic pleomorphic astrocytoma, who grade 3. braf v600e mutation cdkn2a copy number loss pten copy number loss	Temporal Lobe	Hemispheric	Partial resection	poly-A stranded	5206	White	Not Hispanic or Latino	Male	Male	None documented	Other high-grade glioma	#ffccf5	No	EUR	432	Recurrence	3059	DECEASED	EVENT
BS_78QX3XDF	PT_Q38AT6JY	PBTA	CBTN	C949929	PT_Q38AT6JY_7316-3773_Solid Tissue_Initial CNS Tumor	7316-3773	Tumor	Initial CNS Tumor	Solid Tissue	NA	Tumors of sellar region	Adamantinomatous Craniopharyngioma	CRANIO, ADAM	NA	Craniopharyngioma	craniopharyngioma	Suprasellar/Hypothalamic/Pituitary	Suprasellar	Gross/Near total resection	stranded	1828	White	Not Hispanic or Latino	Male	Male	None documented	Craniopharyngioma	#b2502d	Yes	EUR	1841	Not Applicable	1841	LIVING	NO EVENT
BS_78SCX2N9	PT_288PVQGZ	PBTA	PBTA-X01-FY22	C2460369	PT_288PVQGZ_7316-4284_Solid Tissue_Initial CNS Tumor	7316-4284	Tumor	Initial CNS Tumor	Solid Tissue	NA	Embryonal tumor	Medulloblastoma	MB, Group4	MB, Group4	Medulloblastoma	classic medulloblastoma who grade iv	Cerebellum/Posterior Fossa	Posterior fossa	Gross/Near total resection	poly-A stranded	920	White	Not Hispanic or Latino	Male	Male	None documented	Medulloblastoma	#a340ff	Yes	EUR	893	Recurrence	1321	LIVING	EVENT
BS_7AEF4D4G	PT_E3WNEDD4	PBTA	PBTA-X01-FY22	C3606852	PT_E3WNEDD4_7316-8023_Solid Tissue_Deceased	7316-8023	Tumor	Deceased	Solid Tissue	NA	Diffuse astrocytic and oligodendroglial tumor	Diffuse midline glioma	DMG, H3 K28, TP53	NA	Brainstem glioma- Diffuse intrinsic pontine glioma	dipg who grade iv, h3k27m mutant	Brain Stem- Pons	Midline	NA	poly-A stranded	865	White	Not Hispanic or Latino	Male	Male	None documented	DIPG or DMG	#ff40d9	No	EUR	1198	Progressive	1316	DECEASED	EVENT
BS_7APCGCVF	PT_GTHZF21E	PBTA	PBTA-X01-FY22	C3232317	PT_GTHZF21E_7316-9066_Solid Tissue_Deceased	7316-9066	Tumor	Deceased	Solid Tissue	NA	Diffuse astrocytic and oligodendroglial tumor	Diffuse midline glioma	DMG, H3 K28, TP53	DMG, H3 K28	High-grade glioma/astrocytoma (WHO grade III/IV)	thalamic dmg	Brain Stem- Pons;Cerebellum/Posterior Fossa;Frontal Lobe;Parietal Lobe;Spinal Cord- Cervical;Spinal Cord- Lumbar/Thecal Sac;Spinal Cord- Thoracic;Thalamus;Ventricles	Mixed	NA	poly-A stranded	3795	Reported Unknown	Not Hispanic or Latino	Female	Female	None documented	DIPG or DMG	#ff40d9	No	AFR	192	Progressive	527	DECEASED	EVENT
BS_7ARDVFCP	PT_35HYES2B	PBTA	PBTA-X01-FY22	C4065027	PT_35HYES2B_7316-6818_Solid Tissue_Initial CNS Tumor	7316-6818	Tumor	Initial CNS Tumor	Solid Tissue	NA	Low-grade astrocytic tumor	Subependymal Giant Cell Astrocytoma	SEGA, wildtype	NA	Subependymal Giant Cell Astrocytoma (SEGA)	sega	Ventricles	Ventricles	Gross/Near total resection	poly-A stranded	2139	Reported Unknown	Not Available	Female	Female	None documented	Low-grade glioma	#8f8fbf	Yes	EUR	Not Reported	Not Applicable	Not Reported	LIVING	NO EVENT
BS_7B89YR6K	PT_ZZWYKZZ8	PBTA	CBTN	C30012	PT_ZZWYKZZ8_7316-2758_Solid Tissue_Deceased	7316-2758	Tumor	Deceased	Solid Tissue	NA	Ependymal tumor	Ependymoma	EPN, To be classified	NA	Ependymoma	ependymoma	Cerebellum/Posterior Fossa;Ventricles	Mixed	NA	stranded	193	White	Not Hispanic or Latino	Male	Male	None documented	Ependymoma	#2200ff	No	EUR	1253	Recurrence	3748	DECEASED	EVENT
BS_7B9FZM3M	PT_JJZ1MD8Z	PBTA	PBTA-X01-FY22	C2803416	PT_JJZ1MD8Z_7316-6973_Solid Tissue_Initial CNS Tumor	7316-6973	Tumor	Initial CNS Tumor	Solid Tissue	NA	Mesenchymal non-meningothelial tumor	Sarcoma	NA	NA	Sarcoma	sarcoma	Spinal Cord- Cervical	Spine	Gross/Near total resection	poly-A stranded	4765	Reported Unknown	Hispanic or Latino	Female	Female	None documented	Mesenchymal tumor	#7fbf00	Yes	AMR	Not Reported	Not Applicable	Not Reported	LIVING	NO EVENT
BS_7BTZQKYY	PT_QZN7FZER	PBTA	CBTN	C745011	PT_QZN7FZER_7316-2757_Solid Tissue_Initial CNS Tumor	7316-2757	Tumor	Initial CNS Tumor	Solid Tissue	NA	Ependymal tumor	Ependymoma	EPN, PF A	EPN, PF A	Ependymoma	ependymoma	Ventricles	Ventricles	Gross/Near total resection	stranded	6256	White	Not Hispanic or Latino	Male	Male	None documented	Ependymoma	#2200ff	Yes	EUR	135	Not Applicable	135	LIVING	NO EVENT
BS_7BW0YRPY	PT_0T2EWNYR	PBTA	CBTN	C704667	PT_0T2EWNYR_7316-1981_Solid Tissue_Initial CNS Tumor	7316-1981	Tumor	Initial CNS Tumor	Solid Tissue	NA	Embryonal tumor	CNS Embryonal tumor	CNS Embryonal, NOS	NA	Other	embryonal tumor, nos, congenital type	Other locations NOS	Other	Biopsy only	stranded	1	White	Not Hispanic or Latino	Female	Female	None documented	Other CNS embryonal tumor	#b08ccf	Yes	EUR	Not Reported	Not Applicable	Not Reported	LIVING	NO EVENT
BS_7C40TRCY	PT_NCDHZ8H8	PBTA	CBTN	C817950	PT_NCDHZ8H8_7316-2780_Solid Tissue_Initial CNS Tumor	7316-2780	Tumor	Initial CNS Tumor	Solid Tissue	NA	Embryonal tumor	Medulloblastoma	MB, SHH	MB, SHH	Medulloblastoma	medulloblastoma, shh activated, tp53 wild-type	Cerebellum/Posterior Fossa	Posterior fossa	Gross/Near total resection	stranded	1514	Reported Unknown	Not Hispanic or Latino	Male	Male	None documented	Medulloblastoma	#a340ff	Yes	EAS	1531	Not Applicable	1531	LIVING	NO EVENT
BS_7FKE2YPB	PT_AY2BVCYP	PBTA	PBTA-X01-FY22	C3270447	PT_AY2BVCYP_7316-5890_Solid Tissue_Initial CNS Tumor	7316-5890	Tumor	Initial CNS Tumor	Solid Tissue	NA	Ependymal tumor	Ependymoma	EPN, PF B	EPN, PF B	Ependymoma	ependymoma	Ventricles	Ventricles	Partial resection	poly-A stranded	1049	Reported Unknown	Not Available	Female	Female	None documented	Ependymoma	#2200ff	Yes	EUR	Not Reported	Not Applicable	Not Reported	LIVING	NO EVENT
BS_7FWZ518S	PT_SBP79T7F	PBTA	CBTN	C53628	PT_SBP79T7F_7316-315_Solid Tissue_Initial CNS Tumor	7316-315	Tumor	Initial CNS Tumor	Solid Tissue	NA	Embryonal tumor	Medulloblastoma	MB, Group4	MB, Group4	Medulloblastoma	medulloblastoma	Cerebellum/Posterior Fossa	Posterior fossa	Partial resection	stranded	3542	White	Not Hispanic or Latino	Male	NA	None documented	Medulloblastoma	#a340ff	Yes	NA	1361	Not Applicable	1361	LIVING	NO EVENT
BS_7G42J2SK	PT_BWN251DF	PBTA	CBTN	C385482	PT_BWN251DF_7316-659_Solid Tissue_Initial CNS Tumor	7316-659	Tumor	Initial CNS Tumor	Solid Tissue	NA	Ependymal tumor	Ependymoma	EPN, ST ZFTA	EPN, ST ZFTA	Ependymoma	anaplastic ependymoma	Frontal Lobe;Parietal Lobe	Hemispheric	Gross/Near total resection	stranded	6288	White	Not Hispanic or Latino	Female	Female	None documented	Ependymoma	#2200ff	Yes	EUR	1610	Not Applicable	1610	LIVING	NO EVENT
BS_7GJT4A6A	PT_9JT1441X	PBTA	CBTN	C122877	PT_9JT1441X_7316-544_Solid Tissue_Deceased	7316-544	Tumor	Deceased	Solid Tissue	NA	Diffuse astrocytic and oligodendroglial tumor	Diffuse midline glioma	DMG, H3 K28	DMG, H3 K28	Brainstem glioma- Diffuse intrinsic pontine glioma	dipg	Brain Stem- Pons	Midline	NA	stranded	3989	Reported Unknown	Not Hispanic or Latino	Male	NA	None documented	DIPG or DMG	#ff40d9	No	NA	107	Deceased-due to disease	107	DECEASED	EVENT
BS_7GKWKGPH	PT_GBCZ0RW3	PBTA	PNOC	C3507345	PT_GBCZ0RW3_7316-10281_Solid Tissue_Initial CNS Tumor	7316-10281	Tumor	Initial CNS Tumor	Solid Tissue	NA	Diffuse astrocytic and oligodendroglial tumor	High-grade glioma	HGG, H3 wildtype	NA	High-grade glioma/astrocytoma (WHO grade III/IV)	high grade glioma	left frontal/temporal	NA	NA	stranded	NA	White	Not Available	Female	Female	None documented	Other high-grade glioma	#ffccf5	No	EUR	NA	NA	NA	NA	NO EVENT
BS_7H4RFCW9	PT_6DW5NFKX	PBTA	CBTN	C959769	PT_6DW5NFKX_7316-3150_Solid Tissue_Initial CNS Tumor	7316-3150	Tumor	Initial CNS Tumor	Solid Tissue	NA	Low-grade astrocytic tumor	Low-grade glioma	LGG, BRAF V600E	NA	Low-grade glioma/astrocytoma (WHO grade I/II)	right temporal cystic mass	Frontal Lobe;Temporal Lobe	Hemispheric	Gross/Near total resection	stranded	4393	White	Not Hispanic or Latino	Male	Male	None documented	Low-grade glioma	#8f8fbf	Yes	EUR	1049	Not Applicable	1049	LIVING	NO EVENT
BS_7JTW85T5	PT_EK4VZ6AY	PBTA	PBTA-X01-FY22	C3519276	PT_EK4VZ6AY_7316-7964_Solid Tissue_Initial CNS Tumor	7316-7964	Tumor	Initial CNS Tumor	Solid Tissue	NA	Neuronal and mixed neuronal-glial tumor	Dysembryoplastic neuroepithelial tumor	NA	NA	Dysembryoplastic neuroepithelial tumor (DNET)	dysembryoplastic neuroepithelial tumor (dnt) who grade iwith fgfr1  itd (internal tandem duplication)	Occipital Lobe	Hemispheric	Gross/Near total resection	poly-A stranded	6157	White	Not Hispanic or Latino	Male	Male	None documented	Mixed neuronal-glial tumor	#685815	Yes	EUR	1109	Not Applicable	1109	LIVING	NO EVENT
BS_7M3FNSYK	PT_2GTHCPXB	PBTA	PBTA-X01-FY22	C1198758	PT_2GTHCPXB_7316-4736_Solid Tissue_Initial CNS Tumor	7316-4736	Tumor	Initial CNS Tumor	Solid Tissue	NA	Low-grade astrocytic tumor	Low-grade glioma	LGG, KIAA1549-BRAF	NA	Low-grade glioma/astrocytoma (WHO grade I/II)	pilocytic astrocytoma who grade i	Cerebellum/Posterior Fossa	Posterior fossa	Gross/Near total resection	poly-A stranded	2228	Black or African American	Not Hispanic or Latino	Female	Female	None documented	Low-grade glioma	#8f8fbf	Yes	AMR	544	Not Applicable	544	LIVING	NO EVENT
BS_7MZTDB19	PT_HVZTF42R	PBTA	PBTA-X01-FY22	C626193	PT_HVZTF42R_7316-2187_Derived Cell Line_Initial CNS Tumor_Serum-free_10	7316-2187	Tumor	Initial CNS Tumor	Derived Cell Line	Serum-free	Embryonal tumor	Atypical Teratoid Rhabdoid Tumor	ATRT, To be classified	NA	Atypical Teratoid Rhabdoid Tumor (ATRT)	atypical teratoid rhabdoid tumor	Frontal Lobe;Parietal Lobe;Temporal Lobe	Hemispheric	Partial resection	poly-A stranded	170	Black or African American	Not Hispanic or Latino	Female	Female	None documented	Atypical Teratoid Rhabdoid Tumor	#4d0d85	No	AFR	106	Progressive - Metastatic	362	DECEASED	EVENT
BS_7N0B2CY1	PT_NPHZQW6A	PBTA	CBTN	C705405	PT_NPHZQW6A_7316-1985_Solid Tissue_Initial CNS Tumor	7316-1985	Tumor	Initial CNS Tumor	Solid Tissue	NA	Low-grade astrocytic tumor	Ganglioglioma	GNG, KIAA1549-BRAF	NA	Ganglioglioma	low grade glial-glioneuronal lesion. ganglioglioma	Hippocampus;Other locations NOS;Temporal Lobe	Mixed	Gross/Near total resection	stranded	1245	White	Not Hispanic or Latino	Male	Male	None documented	Mixed neuronal-glial tumor	#685815	Yes	EUR	Not Reported	Not Applicable	Not Reported	LIVING	NO EVENT
BS_7P83Z28P	PT_K63972GG	PBTA	CBTN	C403317	PT_K63972GG_7316-666_Solid Tissue_Initial CNS Tumor	7316-666	Tumor	Initial CNS Tumor	Solid Tissue	NA	Low-grade astrocytic tumor	Low-grade glioma	LGG, KIAA1549-BRAF	NA	Low-grade glioma/astrocytoma (WHO grade I/II)	pilocytic astrocytoma with degenerative changes	Parietal Lobe;Temporal Lobe	Hemispheric	Gross/Near total resection	stranded	5769	White	Not Hispanic or Latino	Male	Male	None documented	Low-grade glioma	#8f8fbf	Yes	EUR	1855	Progressive	3007	LIVING	EVENT
BS_7PER3D69	PT_X4SH18X3	PBTA	PBTA-X01-FY22	C2580909	PT_X4SH18X3_7316-3656_Solid Tissue_Initial CNS Tumor	7316-3656	Tumor	Initial CNS Tumor	Solid Tissue	NA	Mesenchymal non-meningothelial tumor	Sarcoma	NA	NA	Sarcoma	chondrosarcoma, who grade ii	Skull	Other	Partial resection	poly-A stranded	7386	Reported Unknown	Not Available	Female	Female	None documented	Mesenchymal tumor	#7fbf00	Yes	EUR	Not Reported	Not Applicable	Not Reported	LIVING	NO EVENT
BS_7PVJ6Q3D	PT_R4T1V1K4	PBTA	PBTA-X01-FY22	C832956	PT_R4T1V1K4_7316-2784_Solid Tissue_Initial CNS Tumor	7316-2784	Tumor	Initial CNS Tumor	Solid Tissue	NA	Diffuse astrocytic and oligodendroglial tumor	Diffuse midline glioma	DMG, H3 K28	NA	Brainstem glioma- Diffuse intrinsic pontine glioma	diffuse midline glioma, h3k27m mutant who grade iv	Brain Stem- Pons	Midline	Biopsy only	poly-A stranded	3578	Asian	Not Hispanic or Latino	Male	Male	None documented	DIPG or DMG	#ff40d9	Yes	EAS	139	Deceased-due to disease	139	DECEASED	EVENT
BS_7S6GNG04	PT_QH9H491G	PBTA	CBTN	C70110	PT_QH9H491G_7316-382_Solid Tissue_Recurrence	7316-382	Tumor	Recurrence	Solid Tissue	NA	Meningioma	Meningioma	NA	NA	Meningioma	meningioma	Occipital Lobe;Temporal Lobe	Hemispheric	Gross/Near total resection	stranded	5482	White	Not Hispanic or Latino	Female	Female	None documented	Meningioma	#2db398	No	EUR	1855	Recurrence	5506	LIVING	EVENT
BS_7SMY657N	PT_H9QTP1JF	PBTA	PBTA-X01-FY22	C912660	PT_H9QTP1JF_7316-4162_Solid Tissue_Progressive	7316-4162	Tumor	Progressive	Solid Tissue	NA	Embryonal tumor	Medulloblastoma	MB, SHH	NA	Medulloblastoma	medulloblastoma	Cerebellum/Posterior Fossa	Posterior fossa	Gross/Near total resection	poly-A stranded	1851	Reported Unknown	Hispanic or Latino	Male	Male	None documented	Medulloblastoma	#a340ff	No	AMR	990	Recurrence	2002	DECEASED	EVENT
BS_7T1J3KET	PT_EC8R84NM	PBTA	CBTN	C71586	PT_EC8R84NM_7316-341_Solid Tissue_Initial CNS Tumor	7316-341	Tumor	Initial CNS Tumor	Solid Tissue	NA	Tumors of sellar region	Adamantinomatous Craniopharyngioma	CRANIO, ADAM	NA	Craniopharyngioma	craniopharygioma	Suprasellar/Hypothalamic/Pituitary	Suprasellar	Gross/Near total resection	stranded	1344	White	Not Hispanic or Latino	Female	Female	None documented	Craniopharyngioma	#b2502d	Yes	AFR	112	Not Applicable	112	LIVING	NO EVENT
BS_7WKNNRHK	PT_7ECBYH4W	PBTA	PBTA-X01-FY22	C3862938	PT_7ECBYH4W_7316-8970_Solid Tissue_Deceased	7316-8970	Tumor	Deceased	Solid Tissue	NA	Diffuse astrocytic and oligodendroglial tumor	Diffuse hemispheric glioma	DHG, H3 G35, TP53	DHG, H3 G35	High-grade glioma/astrocytoma (WHO grade III/IV)	glioblastoma;  who grade iv.	Parietal Lobe	Hemispheric	NA	poly-A stranded	4659	White	Not Hispanic or Latino	Male	Male	None documented	Other high-grade glioma	#ffccf5	No	EUR	198	Deceased-due to disease	198	DECEASED	EVENT
BS_7WM3MNZ0	PT_W5GP3F6B	PBTA	PNOC	C3092712	PT_W5GP3F6B_A16915_Solid Tissue_Initial CNS Tumor	A16915	Tumor	Initial CNS Tumor	Solid Tissue	NA	Diffuse astrocytic and oligodendroglial tumor	Diffuse midline glioma	DMG, H3 K28, TP53	NA	Brainstem glioma- Diffuse intrinsic pontine glioma	Diffuse midline glioma, H3K27M mutant, WHO grade IV	Pons/Brainstem	Midline	NA	poly-A	2459	Asian	Hispanic or Latino	Male	Unknown	None documented	DIPG or DMG	#ff40d9	Yes	AMR	NA	NA	258	DECEASED	NO EVENT
BS_7WNSZNE3	PT_Z4GS3ZQQ	PBTA	CBTN	C300981	PT_Z4GS3ZQQ_7316-1797_Solid Tissue_Recurrence	7316-1797	Tumor	Recurrence	Solid Tissue	NA	Neuronal and mixed neuronal-glial tumor	Dysembryoplastic neuroepithelial tumor	NA	NA	Dysembryoplastic neuroepithelial tumor (DNET)	hg neuroepithelial tumor	Frontal Lobe	Hemispheric	Gross/Near total resection	stranded	1377	Reported Unknown	Hispanic or Latino	Female	Female	None documented	Mixed neuronal-glial tumor	#685815	No	AMR	98	Recurrence	300	LIVING	EVENT
BS_7XKVHKMR	PT_YANM4078	PBTA	PBTA-X01-FY22	C1054602	PT_YANM4078_7316-4344_Solid Tissue_Initial CNS Tumor	7316-4344	Tumor	Initial CNS Tumor	Solid Tissue	NA	Meningioma	Meningioma	NA	NA	Other	meningioangiomatosis	Parietal Lobe	Hemispheric	Gross/Near total resection	poly-A stranded	801	Reported Unknown	Hispanic or Latino	Female	Female	None documented	Meningioma	#2db398	Yes	AFR	1809	Not Applicable	1809	LIVING	NO EVENT
BS_7XQRH69M	PT_CQ7EGCMB	PBTA	CBTN	C982401	PT_CQ7EGCMB_7316-3809_Solid Tissue_Initial CNS Tumor	7316-3809	Tumor	Initial CNS Tumor	Solid Tissue	NA	Embryonal tumor	Medulloblastoma	MB, SHH	MB, SHH	Medulloblastoma	nodular and desmoplastic medulloblastoma who grade iv	Cerebellum/Posterior Fossa	Posterior fossa	Gross/Near total resection	stranded	744	White	Not Hispanic or Latino	Female	Female	None documented	Medulloblastoma	#a340ff	Yes	EUR	1716	Not Applicable	1716	LIVING	NO EVENT
BS_7XRN3CFX	PT_3T3VGWC6	PBTA	CBTN	C77490	PT_3T3VGWC6_7316-375_Solid Tissue_Initial CNS Tumor	7316-375	Tumor	Initial CNS Tumor	Solid Tissue	NA	Low-grade astrocytic tumor	Low-grade glioma	LGG, BRAF V600E, CDKN2A/B	NA	Low-grade glioma/astrocytoma (WHO grade I/II)	low grade astrocytoma	Temporal Lobe	Hemispheric	Gross/Near total resection	stranded	4458	White	Not Hispanic or Latino	Female	Female	None documented	Low-grade glioma	#8f8fbf	Yes	EUR	973	Recurrence	3773	LIVING	EVENT
BS_7Z93ZYMS	PT_3J0ASVHN	PBTA	CBTN	C942795	PT_3J0ASVHN_7316-3622_Solid Tissue_Initial CNS Tumor	7316-3622	Tumor	Initial CNS Tumor	Solid Tissue	NA	Low-grade astrocytic tumor	Low-grade glioma	LGG, KIAA1549-BRAF	NA	Low-grade glioma/astrocytoma (WHO grade I/II)	pilomyxoid astrocytoma	Cerebellum/Posterior Fossa	Posterior fossa	Gross/Near total resection	stranded	946	White	Not Hispanic or Latino	Male	Male	None documented	Low-grade glioma	#8f8fbf	Yes	EUR	Not Reported	Not Applicable	Not Reported	LIVING	NO EVENT
BS_7ZFVVZ2G	PT_KE1YJ2EC	PBTA	PBTA-X01-FY22	C3256179	PT_KE1YJ2EC_7316-5880_Solid Tissue_Initial CNS Tumor	7316-5880	Tumor	Initial CNS Tumor	Solid Tissue	NA	Histiocytic tumor	Juvenile xanthogranuloma	NA	NA	Other	xanthogranuloma	Suprasellar/Hypothalamic/Pituitary	Suprasellar	Gross/Near total resection	poly-A stranded	3408	Reported Unknown	Not Available	Male	Male	None documented	Other tumor	#b5b5b5	Yes	EUR	Not Reported	Not Applicable	Not Reported	LIVING	NO EVENT
BS_7ZV3DPGT	PT_QD6KKKJH	PBTA	CBTN	C374043	PT_QD6KKKJH_7316-1765_Solid Tissue_Initial CNS Tumor	7316-1765	Tumor	Initial CNS Tumor	Solid Tissue	NA	Tumor of pineal region	Pineoblastoma	PB, Group 1	PB, Group 1A	Pineoblastoma	pineoblastoma	Pineal Gland;Spinal Cord- Lumbar/Thecal Sac;Spinal Cord- Thoracic	Mixed	Partial resection	stranded	3126	Reported Unknown	Not Hispanic or Latino	Male	Male	None documented	#220040	5	Yes	AMR	1764	Not Applicable	1764	LIVING	NO EVENT
BS_81SP2HX4	PT_XA98HG1C	PBTA	CBTN	C270723	PT_XA98HG1C_7316-931_Solid Tissue_Initial CNS Tumor	7316-931	Tumor	Initial CNS Tumor	Solid Tissue	NA	Embryonal tumor	Medulloblastoma	MB, SHH	NA	Medulloblastoma	medulloblastoma	Cerebellum/Posterior Fossa	Posterior fossa	Gross/Near total resection	stranded	3312	White	Not Hispanic or Latino	Male	Male	None documented	Medulloblastoma	#a340ff	Yes	EUR	565	Recurrence	971	DECEASED	EVENT
BS_83HGE3WV	PT_MYNKT1TK	PBTA	PBTA-X01-FY22	C3941166	PT_MYNKT1TK_7316-9075_Solid Tissue_Deceased	7316-9075	Tumor	Deceased	Solid Tissue	NA	Embryonal tumor	Medulloblastoma	MB, SHH	NA	Medulloblastoma	medulloblastoma, who grade iv	Cerebellum/Posterior Fossa	Posterior fossa	NA	poly-A stranded	591	More Than One Race	Not Hispanic or Latino	Female	Female	None documented	Medulloblastoma	#a340ff	No	AFR	356	Recurrence	725	DECEASED	EVENT
BS_84PYF22K	PT_2NH8AXVB	PBTA	PBTA-X01-FY22	C3651624	PT_2NH8AXVB_7316-9828_Solid Tissue_Progressive	7316-9828	Tumor	Progressive	Solid Tissue	NA	Tumors of sellar region	Adamantinomatous Craniopharyngioma	CRANIO, ADAM	NA	Craniopharyngioma	residual/recurrent adamantinomatous craniopharyngioma	Suprasellar/Hypothalamic/Pituitary	Suprasellar	Gross/Near total resection	poly-A stranded	3498	White	Not Hispanic or Latino	Female	Female	None documented	Craniopharyngioma	#b2502d	No	EUR	245	Progressive	1368	LIVING	EVENT
BS_84VZX732	PT_23JJKZPS	PBTA	PBTA-X01-FY22	C2697636	PT_23JJKZPS_7316-8016_Solid Tissue_Deceased	7316-8016	Tumor	Deceased	Solid Tissue	NA	Diffuse astrocytic and oligodendroglial tumor	Diffuse midline glioma	DMG, H3 K28, TP53	DMG, H3 K28	Brainstem glioma- Diffuse intrinsic pontine glioma	diffuse midline glioma, h3k27m-mutant	Brain Stem-Medulla;Brain Stem- Midbrain/Tectum;Brain Stem- Pons;Cerebellum/Posterior Fossa;Occipital Lobe;Other locations NOS	Mixed	NA	poly-A stranded	1331	Black or African American	Hispanic or Latino	Female	Female	None documented	DIPG or DMG	#ff40d9	No	AFR	205	Progressive	422	DECEASED	EVENT
BS_84XCR9GG	PT_CB1DN0V8	PBTA	HOPE	C606882	PT_CB1DN0V8_7316-2241_Solid Tissue_Initial CNS Tumor	7316-2241	Tumor	Initial CNS Tumor	Solid Tissue	NA	Diffuse astrocytic and oligodendroglial tumor	High-grade glioma	HGG, H3 wildtype, TP53	NA	High-grade glioma/astrocytoma (WHO grade III/IV)	glioblastoma	Parietal Lobe	Hemispheric	Gross/Near total resection	stranded	2373	Black or African American	Not Hispanic or Latino	Female	NA	None documented	Other high-grade glioma	#ffccf5	Yes	NA	749	Not Applicable	749	LIVING	NO EVENT
BS_850BAHH9	PT_HVZTF42R	PBTA	CBTN	C626193	PT_HVZTF42R_7316-2187_Solid Tissue_Initial CNS Tumor	7316-2187	Tumor	Initial CNS Tumor	Solid Tissue	NA	Embryonal tumor	Atypical Teratoid Rhabdoid Tumor	ATRT, SHH	ATRT, SHH	Atypical Teratoid Rhabdoid Tumor (ATRT)	atypical teratoid rhabdoid tumor	Frontal Lobe;Parietal Lobe;Temporal Lobe	Hemispheric	Partial resection	stranded	170	Black or African American	Not Hispanic or Latino	Female	Female	None documented	Atypical Teratoid Rhabdoid Tumor	#4d0d85	Yes	AFR	106	Progressive - Metastatic	362	DECEASED	EVENT
BS_862NMAR7	PT_FKCPVY7V	PBTA	PNOC	C3070941	PT_FKCPVY7V_7316-8031_Solid Tissue_Initial CNS Tumor	7316-8031	Tumor	Initial CNS Tumor	Solid Tissue	NA	Diffuse astrocytic and oligodendroglial tumor	Diffuse midline glioma	DMG, H3 K28, TP53	NA	High-grade glioma/astrocytoma (WHO grade III/IV)	Diffuse Midline Glioma	right thalamus	Midline	NA	stranded	4143	White	Not Hispanic or Latino	Female	Female	None documented	DIPG or DMG	#ff40d9	Yes	NA	NA	NA	NA	NA	NO EVENT
BS_86Q14TZG	PT_2WA5PM32	PBTA	CBTN	C310083	PT_2WA5PM32_7316-949_Solid Tissue_Recurrence	7316-949	Tumor	Recurrence	Solid Tissue	NA	Tumors of sellar region	Adamantinomatous Craniopharyngioma	CRANIO, ADAM	CRANIO, ADAM	Craniopharyngioma	craniopharyngioma	Suprasellar/Hypothalamic/Pituitary	Suprasellar	Gross/Near total resection	stranded	565	White	Not Hispanic or Latino	Male	Male	None documented	Craniopharyngioma	#b2502d	No	EUR	2362	Recurrence	3982	LIVING	EVENT
BS_87E0MMHD	PT_NXX0M835	PBTA	PBTA-X01-FY22	C313158	PT_NXX0M835_7316-7538_Derived Cell Line_Progressive_Serum-free_12	7316-7538	Tumor	Progressive	Derived Cell Line	Serum-free	Meningioma	NA	NA	NA	Meningioma;Schwannoma	schwannoma, who grade i and; meningioma, who grade i	Cranial Nerves NOS;Spinal Cord- Cervical;Spinal Cord- Lumbar/Thecal Sac;Spinal Cord- Thoracic	Mixed	Partial resection	poly-A stranded	7008	White	Not Hispanic or Latino	Male	Male	Neurofibromatosis, Type 2 (NF-2)	Meningioma	#2db398	No	EUR	6669	Progressive - Metastatic	7747	LIVING	EVENT
BS_880ESDFZ	PT_S4J0JZAA	PBTA	PBTA-X01-FY22	C2735028	PT_S4J0JZAA_7316-6769_Solid Tissue_Initial CNS Tumor	7316-6769	Tumor	Initial CNS Tumor	Solid Tissue	NA	Low-grade astrocytic tumor	Low-grade glioma	LGG, KIAA1549-BRAF	NA	Low-grade glioma/astrocytoma (WHO grade I/II)	pilocytic astrocytoma with kiaa1549-braf fusion, who grade i	Cerebellum/Posterior Fossa	Posterior fossa	Gross/Near total resection	poly-A stranded	1601	White	Not Hispanic or Latino	Male	Male	None documented	Low-grade glioma	#8f8fbf	Yes	EUR	1484	Not Applicable	1484	LIVING	NO EVENT
BS_886BCX47	PT_3WA7SBQ6	PBTA	PBTA-X01-FY22	C653376	PT_3WA7SBQ6_7316-4468_Solid Tissue_Recurrence	7316-4468	Tumor	Recurrence	Solid Tissue	NA	Choroid plexus tumor	Choroid plexus tumor	NA	NA	Choroid plexus carcinoma	recurrent choroid plexus carcinomia	Parietal Lobe	Hemispheric	Gross/Near total resection	poly-A stranded	698	White	Not Hispanic or Latino	Female	Female	None documented	Choroid plexus tumor	#00441B	No	EUR	448	Recurrence	1339	DECEASED	EVENT
BS_891HPNKY	PT_X79W5C99	PBTA	CBTN	C1037505	PT_X79W5C99_7316-3403_Solid Tissue_Initial CNS Tumor	7316-3403	Tumor	Initial CNS Tumor	Solid Tissue	NA	Diffuse astrocytic and oligodendroglial tumor	High-grade glioma	HGG, To be classified	NA	High-grade glioma/astrocytoma (WHO grade III/IV)	high grade glioma(gbm)	Occipital Lobe;Parietal Lobe;Temporal Lobe	Hemispheric	Gross/Near total resection	poly-A stranded	4879	White	Not Hispanic or Latino	Male	Male	Li-Fraumeni syndrome (TP53)	Other high-grade glioma	#ffccf5	Yes	EUR	425	Progressive	770	DECEASED	EVENT
BS_893A91ZM	PT_K8ZV7APT	PBTA	CBTN	C15129	PT_K8ZV7APT_7316-2665_Solid Tissue_Initial CNS Tumor	7316-2665	Tumor	Initial CNS Tumor	Solid Tissue	NA	Tumor of cranial and paraspinal nerves	Neurofibroma/Plexiform	NA	NA	Neurofibroma/Plexiform	neurofibroma	Other locations NOS	Other	Partial resection	stranded	3899	Black or African American	Not Hispanic or Latino	Female	Female	Neurofibromatosis, Type 1 (NF-1)	Neurofibroma plexiform	#e6ac39	No	AFR	4408	Progressive	7175	LIVING	EVENT
BS_89R91NRQ	PT_JBYZJRNM	PBTA	PBTA-X01-FY22	C3702177	PT_JBYZJRNM_7316-9062_Solid Tissue_Deceased	7316-9062	Tumor	Deceased	Solid Tissue	NA	Diffuse astrocytic and oligodendroglial tumor	Diffuse midline glioma	DMG, H3 K28, TP53	NA	High-grade glioma/astrocytoma (WHO grade III/IV)	diffuse midline glioma h3.k27m mutation who grade iv	Temporal Lobe	Hemispheric	NA	poly-A stranded	3127	White	Not Hispanic or Latino	Male	Male	None documented	DIPG or DMG	#ff40d9	No	EUR	272	Progressive - Metastatic	397	DECEASED	EVENT
BS_8AA254XK	PT_N0KJ1CR2	PBTA	Oligo	C232593	PT_N0KJ1CR2_7316UP-3296_Solid Tissue_Recurrence	7316UP-3296	Tumor	Recurrence	Solid Tissue	NA	Diffuse astrocytic and oligodendroglial tumor	Oligodendroglioma	NA	NA	Oligodendroglioma	NA	Cerebrum	Hemispheric	NA	stranded	8654	White	Not Hispanic or Latino	Female	Female	None documented	Oligodendroglioma	tan	No	EUR	NA	NA	NA	NA	NO EVENT
BS_8B2RAF9R	PT_DY2GNA83	PBTA	PBTA-X01-FY22	C3474996	PT_DY2GNA83_7316-8419_Solid Tissue_Deceased	7316-8419	Tumor	Deceased	Solid Tissue	NA	Embryonal tumor	Medulloblastoma	MB, SHH	MB, SHH	Medulloblastoma	recurrent medulloblastoma	Cerebellum/Posterior Fossa;Skull	Mixed	NA	poly-A stranded	6821	White	Not Hispanic or Latino	Male	Male	None documented	Medulloblastoma	#a340ff	No	EUR	1045	Progressive	2486	DECEASED	EVENT
BS_8BF616QR	PT_2MZPGZN1	PBTA	PBTA-X01-FY22	C1059276	PT_2MZPGZN1_7316-3167_Solid Tissue_Initial CNS Tumor	7316-3167	Tumor	Initial CNS Tumor	Solid Tissue	NA	Low-grade astrocytic tumor	Low-grade glioma	LGG, FGFR	NA	Low-grade glioma/astrocytoma (WHO grade I/II)	pilomyxoid astrocytoma	Cerebellum/Posterior Fossa	Posterior fossa	Gross/Near total resection	poly-A stranded	2529	White	Not Hispanic or Latino	Male	Male	None documented	Low-grade glioma	#8f8fbf	Yes	EUR	730	Recurrence	1044	LIVING	EVENT
BS_8C885SQR	PT_TPEWXVJ1	PBTA	PBTA-X01-FY22	C139236	PT_TPEWXVJ1_7316-722_Solid Tissue_Initial CNS Tumor	7316-722	Tumor	Initial CNS Tumor	Solid Tissue	NA	Choroid plexus tumor	Choroid plexus tumor	NA	NA	Choroid plexus carcinoma	choroid plexus carcinoma who grade iii	Parietal Lobe	Hemispheric	Gross/Near total resection	poly-A stranded	411	White	Not Hispanic or Latino	Female	Female	None documented	Choroid plexus tumor	#00441B	Yes	EUR	2769	Not Applicable	2769	LIVING	NO EVENT
BS_8D0NYM46	PT_PNED3GG3	PBTA	CBTN	C88314	PT_PNED3GG3_7316-387_Solid Tissue_Initial CNS Tumor	7316-387	Tumor	Initial CNS Tumor	Solid Tissue	NA	Tumors of sellar region	Adamantinomatous Craniopharyngioma	CRANIO, ADAM	CRANIO, ADAM	Craniopharyngioma	craniopharyngioma, adamantinomatous type	Suprasellar/Hypothalamic/Pituitary	Suprasellar	Gross/Near total resection	stranded	2241	Reported Unknown	Hispanic or Latino	Female	Female	None documented	Craniopharyngioma	#b2502d	Yes	AMR	1764	Recurrence - Metastatic	3478	LIVING	EVENT
BS_8E8JKP01	PT_X5SGG610	PBTA	HOPE	C382776	PT_X5SGG610_7316UP-1104_Solid Tissue_Primary Tumor	7316UP-1104	Tumor	Primary Tumor	Solid Tissue	NA	Diffuse astrocytic and oligodendroglial tumor	Diffuse hemispheric glioma	DHG, H3 G35, TP53	NA	Astrocytoma	NA	Cerebrum	Hemispheric	NA	stranded	6804	White	Not Hispanic or Latino	Female	Female	Not Reported	Other high-grade glioma	#ffccf5	Yes	EUR	NA	NA	NA	NA	NO EVENT
BS_8ERBDF7D	PT_7TF40D8R	PBTA	PBTA-X01-FY22	C2704401	PT_7TF40D8R_7316-3079_Solid Tissue_Initial CNS Tumor	7316-3079	Tumor	Initial CNS Tumor	Solid Tissue	NA	Diffuse astrocytic and oligodendroglial tumor	Diffuse hemispheric glioma	DHG, H3 G35, TP53	DHG, H3 G35	High-grade glioma/astrocytoma (WHO grade III/IV)	high-grade astrocytoma	Other locations NOS	Other	Partial resection	poly-A stranded	5235	Reported Unknown	Not Available	Female	Female	None documented	Other high-grade glioma	#ffccf5	Yes	EUR	Not Reported	Not Applicable	Not Reported	LIVING	NO EVENT
BS_8F9BDWY4	PT_XY404K0D	PBTA	CBTN	C624840	PT_XY404K0D_7316-1782_Solid Tissue_Initial CNS Tumor	7316-1782	Tumor	Initial CNS Tumor	Solid Tissue	NA	Neuronal and mixed neuronal-glial tumor	Extraventricular neurocytoma	EVN	NA	Neurocytoma	neurocytoma	Parietal Lobe	Hemispheric	Gross/Near total resection	stranded	6417	White	Not Hispanic or Latino	Male	Male	None documented	Mixed neuronal-glial tumor	#685815	Yes	EUR	2302	Not Applicable	2302	LIVING	NO EVENT
BS_8G9XDK15	PT_RDGW5MJE	PBTA	PBTA-X01-FY22	C3805497	PT_RDGW5MJE_7316-8967_Solid Tissue_Deceased	7316-8967	Tumor	Deceased	Solid Tissue	NA	Diffuse astrocytic and oligodendroglial tumor	Diffuse midline glioma	DMG, H3 K28, TP53	DMG, H3 K28	Brainstem glioma- Diffuse intrinsic pontine glioma	diffuse intrinsic pontine glioma	Brain Stem- Pons	Midline	NA	poly-A stranded	3228	Reported Unknown	Not Available	Male	Male	None documented	DIPG or DMG	#ff40d9	No	EUR	176	Deceased-due to disease	176	DECEASED	EVENT
BS_8GW1TMV2	PT_GR8P8NY5	PBTA	CBTN	C39729	PT_GR8P8NY5_7316-178_Solid Tissue_Initial CNS Tumor	7316-178	Tumor	Initial CNS Tumor	Solid Tissue	NA	Embryonal tumor	Medulloblastoma	MB, SHH	NA	Medulloblastoma	medulloblastoma	Cerebellum/Posterior Fossa	Posterior fossa	Gross/Near total resection	stranded	1235	White	Not Hispanic or Latino	Female	Female	None documented	Medulloblastoma	#a340ff	No	EUR	1434	Not Applicable	1434	LIVING	NO EVENT
BS_8HBQ3JPK	PT_23NZGSRJ	PBTA	PBTA-X01-FY22	C698517	PT_23NZGSRJ_7316-4509_Derived Cell Line_Deceased_Serum-free_8	7316-4509	Tumor	Deceased	Derived Cell Line	Serum-free	Embryonal tumor	Medulloblastoma	MB, Group3	NA	Medulloblastoma	medulloblastoma who grade iv	Cerebellum/Posterior Fossa;Meninges/Dura;Occipital Lobe;Parietal Lobe;Spinal Cord- Cervical;Spinal Cord- Thoracic	Mixed	NA	poly-A stranded	1484	White	Not Hispanic or Latino	Female	Female	None documented	Medulloblastoma	#a340ff	No	EUR	384	Progressive - Metastatic	599	DECEASED	EVENT
BS_8J09S6MZ	PT_D8D108NY	PBTA	CBTN	C94710	PT_D8D108NY_7316-448_Solid Tissue_Initial CNS Tumor	7316-448	Tumor	Initial CNS Tumor	Solid Tissue	NA	Tumor of cranial and paraspinal nerves	Schwannoma	NA	NA	Schwannoma	schwannoma	Spinal Cord- Thoracic	Spine	Gross/Near total resection	stranded	6340	White	Not Hispanic or Latino	Female	Female	None documented	Schwannoma	#ab7200	Yes	NA	Not Reported	Not Applicable	Not Reported	LIVING	NO EVENT
BS_8J3B6ZB6	PT_EF398HVC	PBTA	CBTN	C704175	PT_EF398HVC_7316-1975_Solid Tissue_Initial CNS Tumor	7316-1975	Tumor	Initial CNS Tumor	Solid Tissue	NA	Low-grade astrocytic tumor	Low-grade glioma	LGG, KIAA1549-BRAF	NA	Low-grade glioma/astrocytoma (WHO grade I/II)	pilocytic astrocytoma	Cerebellum/Posterior Fossa	Posterior fossa	Gross/Near total resection	stranded	2252	White	Not Hispanic or Latino	Male	Male	None documented	Low-grade glioma	#8f8fbf	Yes	EUR	Not Reported	Not Applicable	Not Reported	LIVING	NO EVENT
BS_8JCAE176	PT_7ECZ8VD0	PBTA	PBTA-X01-FY22	C990765	PT_7ECZ8VD0_7316-6066_Solid Tissue_Recurrence	7316-6066	Tumor	Recurrence	Solid Tissue	NA	Choroid plexus tumor	Choroid plexus tumor	NA	NA	Choroid plexus carcinoma	choroid plexus carcinoma who grade iii	Occipital Lobe	Hemispheric	Gross/Near total resection	poly-A stranded	675	White	Not Hispanic or Latino	Male	Male	Li-Fraumeni syndrome (TP53)	Choroid plexus tumor	#00441B	No	NA	651	Recurrence	2463	LIVING	EVENT
BS_8JK9TXH2	PT_S23WH82J	PBTA	CBTN	C600732	PT_S23WH82J_7316-2281_Solid Tissue_Deceased	7316-2281	Tumor	Deceased	Solid Tissue	NA	Diffuse astrocytic and oligodendroglial tumor	Diffuse midline glioma	DMG, H3 K28	DMG, H3 K28	Brainstem glioma- Diffuse intrinsic pontine glioma	dipg	Brain Stem- Pons	Midline	NA	poly-A stranded	5593	White	Not Hispanic or Latino	Female	NA	None documented	DIPG or DMG	#ff40d9	No	NA	478	Progressive	730	DECEASED	EVENT
BS_8K9YVM5G	PT_PZRWEBK5	PBTA	PBTA-X01-FY22	C705282	PT_PZRWEBK5_7316-1988_Solid Tissue_Initial CNS Tumor	7316-1988	Tumor	Initial CNS Tumor	Solid Tissue	NA	Embryonal tumor	Medulloblastoma	MB, Group4	MB, Group4	Medulloblastoma	medulloblastoma	Cerebellum/Posterior Fossa	Posterior fossa	Gross/Near total resection	poly-A stranded	2272	White	Not Hispanic or Latino	Male	Male	None documented	Medulloblastoma	#a340ff	Yes	EUR	Not Reported	Not Applicable	Not Reported	LIVING	NO EVENT
BS_8MA5B8Y9	PT_AP658JQV	PBTA	CBTN	C103935	PT_AP658JQV_7316-1694_Solid Tissue_Deceased	7316-1694	Tumor	Deceased	Solid Tissue	NA	Diffuse astrocytic and oligodendroglial tumor	Diffuse hemispheric glioma	DHG, H3 G35	DHG, H3 G35	High-grade glioma/astrocytoma (WHO grade III/IV)	high grade glioma, who grade 3-4	Frontal Lobe;Occipital Lobe;Temporal Lobe	Hemispheric	NA	stranded	4582	White	Not Hispanic or Latino	Male	NA	None documented	Other high-grade glioma	#ffccf5	No	NA	637	Progressive	693	DECEASED	EVENT
BS_8MN11EC7	PT_DRZHXMRB	PBTA	PBTA-X01-FY22	C1035783	PT_DRZHXMRB_7316-4043_Solid Tissue_Initial CNS Tumor	7316-4043	Tumor	Initial CNS Tumor	Solid Tissue	NA	Tumor of pineal region	Pineoblastoma	PB, Group 1	PB, Group 1A	Pineoblastoma	pineoblastoma who iv	Pineal Gland	Midline	Gross/Near total resection	poly-A stranded	2398	White	Not Hispanic or Latino	Male	Male	None documented	#220040	5	Yes	EUR	1400	Not Applicable	1400	LIVING	NO EVENT
BS_8NY9J9NQ	PT_JEW5HG4W	PBTA	CBTN	C310206	PT_JEW5HG4W_7316-1703_Solid Tissue_Second Malignancy	7316-1703	Tumor	Second Malignancy	Solid Tissue	NA	Meningioma	Meningioma	NA	NA	Meningioma	extra-axial meningioma grade ii who	Meninges/Dura;Skull	Other	Partial resection	stranded	5687	White	Not Hispanic or Latino	Male	Male	None documented	Meningioma	#2db398	No	EUR	3039	Second Malignancy	5697	LIVING	EVENT
BS_8PE0ZBXN	PT_BHJT2M99	PBTA	PBTA-X01-FY22	C71217	PT_BHJT2M99_7316-6647_Solid Tissue_Progressive	7316-6647	Tumor	Progressive	Solid Tissue	NA	Low-grade astrocytic tumor	Low-grade glioma	LGG, NF1-somatic, FGFR	NA	Low-grade glioma/astrocytoma (WHO grade I/II)	pilocytic astrocytoma, recurrent/residual, with mutations in fgfr1, ptpn11 and nf1	Optic Pathway;Suprasellar/Hypothalamic/Pituitary	Mixed	Biopsy only	poly-A stranded	2940	White	Not Hispanic or Latino	Female	Female	None documented	Low-grade glioma	#8f8fbf	No	EUR	965	Progressive - Metastatic	3925	LIVING	EVENT
BS_8PNA0V6R	PT_QQZXYR4M	PBTA	HOPE	C457683	PT_QQZXYR4M_7316-1946_Solid Tissue_Initial CNS Tumor	7316-1946	Tumor	Initial CNS Tumor	Solid Tissue	NA	Diffuse astrocytic and oligodendroglial tumor	High-grade glioma	HGG, IDH, TP53	NA	High-grade glioma/astrocytoma (WHO grade III/IV)	anaplastic astrocytoma	Frontal Lobe;Temporal Lobe	Hemispheric	Gross/Near total resection	stranded	9490	White	Not Hispanic or Latino	Male	Male	None documented	Other high-grade glioma	#ffccf5	Yes	EUR	Not Reported	Not Applicable	Not Reported	LIVING	NO EVENT
BS_8Q4JWFKK	PT_7V6SF11S	PBTA	PBTA-X01-FY22	C740091	PT_7V6SF11S_7316-2736_Solid Tissue_Initial CNS Tumor	7316-2736	Tumor	Initial CNS Tumor	Solid Tissue	NA	Low-grade astrocytic tumor	Low-grade glioma	LGG, wildtype	NA	Low-grade glioma/astrocytoma (WHO grade I/II)	pilocytic astrocytoma with pilomyxoid features who grade 1-2	Cerebellum/Posterior Fossa	Posterior fossa	Partial resection	poly-A stranded	3302	White	Not Hispanic or Latino	Male	Male	None documented	Low-grade glioma	#8f8fbf	Yes	AMR	578	Progressive	2210	LIVING	EVENT
BS_8Q77HZ4R	PT_YBJYA2CD	PBTA	CBTN	C607374	PT_YBJYA2CD_7316-2244_Solid Tissue_Initial CNS Tumor	7316-2244	Tumor	Initial CNS Tumor	Solid Tissue	NA	Choroid plexus tumor	Choroid plexus tumor	NA	NA	Choroid plexus papilloma	fourth ventricular mass, resection-	Ventricles	Ventricles	Gross/Near total resection	stranded	5456	White	Not Hispanic or Latino	Female	Female	None documented	Choroid plexus tumor	#00441B	Yes	EUR	131	Not Applicable	131	LIVING	NO EVENT
BS_8Q7NWJ22	PT_JNEV57VK	PBTA	PBTA-X01-FY22	C714384	PT_JNEV57VK_7316-3058_Derived Cell Line_Progressive_Serum-free_8	7316-3058	Tumor	Progressive	Derived Cell Line	Serum-free	Diffuse astrocytic and oligodendroglial tumor	High-grade glioma	HGG, To be classified	NA	High-grade glioma/astrocytoma (WHO grade III/IV)	diffuse midline glioma who iv	Basal Ganglia;Thalamus	Midline	Partial resection	poly-A stranded	2869	White	Not Hispanic or Latino	Male	Male	Other inherited conditions NOS	Other high-grade glioma	#ffccf5	No	EUR	92	Progressive	273	DECEASED	EVENT
BS_8Q7W9NSR	PT_TP6GS00H	PBTA	PBTA-X01-FY22	C2488290	PT_TP6GS00H_7316-5456_Solid Tissue_Initial CNS Tumor	7316-5456	Tumor	Initial CNS Tumor	Solid Tissue	NA	Ependymal tumor	Ependymoma	EPN, ST ZFTA	EPN, ST ZFTA	Ependymoma	anaplastic ependymoma who grade iii	Parietal Lobe	Hemispheric	Gross/Near total resection	poly-A stranded	1182	Black or African American	Not Hispanic or Latino	Male	Male	None documented	Ependymoma	#2200ff	Yes	AFR	373	Recurrence	890	DECEASED	EVENT
BS_8QB4S4VA	PT_8VRZRZ7R	PBTA	CBTN	C113775	PT_8VRZRZ7R_7316-536_Solid Tissue_Initial CNS Tumor	7316-536	Tumor	Initial CNS Tumor	Solid Tissue	NA	Embryonal tumor	CNS Embryonal tumor	CNS Embryonal, NOS	NA	Supratentorial or Spinal Cord PNET	high grade malignant tumor with glial differentiation	Frontal Lobe	Hemispheric	Gross/Near total resection	stranded	3298	Reported Unknown	Not Available	Female	NA	None documented	Other CNS embryonal tumor	#b08ccf	Yes	NA	431	Deceased-due to disease	431	DECEASED	EVENT
BS_8QJ43WKW	PT_JGHYFZ35	PBTA	PBTA-X01-FY22	C2668362	PT_JGHYFZ35_7316-6649_Solid Tissue_Initial CNS Tumor	7316-6649	Tumor	Initial CNS Tumor	Solid Tissue	NA	Low-grade astrocytic tumor	Low-grade glioma	LGG, KIAA1549-BRAF	NA	Low-grade glioma/astrocytoma (WHO grade I/II)	pilocytic astrocytoma, who grade i, with kiaa1549-braf fusion	Spinal Cord- Thoracic	Spine	Partial resection	poly-A stranded	4093	White	Not Hispanic or Latino	Male	Male	None documented	Low-grade glioma	#8f8fbf	Yes	EUR	1017	Not Applicable	1017	LIVING	NO EVENT
BS_8RCR7Y4B	PT_RXJZ3C5G	PBTA	CBTN	C691260	PT_RXJZ3C5G_7316-2632_Solid Tissue_Progressive	7316-2632	Tumor	Progressive	Solid Tissue	NA	Low-grade astrocytic tumor	Low-grade glioma	LGG, FGFR	NA	Low-grade glioma/astrocytoma (WHO grade I/II)	pilocytic astrocytoma	Frontal Lobe	Hemispheric	Gross/Near total resection	stranded	4759	White	Not Hispanic or Latino	Female	Female	None documented	Low-grade glioma	#8f8fbf	No	EUR	2542	Progressive	3982	LIVING	EVENT
BS_8RHPJ740	PT_ZA95JQEB	PBTA	CBTN	C78597	PT_ZA95JQEB_7316-384_Solid Tissue_Initial CNS Tumor	7316-384	Tumor	Initial CNS Tumor	Solid Tissue	NA	Ependymal tumor	Ependymoma	EPN, PF A	EPN, PF A	Ependymoma	anaplastic ependymoma who iii	Ventricles	Ventricles	Partial resection	stranded	2589	White	Not Hispanic or Latino	Female	Female	None documented	Ependymoma	#2200ff	Yes	EUR	1696	Not Applicable	1696	LIVING	NO EVENT
BS_8S86CM61	PT_SA94083W	PBTA	CBTN	C574041	PT_SA94083W_7316-1856_Solid Tissue_Initial CNS Tumor	7316-1856	Tumor	Initial CNS Tumor	Solid Tissue	NA	Mesenchymal non-meningothelial tumor	Ewing sarcoma	EWS	NA	Ewings Sarcoma	ewing's sarcoma	Occipital Lobe;Parietal Lobe	Hemispheric	Gross/Near total resection	stranded	5019	White	Not Hispanic or Latino	Male	NA	None documented	Mesenchymal tumor	#7fbf00	Yes	NA	4249	Not Applicable	4249	LIVING	NO EVENT
BS_8SKZ7BRN	PT_9D2N4S5Z	PBTA	CBTN	C26322	PT_9D2N4S5Z_7316-93_Solid Tissue_Deceased	7316-93	Tumor	Deceased	Solid Tissue	NA	Low-grade astrocytic tumor	Low-grade glioma	LGG, To be classified	NA	Low-grade glioma/astrocytoma (WHO grade I/II)	low grade glioma	Brain Stem- Midbrain/Tectum;Thalamus	Midline	NA	stranded	2456	White	Not Available	Male	NA	None documented	Low-grade glioma	#8f8fbf	No	NA	282	Deceased-due to disease	282	DECEASED	EVENT
BS_8SQARNQW	PT_KCDPF85V	PBTA	Oligo	C830250	PT_KCDPF85V_7316UP-2066_Solid Tissue_Primary Tumor	7316UP-2066	Tumor	Primary Tumor	Solid Tissue	NA	Diffuse astrocytic and oligodendroglial tumor	Oligodendroglioma	NA	NA	Oligodendroglioma	NA	Cerebrum	Hemispheric	NA	stranded	12046	Black or African American	Not Hispanic or Latino	Female	Female	None documented	Oligodendroglioma	tan	Yes	AFR	NA	NA	NA	NA	NO EVENT
BS_8T7DZV2F	PT_62VNQ8C4	PBTA	CBTN	C56211	PT_62VNQ8C4_7316-968_Solid Tissue_Initial CNS Tumor	7316-968	Tumor	Initial CNS Tumor	Solid Tissue	NA	Embryonal tumor	Medulloblastoma	MB, SHH	NA	Medulloblastoma	medulloblastoma	Cerebellum/Posterior Fossa;Spinal Cord- Cervical	Mixed	Unavailable	stranded	5235	White	Not Available	Female	NA	None documented	Medulloblastoma	#a340ff	Yes	NA	43	Progressive - Metastatic	247	DECEASED	EVENT
BS_8TR7980G	PT_TH8M3W34	PBTA	PBTA-X01-FY22	C516723	PT_TH8M3W34_7316-2130_Solid Tissue_Progressive	7316-2130	Tumor	Progressive	Solid Tissue	NA	Low-grade astrocytic tumor	Low-grade glioma	LGG, To be classified	NA	Low-grade glioma/astrocytoma (WHO grade I/II)	low grade glioma	Occipital Lobe	Hemispheric	Gross/Near total resection	poly-A stranded	1737	Reported Unknown	Not Hispanic or Latino	Male	Male	Neurofibromatosis, Type 1 (NF-1)	Low-grade glioma	#8f8fbf	No	NA	1097	Progressive	5457	LIVING	EVENT
BS_8V9FTEGM	PT_2MVB33S1	PBTA	CBTN	C1169853	PT_2MVB33S1_7316-3415_Solid Tissue_Deceased	7316-3415	Tumor	Deceased	Solid Tissue	NA	Diffuse astrocytic and oligodendroglial tumor	Diffuse intrinsic pontine glioma	DIPG, To be classified	NA	Brainstem glioma- Diffuse intrinsic pontine glioma	dipg	Brain Stem- Pons	Midline	NA	poly-A stranded	3377	Reported Unknown	Not Available	Female	NA	None documented	DIPG or DMG	#ff40d9	No	NA	415	Deceased-due to disease	415	DECEASED	EVENT
BS_8VAZSJEN	PT_6R95FQT2	PBTA	CBTN	C98031	PT_6R95FQT2_7316-459_Solid Tissue_Initial CNS Tumor	7316-459	Tumor	Initial CNS Tumor	Solid Tissue	NA	Low-grade astrocytic tumor	Low-grade glioma	LGG, KIAA1549-BRAF	NA	Low-grade glioma/astrocytoma (WHO grade I/II)	pilocytic astrocytoma	Cerebellum/Posterior Fossa	Posterior fossa	Partial resection	stranded	5262	White	Not Hispanic or Latino	Male	Male	None documented	Low-grade glioma	#8f8fbf	Yes	EUR	3323	Not Applicable	3323	LIVING	NO EVENT
BS_8VD670NP	PT_8B4ZJDFH	PBTA	CBTN	C2892591	PT_8B4ZJDFH_7316-6591_Solid Tissue_Initial CNS Tumor	7316-6591	Tumor	Initial CNS Tumor	Solid Tissue	NA	Diffuse astrocytic and oligodendroglial tumor	Diffuse midline glioma	DMG, H3 K28	DMG, H3 K28	Brainstem glioma- Diffuse intrinsic pontine glioma	diffuse midline glioma, h3 k27m-mutant (who grade iv)	Brain Stem- Pons	Midline	Biopsy only	poly-A stranded	2471	Reported Unknown	Hispanic or Latino	Female	NA	None documented	DIPG or DMG	#ff40d9	Yes	NA	99	Progressive - Metastatic	136	DECEASED	EVENT
BS_8VQQ4E9M	PT_BCWGRGDB	PBTA	PBTA-X01-FY22	C979449	PT_BCWGRGDB_7316-3639_Solid Tissue_Progressive	7316-3639	Tumor	Progressive	Solid Tissue	NA	Meningioma	Meningioma	NA	NA	Meningioma	atypical meningioma	Other locations NOS	Other	Partial resection	poly-A stranded	2837	More Than One Race	Not Hispanic or Latino	Male	Male	None documented	Meningioma	#2db398	No	EUR	162	Progressive	162	LIVING	EVENT
BS_8VYC685V	PT_AJXE05XM	PBTA	PBTA-X01-FY22	C2774265	PT_AJXE05XM_7316-6779_Solid Tissue_Initial CNS Tumor	7316-6779	Tumor	Initial CNS Tumor	Solid Tissue	NA	Neuronal and mixed neuronal-glial tumor	Extraventricular neurocytoma	EVN	NA	Neurocytoma	extraventricular neurocytoma with loss of partial 19q and xq but without idh1/2 alterations, fgfr1 alterations, or 1p loss, who grade ii	Frontal Lobe;Temporal Lobe	Hemispheric	Gross/Near total resection	poly-A stranded	2203	White	Not Hispanic or Latino	Female	Female	None documented	Mixed neuronal-glial tumor	#685815	Yes	EUR	586	Not Applicable	586	LIVING	NO EVENT
BS_8WPNFT03	PT_CAYBADQC	PBTA	CBTN	C673548	PT_CAYBADQC_7316-2641_Solid Tissue_Initial CNS Tumor	7316-2641	Tumor	Initial CNS Tumor	Solid Tissue	NA	Histiocytic tumor	Juvenile xanthogranuloma	NA	NA	Other	juvenile xanthogranuloma of the cns	Parietal Lobe;Temporal Lobe	Hemispheric	Gross/Near total resection	stranded	241	Reported Unknown	Not Hispanic or Latino	Male	Male	None documented	Other tumor	#b5b5b5	Yes	AMR	1578	Not Applicable	1578	LIVING	NO EVENT
BS_8YWYN7VH	PT_97F1YCGF	PBTA	PBTA-X01-FY22	C992118	PT_97F1YCGF_7316-3026_Solid Tissue_Initial CNS Tumor	7316-3026	Tumor	Initial CNS Tumor	Solid Tissue	NA	Diffuse astrocytic and oligodendroglial tumor	Diffuse midline glioma	DMG, H3 K28	DMG, H3 K28	High-grade glioma/astrocytoma (WHO grade III/IV)	glioblastoma, h3 k27m-mutant, gain of chromosome 1q, pik3ca and ppm1d mutated, who grade iv	Brain Stem- Pons;Other locations NOS	Mixed	Biopsy only	poly-A stranded	2800	Reported Unknown	Not Hispanic or Latino	Female	Female	None documented	DIPG or DMG	#ff40d9	Yes	EUR	181	Progressive	303	DECEASED	EVENT
BS_8Z3SCKB5	PT_66XN3MT1	PBTA	CBTN	C308853	PT_66XN3MT1_7316-936_Solid Tissue_Initial CNS Tumor	7316-936	Tumor	Initial CNS Tumor	Solid Tissue	NA	Low-grade astrocytic tumor	Subependymal Giant Cell Astrocytoma	SEGA, To be classified	SEGA, To be classified	Subependymal Giant Cell Astrocytoma (SEGA)	sega	Ventricles	Ventricles	Gross/Near total resection	stranded	3898	Black or African American	Not Hispanic or Latino	Female	Female	Tuberous Sclerosis (TSC1, TSC2)	Low-grade glioma	#8f8fbf	Yes	AFR	1439	Not Applicable	1439	LIVING	NO EVENT
BS_8ZD6J47V	PT_4347ZBEX	PBTA	CBTN	C216603	PT_4347ZBEX_7316-913_Derived Cell Line_Progressive_Serum-free_13	7316-913	Tumor	Progressive	Derived Cell Line	Serum-free	Diffuse astrocytic and oligodendroglial tumor	High-grade glioma	HGG, H3 wildtype	NA	High-grade glioma/astrocytoma (WHO grade III/IV)	glioblastoma (hgg)	Parietal Lobe;Temporal Lobe	Hemispheric	Gross/Near total resection	stranded	7884	White	Not Hispanic or Latino	Female	Female	None documented	Other high-grade glioma	#ffccf5	No	EUR	5508	Progressive	7024	DECEASED	EVENT
BS_8ZP3CBQA	PT_T4VKB29K	PBTA	CBTN	C427671	PT_T4VKB29K_7316-2125_Solid Tissue_Initial CNS Tumor	7316-2125	Tumor	Initial CNS Tumor	Solid Tissue	NA	Ependymal tumor	Ependymoma	EPN, PF A	EPN, PF A	Ependymoma	ependymoma, who grade iii	Cerebellum/Posterior Fossa	Posterior fossa	Gross/Near total resection	stranded	1873	Reported Unknown	Hispanic or Latino	Female	Female	None documented	Ependymoma	#2200ff	Yes	AFR	Not Reported	Progressive - Metastatic	Not Reported	NA	EVENT
BS_8ZS9F31R	PT_DW2XRPC9	PBTA	HOPE	C97416	PT_DW2XRPC9_7316-1723_Solid Tissue_Progressive	7316-1723	Tumor	Progressive	Solid Tissue	NA	Diffuse astrocytic and oligodendroglial tumor	High-grade glioma	HGG, H3 wildtype	NA	High-grade glioma/astrocytoma (WHO grade III/IV)	recurrent malignant poorly differentiated neoplasm	Parietal Lobe	Hemispheric	Partial resection	stranded	3815	White	Not Hispanic or Latino	Female	NA	None documented	Other high-grade glioma	#ffccf5	No	NA	Not Reported	Recurrence	991	DECEASED	EVENT
BS_8ZTEXH90	PT_DXET8FM2	PBTA	Oligo	C3533175	PT_DXET8FM2_16510-2_Solid Tissue_Initial CNS Tumor	16510-2	Tumor	Initial CNS Tumor	Solid Tissue	NA	Diffuse astrocytic and oligodendroglial tumor	Oligodendroglioma	NA	NA	Oligodendroglioma	NA	Frontal Lobe+Temporal Lobe	Hemispheric	NA	stranded	10592	NA	NA	NA	Male	None documented	Oligodendroglioma	tan	Yes	AMR	NA	NA	NA	NA	NO EVENT
BS_8ZY4GST0	PT_V1HNAC2Q	PBTA	PNOC	C3079305	PT_V1HNAC2Q_A07150_Solid Tissue_Initial CNS Tumor	A07150	Tumor	Initial CNS Tumor	Solid Tissue	NA	Diffuse astrocytic and oligodendroglial tumor	Diffuse midline glioma	DMG, H3 K28, TP53	NA	Brainstem glioma- Diffuse intrinsic pontine glioma	Infiltrating Dipg	Pons/Brainstem	Midline	NA	poly-A	2786	Reported Unknown	Not Hispanic or Latino	Male	Female	None documented	DIPG or DMG	#ff40d9	Yes	EUR	NA	NA	392	DECEASED	NO EVENT
BS_90B22NGP	PT_JCECCFPB	PBTA	CBTN	C121893	PT_JCECCFPB_7316-479_Solid Tissue_Initial CNS Tumor	7316-479	Tumor	Initial CNS Tumor	Solid Tissue	NA	Embryonal tumor	Atypical Teratoid Rhabdoid Tumor	ATRT, To be classified	NA	Atypical Teratoid Rhabdoid Tumor (ATRT)	atrt	Cerebellum/Posterior Fossa	Posterior fossa	NA	stranded	382	Black or African American	Not Hispanic or Latino	Male	Male	None documented	Atypical Teratoid Rhabdoid Tumor	#4d0d85	Yes	AFR	29	Deceased-due to other causes	29	DECEASED	NO EVENT
BS_912NX4Y0	PT_1P436YMM	PBTA	CBTN	C975759	PT_1P436YMM_7316-3917_Solid Tissue_Progressive	7316-3917	Tumor	Progressive	Solid Tissue	NA	Low-grade astrocytic tumor	Ganglioglioma	GNG, FGFR	GNG, MAPK	Ganglioglioma	ganglioglioma	Parietal Lobe	Hemispheric	Gross/Near total resection	stranded	6969	White	Not Hispanic or Latino	Male	Male	None documented	Mixed neuronal-glial tumor	#685815	No	EUR	4754	Progressive	5482	LIVING	EVENT
BS_91DFC8Z3	PT_T0MRCE9A	PBTA	PBTA-X01-FY22	C3811647	PT_T0MRCE9A_7316-8053_Solid Tissue_Deceased	7316-8053	Tumor	Deceased	Solid Tissue	NA	Embryonal tumor	Medulloblastoma	MB, SHH	NA	Medulloblastoma	medulloblastoma	Cerebellum/Posterior Fossa;Spinal Cord- Lumbar/Thecal Sac	Mixed	NA	poly-A stranded	6005	White	Not Hispanic or Latino	Male	Male	None documented	Medulloblastoma	#a340ff	No	EUR	2549	Recurrence	5827	DECEASED	EVENT
BS_91FSYZDH	PT_GHTSGFCT	PBTA	HOPE	C1095315	PT_GHTSGFCT_7316-6310_Solid Tissue_Deceased	7316-6310	Tumor	Deceased	Solid Tissue	NA	Diffuse astrocytic and oligodendroglial tumor	High-grade glioma	HGG, H3 wildtype	NA	High-grade glioma/astrocytoma (WHO grade III/IV);Neurofibroma/Plexiform	astrocytoma, high grade, atrx mutated in a nf1 patient, residual/recurrent	Brain Stem-Medulla;Cerebellum/Posterior Fossa;Spinal Cord- Cervical	Mixed	NA	stranded	7852	White	Not Hispanic or Latino	Male	Male	Neurofibromatosis, Type 1 (NF-1)	Other high-grade glioma	#ffccf5	No	EUR	2474	Progressive	7752	DECEASED	EVENT
BS_91JG3WPD	PT_NME1D79F	PBTA	PBTA-X01-FY22	C2653848	PT_NME1D79F_7316-7963_Derived Cell Line_Recurrence_Serum-based_11	7316-7963	Tumor	Recurrence	Derived Cell Line	Serum-based	Diffuse astrocytic and oligodendroglial tumor	High-grade glioma	HGG, H3 wildtype	NA	High-grade glioma/astrocytoma (WHO grade III/IV)	recurrent/residual pediatric high grade glioma	Frontal Lobe	Hemispheric	Gross/Near total resection	poly-A stranded	3515	White	Not Hispanic or Latino	Female	Female	Li-Fraumeni syndrome (TP53)	Other high-grade glioma	#ffccf5	No	EUR	53	Progressive	1744	DECEASED	EVENT
BS_91VYM11A	PT_MDWPRDBT	PBTA	HOPE	C271092	PT_MDWPRDBT_7316-2660_Solid Tissue_Recurrence	7316-2660	Tumor	Recurrence	Solid Tissue	NA	Diffuse astrocytic and oligodendroglial tumor	High-grade glioma	HGG, H3 wildtype	NA	High-grade glioma/astrocytoma (WHO grade III/IV)	high-grade glioma	Cerebellum/Posterior Fossa;Meninges/Dura;Temporal Lobe;Thalamus	Mixed	Gross/Near total resection	stranded	980	White	Not Hispanic or Latino	Female	Female	None documented	Other high-grade glioma	#ffccf5	No	EUR	547	Recurrence - Metastatic	1250	DECEASED	EVENT
BS_9294WMET	PT_CGAQ7KKY	PBTA	PBTA-X01-FY22	C2355081	PT_CGAQ7KKY_7316-4956_Solid Tissue_Initial CNS Tumor	7316-4956	Tumor	Initial CNS Tumor	Solid Tissue	NA	Embryonal tumor	Medulloblastoma	MB, Group3	NA	Medulloblastoma	medulloblastoma, who grade iv	Cerebellum/Posterior Fossa	Posterior fossa	Gross/Near total resection	poly-A stranded	4996	Reported Unknown	Hispanic or Latino	Female	Female	None documented	Medulloblastoma	#a340ff	Yes	AMR	1043	Not Applicable	1043	LIVING	NO EVENT
BS_92HCM7BN	PT_VY5A2ECP	PBTA	PBTA-X01-FY22	C2760612	PT_VY5A2ECP_7316-6776_Solid Tissue_Initial CNS Tumor	7316-6776	Tumor	Initial CNS Tumor	Solid Tissue	NA	Low-grade astrocytic tumor	Low-grade glioma	LGG, other MAPK	NA	Low-grade glioma/astrocytoma (WHO grade I/II)	residual low grade glioma with rin2 - braf fusion	Other locations NOS	Other	Partial resection	poly-A stranded	1365	Reported Unknown	Not Hispanic or Latino	Female	Female	None documented	Low-grade glioma	#8f8fbf	Yes	EUR	592	Progressive	1683	LIVING	EVENT
BS_92MT680S	PT_98QMQZY7	PBTA	CBTN	C100122	PT_98QMQZY7_7316-2724_Solid Tissue_Second Malignancy	7316-2724	Tumor	Second Malignancy	Solid Tissue	NA	Mesenchymal non-meningothelial tumor	Fibromyxoid lesion	NA	NA	Other	fibromyxoid lesion	Meninges/Dura;Skull	Other	Gross/Near total resection	stranded	2885	White	Not Hispanic or Latino	Female	Female	None documented	Mesenchymal tumor	#7fbf00	No	EUR	63	Progressive - Metastatic	2714	LIVING	EVENT
BS_92VDQ0NE	PT_DFQAH7RS	PBTA	CBTN	C16605	PT_DFQAH7RS_7316-2760_Solid Tissue_Recurrence	7316-2760	Tumor	Recurrence	Solid Tissue	NA	Low-grade astrocytic tumor	Ganglioglioma	GNG, wildtype	NA	Ganglioglioma	ganglioglioma	Temporal Lobe	Hemispheric	Gross/Near total resection	stranded	927	White	Not Hispanic or Latino	Male	Male	None documented	Mixed neuronal-glial tumor	#685815	No	EUR	348	Recurrence	10932	LIVING	EVENT
BS_93B03065	PT_Z4BF2NSB	PBTA	PBTA-X01-FY22	C34809	PT_Z4BF2NSB_7316-6477_Derived Cell Line_Deceased_Serum-free_11	7316-6477	Tumor	Deceased	Derived Cell Line	Serum-free	Diffuse astrocytic and oligodendroglial tumor	High-grade glioma	HGG, H3 wildtype, TP53	NA	High-grade glioma/astrocytoma (WHO grade III/IV)	residual/recurrent gbm, status post surgeries and radiation treatment	Spinal Cord- Cervical;Spinal Cord- Thoracic;Temporal Lobe	Mixed	NA	poly-A stranded	5908	Reported Unknown	Hispanic or Latino	Male	Male	None documented	Other high-grade glioma	#ffccf5	No	AMR	2369	Recurrence	2561	DECEASED	EVENT
BS_9477AG24	PT_9678SJVG	PBTA	PBTA-X01-FY22	C665676	PT_9678SJVG_7316-2643_Solid Tissue_Progressive	7316-2643	Tumor	Progressive	Solid Tissue	NA	Low-grade astrocytic tumor	Low-grade glioma	LGG, MYB/MYBL1	NA	Low-grade glioma/astrocytoma (WHO grade I/II)	diffuse astrocytoma (who grade ii)	Brain Stem- Midbrain/Tectum	Midline	Gross/Near total resection	poly-A stranded	593	Reported Unknown	Hispanic or Latino	Female	Female	None documented	Low-grade glioma	#8f8fbf	No	AMR	335	Progressive	7035	LIVING	EVENT
BS_94MT16N2	PT_JYZA0PNV	PBTA	CBTN	C95571	PT_JYZA0PNV_7316-437_Solid Tissue_Initial CNS Tumor	7316-437	Tumor	Initial CNS Tumor	Solid Tissue	NA	Low-grade astrocytic tumor	Low-grade glioma	LGG, KIAA1549-BRAF	NA	Low-grade glioma/astrocytoma (WHO grade I/II)	juvenile pilocytic astrocytoma, who grade i	Cerebellum/Posterior Fossa;Ventricles	Mixed	Partial resection	stranded	2321	White	Not Hispanic or Latino	Male	Male	None documented	Low-grade glioma	#8f8fbf	Yes	EUR	Not Reported	Not Applicable	Not Reported	LIVING	NO EVENT
BS_956G6QPJ	PT_NJPNSZJT	PBTA	CBTN	C614385	PT_NJPNSZJT_7316-2552_Solid Tissue_Initial CNS Tumor	7316-2552	Tumor	Initial CNS Tumor	Solid Tissue	NA	Diffuse astrocytic and oligodendroglial tumor	Diffuse midline glioma	DMG, H3 K28	DMG, H3 K28	High-grade glioma/astrocytoma (WHO grade III/IV)	glioblastoma multiforme (who grade iv)	Parietal Lobe;Thalamus	Mixed	Partial resection	poly-A stranded	3424	Reported Unknown	Not Hispanic or Latino	Female	NA	None documented	DIPG or DMG	#ff40d9	Yes	NA	1031	Deceased-due to disease	1031	DECEASED	EVENT
BS_96BNRT9G	PT_BMK69WFB	PBTA	HOPE	C1277355	PT_BMK69WFB_7316-4993_Solid Tissue_Progressive	7316-4993	Tumor	Progressive	Solid Tissue	NA	Diffuse astrocytic and oligodendroglial tumor	High-grade glioma	HGG, IDH, TP53	NA	High-grade glioma/astrocytoma (WHO grade III/IV)	residual/recurrent giant cell glioblastoma who grade iv	Basal Ganglia;Brain Stem- Midbrain/Tectum;Frontal Lobe;Temporal Lobe;Thalamus	Mixed	Gross/Near total resection	stranded	3673	Asian	Not Hispanic or Latino	Male	Male	None documented	Other high-grade glioma	#ffccf5	No	EAS	17	Progressive	382	DECEASED	EVENT
BS_9755PSCS	PT_KBA2VNA2	PBTA	CBTN	C664938	PT_KBA2VNA2_7316-2249_Solid Tissue_Initial CNS Tumor	7316-2249	Tumor	Initial CNS Tumor	Solid Tissue	NA	Low-grade astrocytic tumor	Low-grade glioma	LGG, IDH	LGG, IDH	Low-grade glioma/astrocytoma (WHO grade I/II)	infiltrating astocytoma, who grade 2	Frontal Lobe;Temporal Lobe	Hemispheric	Gross/Near total resection	stranded	6659	White	Not Hispanic or Latino	Female	NA	None documented	Low-grade glioma	#8f8fbf	Yes	NA	Not Reported	Not Applicable	Not Reported	NA	NO EVENT
BS_975AWWJE	PT_T16E2TWZ	PBTA	PBTA-X01-FY22	C1162965	PT_T16E2TWZ_7316-3156_Solid Tissue_Initial CNS Tumor	7316-3156	Tumor	Initial CNS Tumor	Solid Tissue	NA	Ependymal tumor	Ependymoma	EPN, To be classified	NA	Ependymoma	grade 3 posterior fossa ependymoma	Frontal Lobe	Hemispheric	Gross/Near total resection	poly-A stranded	919	White	Not Hispanic or Latino	Female	Female	None documented	Ependymoma	#2200ff	Yes	EUR	1437	Recurrence	2073	DECEASED	EVENT
BS_9782FVF5	PT_0WQFCZ6S	PBTA	PBTA-X01-FY22	C2602680	PT_0WQFCZ6S_7316-6383_Solid Tissue_Recurrence	7316-6383	Tumor	Recurrence	Solid Tissue	NA	Embryonal tumor	Atypical Teratoid Rhabdoid Tumor	ATRT, MYC	ATRT, MYC	Atypical Teratoid Rhabdoid Tumor (ATRT)	recurrent/residual atypical teratoid/rhabdoid tumor, who grade  iv	Frontal Lobe	Hemispheric	Gross/Near total resection	poly-A stranded	1638	Reported Unknown	Not Hispanic or Latino	Male	Male	None documented	Atypical Teratoid Rhabdoid Tumor	#4d0d85	No	EUR	296	Recurrence	338	DECEASED	EVENT
BS_97GBG8T6	PT_J8H4A62A	PBTA	PBTA-X01-FY22	C300735	PT_J8H4A62A_7316-738_Solid Tissue_Initial CNS Tumor	7316-738	Tumor	Initial CNS Tumor	Solid Tissue	NA	Low-grade astrocytic tumor	Low-grade glioma	LGG, wildtype	NA	Low-grade glioma/astrocytoma (WHO grade I/II)	pilocytic astrocytoma, who grade i	Cerebellum/Posterior Fossa	Posterior fossa	Gross/Near total resection	poly-A stranded	5808	Asian	Not Hispanic or Latino	Male	Male	Not Reported	Low-grade glioma	#8f8fbf	Yes	SAS	1300	Not Applicable	1300	LIVING	NO EVENT
BS_97M1E2DW	PT_B38P3Y5T	PBTA	CBTN	C832710	PT_B38P3Y5T_7316-3208_Solid Tissue_Deceased	7316-3208	Tumor	Deceased	Solid Tissue	NA	Diffuse astrocytic and oligodendroglial tumor	Diffuse midline glioma	DMG, H3 K28	DMG, H3 K28	Brainstem glioma- Diffuse intrinsic pontine glioma	brainstem diffuse midline glioma, h3-k27m mutant, who grade iv	Brain Stem- Pons	Midline	NA	stranded	3388	White	Not Hispanic or Latino	Female	Female	None documented	DIPG or DMG	#ff40d9	No	EUR	181	Deceased-due to disease	181	DECEASED	EVENT
BS_97PS4DTQ	PT_4347ZBEX	PBTA	PBTA-X01-FY22	C216603	PT_4347ZBEX_7316-913_Derived Cell Line_Progressive_Serum-based_NA	7316-913	Tumor	Progressive	Derived Cell Line	Serum-based	Diffuse astrocytic and oligodendroglial tumor	High-grade glioma	HGG, H3 wildtype, TP53	NA	High-grade glioma/astrocytoma (WHO grade III/IV)	glioblastoma (hgg)	Parietal Lobe;Temporal Lobe	Hemispheric	Gross/Near total resection	poly-A stranded	7884	White	Not Hispanic or Latino	Female	Female	None documented	Other high-grade glioma	#ffccf5	No	EUR	5508	Progressive	7024	DECEASED	EVENT
BS_983Z6CA6	PT_3KM9W8S8	PBTA	CBTN	C374412	PT_3KM9W8S8_7316-3045_Solid Tissue_Deceased	7316-3045	Tumor	Deceased	Solid Tissue	NA	Embryonal tumor	Atypical Teratoid Rhabdoid Tumor	ATRT, MYC	ATRT, MYC	Atypical Teratoid Rhabdoid Tumor (ATRT)	atrt	Other locations NOS;Spinal Cord- Lumbar/Thecal Sac;Spinal Cord- Thoracic;Ventricles	Mixed	NA	stranded	190	White	Not Hispanic or Latino	Female	Female	None documented	Atypical Teratoid Rhabdoid Tumor	#4d0d85	No	EUR	335	Progressive - Metastatic	523	DECEASED	EVENT
BS_989GRHJC	PT_P5HHJJPH	PBTA	PBTA-X01-FY22	C116727	PT_P5HHJJPH_7316-870_Derived Cell Line_Progressive_Serum-based_7	7316-870	Tumor	Progressive	Derived Cell Line	Serum-based	Diffuse astrocytic and oligodendroglial tumor	High-grade glioma	HGG, H3 wildtype	NA	High-grade glioma/astrocytoma (WHO grade III/IV)	high-grade glioma	Parietal Lobe;Temporal Lobe	Hemispheric	Partial resection	poly-A stranded	3570	Reported Unknown	Hispanic or Latino	Female	Female	None documented	Other high-grade glioma	#ffccf5	No	AMR	169	Progressive	855	DECEASED	EVENT
BS_996ZS2A4	PT_RX1EWBP9	PBTA	CBTN	C921639	PT_RX1EWBP9_7316-2276_Solid Tissue_Progressive	7316-2276	Tumor	Progressive	Solid Tissue	NA	Embryonal tumor	Atypical Teratoid Rhabdoid Tumor	ATRT, MYC	ATRT, MYC	Atypical Teratoid Rhabdoid Tumor (ATRT)	atrt	Frontal Lobe	Hemispheric	Partial resection	stranded	1351	Black or African American	Not Hispanic or Latino	Female	Female	None documented	Atypical Teratoid Rhabdoid Tumor	#4d0d85	No	AFR	285	Progressive	639	DECEASED	EVENT
BS_99B1XRZQ	PT_3VCS1PPF	PBTA	CBTN	C47724	PT_3VCS1PPF_7316-490_Solid Tissue_Progressive	7316-490	Tumor	Progressive	Solid Tissue	NA	Ependymal tumor	Ependymoma	EPN, SP-MYCN	EPN, SP-MYCN	Ependymoma	ependymoma	Cerebellum/Posterior Fossa;Occipital Lobe;Parietal Lobe;Spinal Cord- Cervical	Mixed	Partial resection	stranded	4658	Reported Unknown	Not Hispanic or Latino	Male	Male	None documented	Ependymoma	#2200ff	No	EUR	575	Progressive - Metastatic	575	LIVING	EVENT
BS_99BJN8NC	PT_DNAJYFZT	PBTA	PBTA-X01-FY22	C1027296	PT_DNAJYFZT_7316-4274_Solid Tissue_Deceased	7316-4274	Tumor	Deceased	Solid Tissue	NA	Ependymal tumor	Ependymoma	EPN, To be classified	NA	Ependymoma	anaplastic ependymoma who grade iii	Occipital Lobe;Parietal Lobe	Hemispheric	NA	poly-A stranded	4330	White	Not Hispanic or Latino	Male	Male	None documented	Ependymoma	#2200ff	No	EUR	753	Recurrence	1367	DECEASED	EVENT
BS_9ABXKE6Y	PT_T0MRCE9A	PBTA	PBTA-X01-FY22	C3811647	PT_T0MRCE9A_7316-8053_Solid Tissue_Deceased	7316-8053	Tumor	Deceased	Solid Tissue	NA	Embryonal tumor	Medulloblastoma	MB, SHH	NA	Medulloblastoma	medulloblastoma	Cerebellum/Posterior Fossa;Spinal Cord- Lumbar/Thecal Sac	Mixed	NA	poly-A stranded	6005	White	Not Hispanic or Latino	Male	Male	None documented	Medulloblastoma	#a340ff	No	EUR	2549	Recurrence	5827	DECEASED	EVENT
BS_9BJARSX3	PT_41QYPSGV	PBTA	CBTN	C146124	PT_41QYPSGV_7316-884_Solid Tissue_Initial CNS Tumor	7316-884	Tumor	Initial CNS Tumor	Solid Tissue	NA	Low-grade astrocytic tumor	Low-grade glioma	LGG, BRAF V600E, CDKN2A/B	NA	Low-grade glioma/astrocytoma (WHO grade I/II)	pxa	Temporal Lobe	Hemispheric	Gross/Near total resection	stranded	5203	White	Not Hispanic or Latino	Female	Female	None documented	Low-grade glioma	#8f8fbf	Yes	EUR	Not Reported	Not Applicable	Not Reported	LIVING	NO EVENT
BS_9CA93S6D	PT_HSHPZAEZ	PBTA	CBTN	C123000	PT_HSHPZAEZ_7316-545_Solid Tissue_Deceased	7316-545	Tumor	Deceased	Solid Tissue	NA	Diffuse astrocytic and oligodendroglial tumor	Diffuse midline glioma	DMG, H3 K28	DMG, H3 K28	Brainstem glioma- Diffuse intrinsic pontine glioma	dipg	Brain Stem- Pons	Midline	NA	stranded	3296	Reported Unknown	Not Available	Female	NA	None documented	DIPG or DMG	#ff40d9	No	NA	438	Deceased-due to disease	438	DECEASED	EVENT
BS_9DFBHHB5	PT_KMHGNCNR	PBTA	CBTN	C73062	PT_KMHGNCNR_7316-944_Solid Tissue_Recurrence	7316-944	Tumor	Recurrence	Solid Tissue	NA	Low-grade astrocytic tumor	Low-grade glioma	LGG, BRAF V600E	LGG, MAPK	Low-grade glioma/astrocytoma (WHO grade I/II)	low-grade glioma	Cerebellum/Posterior Fossa;Optic Pathway;Suprasellar/Hypothalamic/Pituitary;Thalamus	Mixed	Gross/Near total resection	stranded	95	Reported Unknown	Not Hispanic or Latino	Male	Male	None documented	Low-grade glioma	#8f8fbf	No	AMR	211	Progressive	1342	LIVING	EVENT
BS_9DWJCCGH	PT_S9YT3GSS	PBTA	PBTA-X01-FY22	C2360493	PT_S9YT3GSS_7316-5270_Solid Tissue_Recurrence	7316-5270	Tumor	Recurrence	Solid Tissue	NA	Mesenchymal non-meningothelial tumor	Sarcoma	NA	NA	Sarcoma	chondroblastic osteosarcoma	Other locations NOS;Skull	Other	Gross/Near total resection	poly-A stranded	4682	Black or African American	Not Hispanic or Latino	Female	Female	None documented	Mesenchymal tumor	#7fbf00	No	AFR	175	Recurrence - Metastatic	650	DECEASED	EVENT
BS_9DZ253JY	PT_N8W26H19	PBTA	CBTN	C37392	PT_N8W26H19_7316-3061_Solid Tissue_Progressive	7316-3061	Tumor	Progressive	Solid Tissue	NA	Low-grade astrocytic tumor	Low-grade glioma	LGG, wildtype	NA	Low-grade glioma/astrocytoma (WHO grade I/II)	pilocytic astrocytoma	Brain Stem- Pons;Cerebellum/Posterior Fossa	Mixed	Gross/Near total resection	stranded	5401	White	Not Hispanic or Latino	Female	Female	None documented	Low-grade glioma	#8f8fbf	No	EUR	600	Progressive	4803	LIVING	EVENT
BS_9E7YVFJM	PT_37WTWPZY	PBTA	CBTN	C20787	PT_37WTWPZY_7316-73_Solid Tissue_Initial CNS Tumor	7316-73	Tumor	Initial CNS Tumor	Solid Tissue	NA	Histiocytic tumor	Langerhans Cell histiocytosis	NA	NA	Langerhans Cell histiocytosis	langerhans cell histiocytosis (lch)	Skull	Other	Biopsy only	stranded	300	Reported Unknown	Hispanic or Latino	Female	Female	None documented	Other tumor	#b5b5b5	Yes	AMR	770	Recurrence - Metastatic	1395	LIVING	EVENT
BS_9F09XV62	PT_C2VY5NM6	PBTA	CBTN	C155103	PT_C2VY5NM6_7316-875_Solid Tissue_Initial CNS Tumor	7316-875	Tumor	Initial CNS Tumor	Solid Tissue	NA	Low-grade astrocytic tumor	Low-grade glioma	LGG, KIAA1549-BRAF	NA	Low-grade glioma/astrocytoma (WHO grade I/II)	low-grade glioma	Temporal Lobe	Hemispheric	Partial resection	stranded	735	White	Not Hispanic or Latino	Female	Female	None documented	Low-grade glioma	#8f8fbf	Yes	EUR	2883	Not Applicable	2883	LIVING	NO EVENT
BS_9FHEFJNP	PT_ZRZRHGQJ	PBTA	PBTA-X01-FY22	C1027419	PT_ZRZRHGQJ_7316-4036_Solid Tissue_Initial CNS Tumor	7316-4036	Tumor	Initial CNS Tumor	Solid Tissue	NA	Diffuse astrocytic and oligodendroglial tumor	Diffuse hemispheric glioma	DHG, H3 G35, TP53	NA	High-grade glioma/astrocytoma (WHO grade III/IV)	high-grade glioma/astrocytoma (who grade iii/iv)	Temporal Lobe	Hemispheric	Gross/Near total resection	poly-A stranded	3808	White	Not Hispanic or Latino	Male	Male	None documented	Other high-grade glioma	#ffccf5	Yes	EUR	188	Recurrence	750	DECEASED	EVENT
BS_9FHSNVS0	PT_JV9G8MFD	PBTA	CBTN	C886092	PT_JV9G8MFD_7316-2269_Solid Tissue_Initial CNS Tumor	7316-2269	Tumor	Initial CNS Tumor	Solid Tissue	NA	Embryonal tumor	Atypical Teratoid Rhabdoid Tumor	ATRT, SHH	ATRT, SHH	Atypical Teratoid Rhabdoid Tumor (ATRT)	atypical teratoid rhabdoid tumor, who grade iv	Frontal Lobe	Hemispheric	Gross/Near total resection	stranded	362	White	Not Hispanic or Latino	Female	Female	None documented	Atypical Teratoid Rhabdoid Tumor	#4d0d85	Yes	EUR	300	Recurrence	1581	DECEASED	EVENT
BS_9FX3YREK	PT_FKCPVY7V	PBTA	PNOC	C3070941	PT_FKCPVY7V_7316-8031_Solid Tissue_Initial CNS Tumor	7316-8031	Tumor	Initial CNS Tumor	Solid Tissue	NA	Diffuse astrocytic and oligodendroglial tumor	Diffuse midline glioma	DMG, H3 K28, TP53	NA	High-grade glioma/astrocytoma (WHO grade III/IV)	Diffuse Midline Glioma	right thalamus	Midline	NA	stranded	4143	White	Not Hispanic or Latino	Female	Female	None documented	DIPG or DMG	#ff40d9	No	NA	NA	NA	NA	NA	NO EVENT
BS_9G69F50J	PT_25Z2NX27	PBTA	CBTN	C74784	PT_25Z2NX27_7316-1462_Solid Tissue_Initial CNS Tumor	7316-1462	Tumor	Initial CNS Tumor	Solid Tissue	NA	Benign tumor	NA	NA	NA	Other	ossifying fibroma	Skull	Other	Partial resection	stranded	3674	Black or African American	Not Hispanic or Latino	Female	Female	None documented	Non-neoplastic tumor	#FFF5EB	Yes	AFR	1579	Progressive	1579	LIVING	EVENT
BS_9GJ23RHH	PT_M2J30CF7	PBTA	CBTN	C2785827	PT_M2J30CF7_7316-1747_Solid Tissue_Initial CNS Tumor	7316-1747	Tumor	Initial CNS Tumor	Solid Tissue	NA	Mesenchymal non-meningothelial tumor	Sarcoma	NA	NA	Sarcoma	myeloid sarcoma	Basal Ganglia	Midline	Biopsy only	stranded	365	White	Not Hispanic or Latino	Female	Female	None documented	Mesenchymal tumor	#7fbf00	Yes	EUR	31	Deceased-due to other causes	31	DECEASED	NO EVENT
BS_9H1684FJ	PT_W95TYXPM	PBTA	PBTA-X01-FY22	C2338230	PT_W95TYXPM_7316-5296_Solid Tissue_Initial CNS Tumor	7316-5296	Tumor	Initial CNS Tumor	Solid Tissue	NA	Tumors of sellar region	Adamantinomatous Craniopharyngioma	CRANIO, ADAM	NA	Craniopharyngioma	craniopharyngioma, adamantinomatous type	Suprasellar/Hypothalamic/Pituitary	Suprasellar	Gross/Near total resection	poly-A stranded	5226	White	Not Hispanic or Latino	Male	Male	None documented	Craniopharyngioma	#b2502d	Yes	EUR	1780	Recurrence	1780	LIVING	EVENT
BS_9H7A00PV	PT_70613JKE	PBTA	PBTA-X01-FY22	C3271923	PT_70613JKE_7316-5894_Solid Tissue_Initial CNS Tumor	7316-5894	Tumor	Initial CNS Tumor	Solid Tissue	NA	Low-grade astrocytic tumor	Ganglioglioma	GNG, wildtype	NA	Ganglioglioma	ganglioglioma	Temporal Lobe	Hemispheric	Gross/Near total resection	poly-A stranded	3403	Reported Unknown	Not Available	Female	Female	None documented	Mixed neuronal-glial tumor	#685815	Yes	EUR	Not Reported	Not Applicable	Not Reported	LIVING	NO EVENT
BS_9HA238XS	PT_X84SD608	PBTA	CBTN	C115989	PT_X84SD608_7316-497_Solid Tissue_Second Malignancy	7316-497	Tumor	Second Malignancy	Solid Tissue	NA	Tumor of cranial and paraspinal nerves	Neurofibroma/Plexiform	NA	NA	Neurofibroma/Plexiform	neurofibroma	Skull;Spinal Cord- Cervical	Mixed	Gross/Near total resection	stranded	7215	White	Not Hispanic or Latino	Male	Male	Neurofibromatosis, Type 1 (NF-1)	Neurofibroma plexiform	#e6ac39	No	AMR	2728	Second Malignancy	3142	LIVING	EVENT
BS_9HSGV9TJ	PT_P75ZXB1S	PBTA	CBTN	C150060	PT_P75ZXB1S_7316-692_Solid Tissue_Initial CNS Tumor	7316-692	Tumor	Initial CNS Tumor	Solid Tissue	NA	Low-grade astrocytic tumor	Low-grade glioma	LGG, RTK	NA	Low-grade glioma/astrocytoma (WHO grade I/II)	astrocytoma, pleomorphic xanthroastrocytoma	Frontal Lobe	Hemispheric	Gross/Near total resection	stranded	6447	White	Hispanic or Latino	Male	NA	Neurofibromatosis, Type 1 (NF-1)	Low-grade glioma	#8f8fbf	Yes	NA	Not Reported	Not Applicable	Not Reported	NA	NO EVENT
BS_9J2R4B8S	PT_K71TQSF4	PBTA	PBTA-X01-FY22	C3461835	PT_K71TQSF4_7316-8046_Solid Tissue_Deceased	7316-8046	Tumor	Deceased	Solid Tissue	NA	Embryonal tumor	Medulloblastoma	MB, Group4	NA	Medulloblastoma	medulloblastoma	Brain Stem- Pons;Cerebellum/Posterior Fossa;Spinal Cord- Cervical	Mixed	NA	poly-A stranded	3706	White	Not Hispanic or Latino	Male	Male	None documented	Medulloblastoma	#a340ff	No	EUR	373	Recurrence - Metastatic	612	DECEASED	EVENT
BS_9JBX2E8G	PT_CR3TWR1C	PBTA	PBTA-X01-FY22	C1073667	PT_CR3TWR1C_7316-3496_Solid Tissue_Initial CNS Tumor	7316-3496	Tumor	Initial CNS Tumor	Solid Tissue	NA	Low-grade astrocytic tumor	Low-grade glioma	LGG, FGFR	NA	Low-grade glioma/astrocytoma (WHO grade I/II)	pilocytic astrocytoma, who grade 1.	Temporal Lobe	Hemispheric	Partial resection	poly-A stranded	5574	White	Not Hispanic or Latino	Male	Male	None documented	Low-grade glioma	#8f8fbf	Yes	EUR	544	Progressive	1682	LIVING	EVENT
BS_9JPQZQNG	PT_7MY0VJ44	PBTA	CBTN	C119802	PT_7MY0VJ44_7316-623_Solid Tissue_Initial CNS Tumor	7316-623	Tumor	Initial CNS Tumor	Solid Tissue	NA	Diffuse astrocytic and oligodendroglial tumor	Diffuse hemispheric glioma	DHG, H3 G35	DHG, H3 G35	High-grade glioma/astrocytoma (WHO grade III/IV)	gbm	Parietal Lobe	Hemispheric	Unavailable	poly-A stranded	4716	Reported Unknown	Not Available	Female	NA	None documented	Other high-grade glioma	#ffccf5	Yes	NA	Not Reported	Not Applicable	Not Reported	LIVING	NO EVENT
BS_9K1H3RPM	PT_ZM9F20SY	PBTA	PBTA-X01-FY22	C2541918	PT_ZM9F20SY_7316-6124_Solid Tissue_Initial CNS Tumor	7316-6124	Tumor	Initial CNS Tumor	Solid Tissue	NA	Embryonal tumor	Medulloblastoma	MB, WNT	MB, WNT	Medulloblastoma	medulloblastoma, who grade 4	Cerebellum/Posterior Fossa	Posterior fossa	Gross/Near total resection	poly-A stranded	5938	White	Not Hispanic or Latino	Female	Female	None documented	Medulloblastoma	#a340ff	Yes	EUR	1058	Not Applicable	1058	LIVING	NO EVENT
BS_9M5XJ10G	PT_VH6S71AC	PBTA	CBTN	C138498	PT_VH6S71AC_7316-735_Solid Tissue_Initial CNS Tumor	7316-735	Tumor	Initial CNS Tumor	Solid Tissue	NA	Embryonal tumor	Medulloblastoma	MB, Group4	MB, Group4	Medulloblastoma	medulloblastoma, classic type, grade 4	Ventricles	Ventricles	Gross/Near total resection	stranded	2590	Reported Unknown	Hispanic or Latino	Male	Male	None documented	Medulloblastoma	#a340ff	Yes	AMR	1407	Not Applicable	1407	LIVING	NO EVENT
BS_9NJHQE9F	PT_VJZN69T9	PBTA	CBTN	C979203	PT_VJZN69T9_7316-3510_Solid Tissue_Initial CNS Tumor	7316-3510	Tumor	Initial CNS Tumor	Solid Tissue	NA	Embryonal tumor	Medulloblastoma	MB, Group3	MB, Group3	Medulloblastoma	medulloblastoma	Cerebellum/Posterior Fossa	Posterior fossa	Biopsy only	stranded	880	White	Not Hispanic or Latino	Male	Male	None documented	Medulloblastoma	#a340ff	Yes	EUR	128	Progressive	128	LIVING	EVENT
BS_9NZ2D6AD	PT_9YMRNZHH	PBTA	CBTN	C623979	PT_9YMRNZHH_7316-2178_Solid Tissue_Initial CNS Tumor	7316-2178	Tumor	Initial CNS Tumor	Solid Tissue	NA	Embryonal tumor	Medulloblastoma	MB, Group4	MB, Group4	Medulloblastoma	medulloblastoma	Cerebellum/Posterior Fossa	Posterior fossa	Gross/Near total resection	stranded	5119	White	Not Hispanic or Latino	Male	Male	None documented	Medulloblastoma	#a340ff	Yes	EUR	317	Recurrence - Metastatic	408	DECEASED	EVENT
BS_9P9MB8X8	PT_45YH276T	PBTA	CBTN	C116850	PT_45YH276T_7316-499_Solid Tissue_Initial CNS Tumor	7316-499	Tumor	Initial CNS Tumor	Solid Tissue	NA	Low-grade astrocytic tumor	Low-grade glioma	LGG, BRAF V600E	LGG, MAPK	Low-grade glioma/astrocytoma (WHO grade I/II)	low-grade glioma	Optic Pathway;Suprasellar/Hypothalamic/Pituitary	Mixed	Partial resection	stranded	623	Reported Unknown	Not Hispanic or Latino	Male	Male	None documented	Low-grade glioma	#8f8fbf	Yes	SAS	569	Progressive	2364	LIVING	EVENT
BS_9PB3XH5D	PT_04YTK82N	PBTA	CBTN	C398643	PT_04YTK82N_7316-746_Solid Tissue_Initial CNS Tumor	7316-746	Tumor	Initial CNS Tumor	Solid Tissue	NA	Embryonal tumor	Medulloblastoma	MB, Group3	MB, Group3	Medulloblastoma	medulloblastoma, who grade iv	Cerebellum/Posterior Fossa	Posterior fossa	Gross/Near total resection	stranded	1067	White	Not Hispanic or Latino	Male	Male	None documented	Medulloblastoma	#a340ff	Yes	EUR	161	Progressive - Metastatic	195	DECEASED	EVENT
BS_9Q6Z6VJC	PT_M5HDHQNQ	PBTA	CBTN	C102459	PT_M5HDHQNQ_7316-475_Solid Tissue_Initial CNS Tumor	7316-475	Tumor	Initial CNS Tumor	Solid Tissue	NA	Low-grade astrocytic tumor	Low-grade glioma	LGG, KIAA1549-BRAF	NA	Low-grade glioma/astrocytoma (WHO grade I/II)	pilocytic astrocytoma	Cerebellum/Posterior Fossa	Posterior fossa	Partial resection	stranded	1986	White	Not Hispanic or Latino	Male	Male	None documented	Low-grade glioma	#8f8fbf	Yes	EUR	505	Progressive	2517	LIVING	EVENT
BS_9RT63JD9	PT_AEDWCP8Z	PBTA	CBTN	C130626	PT_AEDWCP8Z_7316-851_Solid Tissue_Initial CNS Tumor	7316-851	Tumor	Initial CNS Tumor	Solid Tissue	NA	Low-grade astrocytic tumor	Low-grade glioma	LGG, IDH	LGG, IDH	Low-grade glioma/astrocytoma (WHO grade I/II)	glioma, who grade ii	Frontal Lobe	Hemispheric	Unavailable	stranded	6209	Reported Unknown	Not Available	Female	NA	None documented	Low-grade glioma	#8f8fbf	Yes	NA	Not Reported	Not Applicable	Not Reported	NA	NO EVENT
BS_9S792SG4	PT_K8ZV7APT	PBTA	PBTA-X01-FY22	C15129	PT_K8ZV7APT_7316-8864_Solid Tissue_Progressive	7316-8864	Tumor	Progressive	Solid Tissue	NA	Tumor of cranial and paraspinal nerves	Neurofibroma/Plexiform	NA	NA	Neurofibroma/Plexiform	plexiform neurofibroma	Spinal Cord- Cervical	Spine	Partial resection	poly-A stranded	3899	Black or African American	Not Hispanic or Latino	Female	Female	Neurofibromatosis, Type 1 (NF-1)	Neurofibroma plexiform	#e6ac39	No	AFR	4408	Progressive	7175	LIVING	EVENT
BS_9S7AG4EN	PT_Z4A9DMAS	PBTA	PBTA-X01-FY22	C4097130	PT_Z4A9DMAS_7316-8932_Solid Tissue_Initial CNS Tumor	7316-8932	Tumor	Initial CNS Tumor	Solid Tissue	NA	Low-grade astrocytic tumor	Low-grade glioma	LGG, other MAPK	NA	Low-grade glioma/astrocytoma (WHO grade I/II)	diffuse low-grade glioma, mapk pathway-altered	Cerebellum/Posterior Fossa	Posterior fossa	Gross/Near total resection	poly-A stranded	7542	White	Not Hispanic or Latino	Female	Female	None documented	Low-grade glioma	#8f8fbf	Yes	EUR	Not Reported	Not Applicable	Not Reported	LIVING	NO EVENT
BS_9SJWWYQ4	PT_3CVMBGD7	PBTA	CBTN	C654483	PT_3CVMBGD7_7316-1963_Solid Tissue_Initial CNS Tumor	7316-1963	Tumor	Initial CNS Tumor	Solid Tissue	NA	Low-grade astrocytic tumor	Low-grade glioma	LGG, KIAA1549-BRAF	NA	Low-grade glioma/astrocytoma (WHO grade I/II)	pilocytic astrocytoma	Cerebellum/Posterior Fossa	Posterior fossa	Gross/Near total resection	stranded	3815	White	Not Hispanic or Latino	Male	Male	None documented	Low-grade glioma	#8f8fbf	Yes	EUR	Not Reported	Not Applicable	Not Reported	LIVING	NO EVENT
BS_9TXEDSWB	PT_5R8EWT55	PBTA	PNOC	C3070818	PT_5R8EWT55_7316-8030_Solid Tissue_Initial CNS Tumor	7316-8030	Tumor	Initial CNS Tumor	Solid Tissue	NA	Diffuse astrocytic and oligodendroglial tumor	High-grade glioma	HGG, H3 wildtype	NA	High-grade glioma/astrocytoma (WHO grade III/IV)	high grade astrocytoma WHO IV	bilateral thalmus	Midline	NA	stranded	737	White	Not Hispanic or Latino	Female	Female	None documented	Other high-grade glioma	#ffccf5	Yes	NA	NA	NA	NA	NA	NO EVENT
BS_9V633J1X	PT_BTTM2HS5	PBTA	CBTN	C607251	PT_BTTM2HS5_7316-2287_Solid Tissue_Initial CNS Tumor	7316-2287	Tumor	Initial CNS Tumor	Solid Tissue	NA	Embryonal tumor	Medulloblastoma	MB, Group3	MB, Group3	Medulloblastoma	medulloblastoma, anaplastic/large  cell type.	Cerebellum/Posterior Fossa	Posterior fossa	Partial resection	stranded	1689	White	Not Hispanic or Latino	Female	Female	None documented	Medulloblastoma	#a340ff	Yes	EUR	320	Progressive - Metastatic	561	LIVING	EVENT
BS_9XKZY5PR	PT_C2D4JXS1	PBTA	PBTA-X01-FY22	C337143	PT_C2D4JXS1_7316-1746_Derived Cell Line_Initial CNS Tumor_Serum-free_14	7316-1746	Tumor	Initial CNS Tumor	Derived Cell Line	Serum-free	Diffuse astrocytic and oligodendroglial tumor	High-grade glioma	HGG, H3 wildtype, TP53	NA	High-grade glioma/astrocytoma (WHO grade III/IV)	high grade glioma	Cerebellum/Posterior Fossa	Posterior fossa	Partial resection	poly-A stranded	2307	Reported Unknown	Hispanic or Latino	Female	Female	None documented	Other high-grade glioma	#ffccf5	No	AMR	23	Progressive	132	DECEASED	EVENT
BS_9XVACXP0	PT_387VK1T9	PBTA	HOPE	C979572	PT_387VK1T9_7316-3625_Solid Tissue_Initial CNS Tumor	7316-3625	Tumor	Initial CNS Tumor	Solid Tissue	NA	Diffuse astrocytic and oligodendroglial tumor	Infant-type hemispheric glioma	IHG, NTRK-altered	HGG, IHG	High-grade glioma/astrocytoma (WHO grade III/IV)	glioblastoma	Parietal Lobe	Hemispheric	Biopsy only	stranded	70	White	Not Hispanic or Latino	Female	Female	None documented	Other high-grade glioma	#ffccf5	Yes	EUR	Not Reported	Not Applicable	Not Reported	NA	NO EVENT
BS_9XWJ88Q1	PT_DEKWG1QG	PBTA	CBTN	C445014	PT_DEKWG1QG_7316-2139_Solid Tissue_Initial CNS Tumor	7316-2139	Tumor	Initial CNS Tumor	Solid Tissue	NA	Benign tumor	NA	NA	NA	Other	osteoblastoma	Other locations NOS	Other	Gross/Near total resection	stranded	2299	White	Not Hispanic or Latino	Female	Female	None documented	Non-neoplastic tumor	#FFF5EB	Yes	AMR	1065	Not Applicable	1065	LIVING	NO EVENT
BS_9Y1K14Q5	PT_YKFSBN25	PBTA	PBTA-X01-FY22	C3803775	PT_YKFSBN25_7316-8461_Solid Tissue_Initial CNS Tumor	7316-8461	Tumor	Initial CNS Tumor	Solid Tissue	NA	Diffuse astrocytic and oligodendroglial tumor	High-grade glioma	HGG, H3 wildtype	NA	High-grade glioma/astrocytoma (WHO grade III/IV)	high grade neoplasm with glial differentiation	Parietal Lobe	Hemispheric	Gross/Near total resection	poly-A stranded	67	White	Not Hispanic or Latino	Female	NA	None documented	Other high-grade glioma	#ffccf5	Yes	NA	242	Not Applicable	242	LIVING	NO EVENT
BS_9YXH2CZ0	PT_S9ZZSZHR	PBTA	PBTA-X01-FY22	C3732558	PT_S9ZZSZHR_7316-9027_Solid Tissue_Initial CNS Tumor	7316-9027	Tumor	Initial CNS Tumor	Solid Tissue	NA	Low-grade astrocytic tumor	Low-grade glioma	LGG, KIAA1549-BRAF	NA	Low-grade glioma/astrocytoma (WHO grade I/II)	pilocytic astrocytoma with kiaa1549-braf fusion, who grade i	Cerebellum/Posterior Fossa	Posterior fossa	Gross/Near total resection	poly-A stranded	3098	White	Hispanic or Latino	Female	Female	None documented	Low-grade glioma	#8f8fbf	Yes	EUR	720	Not Applicable	720	LIVING	NO EVENT
BS_9ZJT0CP0	PT_C7HHJG7Z	PBTA	HOPE	C1205400	PT_C7HHJG7Z_7316-4516_Solid Tissue_Initial CNS Tumor	7316-4516	Tumor	Initial CNS Tumor	Solid Tissue	NA	Diffuse astrocytic and oligodendroglial tumor	Diffuse midline glioma	DMG, H3 K28, TP53	DMG, H3 K28	High-grade glioma/astrocytoma (WHO grade III/IV)	high grade glioma who grade iv	Brain Stem- Midbrain/Tectum;Thalamus	Midline	Partial resection	stranded	5333	White	Not Hispanic or Latino	Female	Female	None documented	DIPG or DMG	#ff40d9	Yes	EUR	126	Deceased-due to disease	126	DECEASED	EVENT
BS_A0DYVX9J	PT_QDGVJKE0	PBTA	HOPE	C466170	PT_QDGVJKE0_7316-2140_Solid Tissue_Recurrence	7316-2140	Tumor	Recurrence	Solid Tissue	NA	Diffuse astrocytic and oligodendroglial tumor	High-grade glioma	HGG, IDH, TP53	HGG, IDH	High-grade glioma/astrocytoma (WHO grade III/IV)	high grade glioma	Frontal Lobe	Hemispheric	Gross/Near total resection	stranded	7354	White	Not Hispanic or Latino	Male	Male	None documented	Other high-grade glioma	#ffccf5	No	EUR	169	Recurrence	521	DECEASED	EVENT
BS_A11G4PKZ	PT_H137ADYF	PBTA	CBTN	C2723712	PT_H137ADYF_7316-6690_Solid Tissue_Initial CNS Tumor	7316-6690	Tumor	Initial CNS Tumor	Solid Tissue	NA	Embryonal tumor	Atypical Teratoid Rhabdoid Tumor	ATRT, MYC	ATRT, MYC	Atypical Teratoid Rhabdoid Tumor (ATRT)	atrt	Spinal Cord- Cervical	Spine	Partial resection	poly-A stranded	171	Reported Unknown	Hispanic or Latino	Female	NA	None documented	Atypical Teratoid Rhabdoid Tumor	#4d0d85	Yes	NA	16	Progressive - Metastatic	119	DECEASED	EVENT
BS_A13BMEF5	PT_TB8HPJBN	PBTA	CBTN	C699624	PT_TB8HPJBN_7316-2663_Solid Tissue_Initial CNS Tumor	7316-2663	Tumor	Initial CNS Tumor	Solid Tissue	NA	Low-grade astrocytic tumor	Low-grade glioma	LGG, KIAA1549-BRAF	NA	Low-grade glioma/astrocytoma (WHO grade I/II)	pilocytic astrocytoma who grade i	Cerebellum/Posterior Fossa	Posterior fossa	Gross/Near total resection	stranded	1436	White	Not Hispanic or Latino	Male	Male	None documented	Low-grade glioma	#8f8fbf	Yes	EUR	1893	Not Applicable	1893	LIVING	NO EVENT
BS_A14Z8BBK	PT_G1QNGVCZ	PBTA	CBTN	C293601	PT_G1QNGVCZ_7316-1118_Solid Tissue_Initial CNS Tumor	7316-1118	Tumor	Initial CNS Tumor	Solid Tissue	NA	Embryonal tumor	Medulloblastoma	MB, Group4	NA	Medulloblastoma	medulloblastoma	Cerebellum/Posterior Fossa	Posterior fossa	Partial resection	stranded	3712	White	Not Hispanic or Latino	Female	Female	None documented	Medulloblastoma	#a340ff	Yes	EUR	Not Reported	Not Applicable	Not Reported	LIVING	NO EVENT
BS_A1V3BH0Z	PT_91WW504A	PBTA	PBTA-X01-FY22	C2560614	PT_91WW504A_7316-6197_Solid Tissue_Initial CNS Tumor	7316-6197	Tumor	Initial CNS Tumor	Solid Tissue	NA	Low-grade astrocytic tumor	Low-grade glioma	LGG, wildtype	NA	Low-grade glioma/astrocytoma (WHO grade I/II)	low grade glioma, most compatible with pilocytic astrocytoma, who grade i	Temporal Lobe	Hemispheric	Gross/Near total resection	poly-A stranded	3539	White	Not Hispanic or Latino	Male	Male	None documented	Low-grade glioma	#8f8fbf	Yes	EUR	1055	Not Applicable	1055	LIVING	NO EVENT
BS_A1VEGWTR	PT_5ABCFCSK	PBTA	CBTN	C115251	PT_5ABCFCSK_7316-1851_Solid Tissue_Initial CNS Tumor	7316-1851	Tumor	Initial CNS Tumor	Solid Tissue	NA	Low-grade astrocytic tumor	Low-grade glioma	LGG, KIAA1549-BRAF	NA	Low-grade glioma/astrocytoma (WHO grade I/II)	pilocytic astrocytoma (who1)	Brain Stem- Midbrain/Tectum	Midline	Partial resection	stranded	5804	Reported Unknown	Hispanic or Latino	Male	Male	None documented	Low-grade glioma	#8f8fbf	Yes	AFR	626	Progressive	1698	LIVING	EVENT
BS_A2YNJVVG	PT_FHT70F9C	PBTA	PBTA-X01-FY22	C1063335	PT_FHT70F9C_7316-3526_Solid Tissue_Initial CNS Tumor	7316-3526	Tumor	Initial CNS Tumor	Solid Tissue	NA	Low-grade astrocytic tumor	Low-grade glioma	LGG, MYB/MYBL1	LGG, MYB/MYBL1	Dysplasia/Gliosis;Ganglioglioma	dysplasia vs. ganglioglioma	Occipital Lobe;Parietal Lobe	Hemispheric	Gross/Near total resection	poly-A stranded	1930	White	Not Hispanic or Latino	Female	Female	None documented	Low-grade glioma	#8f8fbf	Yes	EUR	Not Reported	Not Applicable	Not Reported	LIVING	NO EVENT
BS_A3QZB9Y2	PT_HT4HJXY6	PBTA	CBTN	C245754	PT_HT4HJXY6_7316-901_Solid Tissue_Second Malignancy	7316-901	Tumor	Second Malignancy	Solid Tissue	NA	Meningioma	Meningioma	NA	NA	Meningioma	meningioma	Parietal Lobe	Hemispheric	Partial resection	stranded	8061	Asian	Not Hispanic or Latino	Female	Female	None documented	Meningioma	#2db398	No	EAS	3466	Second Malignancy	4965	LIVING	EVENT
BS_A46RDWGM	PT_K6G6BE6G	PBTA	CBTN	C292986	PT_K6G6BE6G_7316-1113_Solid Tissue_Initial CNS Tumor	7316-1113	Tumor	Initial CNS Tumor	Solid Tissue	NA	Low-grade astrocytic tumor	Low-grade glioma	LGG, FGFR	NA	Low-grade glioma/astrocytoma (WHO grade I/II)	low grade astrocytoma	Brain Stem- Midbrain/Tectum	Midline	Partial resection	stranded	2480	White	Not Hispanic or Latino	Female	Female	None documented	Low-grade glioma	#8f8fbf	Yes	EUR	Not Reported	Not Applicable	Not Reported	LIVING	NO EVENT
BS_A4PF49V0	PT_R5QC2QW7	PBTA	CBTN	C2819160	PT_R5QC2QW7_7316-6571_Solid Tissue_Deceased	7316-6571	Tumor	Deceased	Solid Tissue	NA	Diffuse astrocytic and oligodendroglial tumor	Diffuse midline glioma	DMG, H3 K28	DMG, H3 K28	Brainstem glioma- Diffuse intrinsic pontine glioma	dipg who grade iv	Brain Stem- Pons	Midline	NA	poly-A stranded	3419	Asian	Not Hispanic or Latino	Female	NA	None documented	DIPG or DMG	#ff40d9	No	NA	233	Deceased-due to disease	233	DECEASED	EVENT
BS_A5FF7189	PT_X8SK8120	PBTA	PBTA-X01-FY22	C67404	PT_X8SK8120_7316-2654_Solid Tissue_Progressive	7316-2654	Tumor	Progressive	Solid Tissue	NA	Neuronal and mixed neuronal-glial tumor	Central neurocytoma	CNC	NA	Neurocytoma	neurocytoma	Ventricles	Ventricles	Gross/Near total resection	poly-A stranded	8929	White	Not Hispanic or Latino	Female	Female	None documented	Mixed neuronal-glial tumor	#685815	No	EUR	772	Progressive	3058	LIVING	EVENT
BS_A7MC2KR2	PT_S2ASFBP7	PBTA	CBTN	C579945	PT_S2ASFBP7_7316-2157_Solid Tissue_Initial CNS Tumor	7316-2157	Tumor	Initial CNS Tumor	Solid Tissue	NA	Tumors of sellar region	Adamantinomatous Craniopharyngioma	CRANIO, ADAM	NA	Craniopharyngioma	craniopharyngioma who i	Suprasellar/Hypothalamic/Pituitary	Suprasellar	Gross/Near total resection	stranded	3355	Black or African American	Not Hispanic or Latino	Female	Female	None documented	Craniopharyngioma	#b2502d	Yes	AFR	1638	Not Applicable	1638	LIVING	NO EVENT
BS_A7Q8G0Y1	PT_PR4YBBH3	PBTA	CBTN	C29274	PT_PR4YBBH3_7316-126_Solid Tissue_Deceased	7316-126	Tumor	Deceased	Solid Tissue	NA	Diffuse astrocytic and oligodendroglial tumor	Diffuse midline glioma	DMG, H3 K28, TP53	DMG, H3 K28	Brainstem glioma- Diffuse intrinsic pontine glioma	glioblastoma multiforme (who iv) involving pons midbrain and thalamus	Brain Stem- Midbrain/Tectum;Brain Stem- Pons;Thalamus;Ventricles	Mixed	NA	stranded	3739	White	Not Available	Female	Female	None documented	DIPG or DMG	#ff40d9	No	EUR	39	Deceased-due to disease	39	DECEASED	EVENT
BS_A87NPZAP	PT_X1XVE1XX	PBTA	CBTN	C942672	PT_X1XVE1XX_7316-3511_Solid Tissue_Initial CNS Tumor	7316-3511	Tumor	Initial CNS Tumor	Solid Tissue	NA	Embryonal tumor	Medulloblastoma	MB, Group4	MB, Group4	Medulloblastoma	medulloblastoma, who grade iv	Cerebellum/Posterior Fossa	Posterior fossa	Partial resection	stranded	4917	White	Not Hispanic or Latino	Female	Female	None documented	Medulloblastoma	#a340ff	Yes	EUR	Not Reported	Not Applicable	Not Reported	LIVING	NO EVENT
BS_A89VAPVV	PT_A4KA01ZH	PBTA	CBTN	C231363	PT_A4KA01ZH_7316-894_Solid Tissue_Initial CNS Tumor	7316-894	Tumor	Initial CNS Tumor	Solid Tissue	NA	Germ cell tumor	Teratoma	NA	NA	Teratoma	teratoma	Spinal Cord- Cervical	Spine	Partial resection	stranded	2	White	Not Hispanic or Latino	Female	Female	None documented	Germ cell tumor	#0074d9	Yes	EUR	1253	Not Applicable	1253	LIVING	NO EVENT
BS_A8V685RR	PT_7YM9EBCK	PBTA	Oligo	C3532683	PT_7YM9EBCK_16510-3_Solid Tissue_Initial CNS Tumor	16510-3	Tumor	Initial CNS Tumor	Solid Tissue	NA	Diffuse astrocytic and oligodendroglial tumor	Oligodendroglioma	NA	NA	Oligodendroglioma	NA	Frontal Lobe	Hemispheric	NA	stranded	14244	NA	NA	NA	Male	None documented	Oligodendroglioma	tan	Yes	EAS	NA	NA	NA	NA	NO EVENT
BS_A96FKXN5	PT_QZ3KCBSC	PBTA	PBTA-X01-FY22	C1253370	PT_QZ3KCBSC_7316-4939_Solid Tissue_Initial CNS Tumor	7316-4939	Tumor	Initial CNS Tumor	Solid Tissue	NA	Low-grade astrocytic tumor	Low-grade glioma	LGG, KIAA1549-BRAF	NA	Low-grade glioma/astrocytoma (WHO grade I/II)	pilocytic astrocytoma	Cerebellum/Posterior Fossa	Posterior fossa	Gross/Near total resection	poly-A stranded	3828	Reported Unknown	Not Available	Female	Female	None documented	Low-grade glioma	#8f8fbf	Yes	AMR	839	Not Applicable	839	LIVING	NO EVENT
BS_AA164D3A	PT_GCXG7800	PBTA	CBTN	C723609	PT_GCXG7800_7316-2720_Solid Tissue_Initial CNS Tumor	7316-2720	Tumor	Initial CNS Tumor	Solid Tissue	NA	Benign tumor	NA	NA	NA	Other	dermoid cyst	Other locations NOS	Other	Gross/Near total resection	stranded	7002	White	Not Hispanic or Latino	Male	Male	Neurofibromatosis, Type 1 (NF-1)	Non-neoplastic tumor	#FFF5EB	Yes	EUR	694	Progressive	6372	LIVING	EVENT
BS_ABYF92Z9	PT_6MB6RED3	PBTA	CBTN	C65559	PT_6MB6RED3_7316-226_Solid Tissue_Initial CNS Tumor	7316-226	Tumor	Initial CNS Tumor	Solid Tissue	NA	Tumors of sellar region	Adamantinomatous Craniopharyngioma	CRANIO, ADAM	NA	Craniopharyngioma	craniopharyngioma	Suprasellar/Hypothalamic/Pituitary	Suprasellar	Gross/Near total resection	stranded	2778	White	Not Hispanic or Latino	Male	Male	None documented	Craniopharyngioma	#b2502d	Yes	AMR	843	Deceased-due to unknown causes	843	DECEASED	NO EVENT
BS_AD3RMC6F	PT_HQ6JQ1BD	PBTA	CBTN	C1041810	PT_HQ6JQ1BD_7316-4052_Solid Tissue_Deceased	7316-4052	Tumor	Deceased	Solid Tissue	NA	Diffuse astrocytic and oligodendroglial tumor	Diffuse intrinsic pontine glioma	DIPG, To be classified	NA	Brainstem glioma- Diffuse intrinsic pontine glioma	brainstem glioma- diffuse intrinsic pontine glioma	Brain Stem- Pons	Midline	NA	poly-A stranded	2585	White	Not Hispanic or Latino	Male	NA	None documented	DIPG or DMG	#ff40d9	No	NA	379	Progressive	480	DECEASED	EVENT
BS_AD4JPN9Q	PT_17W3GJPT	PBTA	CBTN	C621642	PT_17W3GJPT_7316-2306_Solid Tissue_Initial CNS Tumor	7316-2306	Tumor	Initial CNS Tumor	Solid Tissue	NA	Low-grade astrocytic tumor	Ganglioglioma	GNG, FGFR	GNT	Ganglioglioma	ganglioglioma (who grade i)	Parietal Lobe	Hemispheric	Gross/Near total resection	stranded	663	White	Not Hispanic or Latino	Male	Male	None documented	Mixed neuronal-glial tumor	#685815	Yes	EUR	2191	Not Applicable	2191	LIVING	NO EVENT
BS_ADEE1SN5	PT_0SRRNSAS	PBTA	PBTA-X01-FY22	C45510	PT_0SRRNSAS_7316-250_Solid Tissue_Initial CNS Tumor	7316-250	Tumor	Initial CNS Tumor	Solid Tissue	NA	Ependymal tumor	Ependymoma	EPN, ST YAP1	EPN, ST YAP1	Ependymoma	ependymoma	Frontal Lobe;Spinal Cord- Cervical;Spinal Cord- Lumbar/Thecal Sac;Spinal Cord- Thoracic	Mixed	Gross/Near total resection	poly-A stranded	391	White	Not Available	Male	NA	None documented	Ependymoma	#2200ff	Yes	NA	1930	Not Applicable	1930	LIVING	NO EVENT
BS_AE3P2DP2	PT_RRAXRH8B	PBTA	CBTN	C1271082	PT_RRAXRH8B_7316-4317_Solid Tissue_Unknown	7316-4317	Tumor	Unknown	Solid Tissue	NA	Diffuse astrocytic and oligodendroglial tumor	High-grade glioma	HGG, To be classified	NA	High-grade glioma/astrocytoma (WHO grade III/IV)	glioblastoma multiforme	Other locations NOS	Other	Unavailable	poly-A stranded	8359	Native Hawaiian or Other Pacific Islander	Not Hispanic or Latino	Female	NA	None documented	Other high-grade glioma	#ffccf5	No	NA	Not Reported	Not Applicable	Not Reported	LIVING	NO EVENT
BS_AF828R76	PT_GTHZF21E	PBTA	PBTA-X01-FY22	C3232317	PT_GTHZF21E_7316-9066_Solid Tissue_Deceased	7316-9066	Tumor	Deceased	Solid Tissue	NA	Diffuse astrocytic and oligodendroglial tumor	Diffuse midline glioma	DMG, H3 K28, TP53	DMG, H3 K28	High-grade glioma/astrocytoma (WHO grade III/IV)	thalamic dmg	Brain Stem- Pons;Cerebellum/Posterior Fossa;Frontal Lobe;Parietal Lobe;Spinal Cord- Cervical;Spinal Cord- Lumbar/Thecal Sac;Spinal Cord- Thoracic;Thalamus;Ventricles	Mixed	NA	poly-A stranded	3795	Reported Unknown	Not Hispanic or Latino	Female	Female	None documented	DIPG or DMG	#ff40d9	No	AFR	192	Progressive	527	DECEASED	EVENT
BS_AG3D3435	PT_7YSCM82T	PBTA	CBTN	C409344	PT_7YSCM82T_7316-1658_Solid Tissue_Initial CNS Tumor	7316-1658	Tumor	Initial CNS Tumor	Solid Tissue	NA	Low-grade astrocytic tumor	Low-grade glioma	SEGA, wildtype	NA	Low-grade glioma/astrocytoma (WHO grade I/II)	sega	Basal Ganglia	Midline	Gross/Near total resection	stranded	327	White	Not Hispanic or Latino	Female	Female	Tuberous Sclerosis (TSC1, TSC2)	Low-grade glioma	#8f8fbf	Yes	EUR	Not Reported	Not Applicable	Not Reported	LIVING	NO EVENT
BS_AG4H9S3J	PT_NFDHYPGT	PBTA	CBTN	C965181	PT_NFDHYPGT_7316-3152_Solid Tissue_Initial CNS Tumor	7316-3152	Tumor	Initial CNS Tumor	Solid Tissue	NA	Pre-cancerous lesion	NA	NA	NA	Dysplasia/Gliosis	focal cortical dysplasia type iia	Frontal Lobe;Temporal Lobe	Hemispheric	Gross/Near total resection	stranded	221	Reported Unknown	Hispanic or Latino	Female	Female	None documented	Non-neoplastic tumor	#FFF5EB	Yes	AMR	1812	Not Applicable	1812	LIVING	NO EVENT
BS_AGS1HHGF	PT_HN0AXSZ0	PBTA	CBTN	C292248	PT_HN0AXSZ0_7316-1103_Solid Tissue_Initial CNS Tumor	7316-1103	Tumor	Initial CNS Tumor	Solid Tissue	NA	Choroid plexus tumor	Choroid plexus tumor	NA	NA	Choroid plexus papilloma	choroid plexus papilloma	Cerebellum/Posterior Fossa	Posterior fossa	Gross/Near total resection	stranded	7197	White	Not Hispanic or Latino	Female	Female	None documented	Choroid plexus tumor	#00441B	Yes	EUR	Not Reported	Not Applicable	Not Reported	LIVING	NO EVENT
BS_AGTPCRR4	PT_TS0H697Y	PBTA	CBTN	C85731	PT_TS0H697Y_7316-394_Solid Tissue_Initial CNS Tumor	7316-394	Tumor	Initial CNS Tumor	Solid Tissue	NA	Ependymal tumor	Ependymoma	EPN, PF A	EPN, PF A	Ependymoma	ependymoma, anaplastic who iii	Cerebellum/Posterior Fossa	Posterior fossa	Gross/Near total resection	stranded	4379	White	Not Hispanic or Latino	Male	Male	None documented	Ependymoma	#2200ff	Yes	NA	3348	Not Applicable	3348	LIVING	NO EVENT
BS_AGVWD5K8	PT_W4SMVJM8	PBTA	PBTA-X01-FY22	C2898618	PT_W4SMVJM8_7316-6979_Solid Tissue_Initial CNS Tumor	7316-6979	Tumor	Initial CNS Tumor	Solid Tissue	NA	Neuronal and mixed neuronal-glial tumor	Glial-neuronal tumor NOS	GNT, other MAPK	GNT, MAPK	Glial-neuronal tumor NOS	low grade glioneuronal tumor	Parietal Lobe	Hemispheric	Gross/Near total resection	poly-A stranded	5595	White	Not Hispanic or Latino	Female	Female	None documented	Mixed neuronal-glial tumor	#685815	Yes	EUR	436	Recurrence	1179	LIVING	EVENT
BS_AHEFXG7W	PT_VY45XTT7	PBTA	CBTN	C478962	PT_VY45XTT7_7316-1801_Solid Tissue_Initial CNS Tumor	7316-1801	Tumor	Initial CNS Tumor	Solid Tissue	NA	Embryonal tumor	Medulloblastoma	MB, Group4	NA	Medulloblastoma	medulloblastoma, who grade iv	Cerebellum/Posterior Fossa	Posterior fossa	Partial resection	stranded	4284	White	Not Hispanic or Latino	Male	Male	Not Reported	Medulloblastoma	#a340ff	Yes	EUR	1390	Not Applicable	1390	LIVING	NO EVENT
BS_AJ6X83G5	PT_TRXF649Z	PBTA	CBTN	C216972	PT_TRXF649Z_7316-915_Solid Tissue_Initial CNS Tumor	7316-915	Tumor	Initial CNS Tumor	Solid Tissue	NA	Neuronal and mixed neuronal-glial tumor	Dysembryoplastic neuroepithelial tumor	NA	NA	Dysembryoplastic neuroepithelial tumor (DNET)	dysembryoplastic neuroepithelial tumor	Frontal Lobe	Hemispheric	Partial resection	stranded	3301	White	Not Hispanic or Latino	Female	Female	None documented	Mixed neuronal-glial tumor	#685815	Yes	EUR	989	Not Applicable	989	LIVING	NO EVENT
BS_AKCQJ6XW	PT_YJVYZM0H	PBTA	PBTA-X01-FY22	C854358	PT_YJVYZM0H_7316-9020_Solid Tissue_Progressive	7316-9020	Tumor	Progressive	Solid Tissue	NA	Tumor of cranial and paraspinal nerves	NA	NA	NA	Neurofibroma/Plexiform;Schwannoma	hybrid neurofibroma/schwannoma without malignant features	Other locations NOS	Other	Partial resection	poly-A stranded	5838	White	Not Hispanic or Latino	Female	Female	None documented	Other tumor	#b5b5b5	No	EUR	606	Progressive	7042	LIVING	EVENT
BS_AKM1XC5Q	PT_78BDCX2C	PBTA	PBTA-X01-FY22	C2820144	PT_78BDCX2C_7316-7069_Solid Tissue_Initial CNS Tumor	7316-7069	Tumor	Initial CNS Tumor	Solid Tissue	NA	Benign tumor	NA	NA	NA	Other	lipoblastoma	Other locations NOS;Spine NOS	Mixed	Gross/Near total resection	poly-A stranded	216	White	Not Hispanic or Latino	Male	Male	None documented	Non-neoplastic tumor	#FFF5EB	Yes	EUR	Not Reported	Not Applicable	Not Reported	LIVING	NO EVENT
BS_AKNF1CJX	PT_30EX0QAT	PBTA	PBTA-X01-FY22	C2698005	PT_30EX0QAT_7316-6671_Solid Tissue_Initial CNS Tumor	7316-6671	Tumor	Initial CNS Tumor	Solid Tissue	NA	Embryonal tumor	Atypical Teratoid Rhabdoid Tumor	ATRT, To be classified	NA	Atypical Teratoid Rhabdoid Tumor (ATRT)	atypical teratoid/rhabdoid tumor with biallelic loss of smarcb1, who grade iv	Cerebellum/Posterior Fossa	Posterior fossa	Partial resection	poly-A stranded	348	White	Not Hispanic or Latino	Female	Female	None documented	Atypical Teratoid Rhabdoid Tumor	#4d0d85	Yes	EUR	625	Progressive	1507	LIVING	EVENT
BS_AKPB1RZ3	PT_EWAYPB7J	PBTA	CBTN	C651039	PT_EWAYPB7J_7316-2613_Solid Tissue_Initial CNS Tumor	7316-2613	Tumor	Initial CNS Tumor	Solid Tissue	NA	Embryonal tumor	Atypical Teratoid Rhabdoid Tumor	ATRT, To be classified	NA	Atypical Teratoid Rhabdoid Tumor (ATRT)	atypical teratoid/rhabdoid tumor (atrt, who grade iv)	Cerebellum/Posterior Fossa	Posterior fossa	Gross/Near total resection	poly-A stranded	1321	Reported Unknown	Hispanic or Latino	Female	NA	None documented	Atypical Teratoid Rhabdoid Tumor	#4d0d85	Yes	NA	Not Reported	Not Applicable	Not Reported	LIVING	NO EVENT
BS_AKRHBPNZ	PT_3NM45TQ8	PBTA	CBTN	C291510	PT_3NM45TQ8_7316-1077_Solid Tissue_Initial CNS Tumor	7316-1077	Tumor	Initial CNS Tumor	Solid Tissue	NA	Low-grade astrocytic tumor	Ganglioglioma	GNG, RTK, FGFR	GNG, MAPK	Ganglioglioma	ganglioglioma who grade i	Occipital Lobe;Parietal Lobe	Hemispheric	Gross/Near total resection	stranded	2716	White	Not Hispanic or Latino	Male	Male	None documented	Mixed neuronal-glial tumor	#685815	Yes	EUR	Not Reported	Not Applicable	Not Reported	LIVING	NO EVENT
BS_AKT8HK8J	PT_46004Y53	PBTA	PBTA-X01-FY22	C704421	PT_46004Y53_7316-1979_Solid Tissue_Initial CNS Tumor	7316-1979	Tumor	Initial CNS Tumor	Solid Tissue	NA	Low-grade astrocytic tumor	Low-grade glioma	LGG, NF1-germline	NA	Low-grade glioma/astrocytoma (WHO grade I/II)	pilocytic astrocytoma	Brain Stem-Medulla	Midline	Gross/Near total resection	poly-A stranded	2223	White	Not Hispanic or Latino	Female	Female	Neurofibromatosis, Type 1 (NF-1)	Low-grade glioma	#8f8fbf	Yes	EUR	Not Reported	Not Applicable	Not Reported	LIVING	NO EVENT
BS_AM05X074	PT_41BCPB7R	PBTA	PBTA-X01-FY22	C94095	PT_41BCPB7R_7316-406_Derived Cell Line_Initial CNS Tumor_Serum-based_7	7316-406	Tumor	Initial CNS Tumor	Derived Cell Line	Serum-based	Choroid plexus tumor	Choroid plexus tumor	NA	NA	Choroid plexus carcinoma	choroid plexus carcinoma who iii	Ventricles	Ventricles	Partial resection	poly-A stranded	864	Black or African American	Not Hispanic or Latino	Male	Male	None documented	Choroid plexus tumor	#00441B	No	AFR	140	Deceased-due to disease	140	DECEASED	EVENT
BS_AM0BZ61K	PT_GSQJ4YFX	PBTA	PBTA-X01-FY22	C2354958	PT_GSQJ4YFX_7316-4955_Solid Tissue_Initial CNS Tumor	7316-4955	Tumor	Initial CNS Tumor	Solid Tissue	NA	Low-grade astrocytic tumor	Low-grade glioma	LGG, KIAA1549-BRAF	NA	Low-grade glioma/astrocytoma (WHO grade I/II)	pilocytic astrocytoma, who grade i	Cerebellum/Posterior Fossa	Posterior fossa	Gross/Near total resection	poly-A stranded	3008	More Than One Race	Hispanic or Latino	Male	Male	None documented	Low-grade glioma	#8f8fbf	Yes	EUR	747	Not Applicable	747	LIVING	NO EVENT
BS_AM70R8RG	PT_PABK01H0	PBTA	CBTN	C773547	PT_PABK01H0_7316-1669_Solid Tissue_Initial CNS Tumor	7316-1669	Tumor	Initial CNS Tumor	Solid Tissue	NA	Embryonal tumor	Medulloblastoma	MB, SHH	MB, SHH	Medulloblastoma	medulloblastoma	Cerebellum/Posterior Fossa	Posterior fossa	Partial resection	stranded	1076	More Than One Race	Not Hispanic or Latino	Female	Female	None documented	Medulloblastoma	#a340ff	Yes	EAS	Not Reported	Not Applicable	Not Reported	LIVING	NO EVENT
BS_AMJRV0NK	PT_6WZ8RVRQ	PBTA	PBTA-X01-FY22	C2719899	PT_6WZ8RVRQ_7316-6758_Derived Cell Line_Initial CNS Tumor_Serum-based_11	7316-6758	Tumor	Initial CNS Tumor	Derived Cell Line	Serum-based	Ependymal tumor	Ependymoma	EPN, To be classified	NA	Ependymoma	anaplastic ependymoma, who grade iii with c11orf95 - ncoa2 fusion	Frontal Lobe;Parietal Lobe	Hemispheric	Gross/Near total resection	poly-A stranded	1046	White	Not Hispanic or Latino	Female	Female	None documented	Ependymoma	#2200ff	No	EUR	1782	Not Applicable	1782	LIVING	NO EVENT
BS_AMQGM1V9	PT_J3B812DT	PBTA	CBTN	C46002	PT_J3B812DT_7316-123_Solid Tissue_Initial CNS Tumor	7316-123	Tumor	Initial CNS Tumor	Solid Tissue	NA	Pre-cancerous lesion	NA	NA	NA	Dysplasia/Gliosis	dysplasia/gliosis	Frontal Lobe	Hemispheric	Partial resection	stranded	218	White	Not Hispanic or Latino	Female	Female	Tuberous Sclerosis (TSC1, TSC2)	Non-neoplastic tumor	#FFF5EB	Yes	EUR	706	Not Applicable	706	LIVING	NO EVENT
BS_AMZ70B6F	PT_3VQEVNDD	PBTA	CBTN	C409221	PT_3VQEVNDD_7316-1680_Solid Tissue_Initial CNS Tumor	7316-1680	Tumor	Initial CNS Tumor	Solid Tissue	NA	Embryonal tumor	Medulloblastoma	MB, SHH	MB, SHH	Medulloblastoma	medulloblastoma	Cerebellum/Posterior Fossa	Posterior fossa	Gross/Near total resection	stranded	722	White	Not Hispanic or Latino	Female	Female	None documented	Medulloblastoma	#a340ff	Yes	EUR	Not Reported	Not Applicable	Not Reported	LIVING	NO EVENT
BS_ANFSJE8Y	PT_ACARTC7B	PBTA	CBTN	C2792100	PT_ACARTC7B_7316-6478_Solid Tissue_Deceased	7316-6478	Tumor	Deceased	Solid Tissue	NA	Diffuse astrocytic and oligodendroglial tumor	High-grade glioma	HGG, To be classified	NA	High-grade glioma/astrocytoma (WHO grade III/IV)	anaplastic astrocytoma who grade iii	Basal Ganglia;Frontal Lobe;Hippocampus;Occipital Lobe;Parietal Lobe;Thalamus	Mixed	NA	poly-A stranded	4822	White	Not Hispanic or Latino	Female	NA	None documented	Other high-grade glioma	#ffccf5	No	NA	47	Deceased-due to disease	47	DECEASED	EVENT
BS_AP0SZ364	PT_PGVQ4XRZ	PBTA	CBTN	C311436	PT_PGVQ4XRZ_7316-946_Solid Tissue_Initial CNS Tumor	7316-946	Tumor	Initial CNS Tumor	Solid Tissue	NA	Low-grade astrocytic tumor	Low-grade glioma	LGG, other MAPK	LGG, BRAF/MAPK	Low-grade glioma/astrocytoma (WHO grade I/II)	low grade glioma	Cerebellum/Posterior Fossa	Posterior fossa	Gross/Near total resection	stranded	4513	White	Not Hispanic or Latino	Male	Male	None documented	Low-grade glioma	#8f8fbf	Yes	EUR	1257	Not Applicable	1257	LIVING	NO EVENT
BS_AP6MTYBF	PT_AXQ4EN1Z	PBTA	CBTN	C555222	PT_AXQ4EN1Z_7316-2431_Solid Tissue_Initial CNS Tumor	7316-2431	Tumor	Initial CNS Tumor	Solid Tissue	NA	Diffuse astrocytic and oligodendroglial tumor	High-grade glioma	HGG, To be classified	NA	High-grade glioma/astrocytoma (WHO grade III/IV)	anaplastic astrocytoma	Thalamus	Midline	Unavailable	poly-A stranded	3500	Reported Unknown	Not Hispanic or Latino	Female	NA	None documented	Other high-grade glioma	#ffccf5	Yes	NA	Not Reported	Not Applicable	Not Reported	LIVING	NO EVENT
BS_AP814Q8D	PT_1PZC01QF	PBTA	PBTA-X01-FY22	C2685459	PT_1PZC01QF_7316-6990_Solid Tissue_Progressive	7316-6990	Tumor	Progressive	Solid Tissue	NA	Ependymal tumor	Ependymoma	EPN, PF A	EPN, PF A	Ependymoma	recurrent/residual anaplastic ependymoma, who grade iii	Cerebellum/Posterior Fossa	Posterior fossa	Gross/Near total resection	poly-A stranded	790	Asian	Not Hispanic or Latino	Female	Female	None documented	Ependymoma	#2200ff	No	EAS	813	Progressive	1103	DECEASED	EVENT
BS_AQFQBR2R	PT_MYNKT1TK	PBTA	PBTA-X01-FY22	C3941166	PT_MYNKT1TK_7316-9075_Solid Tissue_Deceased	7316-9075	Tumor	Deceased	Solid Tissue	NA	Embryonal tumor	Medulloblastoma	MB, SHH	NA	Medulloblastoma	medulloblastoma, who grade iv	Cerebellum/Posterior Fossa	Posterior fossa	NA	poly-A stranded	591	More Than One Race	Not Hispanic or Latino	Female	Female	None documented	Medulloblastoma	#a340ff	No	AFR	356	Recurrence	725	DECEASED	EVENT
BS_ARBQDTT5	PT_9M4CQX3M	PBTA	CBTN	C653991	PT_9M4CQX3M_7316-1972_Solid Tissue_Initial CNS Tumor	7316-1972	Tumor	Initial CNS Tumor	Solid Tissue	NA	Low-grade astrocytic tumor	Low-grade glioma	LGG, NF1-somatic, FGFR	NA	Low-grade glioma/astrocytoma (WHO grade I/II)	pilocytic astrocytoma	Cerebellum/Posterior Fossa	Posterior fossa	Unavailable	stranded	11587	White	Not Hispanic or Latino	Female	Female	None documented	Low-grade glioma	#8f8fbf	Yes	EUR	Not Reported	Not Applicable	Not Reported	LIVING	NO EVENT
BS_ARFQ1WG3	PT_8GW4J4TD	PBTA	CBTN	C978957	PT_8GW4J4TD_7316-3630_Solid Tissue_Initial CNS Tumor	7316-3630	Tumor	Initial CNS Tumor	Solid Tissue	NA	Neuronal and mixed neuronal-glial tumor	Glial-neuronal tumor NOS	GNT, FGFR	GNT, FGFR	Glial-neuronal tumor NOS	rosette-forming glioneuronal tumor	Cerebellum/Posterior Fossa	Posterior fossa	Gross/Near total resection	stranded	6626	White	Not Hispanic or Latino	Male	Male	None documented	Mixed neuronal-glial tumor	#685815	Yes	EUR	Not Reported	Not Applicable	Not Reported	LIVING	NO EVENT
BS_AS4K2YQW	PT_QS59ATXW	PBTA	Oligo	C3533790	PT_QS59ATXW_16510-14_Solid Tissue_Initial CNS Tumor	16510-14	Tumor	Initial CNS Tumor	Solid Tissue	NA	Diffuse astrocytic and oligodendroglial tumor	Oligodendroglioma	NA	NA	Oligodendroglioma	NA	Frontal Lobe	Hemispheric	NA	stranded	12418	NA	NA	NA	Female	None documented	Oligodendroglioma	tan	Yes	EUR	NA	NA	NA	NA	NO EVENT
BS_ATHSTZ5R	PT_AX5NM47X	PBTA	PBTA-X01-FY22	C1173420	PT_AX5NM47X_7316-4683_Solid Tissue_Progressive	7316-4683	Tumor	Progressive	Solid Tissue	NA	Low-grade astrocytic tumor	Low-grade glioma	LGG, KIAA1549-BRAF	NA	Low-grade glioma/astrocytoma (WHO grade I/II)	pilocytic astrocytoma who grade i	Cerebellum/Posterior Fossa	Posterior fossa	Gross/Near total resection	poly-A stranded	696	White	Not Hispanic or Latino	Male	Male	None documented	Low-grade glioma	#8f8fbf	No	EUR	117	Progressive	839	LIVING	EVENT
BS_AV9PD1CR	PT_CR6VHWQX	PBTA	PBTA-X01-FY22	C3840921	PT_CR6VHWQX_7316-8914_Solid Tissue_Progressive	7316-8914	Tumor	Progressive	Solid Tissue	NA	Low-grade astrocytic tumor	Low-grade glioma	LGG, wildtype	NA	Low-grade glioma/astrocytoma (WHO grade I/II)	pilocytic astrocytomas, who grade 1	Cerebellum/Posterior Fossa	Posterior fossa	Gross/Near total resection	poly-A stranded	2994	Black or African American	Not Hispanic or Latino	Female	Female	None documented	Low-grade glioma	#8f8fbf	No	AFR	180	Progressive	180	LIVING	EVENT
BS_AVYNZHSB	PT_S7WJ99PC	PBTA	CBTN	C143049	PT_S7WJ99PC_7316-677_Solid Tissue_Initial CNS Tumor	7316-677	Tumor	Initial CNS Tumor	Solid Tissue	NA	Low-grade astrocytic tumor	Low-grade glioma	SEGA, wildtype	NA	Low-grade glioma/astrocytoma (WHO grade I/II)	subependymal giant cell astrocytoma	Ventricles	Ventricles	Gross/Near total resection	stranded	2936	White	Not Hispanic or Latino	Male	Male	None documented	Low-grade glioma	#8f8fbf	Yes	EUR	2747	Not Applicable	2747	LIVING	NO EVENT
BS_AW7J9F9R	PT_X4PV4FBS	PBTA	PBTA-X01-FY22	C3879666	PT_X4PV4FBS_7316-9445_Solid Tissue_Initial CNS Tumor	7316-9445	Tumor	Initial CNS Tumor	Solid Tissue	NA	Low-grade astrocytic tumor	Low-grade glioma	LGG, KIAA1549-BRAF, RTK	NA	Low-grade glioma/astrocytoma (WHO grade I/II)	low-grade glioma most consistent with pilocytic astrocytoma	Cerebellum/Posterior Fossa	Posterior fossa	Gross/Near total resection	poly-A stranded	4352	White	Hispanic or Latino	Female	Female	None documented	Low-grade glioma	#8f8fbf	Yes	AMR	734	Not Applicable	734	LIVING	NO EVENT
BS_AWH4X3Q3	PT_2KBBSP56	PBTA	PBTA-X01-FY22	C2404650	PT_2KBBSP56_7316-4527_Solid Tissue_Initial CNS Tumor	7316-4527	Tumor	Initial CNS Tumor	Solid Tissue	NA	Choroid plexus tumor	Choroid plexus tumor	NA	NA	Choroid plexus papilloma	choroid plexus papilloma	Temporal Lobe	Hemispheric	Gross/Near total resection	poly-A stranded	547	White	Not Hispanic or Latino	Male	Male	None documented	Choroid plexus tumor	#00441B	Yes	EUR	Not Reported	Not Applicable	Not Reported	LIVING	NO EVENT
BS_AWH9757B	PT_59FJRPVX	PBTA	HOPE	C952758	PT_59FJRPVX_7316-3769_Solid Tissue_Initial CNS Tumor	7316-3769	Tumor	Initial CNS Tumor	Solid Tissue	NA	Diffuse astrocytic and oligodendroglial tumor	High-grade glioma	HGG, H3 wildtype	NA	High-grade glioma/astrocytoma (WHO grade III/IV)	glioblastoma, who grade iv, idh-1 wild type, with hyperdiploid genome with additional cnvs and sequence variant of ptpn11 gene	Frontal Lobe;Other locations NOS;Parietal Lobe;Temporal Lobe	Hemispheric	Partial resection	stranded	3105	White	Not Hispanic or Latino	Female	Female	None documented	Other high-grade glioma	#ffccf5	Yes	EUR	947	Progressive - Metastatic	2405	LIVING	EVENT
BS_AWJFW3W5	PT_K6S2YJ8Y	PBTA	PBTA-X01-FY22	C3253719	PT_K6S2YJ8Y_7316-5883_Solid Tissue_Initial CNS Tumor	7316-5883	Tumor	Initial CNS Tumor	Solid Tissue	NA	Embryonal tumor	Medulloblastoma	MB, Group4	MB, Group4	Medulloblastoma	medulloblastoma, non-wnt/non-shh	Cerebellum/Posterior Fossa	Posterior fossa	Partial resection	poly-A stranded	1789	Reported Unknown	Not Available	Male	Male	None documented	Medulloblastoma	#a340ff	Yes	EUR	Not Reported	Not Applicable	Not Reported	LIVING	NO EVENT
BS_AWQWQMJR	PT_ZZRBX5JT	PBTA	PBTA-X01-FY22	C121647	PT_ZZRBX5JT_7316-5484_Solid Tissue_Progressive	7316-5484	Tumor	Progressive	Solid Tissue	NA	Ependymal tumor	Ependymoma	EPN, PF A	EPN, PF A	Ependymoma	metastatic ependymoma	Other locations NOS;Temporal Lobe	Mixed	Gross/Near total resection	poly-A stranded	1878	White	Not Hispanic or Latino	Female	Female	None documented	Ependymoma	#2200ff	No	EUR	789	Recurrence	1963	LIVING	EVENT
BS_AWXQ0YP4	PT_TP6GS00H	PBTA	PBTA-X01-FY22	C2488290	PT_TP6GS00H_7316-7096_Solid Tissue_Recurrence	7316-7096	Tumor	Recurrence	Solid Tissue	NA	Ependymal tumor	Ependymoma	EPN, To be classified	NA	Ependymoma	recurrent/residual anaplastic ependymoma ctnnb1 mutation and multiple cnvs, who grade iii	Parietal Lobe	Hemispheric	Gross/Near total resection	poly-A stranded	1182	Black or African American	Not Hispanic or Latino	Male	Male	None documented	Ependymoma	#2200ff	No	AFR	373	Recurrence	890	DECEASED	EVENT
BS_AYAMBZHS	PT_7FAJ9STP	PBTA	Oligo	C3534036	PT_7FAJ9STP_16510-16_Solid Tissue_Initial CNS Tumor	16510-16	Tumor	Initial CNS Tumor	Solid Tissue	NA	Diffuse astrocytic and oligodendroglial tumor	Oligodendroglioma	NA	NA	Oligodendroglioma	NA	Frontal Lobe	Hemispheric	NA	stranded	9862	NA	NA	NA	Female	None documented	Oligodendroglioma	tan	Yes	EUR	NA	NA	NA	NA	NO EVENT
BS_AYSXRQWY	PT_JBYZJRNM	PBTA	PBTA-X01-FY22	C3702177	PT_JBYZJRNM_7316-9062_Solid Tissue_Deceased	7316-9062	Tumor	Deceased	Solid Tissue	NA	Diffuse astrocytic and oligodendroglial tumor	Diffuse midline glioma	DMG, H3 K28, TP53	NA	High-grade glioma/astrocytoma (WHO grade III/IV)	diffuse midline glioma h3.k27m mutation who grade iv	Temporal Lobe	Hemispheric	NA	poly-A stranded	3127	White	Not Hispanic or Latino	Male	Male	None documented	DIPG or DMG	#ff40d9	No	EUR	272	Progressive - Metastatic	397	DECEASED	EVENT
BS_AZN38B7V	PT_ZCXS29JJ	PBTA	CBTN	C565308	PT_ZCXS29JJ_7316-2153_Solid Tissue_Initial CNS Tumor	7316-2153	Tumor	Initial CNS Tumor	Solid Tissue	NA	Mesenchymal non-meningothelial tumor	Sarcoma	NA	NA	Sarcoma	soft tissue sarcoma	Temporal Lobe	Hemispheric	Gross/Near total resection	stranded	4196	White	Not Hispanic or Latino	Male	Male	None documented	Mesenchymal tumor	#7fbf00	Yes	EUR	1751	Not Applicable	1751	LIVING	NO EVENT
BS_B0SVFK4P	PT_RRT2E7HK	PBTA	CBTN	C58794	PT_RRT2E7HK_7316-136_Solid Tissue_Initial CNS Tumor	7316-136	Tumor	Initial CNS Tumor	Solid Tissue	NA	Low-grade astrocytic tumor	Low-grade glioma	LGG, BRAF V600E	NA	Low-grade glioma/astrocytoma (WHO grade I/II)	pleomorphic xanthoastrocytoma (pxa)	Temporal Lobe	Hemispheric	Gross/Near total resection	stranded	5970	White	Not Hispanic or Latino	Male	Male	None documented	Low-grade glioma	#8f8fbf	Yes	EUR	385	Not Applicable	385	LIVING	NO EVENT
BS_B1C6GZ84	PT_2QZJ4T95	PBTA	CBTN	C124476	PT_2QZJ4T95_7316-715_Solid Tissue_Initial CNS Tumor	7316-715	Tumor	Initial CNS Tumor	Solid Tissue	NA	Diffuse astrocytic and oligodendroglial tumor	Diffuse midline glioma	DMG, H3 K28	DMG, H3 K28	Brainstem glioma- Diffuse intrinsic pontine glioma	gbm	Brain Stem- Pons	Midline	Biopsy only	stranded	3035	White	Not Hispanic or Latino	Female	NA	None documented	DIPG or DMG	#ff40d9	Yes	NA	199	Deceased-due to disease	199	DECEASED	EVENT
BS_B1HF89ES	PT_K1YK24PP	PBTA	PBTA-X01-FY22	C1060383	PT_K1YK24PP_7316-4347_Solid Tissue_Initial CNS Tumor	7316-4347	Tumor	Initial CNS Tumor	Solid Tissue	NA	Diffuse astrocytic and oligodendroglial tumor	Diffuse midline glioma	DMG, H3 K28	DMG, H3 K28	High-grade glioma/astrocytoma (WHO grade III/IV)	diffuse midline glioma, h3 k27m-mutant, who grade iv	Thalamus	Midline	Biopsy only	poly-A stranded	1734	White	Not Hispanic or Latino	Female	Female	None documented	DIPG or DMG	#ff40d9	Yes	EUR	32	Progressive	367	DECEASED	EVENT
BS_B1HVNV0T	PT_FYECBRPP	PBTA	CBTN	C396306	PT_FYECBRPP_7316-1778_Solid Tissue_Initial CNS Tumor	7316-1778	Tumor	Initial CNS Tumor	Solid Tissue	NA	Embryonal tumor	Atypical Teratoid Rhabdoid Tumor	ATRT, SHH	ATRT, SHH	Atypical Teratoid Rhabdoid Tumor (ATRT)	atrt	Brain Stem- Midbrain/Tectum;Ventricles	Mixed	Gross/Near total resection	stranded	562	Reported Unknown	Not Hispanic or Latino	Male	Male	None documented	Atypical Teratoid Rhabdoid Tumor	#4d0d85	Yes	AMR	457	Recurrence - Metastatic	1864	LIVING	EVENT
BS_B1SF3H8Z	PT_2X2Z1MYD	PBTA	PBTA-X01-FY22	C3612018	PT_2X2Z1MYD_7316-6281_Solid Tissue_Recurrence	7316-6281	Tumor	Recurrence	Solid Tissue	NA	Neuronal and mixed neuronal-glial tumor	Glial-neuronal tumor NOS	GNT, wildtype	NA	Low-grade glioma/astrocytoma (WHO grade I/II)	low-grade glial or glioneuronal tumor, residual/recurrent	Frontal Lobe	Hemispheric	Gross/Near total resection	poly-A stranded	4860	White	Not Hispanic or Latino	Male	Male	None documented	Mixed neuronal-glial tumor	#685815	No	EUR	1460	Recurrence	1766	LIVING	EVENT
BS_B24PKKQB	PT_596H0BQF	PBTA	CBTN	C121278	PT_596H0BQF_7316-498_Solid Tissue_Progressive	7316-498	Tumor	Progressive	Solid Tissue	NA	Benign tumor	NA	NA	NA	Other	hamartoma	Other locations NOS	Other	Partial resection	stranded	193	White	Hispanic or Latino	Male	Male	None documented	Non-neoplastic tumor	#FFF5EB	No	EUR	284	Progressive	1712	LIVING	EVENT
BS_B2QMR6Z9	PT_PWPB3BKK	PBTA	PBTA-X01-FY22	C2582631	PT_PWPB3BKK_7316-4548_Solid Tissue_Initial CNS Tumor	7316-4548	Tumor	Initial CNS Tumor	Solid Tissue	NA	Low-grade astrocytic tumor	Low-grade glioma	LGG, wildtype	NA	Low-grade glioma/astrocytoma (WHO grade I/II)	low-grade astrocytoma	Temporal Lobe	Hemispheric	Gross/Near total resection	poly-A stranded	5911	Reported Unknown	Not Available	Male	Male	None documented	Low-grade glioma	#8f8fbf	Yes	EUR	Not Reported	Not Applicable	Not Reported	LIVING	NO EVENT
BS_B3M5SGPA	PT_4XVA57J7	PBTA	CBTN	C372321	PT_4XVA57J7_7316-1760_Solid Tissue_Initial CNS Tumor	7316-1760	Tumor	Initial CNS Tumor	Solid Tissue	NA	Low-grade astrocytic tumor	Low-grade glioma	LGG, BRAF V600E, CDKN2A/B	PXA	Low-grade glioma/astrocytoma (WHO grade I/II)	low-grade glioma	Frontal Lobe	Hemispheric	Gross/Near total resection	stranded	3402	White	Not Hispanic or Latino	Female	Female	None documented	Low-grade glioma	#8f8fbf	Yes	EUR	2262	Not Applicable	2262	LIVING	NO EVENT
BS_B3MQFFYP	PT_FRHVM7G9	PBTA	PBTA-X01-FY22	C3790245	PT_FRHVM7G9_7316-9048_Solid Tissue_Initial CNS Tumor	7316-9048	Tumor	Initial CNS Tumor	Solid Tissue	NA	Diffuse astrocytic and oligodendroglial tumor	Diffuse midline glioma	DMG, H3 K28, TP53	NA	Brainstem glioma- Diffuse intrinsic pontine glioma	diffuse midline glioma, h3 k27m-mutant (by ihc), corresponds to grade 4	Brain Stem- Pons	Midline	Partial resection	poly-A stranded	1431	Black or African American	Not Hispanic or Latino	Female	Female	None documented	DIPG or DMG	#ff40d9	Yes	AFR	110	Progressive	155	DECEASED	EVENT
BS_B47VJXKV	PT_S9YT3GSS	PBTA	PBTA-X01-FY22	C2360493	PT_S9YT3GSS_7316-5313_Solid Tissue_Initial CNS Tumor	7316-5313	Tumor	Initial CNS Tumor	Solid Tissue	NA	Mesenchymal non-meningothelial tumor	Sarcoma	NA	NA	Sarcoma	osteosarcoma	Skull	Other	Gross/Near total resection	poly-A stranded	4682	Black or African American	Not Hispanic or Latino	Female	Female	None documented	Mesenchymal tumor	#7fbf00	Yes	AFR	175	Recurrence - Metastatic	650	DECEASED	EVENT
BS_B4R7X1KE	PT_5K5CZXYB	PBTA	PNOC	C3077337	PT_5K5CZXYB_7316-8035_Solid Tissue_Initial CNS Tumor	7316-8035	Tumor	Initial CNS Tumor	Solid Tissue	NA	Diffuse astrocytic and oligodendroglial tumor	Diffuse hemispheric glioma	DHG, H3 G35, TP53	NA	High-grade glioma/astrocytoma (WHO grade III/IV)	High Grade Glioma, Grade 4	Right Occiptal - Parietal Lobes and Thalamus	Hemispheric	NA	stranded	5151	White	Not Hispanic or Latino	Female	Female	None documented	Other high-grade glioma	#ffccf5	Yes	NA	NA	NA	NA	NA	NO EVENT
BS_B53Z0T1Q	PT_7RMS6K08	PBTA	CBTN	C406515	PT_7RMS6K08_7316-1748_Solid Tissue_Initial CNS Tumor	7316-1748	Tumor	Initial CNS Tumor	Solid Tissue	NA	Tumors of sellar region	Adamantinomatous Craniopharyngioma	CRANIO, ADAM	NA	Craniopharyngioma	craniopharyngioma	Suprasellar/Hypothalamic/Pituitary	Suprasellar	Gross/Near total resection	stranded	2033	White	Not Hispanic or Latino	Female	Female	None documented	Craniopharyngioma	#b2502d	Yes	EUR	3034	Not Applicable	3034	LIVING	NO EVENT
BS_B5JM6T8K	PT_YVY56QHA	PBTA	PBTA-X01-FY22	C3622473	PT_YVY56QHA_7316-8837_Solid Tissue_Initial CNS Tumor	7316-8837	Tumor	Initial CNS Tumor	Solid Tissue	NA	Low-grade astrocytic tumor	Low-grade glioma	LGG, BRAF V600E, other MAPK	NA	Low-grade glioma/astrocytoma (WHO grade I/II)	pilocytic astrocytoma with kras c.198_227dup (p.met67_glu76dup) mutation	Other locations NOS;Ventricles	Mixed	Partial resection	poly-A stranded	5833	White	Not Hispanic or Latino	Male	Male	None documented	Low-grade glioma	#8f8fbf	Yes	EUR	1087	Not Applicable	1087	LIVING	NO EVENT
BS_B61168DE	PT_1NN9AW39	PBTA	CBTN	C955956	PT_1NN9AW39_7316-3148_Solid Tissue_Initial CNS Tumor	7316-3148	Tumor	Initial CNS Tumor	Solid Tissue	NA	Melanocytic tumor	Melanocytic tumor	NA	NA	Other	malignant melanocytic neoplasm	Frontal Lobe;Other locations NOS	Mixed	Gross/Near total resection	stranded	3663	White	Not Hispanic or Latino	Male	Male	None documented	Other tumor	#b5b5b5	Yes	EUR	370	Progressive	398	DECEASED	EVENT
BS_B6JKQFKA	PT_9XXGZHJV	PBTA	PBTA-X01-FY22	C3631575	PT_9XXGZHJV_7316-7743_Solid Tissue_Initial CNS Tumor	7316-7743	Tumor	Initial CNS Tumor	Solid Tissue	NA	Low-grade astrocytic tumor	Low-grade glioma	LGG, other MAPK	NA	Low-grade glioma/astrocytoma (WHO grade I/II)	pilocytic astrocytoma, who grade 1	Cerebellum/Posterior Fossa	Posterior fossa	Gross/Near total resection	poly-A stranded	5820	Reported Unknown	Not Hispanic or Latino	Male	Male	None documented	Low-grade glioma	#8f8fbf	Yes	SAS	Not Reported	Not Applicable	Not Reported	LIVING	NO EVENT
BS_B6M763JS	PT_QT3MK7BZ	PBTA	CBTN	C704298	PT_QT3MK7BZ_7316-1977_Solid Tissue_Initial CNS Tumor	7316-1977	Tumor	Initial CNS Tumor	Solid Tissue	NA	Low-grade astrocytic tumor	Subependymal Giant Cell Astrocytoma	SEGA, To be classified	NA	Low-grade glioma/astrocytoma (WHO grade I/II)	sega	Ventricles	Ventricles	Gross/Near total resection	stranded	4744	White	Not Hispanic or Latino	Female	Female	Tuberous Sclerosis (TSC1, TSC2)	Low-grade glioma	#8f8fbf	Yes	EUR	Not Reported	Not Applicable	Not Reported	LIVING	NO EVENT
BS_B741RZY9	PT_ZS2YDFBE	PBTA	CBTN	C802698	PT_ZS2YDFBE_7316-2860_Solid Tissue_Initial CNS Tumor	7316-2860	Tumor	Initial CNS Tumor	Solid Tissue	NA	Choroid plexus tumor	Choroid plexus tumor	NA	NA	Choroid plexus papilloma	choroid plexus papilloma	Ventricles	Ventricles	Gross/Near total resection	stranded	5917	White	Not Hispanic or Latino	Female	Female	None documented	Choroid plexus tumor	#00441B	Yes	EUR	1242	Not Applicable	1242	LIVING	NO EVENT
BS_B7GEH89C	PT_H57TEQDT	PBTA	CBTN	C647595	PT_H57TEQDT_7316-2324_Solid Tissue_Initial CNS Tumor	7316-2324	Tumor	Initial CNS Tumor	Solid Tissue	NA	Low-grade astrocytic tumor	Low-grade glioma	LGG, KIAA1549-BRAF	NA	Low-grade glioma/astrocytoma (WHO grade I/II)	pilocytic astrocytoma (who grade i)	Cerebellum/Posterior Fossa	Posterior fossa	Partial resection	stranded	1227	White	Not Hispanic or Latino	Female	Female	None documented	Low-grade glioma	#8f8fbf	Yes	EUR	1245	Progressive	3304	LIVING	EVENT
BS_B7QS4DHK	PT_S4YNE17X	PBTA	CBTN	C15744	PT_S4YNE17X_7316-4341_Solid Tissue_Initial CNS Tumor	7316-4341	Tumor	Initial CNS Tumor	Solid Tissue	NA	Tumor of cranial and paraspinal nerves	Schwannoma	NA	NA	Schwannoma	schwannoma	Other locations NOS	Other	Partial resection	stranded	2118	White	Not Hispanic or Latino	Female	Female	Neurofibromatosis, Type 2 (NF-2)	Schwannoma	#ab7200	No	EUR	3685	Progressive - Metastatic	7607	DECEASED	EVENT
BS_B7X8VXQ3	PT_FAD8FQ6S	PBTA	CBTN	C59409	PT_FAD8FQ6S_7316-120_Solid Tissue_Initial CNS Tumor	7316-120	Tumor	Initial CNS Tumor	Solid Tissue	NA	Low-grade astrocytic tumor	Ganglioglioma	GNG, KIAA1549-BRAF	GNT, MAPK	Ganglioglioma	ganglioglioma with extensive calcification, ia	Temporal Lobe	Hemispheric	Gross/Near total resection	stranded	6287	White	Not Hispanic or Latino	Female	Female	None documented	Mixed neuronal-glial tumor	#685815	Yes	EUR	2316	Not Applicable	2316	LIVING	NO EVENT
BS_B8T7M0WV	PT_R1N5M7NH	PBTA	CBTN	C897039	PT_R1N5M7NH_7316-3557_Solid Tissue_Recurrence	7316-3557	Tumor	Recurrence	Solid Tissue	NA	Non-tumor	NA	NA	NA	Other	arteriovenous malformation	Cerebellum/Posterior Fossa	Posterior fossa	Gross/Near total resection	stranded	4111	White	Not Hispanic or Latino	Male	Male	None documented	Non-neoplastic tumor	#FFF5EB	No	EUR	1609	Recurrence	3052	LIVING	EVENT
BS_B9V8RGTA	PT_J50NZYZF	PBTA	CBTN	C59778	PT_J50NZYZF_7316-956_Solid Tissue_Progressive	7316-956	Tumor	Progressive	Solid Tissue	NA	Mesenchymal non-meningothelial tumor	Ewing sarcoma	EWS	EWS	Ewings Sarcoma	Ewings Sarcoma;Metastatic secondary tumors	Parietal Lobe;Skull	Mixed	Gross/Near total resection	stranded	963	White	Not Hispanic or Latino	Female	Female	None documented	Mesenchymal tumor	#7fbf00	No	EUR	1025	Progressive - Metastatic	2257	DECEASED	EVENT
BS_BA6AZWB3	PT_YV2S3ES7	PBTA	CBTN	C41328	PT_YV2S3ES7_7316-182_Solid Tissue_Initial CNS Tumor	7316-182	Tumor	Initial CNS Tumor	Solid Tissue	NA	Embryonal tumor	Medulloblastoma	MB, SHH	NA	Medulloblastoma	medulloblastoma	Cerebellum/Posterior Fossa	Posterior fossa	Partial resection	stranded	13333	White	Not Hispanic or Latino	Male	Male	None documented	Medulloblastoma	#a340ff	Yes	EUR	252	Not Applicable	252	LIVING	NO EVENT
BS_BAG042V5	PT_BXXZE0CQ	PBTA	PBTA-X01-FY22	C83640	PT_BXXZE0CQ_7316-381_Solid Tissue_Initial CNS Tumor	7316-381	Tumor	Initial CNS Tumor	Solid Tissue	NA	Low-grade astrocytic tumor	Low-grade glioma	LGG, NF1-germline	NA	Low-grade glioma/astrocytoma (WHO grade I/II)	low grade astrocytoma	Frontal Lobe	Hemispheric	Biopsy only	poly-A stranded	3153	White	Not Hispanic or Latino	Male	Male	Neurofibromatosis, Type 1 (NF-1)	Low-grade glioma	#8f8fbf	Yes	EUR	2275	Progressive	3830	LIVING	EVENT
BS_BANCTAV6	PT_YND59052	PBTA	PBTA-X01-FY22	C3985200	PT_YND59052_7316-9832_Solid Tissue_Deceased	7316-9832	Tumor	Deceased	Solid Tissue	NA	Low-grade astrocytic tumor	Low-grade glioma	LGG, other MAPK	NA	Low-grade glioma/astrocytoma (WHO grade I/II)	diffuse infiltrating astrocytoma, who gr ii	Other locations NOS	Other	NA	poly-A stranded	4281	Reported Unknown	Not Available	Male	Male	None documented	Low-grade glioma	#8f8fbf	No	AFR	111	Recurrence - Metastatic	514	DECEASED	EVENT
BS_BBQ6BHGN	PT_7KS8C9Y6	PBTA	PBTA-X01-FY22	C2333433	PT_7KS8C9Y6_7316-4952_Solid Tissue_Initial CNS Tumor	7316-4952	Tumor	Initial CNS Tumor	Solid Tissue	NA	Diffuse astrocytic and oligodendroglial tumor	Diffuse midline glioma	DMG, H3 K28, TP53	DMG, H3 K28	Brainstem glioma- Diffuse intrinsic pontine glioma	diffuse midline glioma, h3 k27m- mutant (who grade iv)	Brain Stem- Pons	Midline	Biopsy only	poly-A stranded	1896	White	Hispanic or Latino	Female	Female	None documented	DIPG or DMG	#ff40d9	Yes	AMR	183	Progressive - Metastatic	260	DECEASED	EVENT
BS_BC936YNZ	PT_KHX1WQ4H	PBTA	CBTN	C70602	PT_KHX1WQ4H_7316-186_Solid Tissue_Initial CNS Tumor	7316-186	Tumor	Initial CNS Tumor	Solid Tissue	NA	Low-grade astrocytic tumor	Low-grade glioma	LGG, other MAPK	NA	Low-grade glioma/astrocytoma (WHO grade I/II)	pilocytic astrocytoma	Cerebellum/Posterior Fossa	Posterior fossa	Gross/Near total resection	stranded	4417	White	Not Hispanic or Latino	Female	Female	None documented	Low-grade glioma	#8f8fbf	Yes	EUR	3328	Not Applicable	3328	LIVING	NO EVENT
BS_BE1WV2B2	PT_98W7YNZ7	PBTA	PBTA-X01-FY22	C4093563	PT_98W7YNZ7_7316-9824_Solid Tissue_Initial CNS Tumor	7316-9824	Tumor	Initial CNS Tumor	Solid Tissue	NA	Embryonal tumor	Medulloblastoma	MB, Group3	NA	Medulloblastoma	medulloblastoma, non-wnt/non-shh (by immunohistochemistry	Cerebellum/Posterior Fossa	Posterior fossa	Gross/Near total resection	poly-A stranded	1048	Reported Unknown	Not Hispanic or Latino	Male	Male	None documented	Medulloblastoma	#a340ff	Yes	SAS	1049	Recurrence - Metastatic	1226	DECEASED	EVENT
BS_BE6EZQHP	PT_BA38VR93	PBTA	PBTA-X01-FY22	C3904635	PT_BA38VR93_7316-6522_Solid Tissue_Initial CNS Tumor	7316-6522	Tumor	Initial CNS Tumor	Solid Tissue	NA	Embryonal tumor	Medulloblastoma	MB, SHH	NA	Medulloblastoma	medulloblastoma, classic histology, shh-activated and tp53-wildtype, who grade 4	Cerebellum/Posterior Fossa	Posterior fossa	Gross/Near total resection	poly-A stranded	6318	Reported Unknown	Not Available	Male	Male	None documented	Medulloblastoma	#a340ff	Yes	EUR	555	Not Applicable	555	LIVING	NO EVENT
BS_BEDVWFPR	PT_4A2H0KNR	PBTA	CBTN	C634803	PT_4A2H0KNR_7316-2600_Solid Tissue_Progressive	7316-2600	Tumor	Progressive	Solid Tissue	NA	Diffuse astrocytic and oligodendroglial tumor	High-grade glioma	HGG, To be classified	NA	High-grade glioma/astrocytoma (WHO grade III/IV)	high-grade glioma	Parietal Lobe;Temporal Lobe	Hemispheric	Partial resection	poly-A stranded	34	White	Hispanic or Latino	Male	NA	None documented	Other high-grade glioma	#ffccf5	No	NA	168	Progressive	1915	DECEASED	EVENT
BS_BEKKNDWB	PT_BK06Z2Q1	PBTA	PBTA-X01-FY22	C2318673	PT_BK06Z2Q1_7316-5187_Solid Tissue_Initial CNS Tumor	7316-5187	Tumor	Initial CNS Tumor	Solid Tissue	NA	Embryonal tumor	Medulloblastoma	MB, Group4	MB, Group4	Medulloblastoma	medulloblastoma who grade iv; non-wnt/non-shh	Ventricles	Ventricles	Partial resection	poly-A stranded	1475	White	Not Hispanic or Latino	Female	Female	None documented	Medulloblastoma	#a340ff	Yes	EUR	46	Progressive - Metastatic	215	DECEASED	EVENT
BS_BFFK7M53	PT_HNZNZ635	PBTA	PBTA-X01-FY22	C801468	PT_HNZNZ635_7316-2151_Derived Cell Line_Progressive_Serum-based_11	7316-2151	Tumor	Progressive	Derived Cell Line	Serum-based	Diffuse astrocytic and oligodendroglial tumor	High-grade glioma	HGG, H3 wildtype	NA	High-grade glioma/astrocytoma (WHO grade III/IV)	anaplastic astrocytoma	Thalamus	Midline	Partial resection	poly-A stranded	2199	White	Hispanic or Latino	Male	Male	None documented	Other high-grade glioma	#ffccf5	No	AMR	78	Progressive	560	LIVING	EVENT
BS_BGFDW0VM	PT_D4JJMH7V	PBTA	PBTA-X01-FY22	C1277601	PT_D4JJMH7V_7316-5153_Solid Tissue_Initial CNS Tumor	7316-5153	Tumor	Initial CNS Tumor	Solid Tissue	NA	Embryonal tumor	Atypical Teratoid Rhabdoid Tumor	ATRT, SHH	ATRT, SHH	Atypical Teratoid Rhabdoid Tumor (ATRT)	atypical teratoid rhabdoid tumor, who grade iv	Frontal Lobe	Hemispheric	Gross/Near total resection	poly-A stranded	684	American Indian or Alaska Native	Hispanic or Latino	Female	Female	Other inherited conditions NOS	Atypical Teratoid Rhabdoid Tumor	#4d0d85	Yes	AMR	1308	Not Applicable	1308	LIVING	NO EVENT
BS_BGRPWBNG	PT_JXGMAHHN	PBTA	PBTA-X01-FY22	C136530	PT_JXGMAHHN_7316-7103_Solid Tissue_Progressive	7316-7103	Tumor	Progressive	Solid Tissue	NA	Low-grade astrocytic tumor	Low-grade glioma	LGG, KIAA1549-BRAF	NA	Low-grade glioma/astrocytoma (WHO grade I/II)	recurrent/residual pilocytic astrocytoma with kiaa1549- braf fusion and gain of chromosome 7, who grade 1	Cerebellum/Posterior Fossa;Meninges/Dura;Optic Pathway;Other locations NOS;Suprasellar/Hypothalamic/Pituitary;Ventricles	Mixed	Partial resection	poly-A stranded	796	Black or African American	Hispanic or Latino	Female	Female	None documented	Low-grade glioma	#8f8fbf	No	AFR	548	Progressive - Metastatic	3930	LIVING	EVENT
BS_BHR08WGW	PT_6TZR2DH1	PBTA	CBTN	C17958	PT_6TZR2DH1_7316-100_Solid Tissue_Initial CNS Tumor	7316-100	Tumor	Initial CNS Tumor	Solid Tissue	NA	Tumors of sellar region	Adamantinomatous Craniopharyngioma	CRANIO, ADAM	NA	Craniopharyngioma	craniopharyngioma, adamantinomatus type	Suprasellar/Hypothalamic/Pituitary	Suprasellar	Gross/Near total resection	stranded	2660	Black or African American	Hispanic or Latino	Female	Female	None documented	Craniopharyngioma	#b2502d	Yes	AFR	3361	Not Applicable	3361	LIVING	NO EVENT
BS_BJBM0BN7	PT_DZ86YXN6	PBTA	PBTA-X01-FY22	C1152633	PT_DZ86YXN6_7316-4677_Solid Tissue_Initial CNS Tumor	7316-4677	Tumor	Initial CNS Tumor	Solid Tissue	NA	Low-grade astrocytic tumor	Low-grade glioma	LGG, KIAA1549-BRAF	NA	Low-grade glioma/astrocytoma (WHO grade I/II)	pilocytic astrocytoma who grade i	Cerebellum/Posterior Fossa;Ventricles	Mixed	Gross/Near total resection	poly-A stranded	1805	Black or African American	Not Hispanic or Latino	Male	Male	None documented	Low-grade glioma	#8f8fbf	Yes	EUR	291	Not Applicable	291	LIVING	NO EVENT
BS_BJDNWMJH	PT_KVFS3Z2Q	PBTA	CBTN	C597165	PT_KVFS3Z2Q_7316-1955_Solid Tissue_Initial CNS Tumor	7316-1955	Tumor	Initial CNS Tumor	Solid Tissue	NA	Ependymal tumor	Ependymoma	EPN, MPE	EPN, MPE	Ependymoma	mixopapillary ependymoma	Spinal Cord- Lumbar/Thecal Sac	Spine	Biopsy only	stranded	6687	White	Not Hispanic or Latino	Male	Male	None documented	Ependymoma	#2200ff	Yes	EUR	47	Not Applicable	47	LIVING	NO EVENT
BS_BKQZ550R	PT_41WETNRC	PBTA	CBTN	C829266	PT_41WETNRC_7316-3065_Solid Tissue_Initial CNS Tumor	7316-3065	Tumor	Initial CNS Tumor	Solid Tissue	NA	Low-grade astrocytic tumor	Low-grade glioma	LGG, RTK	NA	Low-grade glioma/astrocytoma (WHO grade I/II)	pilocytic astrocytoma with novel fusion kank1-ntrk2 and cdkn2a deletion in the  higher grade area	Cerebellum/Posterior Fossa	Posterior fossa	Gross/Near total resection	stranded	978	White	Not Hispanic or Latino	Female	Female	None documented	Low-grade glioma	#8f8fbf	Yes	EUR	367	Recurrence	2096	LIVING	EVENT
BS_BKR4E30C	PT_E3S6H59E	PBTA	CBTN	C46740	PT_E3S6H59E_7316-133_Solid Tissue_Initial CNS Tumor	7316-133	Tumor	Initial CNS Tumor	Solid Tissue	NA	Diffuse astrocytic and oligodendroglial tumor	Oligodendroglioma	NA	NA	Oligodendroglioma	oligodendroglioma who ii	Frontal Lobe	Hemispheric	Gross/Near total resection	stranded	4921	White	Hispanic or Latino	Male	Male	None documented	Oligodendroglioma	tan	Yes	EUR	1624	Not Applicable	1624	LIVING	NO EVENT
BS_BMMY0H73	PT_X5TQR8V2	PBTA	CBTN	C71709	PT_X5TQR8V2_7316-343_Solid Tissue_Initial CNS Tumor	7316-343	Tumor	Initial CNS Tumor	Solid Tissue	NA	Diffuse astrocytic and oligodendroglial tumor	Diffuse midline glioma	DMG, H3 K28, TP53	DMG, H3 K28	High-grade glioma/astrocytoma (WHO grade III/IV)	gbm	Thalamus	Midline	Partial resection	poly-A stranded	6470	White	Not Hispanic or Latino	Female	Female	None documented	DIPG or DMG	#ff40d9	Yes	EUR	481	Progressive	534	DECEASED	EVENT
BS_BN3VGJP0	PT_6N825561	PBTA	PBTA-X01-FY22	C974652	PT_6N825561_7316-4814_Solid Tissue_Deceased	7316-4814	Tumor	Deceased	Solid Tissue	NA	Embryonal tumor	Atypical Teratoid Rhabdoid Tumor	ATRT, SHH	ATRT, SHH	Atypical Teratoid Rhabdoid Tumor (ATRT)	atrt	Brain Stem- Midbrain/Tectum;Brain Stem- Pons;Cerebellum/Posterior Fossa;Frontal Lobe;Other locations NOS;Temporal Lobe	Mixed	NA	poly-A stranded	1564	Black or African American	Not Hispanic or Latino	Female	Female	None documented	Atypical Teratoid Rhabdoid Tumor	#4d0d85	No	AFR	740	Recurrence - Metastatic	1998	DECEASED	EVENT
BS_BN986DF6	PT_PFA762TK	PBTA	CBTN	C75276	PT_PFA762TK_7316-368_Solid Tissue_Initial CNS Tumor	7316-368	Tumor	Initial CNS Tumor	Solid Tissue	NA	Low-grade astrocytic tumor	Low-grade glioma	LGG, KIAA1549-BRAF	NA	Low-grade glioma/astrocytoma (WHO grade I/II)	posterior fossa mass; pilocytic astrocytoma who 1	Cerebellum/Posterior Fossa	Posterior fossa	Gross/Near total resection	stranded	796	White	Not Hispanic or Latino	Male	Male	None documented	Low-grade glioma	#8f8fbf	Yes	EUR	222	Recurrence	2931	LIVING	EVENT
BS_BNECCX4D	PT_67YK2KYD	PBTA	PBTA-X01-FY22	C4092579	PT_67YK2KYD_7316-9823_Solid Tissue_Initial CNS Tumor	7316-9823	Tumor	Initial CNS Tumor	Solid Tissue	NA	Low-grade astrocytic tumor	Low-grade glioma	LGG, BRAF V600E	NA	Low-grade glioma/astrocytoma (WHO grade I/II)	low-grade glioma, with features in keeping with pilocytic astrocytoma	Pineal Gland;Ventricles	Mixed	Gross/Near total resection	poly-A stranded	4113	White	Hispanic or Latino	Female	Female	None documented	Low-grade glioma	#8f8fbf	Yes	AMR	757	Not Applicable	757	LIVING	NO EVENT
BS_BPKRC55C	PT_T4VN7ZRB	PBTA	PBTA-X01-FY22	C324474	PT_T4VN7ZRB_7316-947_Solid Tissue_Recurrence	7316-947	Tumor	Recurrence	Solid Tissue	NA	Ependymal tumor	Ependymoma	EPN, To be classified	NA	Ependymoma	ependymoma	Cerebellum/Posterior Fossa	Posterior fossa	Partial resection	poly-A stranded	448	White	Not Hispanic or Latino	Male	Male	None documented	Ependymoma	#2200ff	No	EUR	1379	Recurrence	2963	DECEASED	EVENT
BS_BPM1MRGT	PT_CTC9ZDNY	PBTA	PBTA-X01-FY22	C3396645	PT_CTC9ZDNY_7316-7928_Solid Tissue_Initial CNS Tumor	7316-7928	Tumor	Initial CNS Tumor	Solid Tissue	NA	Low-grade astrocytic tumor	Low-grade glioma	LGG, IDH	NA	Low-grade glioma/astrocytoma (WHO grade I/II)	diffuse astrocytoma, idh-mutant with tp53 mutation, who grade ii	Frontal Lobe	Hemispheric	Partial resection	poly-A stranded	4897	White	Not Hispanic or Latino	Male	Male	None documented	Low-grade glioma	#8f8fbf	Yes	EUR	1007	Not Applicable	1007	LIVING	NO EVENT
BS_BPSTSCBJ	PT_ATE3YRH5	PBTA	CBTN	C868872	PT_ATE3YRH5_7316-3308_Solid Tissue_Initial CNS Tumor	7316-3308	Tumor	Initial CNS Tumor	Solid Tissue	NA	Low-grade astrocytic tumor	Low-grade glioma	LGG, KIAA1549-BRAF, RTK	NA	Low-grade glioma/astrocytoma (WHO grade I/II)	pilocytic astrocytoma	Cerebellum/Posterior Fossa	Posterior fossa	Gross/Near total resection	stranded	3106	Reported Unknown	Hispanic or Latino	Female	Female	None documented	Low-grade glioma	#8f8fbf	Yes	AMR	1724	Not Applicable	1724	LIVING	NO EVENT
BS_BPWEFR89	PT_FN4GEEFR	PBTA	CBTN	C141696	PT_FN4GEEFR_7316-729_Solid Tissue_Initial CNS Tumor	7316-729	Tumor	Initial CNS Tumor	Solid Tissue	NA	Embryonal tumor	Medulloblastoma	MB, SHH	MB, SHH	Medulloblastoma	medulloblastoma (who grade iv)	Cerebellum/Posterior Fossa	Posterior fossa	Partial resection	stranded	3977	White	Not Hispanic or Latino	Female	Female	None documented	Medulloblastoma	#a340ff	Yes	EUR	1064	Progressive - Metastatic	1773	DECEASED	EVENT
BS_BSMKSA87	PT_CBTW4E3X	PBTA	PBTA-X01-FY22	C2719653	PT_CBTW4E3X_7316-6965_Solid Tissue_Initial CNS Tumor	7316-6965	Tumor	Initial CNS Tumor	Solid Tissue	NA	Tumors of sellar region	Adamantinomatous Craniopharyngioma	CRANIO, ADAM	CRANIO, ADAM	Craniopharyngioma	craniopharyngioma, adamantinomatous type	Suprasellar/Hypothalamic/Pituitary	Suprasellar	Gross/Near total resection	poly-A stranded	1811	White	Not Hispanic or Latino	Male	Male	None documented	Craniopharyngioma	#b2502d	Yes	EUR	479	Recurrence	928	LIVING	EVENT
BS_BSNW9PTR	PT_D75EGJWB	PBTA	Oligo	C294954	PT_D75EGJWB_7316UP-857_Solid Tissue_Recurrence	7316UP-857	Tumor	Recurrence	Solid Tissue	NA	Diffuse astrocytic and oligodendroglial tumor	Oligodendroglioma	NA	NA	Oligodendroglioma	NA	Cerebrum	Hemispheric	NA	stranded	9940	White	Not Hispanic or Latino	Male	Male	None documented	Oligodendroglioma	tan	No	EUR	NA	NA	NA	NA	NO EVENT
BS_BSV07M7Z	PT_PX4E85V1	PBTA	CBTN	C409836	PT_PX4E85V1_7316-1083_Solid Tissue_Initial CNS Tumor	7316-1083	Tumor	Initial CNS Tumor	Solid Tissue	NA	Embryonal tumor	Medulloblastoma	MB, Group4	MB, Group4	Medulloblastoma	medulloblastoma	Cerebellum/Posterior Fossa	Posterior fossa	Gross/Near total resection	stranded	1680	White	Not Hispanic or Latino	Male	Male	None documented	Medulloblastoma	#a340ff	Yes	EUR	Not Reported	Not Applicable	Not Reported	LIVING	NO EVENT
BS_BT31CDNC	PT_WP871F5S	PBTA	PBTA-X01-FY22	C100860	PT_WP871F5S_7316-5454_Solid Tissue_Progressive	7316-5454	Tumor	Progressive	Solid Tissue	NA	Mesenchymal non-meningothelial tumor	Hemangioblastoma	NA	NA	Hemangioblastoma	hemangioblastoma	Brain Stem-Medulla;Cerebellum/Posterior Fossa	Mixed	Gross/Near total resection	poly-A stranded	5137	White	Not Hispanic or Latino	Male	Male	Other inherited conditions NOS	Mesenchymal tumor	#7fbf00	No	EUR	1291	Progressive - Metastatic	4522	LIVING	EVENT
BS_BT9KZP0N	PT_0MHKP408	PBTA	PBTA-X01-FY22	C141327	PT_0MHKP408_7316-4185_Solid Tissue_Progressive	7316-4185	Tumor	Progressive	Solid Tissue	NA	Low-grade astrocytic tumor	Low-grade glioma	LGG, BRAF V600E	NA	Low-grade glioma/astrocytoma (WHO grade I/II)	pilocytic astrocytoma who grade i	Cerebellum/Posterior Fossa	Posterior fossa	Partial resection	poly-A stranded	2581	White	Not Hispanic or Latino	Female	Female	None documented	Low-grade glioma	#8f8fbf	No	EUR	1499	Progressive	4118	LIVING	EVENT
BS_BVSW4GTG	PT_DACV00WF	PBTA	CBTN	C115743	PT_DACV00WF_7316-489_Solid Tissue_Initial CNS Tumor	7316-489	Tumor	Initial CNS Tumor	Solid Tissue	NA	Embryonal tumor	Medulloblastoma	MB, SHH	NA	Medulloblastoma	medulloblastoma who grade 4	Cerebellum/Posterior Fossa	Posterior fossa	Partial resection	stranded	116	White	Not Hispanic or Latino	Female	Female	Other inherited conditions NOS	Medulloblastoma	#a340ff	Yes	EUR	1151	Deceased-due to other causes	1151	DECEASED	NO EVENT
BS_BW1Z7QQY	PT_YHYP7ZKK	PBTA	PBTA-X01-FY22	C2404281	PT_YHYP7ZKK_7316-4530_Solid Tissue_Initial CNS Tumor	7316-4530	Tumor	Initial CNS Tumor	Solid Tissue	NA	Ependymal tumor	Ependymoma	EPN, SP	EPN, SP	Ependymoma	ependymoma who grade ii	Spinal Cord- Cervical;Spinal Cord- Thoracic	Spine	Gross/Near total resection	poly-A stranded	6373	White	Not Hispanic or Latino	Male	Male	None documented	Ependymoma	#2200ff	Yes	EUR	Not Reported	Not Applicable	Not Reported	LIVING	NO EVENT
BS_BWBDH9GM	PT_JNEV57VK	PBTA	CBTN	C714384	PT_JNEV57VK_7316-3058_Derived Cell Line_Progressive_Serum-based_0	7316-3058	Tumor	Progressive	Derived Cell Line	Serum-based	Diffuse astrocytic and oligodendroglial tumor	Diffuse midline glioma	DMG, H3 K28	NA	High-grade glioma/astrocytoma (WHO grade III/IV)	diffuse midline glioma who iv	Basal Ganglia;Thalamus	Midline	Partial resection	stranded	2869	White	Not Hispanic or Latino	Male	Male	Other inherited conditions NOS	DIPG or DMG	#ff40d9	No	EUR	92	Progressive	273	DECEASED	EVENT
BS_BWQDXTYM	PT_AB2XP3Z8	PBTA	CBTN	C3356916	PT_AB2XP3Z8_7316-7619_Solid Tissue_Deceased	7316-7619	Tumor	Deceased	Solid Tissue	NA	Diffuse astrocytic and oligodendroglial tumor	High-grade glioma	HGG, To be classified	NA	High-grade glioma/astrocytoma (WHO grade III/IV)	diffuse high grade glioma who iii, p53-mutated infilitrative	Brain Stem-Medulla;Brain Stem- Pons;Suprasellar/Hypothalamic/Pituitary;Thalamus	Mixed	NA	poly-A stranded	3938	White	Not Hispanic or Latino	Male	NA	None documented	Other high-grade glioma	#ffccf5	No	NA	517	Deceased-due to disease	517	DECEASED	EVENT
BS_BX7K8WF8	PT_JEW5HG4W	PBTA	PBTA-X01-FY22	C310206	PT_JEW5HG4W_7316-8425_Solid Tissue_Recurrence	7316-8425	Tumor	Recurrence	Solid Tissue	NA	Meningioma	Meningioma	NA	NA	Meningioma	meningothelial meningioma, who grade i	Frontal Lobe;Parietal Lobe	Hemispheric	Partial resection	poly-A stranded	5687	White	Not Hispanic or Latino	Male	Male	None documented	Meningioma	#2db398	No	EUR	3039	Second Malignancy	5697	LIVING	EVENT
BS_BXXJ9P8C	PT_Y97DX151	PBTA	CBTN	C50307	PT_Y97DX151_7316-291_Solid Tissue_Initial CNS Tumor	7316-291	Tumor	Initial CNS Tumor	Solid Tissue	NA	Tumor of cranial and paraspinal nerves	Schwannoma	NA	NA	Schwannoma	schwannoma	Spine NOS	Spine	Gross/Near total resection	stranded	6817	More Than One Race	Not Hispanic or Latino	Male	Male	Schwannomatosis (LZTR1)	Schwannoma	#ab7200	Yes	AFR	573	Recurrence	3826	LIVING	EVENT
BS_BYA64S6C	PT_V84GD4GT	PBTA	PBTA-X01-FY22	C3418662	PT_V84GD4GT_7316-8739_Solid Tissue_Initial CNS Tumor	7316-8739	Tumor	Initial CNS Tumor	Solid Tissue	NA	Germ cell tumor	NA	NA	NA	Non-germinomatous germ cell tumor	non-germinomatous germ cell tumor	Suprasellar/Hypothalamic/Pituitary;Ventricles	Mixed	Partial resection	poly-A stranded	6463	Reported Unknown	Not Hispanic or Latino	Female	Female	None documented	Germ cell tumor	#0074d9	Yes	EUR	334	Not Applicable	334	LIVING	NO EVENT
BS_BYBG9F2X	PT_B5DQ8FF0	PBTA	PBTA-X01-FY22	C1207614	PT_B5DQ8FF0_7316-4517_Solid Tissue_Initial CNS Tumor	7316-4517	Tumor	Initial CNS Tumor	Solid Tissue	NA	Ependymal tumor	Ependymoma	EPN, PF A	EPN, PF A	Ependymoma	anaplastic ependymoma who grade iii	Cerebellum/Posterior Fossa	Posterior fossa	Partial resection	poly-A stranded	1057	White	Not Hispanic or Latino	Male	Male	None documented	Ependymoma	#2200ff	Yes	EUR	871	Progressive	871	LIVING	EVENT
BS_BYCX6VK1	PT_3AWKWXEV	PBTA	CBTN	C28290	PT_3AWKWXEV_7316-85_Solid Tissue_Initial CNS Tumor	7316-85	Tumor	Initial CNS Tumor	Solid Tissue	NA	Diffuse astrocytic and oligodendroglial tumor	Pleomorphic xanthoastrocytoma	HGG, PXA	HGG, PXA	High-grade glioma/astrocytoma (WHO grade III/IV)	glioblastoma multiforme	Temporal Lobe	Hemispheric	Gross/Near total resection	poly-A stranded	919	White	Not Available	Male	Male	None documented	Other high-grade glioma	#ffccf5	Yes	EUR	515	Deceased-due to disease	515	DECEASED	EVENT
BS_BYZBK75T	PT_GTHZF21E	PBTA	PBTA-X01-FY22	C3232317	PT_GTHZF21E_7316-9066_Solid Tissue_Deceased	7316-9066	Tumor	Deceased	Solid Tissue	NA	Diffuse astrocytic and oligodendroglial tumor	Diffuse midline glioma	DMG, H3 K28, TP53	DMG, H3 K28	High-grade glioma/astrocytoma (WHO grade III/IV)	thalamic dmg	Brain Stem- Pons;Cerebellum/Posterior Fossa;Frontal Lobe;Parietal Lobe;Spinal Cord- Cervical;Spinal Cord- Lumbar/Thecal Sac;Spinal Cord- Thoracic;Thalamus;Ventricles	Mixed	NA	poly-A stranded	3795	Reported Unknown	Not Hispanic or Latino	Female	Female	None documented	DIPG or DMG	#ff40d9	No	AFR	192	Progressive	527	DECEASED	EVENT
BS_BZCTXEPJ	PT_BTS1T9E8	PBTA	PBTA-X01-FY22	C1254354	PT_BTS1T9E8_7316-6209_Solid Tissue_Progressive	7316-6209	Tumor	Progressive	Solid Tissue	NA	Low-grade astrocytic tumor	Low-grade glioma	LGG, KIAA1549-BRAF	NA	Low-grade glioma/astrocytoma (WHO grade I/II)	pilocytic astrocytoma with braf rearrangement, who grade i	Optic Pathway;Other locations NOS;Suprasellar/Hypothalamic/Pituitary;Ventricles	Mixed	Partial resection	poly-A stranded	424	Reported Unknown	Hispanic or Latino	Male	Male	None documented	Low-grade glioma	#8f8fbf	No	AMR	1047	Progressive	4973	DECEASED	EVENT
BS_C05FKR8X	PT_ZWY04DCR	PBTA	CBTN	C849807	PT_ZWY04DCR_7316-2666_Solid Tissue_Initial CNS Tumor	7316-2666	Tumor	Initial CNS Tumor	Solid Tissue	NA	Ependymal tumor	Ependymoma	EPN, ST ZFTA	EPN, ST ZFTA	Ependymoma	anaplastic ependymoma	Frontal Lobe	Hemispheric	Gross/Near total resection	stranded	6026	Black or African American	Not Hispanic or Latino	Male	Male	None documented	Ependymoma	#2200ff	Yes	AFR	123	Recurrence - Metastatic	214	DECEASED	EVENT
BS_C0GQVFWA	PT_Q0N3AG4D	PBTA	PBTA-X01-FY22	C4021731	PT_Q0N3AG4D_7316-9804_Solid Tissue_Initial CNS Tumor	7316-9804	Tumor	Initial CNS Tumor	Solid Tissue	NA	Embryonal tumor	Medulloblastoma	MB, SHH	NA	Medulloblastoma	medulloblastoma, shh subgroup (by ihc)	Cerebellum/Posterior Fossa	Posterior fossa	Gross/Near total resection	poly-A stranded	543	White	Hispanic or Latino	Female	Female	None documented	Medulloblastoma	#a340ff	Yes	AMR	710	Not Applicable	710	LIVING	NO EVENT
BS_C0NEVC2B	PT_EVF1DWCZ	PBTA	PBTA-X01-FY22	C2460615	PT_EVF1DWCZ_7316-5130_Solid Tissue_Initial CNS Tumor	7316-5130	Tumor	Initial CNS Tumor	Solid Tissue	NA	Low-grade astrocytic tumor	Ganglioglioma	GNG, KIAA1549-BRAF	NA	Ganglioglioma	ganglioglioma, who grade i	Brain Stem- Midbrain/Tectum;Optic Pathway;Temporal Lobe	Mixed	Gross/Near total resection	poly-A stranded	4423	Reported Unknown	Hispanic or Latino	Female	Female	None documented	Mixed neuronal-glial tumor	#685815	Yes	AMR	3104	Not Applicable	3104	LIVING	NO EVENT
BS_C0XFDP38	PT_NH8CJ84W	PBTA	CBTN	C43296	PT_NH8CJ84W_7316-164_Solid Tissue_Progressive	7316-164	Tumor	Progressive	Solid Tissue	NA	Tumors of sellar region	Craniopharyngioma	CRANIO, To be classified	NA	Craniopharyngioma	craniopharyngioma	Suprasellar/Hypothalamic/Pituitary	Suprasellar	Partial resection	stranded	1932	White	Not Hispanic or Latino	Female	Female	None documented	Craniopharyngioma	#b2502d	No	EUR	159	Recurrence	6976	LIVING	EVENT
BS_C2P690E3	PT_QH1MHYD6	PBTA	PBTA-X01-FY22	C2354835	PT_QH1MHYD6_7316-4953_Solid Tissue_Initial CNS Tumor	7316-4953	Tumor	Initial CNS Tumor	Solid Tissue	NA	Choroid plexus tumor	Choroid plexus tumor	NA	NA	Choroid plexus papilloma	choroid plexus papilloma	Ventricles	Ventricles	Gross/Near total resection	poly-A stranded	253	White	Not Hispanic or Latino	Male	Male	None documented	Choroid plexus tumor	#00441B	Yes	EUR	1189	Not Applicable	1189	LIVING	NO EVENT
BS_C3NW374Q	PT_H3KTPFRH	PBTA	PBTA-X01-FY22	C124968	PT_H3KTPFRH_7316-717_Solid Tissue_Initial CNS Tumor	7316-717	Tumor	Initial CNS Tumor	Solid Tissue	NA	Diffuse astrocytic and oligodendroglial tumor	High-grade glioma	HGG, IDH, TP53	NA	High-grade glioma/astrocytoma (WHO grade III/IV)	giant cell glioblastoma who gr 4	Parietal Lobe	Hemispheric	Partial resection	poly-A stranded	4314	White	Not Hispanic or Latino	Male	Male	None documented	Other high-grade glioma	#ffccf5	Yes	EUR	4009	Not Applicable	4009	LIVING	NO EVENT
BS_C3P5BC92	PT_T2M1338J	PBTA	CBTN	C52275	PT_T2M1338J_7316-258_Solid Tissue_Initial CNS Tumor	7316-258	Tumor	Initial CNS Tumor	Solid Tissue	NA	Tumors of sellar region	Adamantinomatous Craniopharyngioma	CRANIO, ADAM	NA	Craniopharyngioma	craniopharyngioma	Suprasellar/Hypothalamic/Pituitary	Suprasellar	Gross/Near total resection	stranded	4342	White	Not Hispanic or Latino	Female	Female	None documented	Craniopharyngioma	#b2502d	Yes	EUR	941	Recurrence	3877	LIVING	EVENT
BS_C41DJZ1F	PT_30H1KV15	PBTA	CBTN	C176751	PT_30H1KV15_7316-1059_Solid Tissue_Initial CNS Tumor	7316-1059	Tumor	Initial CNS Tumor	Solid Tissue	NA	Diffuse astrocytic and oligodendroglial tumor	High-grade glioma	HGG, To be classified	NA	High-grade glioma/astrocytoma (WHO grade III/IV)	high grade glioma	Basal Ganglia;Ventricles	Mixed	Gross/Near total resection	stranded	4880	White	Not Hispanic or Latino	Female	NA	Neurofibromatosis, Type 1 (NF-1)	Other high-grade glioma	#ffccf5	Yes	NA	328	Recurrence	535	DECEASED	EVENT
BS_C51RB0YR	PT_DMMKT7X1	PBTA	CBTN	C772686	PT_DMMKT7X1_7316-1635_Solid Tissue_Initial CNS Tumor	7316-1635	Tumor	Initial CNS Tumor	Solid Tissue	NA	Low-grade astrocytic tumor	Low-grade glioma	LGG, BRAF V600E	NA	Low-grade glioma/astrocytoma (WHO grade I/II)	pleomorphic xantoastrocytoma (who ii)	Parietal Lobe	Hemispheric	Gross/Near total resection	stranded	5113	White	Not Hispanic or Latino	Female	Female	None documented	Low-grade glioma	#8f8fbf	Yes	EUR	Not Reported	Not Applicable	Not Reported	LIVING	NO EVENT
BS_C6SKJG3N	PT_XDV8W16W	PBTA	CBTN	C972192	PT_XDV8W16W_7316-3751_Solid Tissue_Progressive	7316-3751	Tumor	Progressive	Solid Tissue	NA	Low-grade astrocytic tumor	Low-grade glioma	LGG, KIAA1549-BRAF	NA	Low-grade glioma/astrocytoma (WHO grade I/II)	pilocytic astrocytoma	Cerebellum/Posterior Fossa	Posterior fossa	Gross/Near total resection	stranded	1923	White	Not Hispanic or Latino	Male	Male	None documented	Low-grade glioma	#8f8fbf	No	EUR	3185	Progressive	3473	LIVING	EVENT
BS_C6ZZ3FY5	PT_X71D7G5S	PBTA	CBTN	C334314	PT_X71D7G5S_7316-1105_Solid Tissue_Recurrence	7316-1105	Tumor	Recurrence	Solid Tissue	NA	Diffuse astrocytic and oligodendroglial tumor	Diffuse hemispheric glioma	DHG, H3 G35	DHG, H3 G35	Supratentorial or Spinal Cord PNET	recurrent/residual pnet	Parietal Lobe	Hemispheric	Unavailable	stranded	5422	White	Not Hispanic or Latino	Male	Male	None documented	Other high-grade glioma	#ffccf5	No	EUR	Not Reported	Recurrence	Not Reported	LIVING	EVENT
BS_C7A2TYAC	PT_JXGMAHHN	PBTA	CBTN	C136530	PT_JXGMAHHN_7316-874_Solid Tissue_Initial CNS Tumor	7316-874	Tumor	Initial CNS Tumor	Solid Tissue	NA	Low-grade astrocytic tumor	Low-grade glioma	LGG, KIAA1549-BRAF	LGG, MAPK	Low-grade glioma/astrocytoma (WHO grade I/II)	low-grade glioma	Suprasellar/Hypothalamic/Pituitary	Suprasellar	Partial resection	stranded	796	Black or African American	Hispanic or Latino	Female	Female	None documented	Low-grade glioma	#8f8fbf	Yes	AFR	548	Progressive - Metastatic	3930	LIVING	EVENT
BS_C7N3J4NW	PT_KDW5HHWQ	PBTA	CBTN	C566661	PT_KDW5HHWQ_7316-2237_Solid Tissue_Recurrence	7316-2237	Tumor	Recurrence	Solid Tissue	NA	Diffuse astrocytic and oligodendroglial tumor	Oligodendroglioma	NA	NA	Oligodendroglioma	recurrent glial neoplasm	Meninges/Dura;Temporal Lobe	Mixed	Partial resection	stranded	5665	White	Not Hispanic or Latino	Male	Male	None documented	Oligodendroglioma	tan	No	EUR	120	Progressive - Metastatic	4960	LIVING	EVENT
BS_C80S5N37	PT_K2YDNZDA	PBTA	CBTN	C97293	PT_K2YDNZDA_7316-429_Solid Tissue_Initial CNS Tumor	7316-429	Tumor	Initial CNS Tumor	Solid Tissue	NA	Ependymal tumor	Ependymoma	EPN, PF A	EPN, PF A	Ependymoma	ependymoma	Ventricles	Ventricles	Gross/Near total resection	stranded	809	White	Not Hispanic or Latino	Female	Female	None documented	Ependymoma	#2200ff	Yes	EUR	3586	Not Applicable	3586	LIVING	NO EVENT
BS_C83TK159	PT_1AAYYGGY	PBTA	PNOC	C3079920	PT_1AAYYGGY_A14709_Solid Tissue_Initial CNS Tumor	A14709	Tumor	Initial CNS Tumor	Solid Tissue	NA	Diffuse astrocytic and oligodendroglial tumor	Diffuse midline glioma	DMG, H3 K28, TP53	NA	Brainstem glioma- Diffuse intrinsic pontine glioma	Anaplastic Astrocytoma	Pons/Brainstem	Midline	NA	poly-A	4608	Reported Unknown	Not Available	Male	Female	None documented	DIPG or DMG	#ff40d9	Yes	AMR	NA	NA	244	DECEASED	NO EVENT
BS_C8KEG501	PT_RFN96J7C	PBTA	PBTA-X01-FY22	C3522597	PT_RFN96J7C_7316-7738_Solid Tissue_Initial CNS Tumor	7316-7738	Tumor	Initial CNS Tumor	Solid Tissue	NA	Low-grade astrocytic tumor	Low-grade glioma	LGG, wildtype	NA	Low-grade glioma/astrocytoma (WHO grade I/II)	infiltrating glioma, low-grade	Temporal Lobe	Hemispheric	Gross/Near total resection	poly-A stranded	281	White	Not Hispanic or Latino	Male	Male	None documented	Low-grade glioma	#8f8fbf	Yes	EUR	Not Reported	Not Applicable	Not Reported	LIVING	NO EVENT
BS_C8ME4RZA	PT_PXPBKXYC	PBTA	PBTA-X01-FY22	C1036398	PT_PXPBKXYC_7316-4210_Solid Tissue_Initial CNS Tumor	7316-4210	Tumor	Initial CNS Tumor	Solid Tissue	NA	Tumors of sellar region	Craniopharyngioma	CRANIO, To be classified	NA	Craniopharyngioma	craniopharyngioma who grade i	Suprasellar/Hypothalamic/Pituitary	Suprasellar	Gross/Near total resection	poly-A stranded	690	Reported Unknown	Not Hispanic or Latino	Female	Female	None documented	Craniopharyngioma	#b2502d	Yes	EUR	1777	Not Applicable	1777	LIVING	NO EVENT
BS_C8RVHTVV	PT_2S6A3RV8	PBTA	PBTA-X01-FY22	C725331	PT_2S6A3RV8_7316-2711_Solid Tissue_Initial CNS Tumor	7316-2711	Tumor	Initial CNS Tumor	Solid Tissue	NA	Embryonal tumor	Medulloblastoma	MB, SHH	NA	Medulloblastoma	medulloblastoma, who grade iv	Cerebellum/Posterior Fossa	Posterior fossa	Partial resection	poly-A stranded	4973	Reported Unknown	Hispanic or Latino	Male	Male	None documented	Medulloblastoma	#a340ff	Yes	AMR	335	Recurrence - Metastatic	524	DECEASED	EVENT
BS_C8RWMN8X	PT_1FP5WHJZ	PBTA	PBTA-X01-FY22	C3572412	PT_1FP5WHJZ_7316-6804_Solid Tissue_Initial CNS Tumor	7316-6804	Tumor	Initial CNS Tumor	Solid Tissue	NA	Neuronal and mixed neuronal-glial tumor	Dysembryoplastic neuroepithelial tumor	NA	NA	Dysembryoplastic neuroepithelial tumor (DNET)	dnet	Temporal Lobe	Hemispheric	Gross/Near total resection	poly-A stranded	6442	Reported Unknown	Not Available	Male	Male	None documented	Mixed neuronal-glial tumor	#685815	Yes	EUR	Not Reported	Not Applicable	Not Reported	LIVING	NO EVENT
BS_C9GNTZ1T	PT_TT8M3GB6	PBTA	PBTA-X01-FY22	C2702679	PT_TT8M3GB6_7316-3078_Solid Tissue_Initial CNS Tumor	7316-3078	Tumor	Initial CNS Tumor	Solid Tissue	NA	Neuronal and mixed neuronal-glial tumor	Dysembryoplastic neuroepithelial tumor	NA	NA	Dysembryoplastic neuroepithelial tumor (DNET)	dysembryoplastic neuroepithelial tumor (dnet)	Other locations NOS	Other	Gross/Near total resection	poly-A stranded	4255	Reported Unknown	Not Available	Female	Female	None documented	Mixed neuronal-glial tumor	#685815	Yes	EUR	Not Reported	Not Applicable	Not Reported	LIVING	NO EVENT
BS_CB6VK7PB	PT_JMW6Q6NH	PBTA	CBTN	C880434	PT_JMW6Q6NH_7316-1648_Solid Tissue_Initial CNS Tumor	7316-1648	Tumor	Initial CNS Tumor	Solid Tissue	NA	Low-grade astrocytic tumor	Low-grade glioma	LGG, KIAA1549-BRAF	NA	Low-grade glioma/astrocytoma (WHO grade I/II)	piloxymoid astrocytoma	Optic Pathway	Optic pathway	Partial resection	stranded	432	White	Not Hispanic or Latino	Male	Male	None documented	Low-grade glioma	#8f8fbf	Yes	EUR	Not Reported	Not Applicable	Not Reported	LIVING	NO EVENT
BS_CBDQZ8PP	PT_G4N67N0D	PBTA	CBTN	C176874	PT_G4N67N0D_7316-2295_Solid Tissue_Initial CNS Tumor	7316-2295	Tumor	Initial CNS Tumor	Solid Tissue	NA	Diffuse astrocytic and oligodendroglial tumor	High-grade glioma	HGG, H3 wildtype	HGG, H3 wildtype	High-grade glioma/astrocytoma (WHO grade III/IV)	anaplastic astrocytoma, who grade iii/iv	Temporal Lobe	Hemispheric	Partial resection	poly-A stranded	4284	White	Not Hispanic or Latino	Male	NA	None documented	Other high-grade glioma	#ffccf5	Yes	NA	266	Progressive	420	DECEASED	EVENT
BS_CBTMQFBE	PT_0WTX4CBR	PBTA	PBTA-X01-FY22	C1095561	PT_0WTX4CBR_7316-4667_Solid Tissue_Progressive	7316-4667	Tumor	Progressive	Solid Tissue	NA	Tumor of cranial and paraspinal nerves	Neurofibroma/Plexiform	NA	NA	Neurofibroma/Plexiform	soft tissue neurofibroma	Other locations NOS	Other	Gross/Near total resection	poly-A stranded	7165	White	Not Hispanic or Latino	Female	Female	Neurofibromatosis, Type 1 (NF-1)	Neurofibroma plexiform	#e6ac39	No	EUR	141	Progressive	1263	LIVING	EVENT
BS_CC6RREE4	PT_6VVYG70H	PBTA	PBTA-X01-FY22	C3572658	PT_6VVYG70H_7316-6809_Solid Tissue_Initial CNS Tumor	7316-6809	Tumor	Initial CNS Tumor	Solid Tissue	NA	Low-grade astrocytic tumor	Ganglioglioma	GNG, BRAF V600E	NA	Ganglioglioma	ganglioglioma	Occipital Lobe;Parietal Lobe	Hemispheric	Gross/Near total resection	poly-A stranded	4665	Reported Unknown	Not Available	Female	Female	None documented	Mixed neuronal-glial tumor	#685815	Yes	EUR	Not Reported	Not Applicable	Not Reported	LIVING	NO EVENT
BS_CCBW38BM	PT_1TQA3ZS2	PBTA	PBTA-X01-FY22	C3406239	PT_1TQA3ZS2_7316-8117_Solid Tissue_Initial CNS Tumor	7316-8117	Tumor	Initial CNS Tumor	Solid Tissue	NA	Embryonal tumor	Medulloblastoma	MB, Group3	MB, Group3	Medulloblastoma	medulloblastoma, non-wnt/non-shh who grade iv	Cerebellum/Posterior Fossa	Posterior fossa	Gross/Near total resection	poly-A stranded	659	White	Not Hispanic or Latino	Female	Female	None documented	Medulloblastoma	#a340ff	Yes	EUR	481	Progressive - Metastatic	1023	DECEASED	EVENT
BS_CFCWWFKG	PT_PRSP252Y	PBTA	PBTA-X01-FY22	C2421255	PT_PRSP252Y_7316-5256_Solid Tissue_Progressive	7316-5256	Tumor	Progressive	Solid Tissue	NA	Tumors of sellar region	Adamantinomatous Craniopharyngioma	CRANIO, ADAM	NA	Craniopharyngioma	craniopharyngioma	Suprasellar/Hypothalamic/Pituitary	Suprasellar	Partial resection	poly-A stranded	1861	Reported Unknown	Not Hispanic or Latino	Female	Female	None documented	Craniopharyngioma	#b2502d	No	AMR	129	Progressive	2324	LIVING	EVENT
BS_CFD3WHAY	PT_DRRTC594	PBTA	PBTA-X01-FY22	C3684096	PT_DRRTC594_7316-8856_Solid Tissue_Initial CNS Tumor	7316-8856	Tumor	Initial CNS Tumor	Solid Tissue	NA	Diffuse astrocytic and oligodendroglial tumor	High-grade glioma	HGG, H3 wildtype, TP53	NA	High-grade glioma/astrocytoma (WHO grade III/IV)	pediatric high-grade glioma, idh-1 wild type, with hypermutated genome including tp53 mutation in a constitutional mismatch repair deficiency, who grade iii	Parietal Lobe	Hemispheric	Gross/Near total resection	poly-A stranded	1094	White	Not Hispanic or Latino	Female	Female	Constitutional Mismatch Repair Deficiency Syndrome (biallelic PMS2, MLH1, MSH2, MSH6)	Other high-grade glioma	#ffccf5	Yes	EUR	119	Second Malignancy	1505	LIVING	EVENT
BS_CFK707H0	PT_ZKGZPH3J	PBTA	PBTA-X01-FY22	C2638473	PT_ZKGZPH3J_7316-6302_Solid Tissue_Initial CNS Tumor	7316-6302	Tumor	Initial CNS Tumor	Solid Tissue	NA	Tumor of cranial and paraspinal nerves	Schwannoma	NA	NA	Schwannoma	cellular schwannoma, who grade i	Spinal Cord- Lumbar/Thecal Sac	Spine	Gross/Near total resection	poly-A stranded	6608	White	Not Hispanic or Latino	Male	Male	None documented	Schwannoma	#ab7200	Yes	EUR	516	Not Applicable	516	LIVING	NO EVENT
BS_CGB2WS2A	PT_VJ0M4E8Y	PBTA	CBTN	C581913	PT_VJ0M4E8Y_7316-2099_Solid Tissue_Initial CNS Tumor	7316-2099	Tumor	Initial CNS Tumor	Solid Tissue	NA	Low-grade astrocytic tumor	Low-grade glioma	LGG, KIAA1549-BRAF	NA	Low-grade glioma/astrocytoma (WHO grade I/II)	pilocytic astrocytoma (who grade i)	Cerebellum/Posterior Fossa	Posterior fossa	Gross/Near total resection	stranded	2154	White	Not Hispanic or Latino	Female	Female	None documented	Low-grade glioma	#8f8fbf	Yes	EUR	1700	Not Applicable	1700	LIVING	NO EVENT
BS_CH7TYPTZ	PT_6F2E9H6W	PBTA	CBTN	C3335145	PT_6F2E9H6W_7316-7312_Solid Tissue_Recurrence	7316-7312	Tumor	Recurrence	Solid Tissue	NA	Embryonal tumor	Atypical Teratoid Rhabdoid Tumor	ATRT, To be classified	NA	Atypical Teratoid Rhabdoid Tumor (ATRT)	atypical teratoid rhabdoid tumor (who grade iv	Temporal Lobe	Hemispheric	Unavailable	poly-A stranded	1404	White	Not Hispanic or Latino	Male	NA	None documented	Atypical Teratoid Rhabdoid Tumor	#4d0d85	No	NA	3206	Recurrence	3436	DECEASED	EVENT
BS_CH8Q6FCN	PT_K9893PQ6	PBTA	PBTA-X01-FY22	C111438	PT_K9893PQ6_7316-598_Solid Tissue_Initial CNS Tumor	7316-598	Tumor	Initial CNS Tumor	Solid Tissue	NA	Low-grade astrocytic tumor	Low-grade glioma	LGG, To be classified	NA	Low-grade glioma/astrocytoma (WHO grade I/II)	low grade glioma	Optic Pathway;Suprasellar/Hypothalamic/Pituitary	Mixed	Biopsy only	poly-A stranded	214	White	Hispanic or Latino	Male	Male	None documented	Low-grade glioma	#8f8fbf	Yes	NA	2588	Not Applicable	2588	LIVING	NO EVENT
BS_CHBWCERH	PT_WG2Z95B5	PBTA	PBTA-X01-FY22	C466293	PT_WG2Z95B5_7316-2141_Derived Cell Line_Initial CNS Tumor_Serum-free_9	7316-2141	Tumor	Initial CNS Tumor	Derived Cell Line	Serum-free	Embryonal tumor	Atypical Teratoid Rhabdoid Tumor	ATRT, To be classified	NA	Atypical Teratoid Rhabdoid Tumor (ATRT)	atrt	Parietal Lobe;Temporal Lobe	Hemispheric	Gross/Near total resection	poly-A stranded	383	White	Not Hispanic or Latino	Male	Male	None documented	Atypical Teratoid Rhabdoid Tumor	#4d0d85	No	EUR	1699	Recurrence	2077	DECEASED	EVENT
BS_CHDGRYHJ	PT_82MX6J77	PBTA	CBTN	C21402	PT_82MX6J77_7316-302_Solid Tissue_Initial CNS Tumor	7316-302	Tumor	Initial CNS Tumor	Solid Tissue	NA	Embryonal tumor	Medulloblastoma	MB, Group3	MB, Group3	Medulloblastoma	medulloblastoma	Cerebellum/Posterior Fossa	Posterior fossa	Gross/Near total resection	stranded	1384	White	Not Hispanic or Latino	Female	Female	None documented	Medulloblastoma	#a340ff	Yes	EUR	189	Recurrence	3862	DECEASED	EVENT
BS_CKKY5S4M	PT_JGTXEKNV	PBTA	PBTA-X01-FY22	C3979173	PT_JGTXEKNV_7316-9742_Solid Tissue_Initial CNS Tumor	7316-9742	Tumor	Initial CNS Tumor	Solid Tissue	NA	Embryonal tumor	Medulloblastoma	MB, Group3	NA	Medulloblastoma	medulloblastoma non-wnt/non shh (by ihc	Cerebellum/Posterior Fossa	Posterior fossa	Gross/Near total resection	poly-A stranded	5706	Reported Unknown	Not Hispanic or Latino	Female	Female	None documented	Medulloblastoma	#a340ff	Yes	EUR	597	Not Applicable	597	LIVING	NO EVENT
BS_CKM16AHA	PT_TVTG8E8N	PBTA	PBTA-X01-FY22	C3970809	PT_TVTG8E8N_7316-9727_Solid Tissue_Initial CNS Tumor	7316-9727	Tumor	Initial CNS Tumor	Solid Tissue	NA	Neuronal and mixed neuronal-glial tumor	Glial-neuronal tumor NOS	GNT, wildtype	NA	Glial-neuronal tumor NOS	glioneuronal neoplasm, low grade	Temporal Lobe	Hemispheric	Gross/Near total resection	poly-A stranded	429	Asian	Not Hispanic or Latino	Female	Female	None documented	Mixed neuronal-glial tumor	#685815	Yes	NA	552	Not Applicable	552	LIVING	NO EVENT
BS_CKX8RW1J	PT_WFQNVJ4Z	PBTA	PBTA-X01-FY22	C1026189	PT_WFQNVJ4Z_7316-3925_Solid Tissue_Initial CNS Tumor	7316-3925	Tumor	Initial CNS Tumor	Solid Tissue	NA	Low-grade astrocytic tumor	Low-grade glioma	LGG, KIAA1549-BRAF	NA	Low-grade glioma/astrocytoma (WHO grade I/II)	pilocytic/pilomyxoid astrocytoma with kiaa1549- braf fusion, who grade i	Ventricles	Ventricles	Partial resection	poly-A stranded	1895	White	Not Hispanic or Latino	Female	Female	None documented	Low-grade glioma	#8f8fbf	No	AFR	1228	Progressive	1228	LIVING	EVENT
BS_CM14SRVX	PT_NZNS6DFG	PBTA	PBTA-X01-FY22	C2734536	PT_NZNS6DFG_7316-6305_Solid Tissue_Initial CNS Tumor	7316-6305	Tumor	Initial CNS Tumor	Solid Tissue	NA	Low-grade astrocytic tumor	Ganglioglioma	GNG, wildtype	NA	Ganglioglioma	ganglioglioma, who grade i	Basal Ganglia;Temporal Lobe	Mixed	Gross/Near total resection	poly-A stranded	1013	White	Not Hispanic or Latino	Male	Male	None documented	Mixed neuronal-glial tumor	#685815	Yes	EUR	841	Recurrence	1585	LIVING	EVENT
BS_CMDJJQ7K	PT_8SRYHAAW	PBTA	PBTA-X01-FY22	C2479803	PT_8SRYHAAW_7316-5453_Solid Tissue_Initial CNS Tumor	7316-5453	Tumor	Initial CNS Tumor	Solid Tissue	NA	Low-grade astrocytic tumor	Low-grade glioma	LGG, BRAF V600E	NA	Low-grade glioma/astrocytoma (WHO grade I/II)	pilocytic astrocytoma who grade i	Suprasellar/Hypothalamic/Pituitary	Suprasellar	Partial resection	poly-A stranded	6043	Reported Unknown	Hispanic or Latino	Female	Female	None documented	Low-grade glioma	#8f8fbf	Yes	EUR	196	Progressive	1327	DECEASED	EVENT
BS_CN0GW92K	PT_V0C2E99Z	PBTA	PBTA-X01-FY22	C3518784	PT_V0C2E99Z_7316-6991_Solid Tissue_Initial CNS Tumor	7316-6991	Tumor	Initial CNS Tumor	Solid Tissue	NA	Embryonal tumor	Medulloblastoma	MB, SHH	MB, SHH	Medulloblastoma	medulloblastoma, large cell/anaplastic subtype shh-activated who grade 4	Cerebellum/Posterior Fossa	Posterior fossa	Gross/Near total resection	poly-A stranded	2514	Reported Unknown	Hispanic or Latino	Female	Female	None documented	Medulloblastoma	#a340ff	Yes	AMR	393	Not Applicable	393	LIVING	NO EVENT
BS_CN797XGY	PT_VN04Y016	PBTA	PBTA-X01-FY22	C783879	PT_VN04Y016_7316-3004_Solid Tissue_Initial CNS Tumor	7316-3004	Tumor	Initial CNS Tumor	Solid Tissue	NA	Ependymal tumor	Ependymoma	EPN, MPE	EPN, MPE	Ependymoma	myxopapillary ependymoma	Spine NOS	Spine	Gross/Near total resection	poly-A stranded	5433	White	Not Hispanic or Latino	Female	Female	None documented	Ependymoma	#2200ff	Yes	EUR	464	Progressive - Metastatic	2508	LIVING	EVENT
BS_CPWBFHAC	PT_3GYW6P6P	PBTA	PBTA-X01-FY22	C2581647	PT_3GYW6P6P_7316-4544_Solid Tissue_Initial CNS Tumor	7316-4544	Tumor	Initial CNS Tumor	Solid Tissue	NA	Low-grade astrocytic tumor	Low-grade glioma	LGG, RTK	NA	Low-grade glioma/astrocytoma (WHO grade I/II)	low-grade astrocytoma	Cerebellum/Posterior Fossa	Posterior fossa	Partial resection	poly-A stranded	130	Reported Unknown	Not Available	Male	Male	None documented	Low-grade glioma	#8f8fbf	Yes	EUR	418	Progressive	418	LIVING	EVENT
BS_CQEETJ66	PT_NXX0M835	PBTA	CBTN	C313158	PT_NXX0M835_7316-948_Solid Tissue_Initial CNS Tumor	7316-948	Tumor	Initial CNS Tumor	Solid Tissue	NA	Tumor of cranial and paraspinal nerves	Schwannoma	NA	NA	Schwannoma	schwannoma	Cranial Nerves NOS	Other	Partial resection	stranded	657	White	Not Hispanic or Latino	Male	Male	Neurofibromatosis, Type 2 (NF-2)	Schwannoma	#ab7200	Yes	EUR	6669	Progressive - Metastatic	7747	LIVING	EVENT
BS_CQSAJ7BF	PT_GPQJYAW4	PBTA	CBTN	C603930	PT_GPQJYAW4_7316-1750_Solid Tissue_Initial CNS Tumor	7316-1750	Tumor	Initial CNS Tumor	Solid Tissue	NA	Neuronal and mixed neuronal-glial tumor	Dysembryoplastic neuroepithelial tumor	NA	NA	Dysembryoplastic neuroepithelial tumor (DNET)	dnet	Occipital Lobe;Temporal Lobe	Hemispheric	Partial resection	stranded	4307	White	Not Hispanic or Latino	Female	Female	None documented	Mixed neuronal-glial tumor	#685815	Yes	EUR	1713	Not Applicable	1713	LIVING	NO EVENT
BS_CREQ97QC	PT_BCN28SW9	PBTA	CBTN	C914751	PT_BCN28SW9_7316-3574_Solid Tissue_Initial CNS Tumor	7316-3574	Tumor	Initial CNS Tumor	Solid Tissue	NA	Neuronal and mixed neuronal-glial tumor	Dysembryoplastic neuroepithelial tumor	NA	NA	Dysembryoplastic neuroepithelial tumor (DNET)	dnet	Temporal Lobe	Hemispheric	Gross/Near total resection	stranded	2489	White	Not Hispanic or Latino	Male	Male	None documented	Mixed neuronal-glial tumor	#685815	Yes	EUR	287	Not Applicable	287	LIVING	NO EVENT
BS_CRG16D94	PT_HE8FBFNA	PBTA	PBTA-X01-FY22	C3422106	PT_HE8FBFNA_7316-8846_Solid Tissue_Progressive	7316-8846	Tumor	Progressive	Solid Tissue	NA	Embryonal tumor	Atypical Teratoid Rhabdoid Tumor	ATRT, TYR	ATRT, TYR	Atypical Teratoid Rhabdoid Tumor (ATRT)	residual/recurrent at/rt	Cerebellum/Posterior Fossa	Posterior fossa	Partial resection	poly-A stranded	25	White	Not Hispanic or Latino	Male	Male	Rhabdoid tumor predisposition syndrome (SMARCB1, SMARCA4)	Atypical Teratoid Rhabdoid Tumor	#4d0d85	No	EUR	158	Progressive	836	LIVING	EVENT
BS_CRWF3CZQ	PT_JXSTA5HB	PBTA	PBTA-X01-FY22	C2335401	PT_JXSTA5HB_7316-8128_Derived Cell Line_Recurrence_Serum-free-1_8	7316-8128	Tumor	Recurrence	Derived Cell Line	Serum-free-1	Ependymal tumor	Ependymoma	EPN, ST ZFTA	NA	Ependymoma	residual, recurrent supratentorial ependymoma, rela fusion	Parietal Lobe	Hemispheric	Gross/Near total resection	poly-A stranded	4177	White	Not Hispanic or Latino	Male	Male	None documented	Ependymoma	#2200ff	No	EUR	493	Recurrence	1802	DECEASED	EVENT
BS_CS091RPM	PT_Z4BF2NSB	PBTA	PBTA-X01-FY22	C34809	PT_Z4BF2NSB_7316-161_Derived Cell Line_Initial CNS Tumor_Serum-based_12	7316-161	Tumor	Initial CNS Tumor	Derived Cell Line	Serum-based	Diffuse astrocytic and oligodendroglial tumor	High-grade glioma	HGG, H3 wildtype, TP53	NA	High-grade glioma/astrocytoma (WHO grade III/IV)	glioblastome multiforme who iv	Temporal Lobe	Hemispheric	Gross/Near total resection	poly-A stranded	5908	Reported Unknown	Hispanic or Latino	Male	Male	None documented	Other high-grade glioma	#ffccf5	No	AMR	2369	Recurrence	2561	DECEASED	EVENT
BS_CS170P7T	PT_GQDHZFJP	PBTA	CBTN	C52644	PT_GQDHZFJP_7316-265_Solid Tissue_Progressive	7316-265	Tumor	Progressive	Solid Tissue	NA	Low-grade astrocytic tumor	Low-grade glioma	LGG, BRAF/MAPK	NA	Low-grade glioma/astrocytoma (WHO grade I/II)	pilocytic astrocytoma	Cerebellum/Posterior Fossa	Posterior fossa	Gross/Near total resection	stranded	3317	White	Not Hispanic or Latino	Male	NA	Neurofibromatosis, Type 1 (NF-1)	Low-grade glioma	#8f8fbf	No	NA	2337	Progressive	3841	LIVING	EVENT
BS_CS66RYDA	PT_S4YNE17X	PBTA	CBTN	C15744	PT_S4YNE17X_7316-3963_Solid Tissue_Progressive	7316-3963	Tumor	Progressive	Solid Tissue	NA	Tumor of cranial and paraspinal nerves	Schwannoma	NA	NA	Schwannoma	schwannoma	Spinal Cord- Lumbar/Thecal Sac	Spine	Partial resection	stranded	2118	White	Not Hispanic or Latino	Female	Female	Neurofibromatosis, Type 2 (NF-2)	Schwannoma	#ab7200	No	EUR	3685	Progressive - Metastatic	7607	DECEASED	EVENT
BS_CSXE7SXN	PT_A8YXZ42Q	PBTA	Oligo	C212667	PT_A8YXZ42Q_7316UP-716_Solid Tissue_Residual	7316UP-716	Tumor	Residual	Solid Tissue	NA	Diffuse astrocytic and oligodendroglial tumor	Oligodendroglioma	NA	NA	Oligodendroglioma	NA	Cerebrum	Hemispheric	NA	stranded	13342	White	Not Hispanic or Latino	Female	Female	None documented	Oligodendroglioma	tan	No	EUR	NA	NA	NA	NA	NO EVENT
BS_CTR5X93B	PT_XNMKQ4MR	PBTA	CBTN	C412665	PT_XNMKQ4MR_7316-2006_Solid Tissue_Initial CNS Tumor	7316-2006	Tumor	Initial CNS Tumor	Solid Tissue	NA	Low-grade astrocytic tumor	Low-grade glioma	LGG, other MAPK	NA	Low-grade glioma/astrocytoma (WHO grade I/II)	pilocytic astrocytoma	Cerebellum/Posterior Fossa	Posterior fossa	Gross/Near total resection	stranded	1918	White	Not Hispanic or Latino	Male	Male	None documented	Low-grade glioma	#8f8fbf	Yes	EUR	1139	Recurrence	2202	LIVING	EVENT
BS_CV8J6WK8	PT_95S99RWE	PBTA	PBTA-X01-FY22	C22386	PT_95S99RWE_7316-323_Solid Tissue_Recurrence	7316-323	Tumor	Recurrence	Solid Tissue	NA	Tumors of sellar region	Adamantinomatous Craniopharyngioma	CRANIO, ADAM	NA	Craniopharyngioma	craniopharyngioma	Suprasellar/Hypothalamic/Pituitary	Suprasellar	Gross/Near total resection	poly-A stranded	1229	White	Not Hispanic or Latino	Male	Male	None documented	Craniopharyngioma	#b2502d	No	EUR	276	Recurrence	3532	LIVING	EVENT
BS_CV9QNWN7	PT_FAZEJ3VR	PBTA	Oligo	C898269	PT_FAZEJ3VR_7316UP-2238_Solid Tissue_Primary Tumor	7316UP-2238	Tumor	Primary Tumor	Solid Tissue	NA	Diffuse astrocytic and oligodendroglial tumor	Oligodendroglioma	NA	NA	Oligodendroglioma	NA	Cerebrum	Hemispheric	NA	stranded	7143	White	Not Hispanic or Latino	Male	Male	None documented	Oligodendroglioma	tan	Yes	EUR	NA	NA	NA	NA	NO EVENT
BS_CVGFNCBJ	PT_CB9PD1YP	PBTA	CBTN	C25953	PT_CB9PD1YP_7316-97_Solid Tissue_Initial CNS Tumor	7316-97	Tumor	Initial CNS Tumor	Solid Tissue	NA	Low-grade astrocytic tumor	Low-grade glioma	LGG, BRAF V600E	NA	Low-grade glioma/astrocytoma (WHO grade I/II)	pleomorphic xanthoastrocytoma (pxa) who grade ii	Parietal Lobe	Hemispheric	Gross/Near total resection	stranded	6145	White	Not Hispanic or Latino	Female	Female	None documented	Low-grade glioma	#8f8fbf	Yes	EUR	1547	Not Applicable	1547	LIVING	NO EVENT
BS_CW9QV8AG	PT_ZZ8SBJJ5	PBTA	CBTN	C141204	PT_ZZ8SBJJ5_7316-725_Solid Tissue_Progressive	7316-725	Tumor	Progressive	Solid Tissue	NA	Choroid plexus tumor	Choroid plexus tumor	NA	NA	Choroid plexus papilloma	residual atypical choroid plexus papilloma	Temporal Lobe;Ventricles	Mixed	Gross/Near total resection	stranded	431	White	Not Hispanic or Latino	Male	Male	None documented	Choroid plexus tumor	#00441B	No	EUR	450	Progressive	2754	LIVING	EVENT
BS_CX25HQBY	PT_T0MRCE9A	PBTA	PBTA-X01-FY22	C3811647	PT_T0MRCE9A_7316-8053_Solid Tissue_Deceased	7316-8053	Tumor	Deceased	Solid Tissue	NA	Embryonal tumor	Medulloblastoma	MB, SHH	NA	Medulloblastoma	medulloblastoma	Cerebellum/Posterior Fossa;Spinal Cord- Lumbar/Thecal Sac	Mixed	NA	poly-A stranded	6005	White	Not Hispanic or Latino	Male	Male	None documented	Medulloblastoma	#a340ff	No	EUR	2549	Recurrence	5827	DECEASED	EVENT
BS_CX2EPMNP	PT_9CQA1W10	PBTA	PBTA-X01-FY22	C2469348	PT_9CQA1W10_7316-6349_Derived Cell Line_Deceased_Serum-free_7	7316-6349	Tumor	Deceased	Derived Cell Line	Serum-free	Diffuse astrocytic and oligodendroglial tumor	Diffuse midline glioma	DMG, H3 K28, TP53	NA	High-grade glioma/astrocytoma (WHO grade III/IV)	gbm, who grade iv, h3.k27m mutant	Brain Stem- Pons;Cerebellum/Posterior Fossa;Frontal Lobe;Occipital Lobe;Parietal Lobe;Thalamus	Mixed	NA	poly-A stranded	2841	Reported Unknown	Not Available	Female	Female	None documented	DIPG or DMG	#ff40d9	No	EUR	344	Recurrence	775	DECEASED	EVENT
BS_CX7NH77G	PT_W3FSA7NH	PBTA	PBTA-X01-FY22	C773916	PT_W3FSA7NH_7316-1663_Solid Tissue_Initial CNS Tumor	7316-1663	Tumor	Initial CNS Tumor	Solid Tissue	NA	Low-grade astrocytic tumor	Low-grade glioma	LGG, wildtype	NA	Low-grade glioma/astrocytoma (WHO grade I/II)	pilocytic astrocytoma	Cerebellum/Posterior Fossa	Posterior fossa	Partial resection	poly-A stranded	2940	White	Not Hispanic or Latino	Female	Female	None documented	Low-grade glioma	#8f8fbf	Yes	EUR	331	Progressive	331	LIVING	EVENT
BS_CXAQDK7S	PT_ZBHAAB3G	PBTA	PBTA-X01-FY22	C3385329	PT_ZBHAAB3G_7316-7498_Solid Tissue_Initial CNS Tumor	7316-7498	Tumor	Initial CNS Tumor	Solid Tissue	NA	Diffuse astrocytic and oligodendroglial tumor	High-grade glioma	HGG, H3 wildtype, TP53	NA	High-grade glioma/astrocytoma (WHO grade III/IV)	anaplastic astrocytoma, idh-wild type, with tp53 germline variant, gain of chromosome 7, loss of 10q	Brain Stem-Medulla;Cerebellum/Posterior Fossa;Parietal Lobe;Temporal Lobe;Thalamus	Mixed	Biopsy only	poly-A stranded	2739	White	Not Hispanic or Latino	Female	Female	Li-Fraumeni syndrome (TP53)	Other high-grade glioma	#ffccf5	Yes	EUR	30	Deceased-due to disease	30	DECEASED	EVENT
BS_CXVGG342	PT_2WVW55DA	PBTA	CBTN	C103566	PT_2WVW55DA_7316-2100_Solid Tissue_Progressive	7316-2100	Tumor	Progressive	Solid Tissue	NA	Diffuse astrocytic and oligodendroglial tumor	Infant-type hemispheric glioma	IHG, ROS1-altered, TP53	HGG, IHG	High-grade glioma/astrocytoma (WHO grade III/IV)	recurrent/residual glioblastoma multiforme (who grade iv)	Parietal Lobe	Hemispheric	Gross/Near total resection	stranded	970	White	Not Hispanic or Latino	Female	Female	None documented	Other high-grade glioma	#ffccf5	No	EUR	107	Progressive	1348	DECEASED	EVENT
BS_CXVJK2FY	PT_CYVVA9AB	PBTA	CBTN	C857433	PT_CYVVA9AB_7316-3299_Solid Tissue_Initial CNS Tumor	7316-3299	Tumor	Initial CNS Tumor	Solid Tissue	NA	Ependymal tumor	Ependymoma	EPN, ST ZFTA	EPN, ST ZFTA	Ependymoma	ependymoma	Occipital Lobe	Hemispheric	Gross/Near total resection	stranded	4738	White	Not Hispanic or Latino	Female	Female	None documented	Ependymoma	#2200ff	Yes	EUR	1451	Not Applicable	1451	LIVING	NO EVENT
BS_CYEY58NY	PT_BDM0M83S	PBTA	CBTN	C880065	PT_BDM0M83S_7316-3072_Solid Tissue_Initial CNS Tumor	7316-3072	Tumor	Initial CNS Tumor	Solid Tissue	NA	Tumor of pineal region	Pineoblastoma	PB, To be classified	NA	Pineoblastoma	pineoblastoma, who grade iv	Ventricles	Ventricles	Partial resection	stranded	2037	White	Not Hispanic or Latino	Male	Male	None documented	#220040	5	Yes	EUR	Not Reported	Not Applicable	Not Reported	LIVING	NO EVENT
BS_CZ3ER8DY	PT_ECMZCNTF	PBTA	CBTN	C139851	PT_ECMZCNTF_7316-736_Solid Tissue_Initial CNS Tumor	7316-736	Tumor	Initial CNS Tumor	Solid Tissue	NA	Ependymal tumor	Ependymoma	EPN, ST ZFTA	EPN, ST ZFTA	Ependymoma	ependymoma	Frontal Lobe	Hemispheric	Gross/Near total resection	stranded	479	White	Not Hispanic or Latino	Male	Male	None documented	Ependymoma	#2200ff	Yes	EUR	2816	Not Applicable	2816	LIVING	NO EVENT
BS_CZ3NA7KV	PT_B5K3A4F4	PBTA	CBTN	C173676	PT_B5K3A4F4_7316-1214_Solid Tissue_Initial CNS Tumor	7316-1214	Tumor	Initial CNS Tumor	Solid Tissue	NA	Ependymal tumor	Ependymoma	EPN, ST ZFTA	EPN, ST ZFTA	Ependymoma	ependymoma	Occipital Lobe;Parietal Lobe	Hemispheric	Gross/Near total resection	stranded	5573	Reported Unknown	Not Available	Unknown	NA	None documented	Ependymoma	#2200ff	Yes	NA	222	Not Applicable	222	LIVING	NO EVENT
BS_CZ82ANWP	PT_868QRW9G	PBTA	CBTN	C859032	PT_868QRW9G_7316-3132_Solid Tissue_Initial CNS Tumor	7316-3132	Tumor	Initial CNS Tumor	Solid Tissue	NA	Neuronal and mixed neuronal-glial tumor	Dysembryoplastic neuroepithelial tumor	NA	NA	Dysembryoplastic neuroepithelial tumor (DNET)	dnet	Parietal Lobe	Hemispheric	Gross/Near total resection	stranded	3642	Black or African American	Not Hispanic or Latino	Male	Male	None documented	Mixed neuronal-glial tumor	#685815	Yes	AFR	197	Not Applicable	197	LIVING	NO EVENT
BS_D0BGESQF	PT_ZN1F7RMP	PBTA	CBTN	C410820	PT_ZN1F7RMP_7316-1080_Solid Tissue_Initial CNS Tumor	7316-1080	Tumor	Initial CNS Tumor	Solid Tissue	NA	Benign tumor	NA	NA	NA	Adenoma	pituitary macroadenoma	Suprasellar/Hypothalamic/Pituitary	Suprasellar	Partial resection	stranded	7032	White	Not Hispanic or Latino	Female	Female	None documented	Non-neoplastic tumor	#FFF5EB	Yes	EUR	Not Reported	Not Applicable	Not Reported	LIVING	NO EVENT
BS_D0RDN4K5	PT_FF0MSK4D	PBTA	CBTN	C21033	PT_FF0MSK4D_7316-2987_Solid Tissue_Initial CNS Tumor	7316-2987	Tumor	Initial CNS Tumor	Solid Tissue	NA	Embryonal tumor	CNS Embryonal tumor	CNS Embryonal, NOS	NA	Supratentorial or Spinal Cord PNET	pnet iv	Pineal Gland	Midline	Gross/Near total resection	stranded	6082	White	Not Hispanic or Latino	Female	Female	None documented	Other CNS embryonal tumor	#b08ccf	Yes	EUR	3291	Not Applicable	3291	LIVING	NO EVENT
BS_D144EJRQ	PT_V8714N9H	PBTA	CBTN	C647349	PT_V8714N9H_7316-2322_Solid Tissue_Initial CNS Tumor	7316-2322	Tumor	Initial CNS Tumor	Solid Tissue	NA	Embryonal tumor	Medulloblastoma	MB, Group3	MB, Group3	Medulloblastoma	medulloblastoma, who grade iv	Cerebellum/Posterior Fossa	Posterior fossa	Partial resection	stranded	761	White	Not Hispanic or Latino	Male	Male	None documented	Medulloblastoma	#a340ff	Yes	EUR	511	Recurrence - Metastatic	814	DECEASED	EVENT
BS_D29RPBSZ	PT_JNEV57VK	PBTA	HOPE	C714384	PT_JNEV57VK_7316-3058_Solid Tissue_Progressive	7316-3058	Tumor	Progressive	Solid Tissue	NA	Diffuse astrocytic and oligodendroglial tumor	Diffuse midline glioma	DMG, H3 K28, TP53	DMG, H3 K28	High-grade glioma/astrocytoma (WHO grade III/IV)	diffuse midline glioma who iv	Basal Ganglia;Thalamus	Midline	Partial resection	stranded	2869	White	Not Hispanic or Latino	Male	Male	Other inherited conditions NOS	DIPG or DMG	#ff40d9	No	EUR	92	Progressive	273	DECEASED	EVENT
BS_D2K9C7XR	PT_N673SYWW	PBTA	CBTN	C387573	PT_N673SYWW_7316-1751_Solid Tissue_Progressive	7316-1751	Tumor	Progressive	Solid Tissue	NA	Tumors of sellar region	Craniopharyngioma	CRANIO, To be classified	NA	Craniopharyngioma	craniopharyngioma	Suprasellar/Hypothalamic/Pituitary	Suprasellar	Partial resection	stranded	1372	Reported Unknown	Not Hispanic or Latino	Male	Male	None documented	Craniopharyngioma	#b2502d	No	AMR	201	Progressive	1761	DECEASED	EVENT
BS_D2MXJVAW	PT_JBYZJRNM	PBTA	PBTA-X01-FY22	C3702177	PT_JBYZJRNM_7316-9062_Solid Tissue_Deceased	7316-9062	Tumor	Deceased	Solid Tissue	NA	Diffuse astrocytic and oligodendroglial tumor	Diffuse midline glioma	DMG, H3 K28, TP53	NA	High-grade glioma/astrocytoma (WHO grade III/IV)	diffuse midline glioma h3.k27m mutation who grade iv	Temporal Lobe	Hemispheric	NA	poly-A stranded	3127	White	Not Hispanic or Latino	Male	Male	None documented	DIPG or DMG	#ff40d9	No	EUR	272	Progressive - Metastatic	397	DECEASED	EVENT
BS_D3F1RCAR	PT_P9GVEXFE	PBTA	PBTA-X01-FY22	C837999	PT_P9GVEXFE_7316-3322_Solid Tissue_Progressive	7316-3322	Tumor	Progressive	Solid Tissue	NA	Tumor of pineal region	Pineoblastoma	PB, MYC/FOXR2	PB, MYC/FOXR2	Pineoblastoma	pineal anlage tumor	Pineal Gland	Midline	Gross/Near total resection	poly-A stranded	425	Reported Unknown	Not Hispanic or Latino	Female	Female	None documented	#220040	5	No	SAS	63	Progressive - Metastatic	1694	LIVING	EVENT
BS_D3YBV7KB	PT_NPPBNRVV	PBTA	CBTN	C457929	PT_NPPBNRVV_7316-1943_Solid Tissue_Initial CNS Tumor	7316-1943	Tumor	Initial CNS Tumor	Solid Tissue	NA	Low-grade astrocytic tumor	Low-grade glioma	LGG, RTK	LGG, BRAF/MAPK	Low-grade glioma/astrocytoma (WHO grade I/II)	low grade astrocytoma	Spinal Cord- Lumbar/Thecal Sac	Spine	Gross/Near total resection	stranded	3918	White	Not Hispanic or Latino	Male	Male	None documented	Low-grade glioma	#8f8fbf	Yes	EUR	Not Reported	Not Applicable	Not Reported	LIVING	NO EVENT
BS_D46WVFCP	PT_7WYPEC3Q	PBTA	PBTA-X01-FY22	C2404158	PT_7WYPEC3Q_7316-4529_Solid Tissue_Initial CNS Tumor	7316-4529	Tumor	Initial CNS Tumor	Solid Tissue	NA	Embryonal tumor	Medulloblastoma	MB, SHH	NA	Medulloblastoma	desmoplastic medulloblastoma (shh) with anaplastic focus	Cerebellum/Posterior Fossa	Posterior fossa	Partial resection	poly-A stranded	720	White	Not Hispanic or Latino	Female	Female	Other inherited conditions NOS	Medulloblastoma	#a340ff	Yes	AMR	580	Progressive	580	LIVING	EVENT
BS_D48301X5	PT_32H0CD1P	PBTA	PBTA-X01-FY22	C2397516	PT_32H0CD1P_7316-5326_Solid Tissue_Initial CNS Tumor	7316-5326	Tumor	Initial CNS Tumor	Solid Tissue	NA	Ependymal tumor	Ependymoma	EPN, MPE	EPN, MPE	Ependymoma	myopapillary ependymoma who grade i	Spinal Cord- Lumbar/Thecal Sac;Spinal Cord- Thoracic	Spine	Gross/Near total resection	poly-A stranded	6497	White	Not Hispanic or Latino	Male	Male	None documented	Ependymoma	#2200ff	Yes	EUR	1541	Not Applicable	1541	LIVING	NO EVENT
BS_D4PJYHZ2	PT_9ZY739FB	PBTA	CBTN	C37761	PT_9ZY739FB_7316-170_Solid Tissue_Recurrence	7316-170	Tumor	Recurrence	Solid Tissue	NA	Tumor of cranial and paraspinal nerves	Neurofibroma/Plexiform	NA	NA	Neurofibroma/Plexiform	neurofibroma	Spinal Cord- Cervical	Spine	Partial resection	stranded	4667	White	Not Hispanic or Latino	Female	Female	Neurofibromatosis, Type 1 (NF-1)	Neurofibroma plexiform	#e6ac39	No	EUR	244	Recurrence	244	LIVING	EVENT
BS_D4VNDNQA	PT_S0Q27J13	PBTA	PBTA-X01-FY22	C621765	PT_S0Q27J13_7316-6570_Solid Tissue_Deceased	7316-6570	Tumor	Deceased	Solid Tissue	NA	Diffuse astrocytic and oligodendroglial tumor	High-grade glioma	HGG, H3 wildtype	NA	High-grade glioma/astrocytoma (WHO grade III/IV)	anaplastic astrocytoma	Basal Ganglia;Occipital Lobe;Other locations NOS;Parietal Lobe;Thalamus	Mixed	NA	poly-A stranded	6258	White	Not Hispanic or Latino	Female	Female	None documented	Other high-grade glioma	#ffccf5	No	AMR	534	Progressive	1220	DECEASED	EVENT
BS_D5G5D9ZM	PT_RN8WYW7K	PBTA	PBTA-X01-FY22	C3762201	PT_RN8WYW7K_7316-9138_Solid Tissue_Initial CNS Tumor	7316-9138	Tumor	Initial CNS Tumor	Solid Tissue	NA	Tumor of cranial and paraspinal nerves	Neurofibroma/Plexiform	NA	NA	Neurofibroma/Plexiform	hybrid nerve shaeth tumor-plexiform schwannoma/neurofibroma	Other locations NOS	Other	Unavailable	poly-A stranded	4877	Reported Unknown	Not Available	Male	Male	Neurofibromatosis, Type 2 (NF-2)	Neurofibroma plexiform	#e6ac39	Yes	EUR	Not Reported	Not Applicable	Not Reported	LIVING	NO EVENT
BS_D5MT05YK	PT_V9ACEWSK	PBTA	Oligo	C3531207	PT_V9ACEWSK_16510-25_Solid Tissue_Initial CNS Tumor	16510-25	Tumor	Initial CNS Tumor	Solid Tissue	NA	Diffuse astrocytic and oligodendroglial tumor	Oligodendroglioma	NA	NA	Oligodendroglioma	NA	Temporal Lobe	Hemispheric	NA	stranded	11322	NA	NA	NA	Male	None documented	Oligodendroglioma	tan	Yes	EUR	NA	NA	NA	NA	NO EVENT
BS_D5NQV7N5	PT_VT6PJVQN	PBTA	CBTN	C57933	PT_VT6PJVQN_7316-205_Solid Tissue_Initial CNS Tumor	7316-205	Tumor	Initial CNS Tumor	Solid Tissue	NA	Tumors of sellar region	Adamantinomatous Craniopharyngioma	CRANIO, ADAM	NA	Craniopharyngioma	craniopharyngioma	Suprasellar/Hypothalamic/Pituitary	Suprasellar	Gross/Near total resection	stranded	2759	White	Not Hispanic or Latino	Male	Male	Other inherited conditions NOS	Craniopharyngioma	#b2502d	Yes	EUR	1082	Not Applicable	1082	LIVING	NO EVENT
BS_D5P6EZ1M	PT_WVAJN6WR	PBTA	CBTN	C136407	PT_WVAJN6WR_7316-456_Solid Tissue_Initial CNS Tumor	7316-456	Tumor	Initial CNS Tumor	Solid Tissue	NA	Tumor of cranial and paraspinal nerves	Schwannoma	NA	NA	Schwannoma	schwannoma	Spinal Cord- Lumbar/Thecal Sac	Spine	Gross/Near total resection	stranded	7485	White	Not Hispanic or Latino	Male	Male	Neurofibromatosis, Type 2 (NF-2)	Schwannoma	#ab7200	Yes	EUR	2483	Progressive - Metastatic	3471	LIVING	EVENT
BS_D60KFHX4	PT_CJ1M7YTY	PBTA	PBTA-X01-FY22	C1047099	PT_CJ1M7YTY_7316-4338_Solid Tissue_Progressive	7316-4338	Tumor	Progressive	Solid Tissue	NA	Tumor of pineal region	Pineoblastoma	PB, Group 2	PB, Group 2	Pineoblastoma	pineoblastoma with dicer1 mutation, who grade iv	Pineal Gland	Midline	Partial resection	poly-A stranded	2493	Reported Unknown	Hispanic or Latino	Female	Female	None documented	#220040	5	No	AMR	59	Progressive	307	LIVING	EVENT
BS_D7XRFE0R	PT_RYMG3M91	PBTA	PNOC	C3093450	PT_RYMG3M91_A18777_Solid Tissue_Initial CNS Tumor	A18777	Tumor	Initial CNS Tumor	Solid Tissue	NA	Diffuse astrocytic and oligodendroglial tumor	Diffuse midline glioma	DMG, H3 K28, TP53	NA	Brainstem glioma- Diffuse intrinsic pontine glioma	Glioblastoma	Pons/Brainstem	Midline	NA	stranded	3656	Reported Unknown	Hispanic or Latino	Female	Female	None documented	DIPG or DMG	#ff40d9	Yes	AMR	NA	NA	515	DECEASED	NO EVENT
BS_D8N31T39	PT_2WVW55DA	PBTA	CBTN	C103566	PT_2WVW55DA_7316-502_Solid Tissue_Progressive	7316-502	Tumor	Progressive	Solid Tissue	NA	Neuronal and mixed neuronal-glial tumor	Desmoplastic infantile astrocytoma and ganglioglioma	GNT, RTK	NA	Low-grade glioma/astrocytoma (WHO grade I/II)	desmoplastic infantile ganglioglioma / astrocytoma, who grade 1	Parietal Lobe;Temporal Lobe	Hemispheric	Partial resection	stranded	138	White	Not Hispanic or Latino	Female	Female	None documented	Mixed neuronal-glial tumor	#685815	No	EUR	107	Progressive	1348	DECEASED	EVENT
BS_D9GEXXHX	PT_AQWDQW27	PBTA	CBTN	C104304	PT_AQWDQW27_7316-1705_Solid Tissue_Progressive	7316-1705	Tumor	Progressive	Solid Tissue	NA	Meningioma	Meningioma	NA	NA	Meningioma	recurrent/residual atypical meningioma	Temporal Lobe	Hemispheric	Gross/Near total resection	stranded	209	Reported Unknown	Hispanic or Latino	Female	Female	None documented	Meningioma	#2db398	No	AMR	189	Progressive	2995	LIVING	EVENT
BS_DB75RPCD	PT_VZEREHVW	PBTA	PBTA-X01-FY22	C3634773	PT_VZEREHVW_7316-6047_Solid Tissue_Initial CNS Tumor	7316-6047	Tumor	Initial CNS Tumor	Solid Tissue	NA	Diffuse astrocytic and oligodendroglial tumor	Astroblastoma	HGG, To be classified	NA	Other	astroblastoma	Frontal Lobe;Parietal Lobe	Hemispheric	Gross/Near total resection	poly-A stranded	912	White	Not Hispanic or Latino	Female	Female	None documented	Other tumor	#b5b5b5	Yes	EUR	1059	Not Applicable	1059	LIVING	NO EVENT
BS_DBDXCXT5	PT_HFQNKP5X	PBTA	CBTN	C182778	PT_HFQNKP5X_7316-4062_Solid Tissue_Deceased	7316-4062	Tumor	Deceased	Solid Tissue	NA	Chordoma	Chordoma	CHDM, poorly differentiated	NA	Chordoma	clivus chordoma	Skull	Other	NA	stranded	1625	Reported Unknown	Hispanic or Latino	Female	Female	None documented	Mesenchymal tumor	#7fbf00	No	EUR	28	Progressive	1155	DECEASED	EVENT
BS_DBEX7AG2	PT_38FS37DP	PBTA	CBTN	C720657	PT_38FS37DP_7316-2686_Solid Tissue_Initial CNS Tumor	7316-2686	Tumor	Initial CNS Tumor	Solid Tissue	NA	Mesenchymal non-meningothelial tumor	Ewing sarcoma	EWS	EWS	Ewings Sarcoma	peripheral primitive neuroectodermal  tumor(ewing's sarcoma)	Temporal Lobe	Hemispheric	Gross/Near total resection	stranded	1053	White	Not Hispanic or Latino	Female	Female	None documented	Mesenchymal tumor	#7fbf00	Yes	EUR	1838	Not Applicable	1838	LIVING	NO EVENT
BS_DDR2A5JK	PT_A9BWZA2Z	PBTA	CBTN	C1275018	PT_A9BWZA2Z_7316-5097_Solid Tissue_Initial CNS Tumor	7316-5097	Tumor	Initial CNS Tumor	Solid Tissue	NA	Diffuse astrocytic and oligodendroglial tumor	High-grade glioma	HGG, To be classified	NA	High-grade glioma/astrocytoma (WHO grade III/IV)	highly undifferentiated malignant neoplasm, consistent with glioblastoma multiforme	Temporal Lobe	Hemispheric	Gross/Near total resection	poly-A stranded	5739	Reported Unknown	Hispanic or Latino	Female	NA	None documented	Other high-grade glioma	#ffccf5	Yes	NA	428	Progressive	1156	DECEASED	EVENT
BS_DEHJF4C7	PT_PFP1ZVHD	PBTA	CBTN	C625578	PT_PFP1ZVHD_7316-2310_Solid Tissue_Initial CNS Tumor	7316-2310	Tumor	Initial CNS Tumor	Solid Tissue	NA	Low-grade astrocytic tumor	Low-grade glioma	LGG, BRAF V600E, CDKN2A/B	NA	Low-grade glioma/astrocytoma (WHO grade I/II)	pleomorphic xanthoastrocytoma, who grade ii	Temporal Lobe	Hemispheric	Gross/Near total resection	stranded	5216	White	Not Hispanic or Latino	Male	Male	Li-Fraumeni syndrome (TP53)	Low-grade glioma	#8f8fbf	Yes	EUR	103	Recurrence	1293	LIVING	EVENT
BS_DFGS950G	PT_JJ8QNAM8	PBTA	CBTN	C124353	PT_JJ8QNAM8_7316-714_Solid Tissue_Deceased	7316-714	Tumor	Deceased	Solid Tissue	NA	Diffuse astrocytic and oligodendroglial tumor	High-grade glioma	HGG, H3 wildtype	HGG, H3 wildtype	High-grade glioma/astrocytoma (WHO grade III/IV)	high grade glioma	Temporal Lobe	Hemispheric	NA	stranded	4326	White	Not Hispanic or Latino	Male	NA	None documented	Other high-grade glioma	#ffccf5	No	NA	167	Deceased-due to disease	167	DECEASED	EVENT
BS_DFWFBYSN	PT_RJ98S3KZ	PBTA	CBTN	C138006	PT_RJ98S3KZ_7316-556_Solid Tissue_Initial CNS Tumor	7316-556	Tumor	Initial CNS Tumor	Solid Tissue	NA	Embryonal tumor	Medulloblastoma	MB, Group4	MB, Group4	Medulloblastoma	medulloblastoma grade 4	Cerebellum/Posterior Fossa	Posterior fossa	Gross/Near total resection	stranded	4452	White	Not Hispanic or Latino	Male	Male	None documented	Medulloblastoma	#a340ff	Yes	EUR	2022	Recurrence	2217	LIVING	EVENT
BS_DGTPWJ59	PT_X8SK8120	PBTA	CBTN	C67404	PT_X8SK8120_7316-340_Solid Tissue_Progressive	7316-340	Tumor	Progressive	Solid Tissue	NA	Neuronal and mixed neuronal-glial tumor	Central neurocytoma	CNC	NA	Neurocytoma	neurocytoma, who grade ii	Ventricles	Ventricles	Partial resection	stranded	8929	White	Not Hispanic or Latino	Female	Female	None documented	Mixed neuronal-glial tumor	#685815	No	EUR	772	Progressive	3058	LIVING	EVENT
BS_DGWXNSPK	PT_7DVYFX8F	PBTA	PBTA-X01-FY22	C2720022	PT_7DVYFX8F_7316-6759_Solid Tissue_Initial CNS Tumor	7316-6759	Tumor	Initial CNS Tumor	Solid Tissue	NA	Low-grade astrocytic tumor	Ganglioglioma	GNG, RTK	NA	Ganglioglioma	ganglioglioma with kctd16-ntrk2 fusion, who grade i	Parietal Lobe	Hemispheric	Gross/Near total resection	poly-A stranded	2710	White	Not Hispanic or Latino	Male	Male	None documented	Mixed neuronal-glial tumor	#685815	Yes	EUR	1751	Not Applicable	1751	LIVING	NO EVENT
BS_DHA5FMVW	PT_ND34A6PR	PBTA	CBTN	C59655	PT_ND34A6PR_7316-122_Solid Tissue_Initial CNS Tumor	7316-122	Tumor	Initial CNS Tumor	Solid Tissue	NA	Embryonal tumor	Atypical Teratoid Rhabdoid Tumor	ATRT, MYC	ATRT, MYC	Atypical Teratoid Rhabdoid Tumor (ATRT)	atypical teratoid rhabdoid tumor (at/rt) who grade iv	Parietal Lobe	Hemispheric	Gross/Near total resection	stranded	2982	Black or African American	Not Hispanic or Latino	Female	Female	None documented	Atypical Teratoid Rhabdoid Tumor	#4d0d85	Yes	AFR	570	Recurrence	3842	LIVING	EVENT
BS_DHK86356	PT_3KM9W8S8	PBTA	PBTA-X01-FY22	C374412	PT_3KM9W8S8_7316-3045_Solid Tissue_Deceased	7316-3045	Tumor	Deceased	Solid Tissue	NA	Embryonal tumor	Atypical Teratoid Rhabdoid Tumor	ATRT, MYC	ATRT, MYC	Atypical Teratoid Rhabdoid Tumor (ATRT)	atrt	Other locations NOS;Spinal Cord- Lumbar/Thecal Sac;Spinal Cord- Thoracic;Ventricles	Mixed	NA	poly-A stranded	190	White	Not Hispanic or Latino	Female	Female	None documented	Atypical Teratoid Rhabdoid Tumor	#4d0d85	No	EUR	335	Progressive - Metastatic	523	DECEASED	EVENT
BS_DHN6WDKG	PT_7SDSZHAB	PBTA	PBTA-X01-FY22	C3222477	PT_7SDSZHAB_7316-6378_Solid Tissue_Progressive	7316-6378	Tumor	Progressive	Solid Tissue	NA	Mesenchymal non-meningothelial tumor	Sarcoma	NA	NA	Sarcoma	Metastatic secondary tumors;Sarcoma	Frontal Lobe	Hemispheric	Gross/Near total resection	poly-A stranded	3851	White	Not Hispanic or Latino	Male	Male	None documented	Mesenchymal tumor	#7fbf00	No	EUR	720	Recurrence	1784	DECEASED	EVENT
BS_DHYXD9KN	PT_AZQ230WT	PBTA	PBTA-X01-FY22	C91881	PT_AZQ230WT_7316-4913_Solid Tissue_Progressive	7316-4913	Tumor	Progressive	Solid Tissue	NA	Ependymal tumor	Ependymoma	EPN, To be classified	NA	Ependymoma	metastatic ependymoma who grade iii; loss of chromosome 22	Ventricles	Ventricles	Gross/Near total resection	poly-A stranded	371	White	Not Hispanic or Latino	Male	Male	None documented	Ependymoma	#2200ff	No	EUR	992	Recurrence	4025	LIVING	EVENT
BS_DMJHAG9X	PT_7VNN8JMM	PBTA	PBTA-X01-FY22	C2405634	PT_7VNN8JMM_7316-4521_Solid Tissue_Initial CNS Tumor	7316-4521	Tumor	Initial CNS Tumor	Solid Tissue	NA	Low-grade astrocytic tumor	Low-grade glioma	LGG, KIAA1549-BRAF	NA	Low-grade glioma/astrocytoma (WHO grade I/II)	pilocytic astrocytoma	Ventricles	Ventricles	Gross/Near total resection	poly-A stranded	1906	White	Not Hispanic or Latino	Female	Female	None documented	Low-grade glioma	#8f8fbf	Yes	EUR	Not Reported	Not Applicable	Not Reported	LIVING	NO EVENT
BS_DMZP9G1H	PT_2ZXR2PDN	PBTA	CBTN	C773055	PT_2ZXR2PDN_7316-1636_Solid Tissue_Initial CNS Tumor	7316-1636	Tumor	Initial CNS Tumor	Solid Tissue	NA	Low-grade astrocytic tumor	Ganglioglioma	GNG, BRAF V600E	GNT, MAPK	Ganglioglioma	ganglioglioma	Temporal Lobe	Hemispheric	Gross/Near total resection	stranded	3941	White	Not Hispanic or Latino	Male	Male	None documented	Mixed neuronal-glial tumor	#685815	Yes	EUR	Not Reported	Not Applicable	Not Reported	LIVING	NO EVENT
BS_DPA539AJ	PT_DY2D16CZ	PBTA	PBTA-X01-FY22	C1063458	PT_DY2D16CZ_7316-3635_Solid Tissue_Recurrence	7316-3635	Tumor	Recurrence	Solid Tissue	NA	Embryonal tumor	Medulloblastoma	MB, Group4	MB, Group4	Medulloblastoma	medulloblastoma	Cerebellum/Posterior Fossa	Posterior fossa	Partial resection	poly-A stranded	3108	White	Not Hispanic or Latino	Male	Male	None documented	Medulloblastoma	#a340ff	No	EUR	1683	Recurrence	1683	LIVING	EVENT
BS_DPF1CX0G	PT_ZVV78QP5	PBTA	CBTN	C29397	PT_ZVV78QP5_7316-117_Solid Tissue_Initial CNS Tumor	7316-117	Tumor	Initial CNS Tumor	Solid Tissue	NA	Low-grade astrocytic tumor	Low-grade glioma	LGG, KIAA1549-BRAF	NA	Low-grade glioma/astrocytoma (WHO grade I/II)	pilocystic astrocytoma i	Cerebellum/Posterior Fossa	Posterior fossa	Gross/Near total resection	stranded	3354	Reported Unknown	Hispanic or Latino	Male	Male	None documented	Low-grade glioma	#8f8fbf	Yes	AMR	1145	Not Applicable	1145	LIVING	NO EVENT
BS_DPMRSF90	PT_8YN9TMTY	PBTA	CBTN	C3380901	PT_8YN9TMTY_7316-6487_Solid Tissue_Initial CNS Tumor	7316-6487	Tumor	Initial CNS Tumor	Solid Tissue	NA	Embryonal tumor	Atypical Teratoid Rhabdoid Tumor	ATRT, TYR	ATRT, TYR	Atypical Teratoid Rhabdoid Tumor (ATRT)	atrt	Cerebellum/Posterior Fossa	Posterior fossa	Gross/Near total resection	poly-A stranded	279	Asian	Not Hispanic or Latino	Male	NA	None documented	Atypical Teratoid Rhabdoid Tumor	#4d0d85	Yes	NA	270	Progressive - Metastatic	537	LIVING	EVENT
BS_DRD9QXR5	PT_MQHST8YC	PBTA	CBTN	C881049	PT_MQHST8YC_7316-3316_Solid Tissue_Initial CNS Tumor	7316-3316	Tumor	Initial CNS Tumor	Solid Tissue	NA	Tumors of sellar region	Craniopharyngioma	CRANIO, To be classified	NA	Craniopharyngioma	craniopharyngioma	Suprasellar/Hypothalamic/Pituitary	Suprasellar	Gross/Near total resection	stranded	2143	White	Not Hispanic or Latino	Male	Male	None documented	Craniopharyngioma	#b2502d	Yes	EUR	1882	Not Applicable	1882	LIVING	NO EVENT
BS_DRY58DTF	PT_Z4PJA6KT	PBTA	CBTN	C377856	PT_Z4PJA6KT_7316-1763_Derived Cell Line_Initial CNS Tumor_Serum-based_3	7316-1763	Tumor	Initial CNS Tumor	Derived Cell Line	Serum-based	Diffuse astrocytic and oligodendroglial tumor	Diffuse midline glioma	DMG, H3 K28, TP53	NA	High-grade glioma/astrocytoma (WHO grade III/IV)	glioblastoma (gbm) who grade iv	Temporal Lobe;Thalamus;Ventricles	Midline	Partial resection	stranded	3810	White	Not Hispanic or Latino	Female	Female	None documented	DIPG or DMG	#ff40d9	No	EUR	17	Progressive - Metastatic	225	DECEASED	EVENT
BS_DS1HY9A0	PT_VTG1S395	PBTA	PBTA-X01-FY22	C2442411	PT_VTG1S395_7316-5268_Solid Tissue_Initial CNS Tumor	7316-5268	Tumor	Initial CNS Tumor	Solid Tissue	NA	Embryonal tumor	Atypical Teratoid Rhabdoid Tumor	ATRT, MYC	ATRT, MYC	Atypical Teratoid Rhabdoid Tumor (ATRT)	at/rt, who grade iv, with inactivation of smarcb1 (ini-1)	Other locations NOS	Other	Partial resection	poly-A stranded	1204	Black or African American	Not Hispanic or Latino	Female	Female	Neurofibromatosis, Type 2 (NF-2)	Atypical Teratoid Rhabdoid Tumor	#4d0d85	Yes	AFR	412	Progressive - Metastatic	499	DECEASED	EVENT
BS_DS438CXE	PT_0DXHDZJR	PBTA	HOPE	C789168	PT_0DXHDZJR_7316-2857_Solid Tissue_Initial CNS Tumor	7316-2857	Tumor	Initial CNS Tumor	Solid Tissue	NA	Diffuse astrocytic and oligodendroglial tumor	High-grade glioma	HGG, H3 wildtype	NA	High-grade glioma/astrocytoma (WHO grade III/IV)	glioblastoma, who grade 4	Frontal Lobe	Hemispheric	Partial resection	stranded	493	White	Not Hispanic or Latino	Male	Male	None documented	Other high-grade glioma	#ffccf5	Yes	EUR	648	Deceased-due to disease	648	DECEASED	EVENT
BS_DSS3S5XD	PT_SDK91A16	PBTA	CBTN	C27675	PT_SDK91A16_7316-247_Solid Tissue_Initial CNS Tumor	7316-247	Tumor	Initial CNS Tumor	Solid Tissue	NA	Low-grade astrocytic tumor	Low-grade glioma	LGG, KIAA1549-BRAF	NA	Low-grade glioma/astrocytoma (WHO grade I/II)	low grade glioma	Suprasellar/Hypothalamic/Pituitary	Suprasellar	Partial resection	stranded	5017	White	Not Hispanic or Latino	Female	Female	None documented	Low-grade glioma	#8f8fbf	Yes	EUR	5425	Not Applicable	5425	LIVING	NO EVENT
BS_DV86M0Y7	PT_2Z7GVDTM	PBTA	CBTN	C943902	PT_2Z7GVDTM_7316-3515_Solid Tissue_Initial CNS Tumor	7316-3515	Tumor	Initial CNS Tumor	Solid Tissue	NA	Low-grade astrocytic tumor	Low-grade glioma	LGG, KIAA1549-BRAF	NA	Low-grade glioma/astrocytoma (WHO grade I/II)	pilocytic astrocytoma	Cerebellum/Posterior Fossa	Posterior fossa	Gross/Near total resection	stranded	4633	Reported Unknown	Not Available	Female	Female	None documented	Low-grade glioma	#8f8fbf	Yes	EUR	Not Reported	Not Applicable	Not Reported	LIVING	NO EVENT
BS_DVCQ8XDZ	PT_0RN3VSXZ	PBTA	CBTN	C880188	PT_0RN3VSXZ_7316-3073_Solid Tissue_Initial CNS Tumor	7316-3073	Tumor	Initial CNS Tumor	Solid Tissue	NA	Meningioma	Meningioma	NA	NA	Other	meningioangiomatosis	Frontal Lobe;Spine NOS	Mixed	Gross/Near total resection	stranded	2828	White	Not Hispanic or Latino	Female	Female	Neurofibromatosis, Type 2 (NF-2)	Meningioma	#2db398	Yes	EUR	Not Reported	Not Applicable	Not Reported	LIVING	NO EVENT
BS_DVQ6Q5C1	PT_4347ZBEX	PBTA	PBTA-X01-FY22	C216603	PT_4347ZBEX_7316-913_Derived Cell Line_Progressive_Serum-based_NA	7316-913	Tumor	Progressive	Derived Cell Line	Serum-based	Diffuse astrocytic and oligodendroglial tumor	High-grade glioma	HGG, H3 wildtype, TP53	NA	High-grade glioma/astrocytoma (WHO grade III/IV)	glioblastoma (hgg)	Parietal Lobe;Temporal Lobe	Hemispheric	Gross/Near total resection	poly-A stranded	7884	White	Not Hispanic or Latino	Female	Female	None documented	Other high-grade glioma	#ffccf5	No	EUR	5508	Progressive	7024	DECEASED	EVENT
BS_DXXVE0V1	PT_Z4PJA6KT	PBTA	PBTA-X01-FY22	C377856	PT_Z4PJA6KT_7316-1763_Derived Cell Line_Initial CNS Tumor_Serum-based_8	7316-1763	Tumor	Initial CNS Tumor	Derived Cell Line	Serum-based	Diffuse astrocytic and oligodendroglial tumor	High-grade glioma	HGG, H3 wildtype, TP53	NA	High-grade glioma/astrocytoma (WHO grade III/IV)	glioblastoma (gbm) who grade iv	Temporal Lobe;Thalamus;Ventricles	Midline	Partial resection	poly-A stranded	3810	White	Not Hispanic or Latino	Female	Female	None documented	Other high-grade glioma	#ffccf5	No	EUR	17	Progressive - Metastatic	225	DECEASED	EVENT
BS_DY9NTFQR	PT_XP8AM1CH	PBTA	CBTN	C410205	PT_XP8AM1CH_7316-1096_Solid Tissue_Initial CNS Tumor	7316-1096	Tumor	Initial CNS Tumor	Solid Tissue	NA	Benign tumor	NA	NA	NA	Adenoma	adenoma	Suprasellar/Hypothalamic/Pituitary	Suprasellar	Gross/Near total resection	stranded	5713	White	Not Hispanic or Latino	Female	Female	None documented	Non-neoplastic tumor	#FFF5EB	Yes	AFR	Not Reported	Not Applicable	Not Reported	LIVING	NO EVENT
BS_DZ4B5A40	PT_6KX1MXER	PBTA	PBTA-X01-FY22	C2483739	PT_6KX1MXER_7316-6187_Solid Tissue_Initial CNS Tumor	7316-6187	Tumor	Initial CNS Tumor	Solid Tissue	NA	Low-grade astrocytic tumor	Low-grade glioma	LGG, IDH	NA	Low-grade glioma/astrocytoma (WHO grade I/II)	brain, left frontal gyrus mass, resection:  astrocytoma, who grade ii	Frontal Lobe;Other locations NOS	Mixed	Partial resection	poly-A stranded	7888	White	Not Hispanic or Latino	Male	Male	None documented	Low-grade glioma	#8f8fbf	Yes	EUR	889	Progressive	1147	LIVING	EVENT
BS_DZBVFTQF	PT_A124AB49	PBTA	PBTA-X01-FY22	C2703417	PT_A124AB49_7316-3661_Solid Tissue_Initial CNS Tumor	7316-3661	Tumor	Initial CNS Tumor	Solid Tissue	NA	Neuronal and mixed neuronal-glial tumor	Dysembryoplastic neuroepithelial tumor	NA	NA	Dysembryoplastic neuroepithelial tumor (DNET)	dysembryoplastic neuroepithelial tumor (dnet)	Frontal Lobe	Hemispheric	Gross/Near total resection	poly-A stranded	8775	Reported Unknown	Not Available	Female	Female	None documented	Mixed neuronal-glial tumor	#685815	Yes	EUR	Not Reported	Not Applicable	Not Reported	LIVING	NO EVENT
BS_DZNXFPH1	PT_9KK0BAGK	PBTA	PBTA-X01-FY22	C1224834	PT_9KK0BAGK_7316-3161_Solid Tissue_Initial CNS Tumor	7316-3161	Tumor	Initial CNS Tumor	Solid Tissue	NA	Diffuse astrocytic and oligodendroglial tumor	Diffuse midline glioma	DMG, H3 K28, TP53	NA	High-grade glioma/astrocytoma (WHO grade III/IV)	diffuse midline glioma, h3 k27m mutant, who grade iv	Cerebellum/Posterior Fossa	Posterior fossa	Gross/Near total resection	poly-A stranded	2347	Reported Unknown	Hispanic or Latino	Male	Male	None documented	DIPG or DMG	#ff40d9	Yes	AMR	374	Deceased-due to disease	374	DECEASED	EVENT
BS_E054DFJN	PT_7T13FDWK	PBTA	CBTN	C409467	PT_7T13FDWK_7316-1082_Solid Tissue_Initial CNS Tumor	7316-1082	Tumor	Initial CNS Tumor	Solid Tissue	NA	Tumors of sellar region	Craniopharyngioma	CRANIO, To be classified	NA	Craniopharyngioma	craniopharyngioma	Suprasellar/Hypothalamic/Pituitary	Suprasellar	Gross/Near total resection	stranded	4764	White	Not Hispanic or Latino	Female	Female	None documented	Craniopharyngioma	#b2502d	Yes	EUR	Not Reported	Not Applicable	Not Reported	LIVING	NO EVENT
BS_E0N3PTPN	PT_1H2REHT2	PBTA	CBTN	C53013	PT_1H2REHT2_7316-2990_Solid Tissue_Progressive	7316-2990	Tumor	Progressive	Solid Tissue	NA	Low-grade astrocytic tumor	Low-grade glioma	LGG, NF1-somatic, NF1-germline, CDKN2A/B	NA	Low-grade glioma/astrocytoma (WHO grade I/II)	pleomorphic xanthoastrocytoma	Basal Ganglia;Thalamus	Midline	Partial resection	stranded	6419	White	Not Hispanic or Latino	Male	Male	Neurofibromatosis, Type 1 (NF-1)	Low-grade glioma	#8f8fbf	No	EUR	955	Progressive	3295	DECEASED	EVENT
BS_E0XXZRKS	PT_0V88WASE	PBTA	PBTA-X01-FY22	C3518907	PT_0V88WASE_7316-7734_Solid Tissue_Recurrence	7316-7734	Tumor	Recurrence	Solid Tissue	NA	Low-grade astrocytic tumor	Low-grade glioma	LGG, wildtype	NA	Low-grade glioma/astrocytoma (WHO grade I/II)	pilocytic astrocytoma, who grade 1	Cerebellum/Posterior Fossa	Posterior fossa	Gross/Near total resection	poly-A stranded	1818	White	Not Hispanic or Latino	Male	Male	None documented	Low-grade glioma	#8f8fbf	No	EUR	2135	Recurrence	2437	LIVING	EVENT
BS_E0ZEECZ6	PT_0WQFCZ6S	PBTA	PBTA-X01-FY22	C2602680	PT_0WQFCZ6S_7316-6368_Solid Tissue_Initial CNS Tumor	7316-6368	Tumor	Initial CNS Tumor	Solid Tissue	NA	Embryonal tumor	Atypical Teratoid Rhabdoid Tumor	ATRT, MYC	ATRT, MYC	Atypical Teratoid Rhabdoid Tumor (ATRT)	atypical teratoid/rhabdoid tumor	Frontal Lobe	Hemispheric	Gross/Near total resection	poly-A stranded	1638	Reported Unknown	Not Hispanic or Latino	Male	Male	None documented	Atypical Teratoid Rhabdoid Tumor	#4d0d85	Yes	EUR	296	Recurrence	338	DECEASED	EVENT
BS_E1B3BKYA	PT_333GHVG7	PBTA	CBTN	C984738	PT_333GHVG7_7316-4065_Solid Tissue_Initial CNS Tumor	7316-4065	Tumor	Initial CNS Tumor	Solid Tissue	NA	Low-grade astrocytic tumor	Low-grade glioma	LGG, NF1-germline	NA	Low-grade glioma/astrocytoma (WHO grade I/II)	pxa with nf1, tp53, and tsc2 mutations and partial loss of 17q, who grade ii	Frontal Lobe	Hemispheric	Gross/Near total resection	stranded	506	White	Not Hispanic or Latino	Female	Female	Li-Fraumeni syndrome (TP53),Neurofibromatosis, Type 1 (NF-1)	Low-grade glioma	#8f8fbf	Yes	NA	622	Recurrence	791	DECEASED	EVENT
BS_E1CGF3KV	PT_2PRV78FX	PBTA	CBTN	C39606	PT_2PRV78FX_7316-176_Solid Tissue_Initial CNS Tumor	7316-176	Tumor	Initial CNS Tumor	Solid Tissue	NA	Low-grade astrocytic tumor	Low-grade glioma	LGG, MYB/MYBL1	LGG, MYB/MYBL1	Low-grade glioma/astrocytoma (WHO grade I/II)	angiocentric glioma	Frontal Lobe	Hemispheric	Gross/Near total resection	stranded	1389	White	Not Hispanic or Latino	Male	Male	None documented	Low-grade glioma	#8f8fbf	Yes	EUR	1686	Not Applicable	1686	LIVING	NO EVENT
BS_E2B5BJ7A	PT_VD2DHTMY	PBTA	PBTA-X01-FY22	C59040	PT_VD2DHTMY_7316-2580_Solid Tissue_Recurrence	7316-2580	Tumor	Recurrence	Solid Tissue	NA	Ependymal tumor	Ependymoma	EPN, MPE	EPN, MPE	Ependymoma	ependymoma	Spinal Cord- Lumbar/Thecal Sac	Spine	Gross/Near total resection	poly-A stranded	3627	White	Not Hispanic or Latino	Male	Male	None documented	Ependymoma	#2200ff	No	EUR	1468	Recurrence	3273	LIVING	EVENT
BS_E2DEWCSK	PT_NHX9RARA	PBTA	PBTA-X01-FY22	C3980034	PT_NHX9RARA_7316-9739_Solid Tissue_Initial CNS Tumor	7316-9739	Tumor	Initial CNS Tumor	Solid Tissue	NA	Low-grade astrocytic tumor	Low-grade glioma	LGG, KIAA1549-BRAF	NA	Low-grade glioma/astrocytoma (WHO grade I/II)	low grade glioma, most c/w pilocytic astrocytoma with kiaa1549 - braf fusion	Thalamus	Midline	Partial resection	poly-A stranded	6559	White	Not Hispanic or Latino	Male	Male	None documented	Low-grade glioma	#8f8fbf	Yes	EUR	357	Not Applicable	357	LIVING	NO EVENT
BS_E2Z940S4	PT_QH9H491G	PBTA	CBTN	C70110	PT_QH9H491G_7316-1461_Solid Tissue_Initial CNS Tumor	7316-1461	Tumor	Initial CNS Tumor	Solid Tissue	NA	Meningioma	Meningioma	NA	NA	Meningioma	meningioma	Optic Pathway	Optic pathway	Partial resection	stranded	5482	White	Not Hispanic or Latino	Female	Female	None documented	Meningioma	#2db398	Yes	EUR	1855	Recurrence	5506	LIVING	EVENT
BS_E3BAT4C1	PT_F3S9PB94	PBTA	CBTN	C556575	PT_F3S9PB94_7316-2240_Solid Tissue_Initial CNS Tumor	7316-2240	Tumor	Initial CNS Tumor	Solid Tissue	NA	Embryonal tumor	Medulloblastoma	MB, Group4	MB, Group4	Medulloblastoma	medullobalstoma (who grade iv).	Cerebellum/Posterior Fossa	Posterior fossa	Gross/Near total resection	stranded	3049	White	Not Hispanic or Latino	Male	Male	None documented	Medulloblastoma	#a340ff	Yes	EUR	808	Recurrence - Metastatic	2579	LIVING	EVENT
BS_E3EJHXQV	PT_0CE0HFYB	PBTA	CBTN	C663585	PT_0CE0HFYB_7316-2581_Solid Tissue_Initial CNS Tumor	7316-2581	Tumor	Initial CNS Tumor	Solid Tissue	NA	Low-grade astrocytic tumor	Low-grade glioma	LGG, BRAF V600E, CDKN2A/B	PXA	Low-grade glioma/astrocytoma (WHO grade I/II)	low-grade glioma/astrocytoma (who grade i/ii)	Parietal Lobe	Hemispheric	Gross/Near total resection	stranded	3747	White	Not Hispanic or Latino	Male	Male	None documented	Low-grade glioma	#8f8fbf	Yes	EUR	1758	Not Applicable	1758	LIVING	NO EVENT
BS_E4F1D721	PT_1DY2TP9N	PBTA	CBTN	C413157	PT_1DY2TP9N_7316-1786_Solid Tissue_Initial CNS Tumor	7316-1786	Tumor	Initial CNS Tumor	Solid Tissue	NA	Ependymal tumor	Ependymoma	EPN, MPE	EPN, MPE	Ependymoma	ependymoma	Spinal Cord- Lumbar/Thecal Sac	Spine	Gross/Near total resection	stranded	9607	White	Not Hispanic or Latino	Female	Female	None documented	Ependymoma	#2200ff	Yes	EUR	Not Reported	Not Applicable	Not Reported	LIVING	NO EVENT
BS_E4GC9EXR	PT_W6AWJJK7	PBTA	CBTN	C62484	PT_W6AWJJK7_7316-893_Solid Tissue_Recurrence	7316-893	Tumor	Recurrence	Solid Tissue	NA	Low-grade astrocytic tumor	Ganglioglioma	GNG, other MAPK	NA	Ganglioglioma	ganglioglioma	Frontal Lobe	Hemispheric	Gross/Near total resection	stranded	3925	White	Not Hispanic or Latino	Female	Female	None documented	Mixed neuronal-glial tumor	#685815	No	EUR	2545	Recurrence	4331	LIVING	EVENT
BS_E4QK839R	PT_VZTTTP3Q	PBTA	CBTN	C33825	PT_VZTTTP3Q_7316-167_Solid Tissue_Initial CNS Tumor	7316-167	Tumor	Initial CNS Tumor	Solid Tissue	NA	Low-grade astrocytic tumor	Low-grade glioma	LGG, IDH	NA	Low-grade glioma/astrocytoma (WHO grade I/II)	astrocytoma, fibrillary type, who grade 1-2	Cerebellum/Posterior Fossa;Frontal Lobe	Mixed	Partial resection	stranded	7945	Reported Unknown	Not Hispanic or Latino	Male	Male	None documented	Low-grade glioma	#8f8fbf	Yes	EUR	1396	Not Applicable	1396	LIVING	NO EVENT
BS_E60JZ9Z3	PT_Z4PJA6KT	PBTA	CBTN	C377856	PT_Z4PJA6KT_7316-1763_Derived Cell Line_Initial CNS Tumor_Serum-free_9	7316-1763	Tumor	Initial CNS Tumor	Derived Cell Line	Serum-free	Diffuse astrocytic and oligodendroglial tumor	Diffuse midline glioma	DMG, H3 K28, TP53	NA	High-grade glioma/astrocytoma (WHO grade III/IV)	glioblastoma (gbm) who grade iv	Temporal Lobe;Thalamus;Ventricles	Midline	Partial resection	stranded	3810	White	Not Hispanic or Latino	Female	Female	None documented	DIPG or DMG	#ff40d9	No	EUR	17	Progressive - Metastatic	225	DECEASED	EVENT
BS_E646AM2H	PT_04V47WFC	PBTA	PBTA-X01-FY22	C1223727	PT_04V47WFC_7316-7099_Solid Tissue_Progressive	7316-7099	Tumor	Progressive	Solid Tissue	NA	Ependymal tumor	Ependymoma	EPN, To be classified	NA	Ependymoma	recurrent/residual anaplastic ependymoma, pf-epn-b, who grade iii	Brain Stem-Medulla;Cerebellum/Posterior Fossa;Spinal Cord- Cervical;Ventricles	Mixed	Partial resection	poly-A stranded	5717	White	Not Hispanic or Latino	Male	Male	None documented	Ependymoma	#2200ff	No	EUR	385	Recurrence	1503	DECEASED	EVENT
BS_E67QTP84	PT_M91MGM4K	PBTA	PBTA-X01-FY22	C4084953	PT_M91MGM4K_7316-8938_Solid Tissue_Initial CNS Tumor	7316-8938	Tumor	Initial CNS Tumor	Solid Tissue	NA	Embryonal tumor	Medulloblastoma	MB, SHH	NA	Medulloblastoma	medullobalstoma, shh-activated, tp53-wild type, nodular desmoplastic subtype, who grade 4	Cerebellum/Posterior Fossa	Posterior fossa	Gross/Near total resection	poly-A stranded	1124	Reported Unknown	Hispanic or Latino	Female	Female	None documented	Medulloblastoma	#a340ff	Yes	AMR	Not Reported	Not Applicable	Not Reported	LIVING	NO EVENT
BS_E6FN2ENH	PT_HW36D83X	PBTA	CBTN	C1274526	PT_HW36D83X_7316-5092_Solid Tissue_Progressive	7316-5092	Tumor	Progressive	Solid Tissue	NA	Diffuse astrocytic and oligodendroglial tumor	High-grade glioma	HGG, To be classified	NA	High-grade glioma/astrocytoma (WHO grade III/IV)	glioblastoma multiforme	Other locations NOS	Other	Unavailable	poly-A stranded	5264	White	Not Hispanic or Latino	Male	NA	None documented	Other high-grade glioma	#ffccf5	No	NA	Not Reported	Deceased-causes unavailable	Not Reported	NA	NO EVENT
BS_E7HGJS7W	PT_Z4BF2NSB	PBTA	PBTA-X01-FY22	C34809	PT_Z4BF2NSB_7316-6477_Solid Tissue_Deceased	7316-6477	Tumor	Deceased	Solid Tissue	NA	Diffuse astrocytic and oligodendroglial tumor	High-grade glioma	HGG, H3 wildtype, TP53	HGG, H3 wildtype	High-grade glioma/astrocytoma (WHO grade III/IV)	residual/recurrent gbm, status post surgeries and radiation treatment	Spinal Cord- Cervical;Spinal Cord- Thoracic;Temporal Lobe	Mixed	NA	poly-A stranded	5908	Reported Unknown	Hispanic or Latino	Male	Male	None documented	Other high-grade glioma	#ffccf5	No	AMR	2369	Recurrence	2561	DECEASED	EVENT
BS_E94QRJDW	PT_20ZM6THA	PBTA	CBTN	C979080	PT_20ZM6THA_7316-3629_Solid Tissue_Recurrence	7316-3629	Tumor	Recurrence	Solid Tissue	NA	Neuronal and mixed neuronal-glial tumor	Glial-neuronal tumor NOS	GNT, other MAPK	GNT, MAPK	Low-grade glioma/astrocytoma (WHO grade I/II)	low grade glioneuronal tumor	Temporal Lobe	Hemispheric	Gross/Near total resection	stranded	805	Asian	Not Hispanic or Latino	Female	Female	None documented	Mixed neuronal-glial tumor	#685815	No	SAS	1084	Recurrence	1084	LIVING	EVENT
BS_E9CYN4NP	PT_Y6ER78WT	PBTA	CBTN	C1228770	PT_Y6ER78WT_7316-4642_Solid Tissue_Initial CNS Tumor	7316-4642	Tumor	Initial CNS Tumor	Solid Tissue	NA	Diffuse astrocytic and oligodendroglial tumor	High-grade glioma	HGG, H3 wildtype	HGG, H3 wildtype	High-grade glioma/astrocytoma (WHO grade III/IV)	o grade iii  neoplasm by current who criteria, astrocytoma	Basal Ganglia;Temporal Lobe	Mixed	Partial resection	poly-A stranded	6055	Reported Unknown	Not Available	Male	NA	None documented	Other high-grade glioma	#ffccf5	Yes	NA	Not Reported	Not Applicable	Not Reported	LIVING	NO EVENT
BS_E9G2SWSR	PT_PMEXVDFJ	PBTA	PBTA-X01-FY22	C1174773	PT_PMEXVDFJ_7316-4800_Solid Tissue_Deceased	7316-4800	Tumor	Deceased	Solid Tissue	NA	Diffuse astrocytic and oligodendroglial tumor	Infant-type hemispheric glioma	IHG, NTRK-altered	HGG, IHG	High-grade glioma/astrocytoma (WHO grade III/IV)	tumor has the morphological and immunohistochemical features of a high-grade glial neoplasm with etv6-ntrk3 fusion and is most consistent with a congenital glioblastoma, who grade iv	Occipital Lobe;Parietal Lobe;Temporal Lobe	Hemispheric	NA	poly-A stranded	105	White	Not Hispanic or Latino	Female	Female	None documented	Other high-grade glioma	#ffccf5	No	EUR	105	Deceased-due to disease	105	DECEASED	EVENT
BS_EAHR4JSD	PT_X0GD01P1	PBTA	PBTA-X01-FY22	C270600	PT_X0GD01P1_7316-930_Solid Tissue_Initial CNS Tumor	7316-930	Tumor	Initial CNS Tumor	Solid Tissue	NA	Meningioma	Meningioma	NA	NA	Meningioma	meningioma	Temporal Lobe	Hemispheric	Unavailable	poly-A stranded	5204	Black or African American	Not Hispanic or Latino	Male	Male	None documented	Meningioma	#2db398	Yes	AFR	1842	Not Applicable	1842	LIVING	NO EVENT
BS_EBMCTR80	PT_8R00BMHH	PBTA	CBTN	C18327	PT_8R00BMHH_7316-1845_Solid Tissue_Initial CNS Tumor	7316-1845	Tumor	Initial CNS Tumor	Solid Tissue	NA	Low-grade astrocytic tumor	Low-grade glioma	LGG, RTK	NA	Low-grade glioma/astrocytoma (WHO grade I/II)	astrocytoma, fibrillary type, with intrinsic vascular malformation with       necrosis, acute and old hemorrhage	Thalamus	Midline	Partial resection	stranded	2595	White	Not Hispanic or Latino	Female	Female	None documented	Low-grade glioma	#8f8fbf	Yes	EUR	695	Progressive	4354	LIVING	EVENT
BS_ECGQWHNQ	PT_VN6MTPPM	PBTA	PBTA-X01-FY22	C2581524	PT_VN6MTPPM_7316-3532_Solid Tissue_Initial CNS Tumor	7316-3532	Tumor	Initial CNS Tumor	Solid Tissue	NA	Low-grade astrocytic tumor	Low-grade glioma	LGG, wildtype	NA	Low-grade glioma/astrocytoma (WHO grade I/II)	pilocytic astrocytoma	Cerebellum/Posterior Fossa	Posterior fossa	Gross/Near total resection	poly-A stranded	4645	Reported Unknown	Not Available	Male	Male	None documented	Low-grade glioma	#8f8fbf	Yes	EUR	Not Reported	Not Applicable	Not Reported	LIVING	NO EVENT
BS_ECP485VV	PT_X4TT75N8	PBTA	PBTA-X01-FY22	C2704155	PT_X4TT75N8_7316-3659_Solid Tissue_Initial CNS Tumor	7316-3659	Tumor	Initial CNS Tumor	Solid Tissue	NA	Embryonal tumor	Medulloblastoma	MB, Group4	MB, Group4	Medulloblastoma	medulloblastoma, classic, non-wnt, non-shh	Cerebellum/Posterior Fossa	Posterior fossa	Partial resection	poly-A stranded	2058	Reported Unknown	Not Available	Male	Male	None documented	Medulloblastoma	#a340ff	Yes	EUR	Not Reported	Not Applicable	Not Reported	LIVING	NO EVENT
BS_ED8G98XT	PT_P1F0AHMT	PBTA	HOPE	C1095069	PT_P1F0AHMT_7316-4432_Solid Tissue_Progressive	7316-4432	Tumor	Progressive	Solid Tissue	NA	Diffuse astrocytic and oligodendroglial tumor	Pleomorphic xanthoastrocytoma	HGG, PXA	HGG, PXA	High-grade glioma/astrocytoma (WHO grade III/IV)	glioblastoma, idh-1 wild type, who grade iv	Parietal Lobe;Temporal Lobe	Hemispheric	Partial resection	stranded	6393	Asian	Not Hispanic or Latino	Female	Female	None documented	Other high-grade glioma	#ffccf5	No	EAS	253	Second Malignancy	819	DECEASED	EVENT
BS_EDE1DMVE	PT_YM51XZH0	PBTA	PBTA-X01-FY22	C2446962	PT_YM51XZH0_7316-5929_Solid Tissue_Deceased	7316-5929	Tumor	Deceased	Solid Tissue	NA	Ependymal tumor	Ependymoma	EPN, PF A	EPN, PF A	Ependymoma	recurrent malignant ependymoma	Basal Ganglia;Cerebellum/Posterior Fossa;Spine NOS;Ventricles	Mixed	NA	poly-A stranded	1996	Reported Unknown	Not Available	Female	Female	None documented	Ependymoma	#2200ff	No	EUR	1453	Recurrence	4695	DECEASED	EVENT
BS_EDJ5TV0P	PT_E99F32RF	PBTA	PBTA-X01-FY22	C3407346	PT_E99F32RF_7316-8420_Solid Tissue_Deceased	7316-8420	Tumor	Deceased	Solid Tissue	NA	Diffuse astrocytic and oligodendroglial tumor	High-grade glioma	HGG, H3 wildtype	HGG, H3 wildtype	High-grade glioma/astrocytoma (WHO grade III/IV)	residual/recurrent high-grade glioma, tp53 mutant, status post resections and multiple treatments, right hemisphere, basal ganglia/temporal lobe	Basal Ganglia;Cerebellum/Posterior Fossa;Hippocampus;Meninges/Dura;Other locations NOS;Spine NOS;Temporal Lobe	Mixed	NA	poly-A stranded	2838	White	Not Hispanic or Latino	Male	Male	None documented	Other high-grade glioma	#ffccf5	No	EUR	321	Progressive - Metastatic	353	DECEASED	EVENT
BS_EF775B3K	PT_XNTFM9XY	PBTA	CBTN	C25215	PT_XNTFM9XY_7316-92_Solid Tissue_Initial CNS Tumor	7316-92	Tumor	Initial CNS Tumor	Solid Tissue	NA	Benign tumor	NA	NA	NA	Cavernoma	cavernoma	Frontal Lobe	Hemispheric	Gross/Near total resection	stranded	2049	Reported Unknown	Hispanic or Latino	Male	Male	None documented	Non-neoplastic tumor	#FFF5EB	Yes	AMR	Not Reported	Not Applicable	Not Reported	LIVING	NO EVENT
BS_EFE4YEK3	PT_RH59ET3M	PBTA	CBTN	C411066	PT_RH59ET3M_7316-1655_Solid Tissue_Initial CNS Tumor	7316-1655	Tumor	Initial CNS Tumor	Solid Tissue	NA	Embryonal tumor	Medulloblastoma	MB, Group4	MB, Group4	Medulloblastoma	medulloblastoma	Cerebellum/Posterior Fossa	Posterior fossa	Gross/Near total resection	stranded	3336	White	Not Hispanic or Latino	Female	Female	None documented	Medulloblastoma	#a340ff	Yes	AMR	Not Reported	Not Applicable	Not Reported	LIVING	NO EVENT
BS_EFEZB0ZH	PT_DW6V5V8E	PBTA	CBTN	C245631	PT_DW6V5V8E_7316-924_Solid Tissue_Initial CNS Tumor	7316-924	Tumor	Initial CNS Tumor	Solid Tissue	NA	Low-grade astrocytic tumor	Low-grade glioma	LGG, KIAA1549-BRAF	NA	Low-grade glioma/astrocytoma (WHO grade I/II)	pilomyxoid astrocytoma who grade ii	Thalamus	Midline	Partial resection	stranded	1069	Reported Unknown	Hispanic or Latino	Female	Female	None documented	Low-grade glioma	#8f8fbf	Yes	EUR	1612	Not Applicable	1612	LIVING	NO EVENT
BS_EHVYJAVA	PT_GHHY5AAE	PBTA	CBTN	C300489	PT_GHHY5AAE_7316-741_Solid Tissue_Initial CNS Tumor	7316-741	Tumor	Initial CNS Tumor	Solid Tissue	NA	Low-grade astrocytic tumor	Low-grade glioma	LGG, FGFR	NA	Low-grade glioma/astrocytoma (WHO grade I/II)	pilocytic astrocytoma, who grade i	Cerebellum/Posterior Fossa;Occipital Lobe	Mixed	Gross/Near total resection	stranded	5054	More Than One Race	Hispanic or Latino	Male	Male	Not Reported	Low-grade glioma	#8f8fbf	Yes	AMR	1247	Not Applicable	1247	LIVING	NO EVENT
BS_EJ9JKM1C	PT_HFQNKP5X	PBTA	CBTN	C182778	PT_HFQNKP5X_7316-3295_Solid Tissue_Recurrence	7316-3295	Tumor	Recurrence	Solid Tissue	NA	Chordoma	Chordoma	CHDM, poorly differentiated	NA	Chordoma	chordoma	Other locations NOS;Skull	Other	Partial resection	stranded	1625	Reported Unknown	Hispanic or Latino	Female	Female	None documented	Mesenchymal tumor	#7fbf00	No	EUR	28	Progressive	1155	DECEASED	EVENT
BS_EJSWEM34	PT_XA04WQ66	PBTA	PBTA-X01-FY22	C1046976	PT_XA04WQ66_7316-4686_Solid Tissue_Initial CNS Tumor	7316-4686	Tumor	Initial CNS Tumor	Solid Tissue	NA	Tumors of sellar region	Adamantinomatous Craniopharyngioma	CRANIO, ADAM	NA	Craniopharyngioma	craniopharyngioma, adamantinomatous type who grade i	Suprasellar/Hypothalamic/Pituitary	Suprasellar	Gross/Near total resection	poly-A stranded	1988	White	Not Hispanic or Latino	Male	Male	None documented	Craniopharyngioma	#b2502d	Yes	EUR	1568	Not Applicable	1568	LIVING	NO EVENT
BS_EK5PCKY0	PT_GFTCNWQ0	PBTA	CBTN	C131118	PT_GFTCNWQ0_7316-775_Solid Tissue_Initial CNS Tumor	7316-775	Tumor	Initial CNS Tumor	Solid Tissue	NA	Ependymal tumor	Ependymoma	EPN, ST ZFTA	EPN, ST ZFTA	Ependymoma	ependymoma who grade ii	Occipital Lobe;Parietal Lobe	Hemispheric	Gross/Near total resection	stranded	3907	White	Hispanic or Latino	Male	NA	None documented	Ependymoma	#2200ff	Yes	NA	917	Recurrence	5044	LIVING	EVENT
BS_EM8PDG4B	PT_XTVQB9S4	PBTA	PBTA-X01-FY22	C626070	PT_XTVQB9S4_7316-2186_Derived Cell Line_Initial CNS Tumor_Serum-based_8	7316-2186	Tumor	Initial CNS Tumor	Derived Cell Line	Serum-based	Embryonal tumor	Atypical Teratoid Rhabdoid Tumor	ATRT, To be classified	NA	Atypical Teratoid Rhabdoid Tumor (ATRT)	atrt	Frontal Lobe;Meninges/Dura;Parietal Lobe;Spinal Cord- Cervical;Spinal Cord- Lumbar/Thecal Sac;Spinal Cord- Thoracic;Temporal Lobe;Ventricles	Mixed	Partial resection	poly-A stranded	291	Reported Unknown	Hispanic or Latino	Female	Female	None documented	Atypical Teratoid Rhabdoid Tumor	#4d0d85	No	AMR	244	Progressive - Metastatic	348	DECEASED	EVENT
BS_EMAJ7P3P	PT_FRQDS43E	PBTA	PBTA-X01-FY22	C410328	PT_FRQDS43E_7316-1097_Solid Tissue_Progressive	7316-1097	Tumor	Progressive	Solid Tissue	NA	Low-grade astrocytic tumor	Low-grade glioma	LGG, BRAF V600E	NA	Low-grade glioma/astrocytoma (WHO grade I/II)	anaplastic astrocytoma	Brain Stem- Midbrain/Tectum	Midline	Partial resection	poly-A stranded	8698	White	Not Hispanic or Latino	Male	Male	None documented	Low-grade glioma	#8f8fbf	No	EUR	Not Reported	Progressive	Not Reported	LIVING	EVENT
BS_EMMF4PZX	PT_BZKJR4GK	PBTA	CBTN	C96555	PT_BZKJR4GK_7316-561_Solid Tissue_Initial CNS Tumor	7316-561	Tumor	Initial CNS Tumor	Solid Tissue	NA	Tumors of sellar region	Craniopharyngioma	CRANIO, To be classified	NA	Craniopharyngioma	craniopharyngioma	Suprasellar/Hypothalamic/Pituitary	Suprasellar	NA	stranded	6565	White	Not Hispanic or Latino	Female	Female	None documented	Craniopharyngioma	#b2502d	Yes	EUR	2752	Not Applicable	2752	LIVING	NO EVENT
BS_EMQM7HTA	PT_JP9G09KJ	PBTA	CBTN	C804789	PT_JP9G09KJ_7316-2861_Solid Tissue_Initial CNS Tumor	7316-2861	Tumor	Initial CNS Tumor	Solid Tissue	NA	Diffuse astrocytic and oligodendroglial tumor	Diffuse midline glioma	DMG, H3 K28	DMG, H3 K28	High-grade glioma/astrocytoma (WHO grade III/IV)	glioblastoma	Temporal Lobe;Ventricles	Mixed	Partial resection	poly-A stranded	6442	White	Not Hispanic or Latino	Female	NA	None documented	DIPG or DMG	#ff40d9	Yes	NA	516	Deceased-due to disease	516	DECEASED	EVENT
BS_EMYET8F4	PT_7H67Q7VS	PBTA	CBTN	C42558	PT_7H67Q7VS_7316-2966_Solid Tissue_Initial CNS Tumor	7316-2966	Tumor	Initial CNS Tumor	Solid Tissue	NA	Ependymal tumor	Ependymoma	EPN, To be classified	NA	Ependymoma	ependymoma	Ventricles	Ventricles	Gross/Near total resection	stranded	498	White	Not Hispanic or Latino	Female	NA	None documented	Ependymoma	#2200ff	Yes	NA	457	Recurrence	822	LIVING	EVENT
BS_EN2VK7NY	PT_Y572BRC1	PBTA	CBTN	C136161	PT_Y572BRC1_7316-2147_Solid Tissue_Progressive	7316-2147	Tumor	Progressive	Solid Tissue	NA	Low-grade astrocytic tumor	Low-grade glioma	LGG, KIAA1549-BRAF	LGG, MAPK	Low-grade glioma/astrocytoma (WHO grade I/II)	low-grade glioma	Optic Pathway;Suprasellar/Hypothalamic/Pituitary;Temporal Lobe;Ventricles	Mixed	Partial resection	stranded	150	White	Not Hispanic or Latino	Male	Male	None documented	Low-grade glioma	#8f8fbf	No	EUR	268	Progressive - Metastatic	7408	DECEASED	EVENT
BS_EN58Q2DK	PT_7FKXCQAX	PBTA	CBTN	C123123	PT_7FKXCQAX_7316-546_Solid Tissue_Initial CNS Tumor	7316-546	Tumor	Initial CNS Tumor	Solid Tissue	NA	Embryonal tumor	Atypical Teratoid Rhabdoid Tumor	ATRT, TYR	ATRT, TYR	Atypical Teratoid Rhabdoid Tumor (ATRT)	atrt who gr 4	Cerebellum/Posterior Fossa	Posterior fossa	Partial resection	poly-A stranded	836	Reported Unknown	Not Available	Female	NA	None documented	Atypical Teratoid Rhabdoid Tumor	#4d0d85	Yes	NA	90	Deceased-due to other causes	90	DECEASED	NO EVENT
BS_EN5WR747	PT_M9WFABN6	PBTA	CBTN	C3635265	PT_M9WFABN6_7316-7134_Solid Tissue_Initial CNS Tumor	7316-7134	Tumor	Initial CNS Tumor	Solid Tissue	NA	Diffuse astrocytic and oligodendroglial tumor	High-grade glioma	HGG, To be classified	NA	High-grade glioma/astrocytoma (WHO grade III/IV)	glioblastoma who grade iv	Occipital Lobe	Hemispheric	Gross/Near total resection	poly-A stranded	280	White	Not Hispanic or Latino	Female	NA	None documented	Other high-grade glioma	#ffccf5	Yes	NA	715	Not Applicable	715	LIVING	NO EVENT
BS_ENKG5GF3	PT_KCTZZA3G	PBTA	CBTN	C65067	PT_KCTZZA3G_7316-223_Solid Tissue_Initial CNS Tumor	7316-223	Tumor	Initial CNS Tumor	Solid Tissue	NA	Tumor of cranial and paraspinal nerves	Neurofibroma/Plexiform	NA	NA	Neurofibroma/Plexiform	plexiform neurofibroma	Spinal Cord- Thoracic	Spine	Gross/Near total resection	stranded	6344	Black or African American	Not Hispanic or Latino	Male	Male	Neurofibromatosis, Type 1 (NF-1)	Neurofibroma plexiform	#e6ac39	No	AFR	1787	Not Applicable	1787	LIVING	NO EVENT
BS_ENX83H9Z	PT_ZKQTJ7F7	PBTA	PNOC	C3507222	PT_ZKQTJ7F7_7316-9560_Solid Tissue_Initial CNS Tumor	7316-9560	Tumor	Initial CNS Tumor	Solid Tissue	NA	Diffuse astrocytic and oligodendroglial tumor	High-grade glioma	HGG, IDH, TP53	NA	High-grade glioma/astrocytoma (WHO grade III/IV)	astrocytoma (IHD-mutant and CDK4-amplified, CNS WHO grade 4)	brain	NA	NA	stranded	NA	White	Not Hispanic or Latino	Male	Male	None documented	Other high-grade glioma	#ffccf5	Yes	EUR	NA	NA	NA	NA	NO EVENT
BS_EQKYB3JB	PT_QF2ZH1V5	PBTA	PBTA-X01-FY22	C143541	PT_QF2ZH1V5_7316-680_Solid Tissue_Initial CNS Tumor	7316-680	Tumor	Initial CNS Tumor	Solid Tissue	NA	Embryonal tumor	Medulloblastoma	MB, SHH	MB, SHH	Medulloblastoma	extra-axial desmoplastic/nodular medulloblastoma (who grade iv)	Cerebellum/Posterior Fossa	Posterior fossa	Gross/Near total resection	poly-A stranded	292	White	Not Hispanic or Latino	Female	Female	None documented	Medulloblastoma	#a340ff	Yes	EUR	3291	Not Applicable	3291	LIVING	NO EVENT
BS_ERJAJ0KA	PT_DXF7ZZQZ	PBTA	CBTN	C758418	PT_DXF7ZZQZ_7316-2809_Solid Tissue_Initial CNS Tumor	7316-2809	Tumor	Initial CNS Tumor	Solid Tissue	NA	Low-grade astrocytic tumor	Ganglioglioma	GNG, MYB/MYBL1	LGG, MYB/MYBL1	Ganglioglioma	ganglioglioma, who grade i	Parietal Lobe	Hemispheric	Gross/Near total resection	stranded	1559	White	Not Hispanic or Latino	Female	Female	None documented	Mixed neuronal-glial tumor	#685815	Yes	EUR	569	Not Applicable	569	LIVING	NO EVENT
BS_ERWT0ZWE	PT_7BJBEBZT	PBTA	CBTN	C773424	PT_7BJBEBZT_7316-1670_Solid Tissue_Initial CNS Tumor	7316-1670	Tumor	Initial CNS Tumor	Solid Tissue	NA	Embryonal tumor	Medulloblastoma	MB, Group4	MB, Group4	Medulloblastoma	medulloblastoma	Cerebellum/Posterior Fossa	Posterior fossa	Gross/Near total resection	stranded	2511	Reported Unknown	Not Available	Male	Male	None documented	Medulloblastoma	#a340ff	Yes	EUR	Not Reported	Not Applicable	Not Reported	LIVING	NO EVENT
BS_ET8CJXSF	PT_VGXHFMND	PBTA	CBTN	C705651	PT_VGXHFMND_7316-1643_Solid Tissue_Initial CNS Tumor	7316-1643	Tumor	Initial CNS Tumor	Solid Tissue	NA	Low-grade astrocytic tumor	Low-grade glioma	LGG, KIAA1549-BRAF	NA	Low-grade glioma/astrocytoma (WHO grade I/II)	pilocytic astrocytoma	Cerebellum/Posterior Fossa	Posterior fossa	Gross/Near total resection	stranded	4642	White	Not Hispanic or Latino	Female	Female	None documented	Low-grade glioma	#8f8fbf	Yes	EUR	Not Reported	Not Applicable	Not Reported	LIVING	NO EVENT
BS_ETDCPRAM	PT_ARBPVCGH	PBTA	PBTA-X01-FY22	C3421983	PT_ARBPVCGH_7316-7952_Solid Tissue_Initial CNS Tumor	7316-7952	Tumor	Initial CNS Tumor	Solid Tissue	NA	Tumors of sellar region	Adamantinomatous Craniopharyngioma	CRANIO, ADAM	NA	Craniopharyngioma	craniopharyngioma, adamantinomatous type with ctnnb1 mutation, who grade i	Suprasellar/Hypothalamic/Pituitary	Suprasellar	Partial resection	poly-A stranded	945	Black or African American	Not Hispanic or Latino	Female	Female	None documented	Craniopharyngioma	#b2502d	Yes	AFR	548	Not Applicable	548	LIVING	NO EVENT
BS_ETM3DW4J	PT_04V47WFC	PBTA	PBTA-X01-FY22	C1223727	PT_04V47WFC_7316-4437_Solid Tissue_Initial CNS Tumor	7316-4437	Tumor	Initial CNS Tumor	Solid Tissue	NA	Ependymal tumor	Ependymoma	EPN, To be classified	NA	Ependymoma	ependymoma who grade iii	Ventricles	Ventricles	Gross/Near total resection	poly-A stranded	5717	White	Not Hispanic or Latino	Male	Male	None documented	Ependymoma	#2200ff	Yes	EUR	385	Recurrence	1503	DECEASED	EVENT
BS_EVCAC3NH	PT_Z4GS3ZQQ	PBTA	CBTN	C300981	PT_Z4GS3ZQQ_7316-740_Solid Tissue_Initial CNS Tumor	7316-740	Tumor	Initial CNS Tumor	Solid Tissue	NA	Ependymal tumor	Ependymoma	EPN, To be classified	NA	Ependymoma	ependymoma	Frontal Lobe	Hemispheric	Gross/Near total resection	stranded	1279	Reported Unknown	Hispanic or Latino	Female	Female	None documented	Ependymoma	#2200ff	Yes	AMR	98	Recurrence	300	LIVING	EVENT
BS_EWC2NGHN	PT_164RNWTT	PBTA	PBTA-X01-FY22	C291633	PT_164RNWTT_7316-1980_Solid Tissue_Progressive	7316-1980	Tumor	Progressive	Solid Tissue	NA	Ependymal tumor	Ependymoma	EPN, PF A	EPN, PF A	Ependymoma	anaplastic ependymoma	Cerebellum/Posterior Fossa	Posterior fossa	Partial resection	poly-A stranded	2549	Asian	Not Hispanic or Latino	Male	Male	None documented	Ependymoma	#2200ff	No	EAS	560	Progressive	560	LIVING	EVENT
BS_EXGBH3TD	PT_T1FV709B	PBTA	CBTN	C143664	PT_T1FV709B_7316-681_Solid Tissue_Initial CNS Tumor	7316-681	Tumor	Initial CNS Tumor	Solid Tissue	NA	Neuronal and mixed neuronal-glial tumor	Desmoplastic infantile astrocytoma and ganglioglioma	GNT, BRAF V600E	LGG, MAPK	Low-grade glioma/astrocytoma (WHO grade I/II)	dig/a desmoplastic infantile astrocytoma / ganglioglioma (who grade 1)	Optic Pathway;Temporal Lobe;Ventricles	Mixed	Partial resection	stranded	2217	White	Not Hispanic or Latino	Male	Male	None documented	Mixed neuronal-glial tumor	#685815	Yes	EUR	125	Progressive	4870	LIVING	EVENT
BS_EXYHZ6D4	PT_2YCHME6S	PBTA	CBTN	C676623	PT_2YCHME6S_7316-2622_Solid Tissue_Initial CNS Tumor	7316-2622	Tumor	Initial CNS Tumor	Solid Tissue	NA	Low-grade astrocytic tumor	Low-grade glioma	LGG, BRAF/MAPK	NA	Low-grade glioma/astrocytoma (WHO grade I/II)	pilocytic astrocytoma, who grade i	Cerebellum/Posterior Fossa	Posterior fossa	Gross/Near total resection	stranded	4797	White	Not Hispanic or Latino	Female	Female	None documented	Low-grade glioma	#8f8fbf	Yes	EUR	1367	Not Applicable	1367	LIVING	NO EVENT
BS_EYFKY385	PT_WVK3PBPK	PBTA	PBTA-X01-FY22	C973053	PT_WVK3PBPK_7316-3802_Solid Tissue_Recurrence	7316-3802	Tumor	Recurrence	Solid Tissue	NA	Germ cell tumor	Germinoma	NA	NA	Germinoma	germinoma	Frontal Lobe	Hemispheric	Gross/Near total resection	poly-A stranded	3501	White	Not Hispanic or Latino	Male	Male	None documented	Germ cell tumor	#0074d9	No	EUR	273	Recurrence - Metastatic	1954	LIVING	EVENT
BS_EYSS0ZDS	PT_CM32ZCX6	PBTA	CBTN	C569859	PT_CM32ZCX6_7316-2215_Solid Tissue_Initial CNS Tumor	7316-2215	Tumor	Initial CNS Tumor	Solid Tissue	NA	Low-grade astrocytic tumor	Low-grade glioma	LGG, BRAF V600E	LGG, MAPK	Low-grade glioma/astrocytoma (WHO grade I/II)	low grade glioma	Basal Ganglia;Thalamus	Midline	Biopsy only	stranded	2548	Reported Unknown	Hispanic or Latino	Male	Male	None documented	Low-grade glioma	#8f8fbf	Yes	AMR	643	Progressive	3482	LIVING	EVENT
BS_EYYMKWB7	PT_E79807KT	PBTA	CBTN	C879819	PT_E79807KT_7316-1087_Solid Tissue_Initial CNS Tumor	7316-1087	Tumor	Initial CNS Tumor	Solid Tissue	NA	Low-grade astrocytic tumor	Subependymal Giant Cell Astrocytoma	SEGA, To be classified	NA	Low-grade glioma/astrocytoma (WHO grade I/II)	subependymal giant cell astrocytoma	Ventricles	Ventricles	Gross/Near total resection	stranded	2809	White	Not Hispanic or Latino	Male	Male	Tuberous Sclerosis (TSC1, TSC2)	Low-grade glioma	#8f8fbf	Yes	EUR	Not Reported	Not Applicable	Not Reported	LIVING	NO EVENT
BS_EZ3147MX	PT_KAQMYFYB	PBTA	PNOC	C3081396	PT_KAQMYFYB_A16405_Solid Tissue_Initial CNS Tumor	A16405	Tumor	Initial CNS Tumor	Solid Tissue	NA	Diffuse astrocytic and oligodendroglial tumor	Diffuse midline glioma	DMG, H3 K28, TP53	NA	Brainstem glioma- Diffuse intrinsic pontine glioma	High Grade Glioma	Pons/Brainstem	Midline	NA	poly-A	2219	Black or African American	Not Hispanic or Latino	Male	Male	None documented	DIPG or DMG	#ff40d9	Yes	AFR	NA	NA	335	DECEASED	NO EVENT
BS_F0JB4EAK	PT_KBFM551M	PBTA	PNOC	C3079182	PT_KBFM551M_7316-3214-A07083_Solid Tissue_Initial CNS Tumor	7316-3214-A07083	Tumor	Initial CNS Tumor	Solid Tissue	NA	Diffuse astrocytic and oligodendroglial tumor	Diffuse intrinsic pontine glioma	DIPG, H3 wildtype, TP53	NA	Brainstem glioma- Diffuse intrinsic pontine glioma	Diffuse Astrocytoma	Pons/Brainstem	Midline	NA	poly-A	3425	White	Not Hispanic or Latino	Male	Male	None documented	DIPG or DMG	#ff40d9	Yes	EUR	NA	NA	395	DECEASED	NO EVENT
BS_F0ZP45KB	PT_K3BZCT56	PBTA	PBTA-X01-FY22	C653868	PT_K3BZCT56_7316-2612_Solid Tissue_Progressive	7316-2612	Tumor	Progressive	Solid Tissue	NA	Low-grade astrocytic tumor	Ganglioglioma	GNG, wildtype	NA	Ganglioglioma	ganglion cell tumor (who grade i)	Brain Stem-Medulla;Cerebellum/Posterior Fossa	Mixed	Partial resection	poly-A stranded	3656	White	Not Hispanic or Latino	Male	Male	None documented	Mixed neuronal-glial tumor	#685815	No	EUR	639	Progressive	2885	LIVING	EVENT
BS_F1K9QTBS	PT_N8VZWF99	PBTA	PBTA-X01-FY22	C3686925	PT_N8VZWF99_7316-8865_Solid Tissue_Initial CNS Tumor	7316-8865	Tumor	Initial CNS Tumor	Solid Tissue	NA	Low-grade astrocytic tumor	Low-grade glioma	LGG, KIAA1549-BRAF	NA	Low-grade glioma/astrocytoma (WHO grade I/II)	pilocytic astrocytoma (who grade i)	Cerebellum/Posterior Fossa	Posterior fossa	Gross/Near total resection	poly-A stranded	3763	White	Not Hispanic or Latino	Female	Female	None documented	Low-grade glioma	#8f8fbf	Yes	EUR	222	Not Applicable	222	LIVING	NO EVENT
BS_F3Q8HG1M	PT_AZAJRK9Z	PBTA	PBTA-X01-FY22	C3512634	PT_AZAJRK9Z_7316-7958_Derived Cell Line_Initial CNS Tumor_Serum-based_8	7316-7958	Tumor	Initial CNS Tumor	Derived Cell Line	Serum-based	Low-grade astrocytic tumor	Low-grade glioma	LGG, wildtype	NA	Low-grade glioma/astrocytoma (WHO grade I/II)	pilocytic astrocytoma with kiaa1549-braf fusion who grade i	Cerebellum/Posterior Fossa	Posterior fossa	Gross/Near total resection	poly-A stranded	2120	White	Not Hispanic or Latino	Male	Male	None documented	Low-grade glioma	#8f8fbf	No	EUR	1099	Not Applicable	1099	LIVING	NO EVENT
BS_F4E8R9VY	PT_8ECE2D92	PBTA	CBTN	C216111	PT_8ECE2D92_7316-914_Solid Tissue_Initial CNS Tumor	7316-914	Tumor	Initial CNS Tumor	Solid Tissue	NA	Low-grade astrocytic tumor	Ganglioglioma	GNG, FGFR	NA	Ganglioglioma	ganglioglioma	Occipital Lobe;Temporal Lobe	Hemispheric	Gross/Near total resection	stranded	3676	Reported Unknown	Not Hispanic or Latino	Female	Female	None documented	Mixed neuronal-glial tumor	#685815	Yes	EUR	1873	Not Applicable	1873	LIVING	NO EVENT
BS_F5BZSF3Q	PT_D13X3N8F	PBTA	CBTN	C805527	PT_D13X3N8F_7316-2743_Solid Tissue_Progressive	7316-2743	Tumor	Progressive	Solid Tissue	NA	Benign tumor	NA	NA	NA	Other	inclusion cyst	Spinal Cord- Lumbar/Thecal Sac	Spine	Gross/Near total resection	stranded	186	White	Not Hispanic or Latino	Female	Female	None documented	Non-neoplastic tumor	#FFF5EB	No	EUR	629	Recurrence	1940	LIVING	EVENT
BS_F5JCJM6S	PT_4347ZBEX	PBTA	PBTA-X01-FY22	C216603	PT_4347ZBEX_7316-913_Derived Cell Line_Progressive_Serum-free_11	7316-913	Tumor	Progressive	Derived Cell Line	Serum-free	Diffuse astrocytic and oligodendroglial tumor	High-grade glioma	HGG, H3 wildtype	NA	High-grade glioma/astrocytoma (WHO grade III/IV)	glioblastoma (hgg)	Parietal Lobe;Temporal Lobe	Hemispheric	Gross/Near total resection	poly-A stranded	7884	White	Not Hispanic or Latino	Female	Female	None documented	Other high-grade glioma	#ffccf5	No	EUR	5508	Progressive	7024	DECEASED	EVENT
BS_F5QBVPP0	PT_35X8ASEE	PBTA	PBTA-X01-FY22	C2414490	PT_35X8ASEE_7316-5749_Solid Tissue_Initial CNS Tumor	7316-5749	Tumor	Initial CNS Tumor	Solid Tissue	NA	Embryonal tumor	Medulloblastoma	MB, Group4	MB, Group4	Medulloblastoma	medulloblastoma who grade iv	Cerebellum/Posterior Fossa	Posterior fossa	Gross/Near total resection	poly-A stranded	3066	White	Not Hispanic or Latino	Male	Male	None documented	Medulloblastoma	#a340ff	Yes	EUR	1852	Not Applicable	1852	LIVING	NO EVENT
BS_F65GWS21	PT_RDGW5MJE	PBTA	PBTA-X01-FY22	C3805497	PT_RDGW5MJE_7316-8967_Solid Tissue_Deceased	7316-8967	Tumor	Deceased	Solid Tissue	NA	Diffuse astrocytic and oligodendroglial tumor	Diffuse midline glioma	DMG, H3 K28, TP53	DMG, H3 K28	Brainstem glioma- Diffuse intrinsic pontine glioma	diffuse intrinsic pontine glioma	Brain Stem- Pons	Midline	NA	poly-A stranded	3228	Reported Unknown	Not Available	Male	Male	None documented	DIPG or DMG	#ff40d9	No	EUR	176	Deceased-due to disease	176	DECEASED	EVENT
BS_F6V1Y4QS	PT_Z7YJ7MSM	PBTA	CBTN	C820164	PT_Z7YJ7MSM_7316-2864_Solid Tissue_Recurrence	7316-2864	Tumor	Recurrence	Solid Tissue	NA	Neuronal and mixed neuronal-glial tumor	Glial-neuronal tumor NOS	GNT, RTK	NA	Glial-neuronal tumor NOS	neuroepithelial neoplasm	Temporal Lobe	Hemispheric	Gross/Near total resection	stranded	47	Reported Unknown	Not Available	Male	Male	None documented	Mixed neuronal-glial tumor	#685815	No	EUR	71	Recurrence	1270	LIVING	EVENT
BS_F6XHX6Q0	PT_RB43B5HX	PBTA	CBTN	C144525	PT_RB43B5HX_7316-799_Solid Tissue_Initial CNS Tumor	7316-799	Tumor	Initial CNS Tumor	Solid Tissue	NA	Embryonal tumor	Atypical Teratoid Rhabdoid Tumor	ATRT, SHH	ATRT, SHH	Atypical Teratoid Rhabdoid Tumor (ATRT)	atypical teratoid rhabdoid tumor (atrt)	Pineal Gland	Midline	Biopsy only	poly-A stranded	299	Reported Unknown	Not Available	Female	NA	None documented	Atypical Teratoid Rhabdoid Tumor	#4d0d85	Yes	NA	310	Deceased-due to disease	310	DECEASED	EVENT
BS_F6Z5HFWH	PT_JN3S17B3	PBTA	CBTN	C371829	PT_JN3S17B3_7316-1693_Solid Tissue_Initial CNS Tumor	7316-1693	Tumor	Initial CNS Tumor	Solid Tissue	NA	Choroid plexus tumor	Choroid plexus tumor	NA	NA	Choroid plexus papilloma	choroid plexus papilloma	Ventricles	Ventricles	Gross/Near total resection	stranded	4308	White	Not Hispanic or Latino	Female	Female	None documented	Choroid plexus tumor	#00441B	Yes	EUR	2010	Not Applicable	2010	LIVING	NO EVENT
BS_F7HXBZH4	PT_TKWF5MDW	PBTA	PBTA-X01-FY22	C907494	PT_TKWF5MDW_7316-3565_Solid Tissue_Recurrence	7316-3565	Tumor	Recurrence	Solid Tissue	NA	Benign tumor	NA	NA	NA	Other	epidermoid cyst	Spinal Cord- Lumbar/Thecal Sac	Spine	Unavailable	poly-A stranded	464	White	Not Hispanic or Latino	Male	Male	None documented	Non-neoplastic tumor	#FFF5EB	No	EUR	5312	Recurrence	6009	LIVING	EVENT
BS_F8F0EYRG	PT_MYNKT1TK	PBTA	PBTA-X01-FY22	C3941166	PT_MYNKT1TK_7316-9075_Solid Tissue_Deceased	7316-9075	Tumor	Deceased	Solid Tissue	NA	Embryonal tumor	Medulloblastoma	MB, SHH	NA	Medulloblastoma	medulloblastoma, who grade iv	Cerebellum/Posterior Fossa	Posterior fossa	NA	poly-A stranded	591	More Than One Race	Not Hispanic or Latino	Female	Female	None documented	Medulloblastoma	#a340ff	No	AFR	356	Recurrence	725	DECEASED	EVENT
BS_F8N6CFQE	PT_EZEMVRVT	PBTA	CBTN	C965673	PT_EZEMVRVT_7316-3154_Solid Tissue_Initial CNS Tumor	7316-3154	Tumor	Initial CNS Tumor	Solid Tissue	NA	Low-grade astrocytic tumor	Low-grade glioma	LGG, KIAA1549-BRAF	LGG, BRAF/MAPK	Low-grade glioma/astrocytoma (WHO grade I/II)	exophytic brainstem tumor	Brain Stem- Midbrain/Tectum;Brain Stem- Pons	Midline	Gross/Near total resection	stranded	1171	White	Not Hispanic or Latino	Male	Male	None documented	Low-grade glioma	#8f8fbf	Yes	AMR	1792	Not Applicable	1792	LIVING	NO EVENT
BS_F9WKPDFG	PT_203ZY782	PBTA	CBTN	C727053	PT_203ZY782_7316-2668_Solid Tissue_Initial CNS Tumor	7316-2668	Tumor	Initial CNS Tumor	Solid Tissue	NA	Choroid plexus tumor	Choroid plexus tumor	NA	NA	Other	choroid plexus cyst	Ventricles	Ventricles	Gross/Near total resection	stranded	532	White	Not Hispanic or Latino	Male	Male	None documented	Choroid plexus tumor	#00441B	Yes	EUR	1036	Not Applicable	1036	LIVING	NO EVENT
BS_F9Y4Z92G	PT_G9A050X1	PBTA	PNOC	C3064299	PT_G9A050X1_7316-8028_Solid Tissue_Initial CNS Tumor	7316-8028	Tumor	Initial CNS Tumor	Solid Tissue	NA	Diffuse astrocytic and oligodendroglial tumor	High-grade glioma	HGG, H3 wildtype, TP53	NA	High-grade glioma/astrocytoma (WHO grade III/IV)	High Grade Glioma	Brain	Other	NA	stranded	4065	Other	Not Available	Male	Male	None documented	Other high-grade glioma	#ffccf5	Yes	EAS	NA	NA	NA	NA	NO EVENT
BS_FAQQ0GCQ	PT_EPFX7V9H	PBTA	CBTN	C663339	PT_EPFX7V9H_7316-2571_Solid Tissue_Initial CNS Tumor	7316-2571	Tumor	Initial CNS Tumor	Solid Tissue	NA	Low-grade astrocytic tumor	Ganglioglioma	GNG, other MAPK, BRAF V600E	GNT, MAPK	Ganglioglioma	ganglioglioma	Occipital Lobe;Temporal Lobe	Hemispheric	Gross/Near total resection	stranded	7247	White	Not Hispanic or Latino	Female	Female	None documented	Mixed neuronal-glial tumor	#685815	Yes	EUR	1148	Not Applicable	1148	LIVING	NO EVENT
BS_FAVRBEW7	PT_WYVMWYVA	PBTA	CBTN	C47970	PT_WYVMWYVA_7316-257_Solid Tissue_Initial CNS Tumor	7316-257	Tumor	Initial CNS Tumor	Solid Tissue	NA	Choroid plexus tumor	Choroid plexus tumor	NA	NA	Choroid plexus papilloma	choroid plexis papilloma	Occipital Lobe;Parietal Lobe;Temporal Lobe	Hemispheric	Gross/Near total resection	stranded	1223	White	Not Hispanic or Latino	Male	Male	None documented	Choroid plexus tumor	#00441B	Yes	EUR	5111	Not Applicable	5111	LIVING	NO EVENT
BS_FB6ADVMD	PT_0DWRY9ZX	PBTA	PBTA-X01-FY22	C960999	PT_0DWRY9ZX_7316-1017_Solid Tissue_Recurrence	7316-1017	Tumor	Recurrence	Solid Tissue	NA	Embryonal tumor	Medulloblastoma	MB, Group4	MB, Group4	Medulloblastoma	anaplastic/large cell medulloblastoma who grade iv	Frontal Lobe	Hemispheric	Gross/Near total resection	poly-A stranded	3804	White	Not Hispanic or Latino	Male	Male	None documented	Medulloblastoma	#a340ff	No	EUR	1049	Recurrence - Metastatic	3293	DECEASED	EVENT
BS_FBJ5Q54N	PT_FMK5VFYW	PBTA	CBTN	C306516	PT_FMK5VFYW_7316-950_Solid Tissue_Progressive	7316-950	Tumor	Progressive	Solid Tissue	NA	Embryonal tumor	CNS Embryonal tumor	CNS Embryonal, NOS	NA	Supratentorial or Spinal Cord PNET	spnet	Spinal Cord- Lumbar/Thecal Sac;Spinal Cord- Thoracic;Ventricles	Mixed	Partial resection	stranded	272	More Than One Race	Not Hispanic or Latino	Female	Female	None documented	Other CNS embryonal tumor	#b08ccf	No	SAS	102	Progressive - Metastatic	423	DECEASED	EVENT
BS_FBR1YZVA	PT_3KM9W8S8	PBTA	PBTA-X01-FY22	C374412	PT_3KM9W8S8_7316-3045_Solid Tissue_Deceased	7316-3045	Tumor	Deceased	Solid Tissue	NA	Embryonal tumor	Atypical Teratoid Rhabdoid Tumor	ATRT, MYC	ATRT, MYC	Atypical Teratoid Rhabdoid Tumor (ATRT)	atrt	Other locations NOS;Spinal Cord- Lumbar/Thecal Sac;Spinal Cord- Thoracic;Ventricles	Mixed	NA	poly-A stranded	190	White	Not Hispanic or Latino	Female	Female	None documented	Atypical Teratoid Rhabdoid Tumor	#4d0d85	No	EUR	335	Progressive - Metastatic	523	DECEASED	EVENT
BS_FBRNNYCA	PT_GRRM8JXS	PBTA	PBTA-X01-FY22	C701223	PT_GRRM8JXS_7316-2700_Solid Tissue_Initial CNS Tumor	7316-2700	Tumor	Initial CNS Tumor	Solid Tissue	NA	Embryonal tumor	Medulloblastoma	MB, WNT	MB, WNT	Medulloblastoma	medulloblastoma, who grade iv	Cerebellum/Posterior Fossa;Ventricles	Mixed	Gross/Near total resection	poly-A stranded	3248	White	Not Hispanic or Latino	Female	Female	None documented	Medulloblastoma	#a340ff	Yes	EUR	514	Deceased-due to disease	514	DECEASED	EVENT
BS_FCAKKZ20	PT_9S6WMQ92	PBTA	CBTN	C25830	PT_9S6WMQ92_7316-95_Solid Tissue_Progressive	7316-95	Tumor	Progressive	Solid Tissue	NA	Embryonal tumor	Medulloblastoma	MB, SHH	NA	Medulloblastoma	medulloblastoma	Cerebellum/Posterior Fossa	Posterior fossa	Partial resection	stranded	5534	White	Not Hispanic or Latino	Female	Female	None documented	Medulloblastoma	#a340ff	No	EUR	1021	Progressive - Metastatic	1508	DECEASED	EVENT
BS_FCDAH728	PT_KZ56XHJT	PBTA	PNOC	C3079551	PT_KZ56XHJT_A08732_Solid Tissue_Initial CNS Tumor	A08732	Tumor	Initial CNS Tumor	Solid Tissue	NA	Diffuse astrocytic and oligodendroglial tumor	Diffuse midline glioma	DMG, H3 K28, TP53	NA	Brainstem glioma- Diffuse intrinsic pontine glioma	Anaplastic Astrocytoma	Pons/Brainstem	Midline	NA	poly-A	2773	Reported Unknown	Not Available	Female	Female	None documented	DIPG or DMG	#ff40d9	Yes	AMR	NA	NA	241	DECEASED	NO EVENT
BS_FCX6DZ0J	PT_PS6X90CZ	PBTA	CBTN	C3229119	PT_PS6X90CZ_7316-6596_Solid Tissue_Initial CNS Tumor	7316-6596	Tumor	Initial CNS Tumor	Solid Tissue	NA	Diffuse astrocytic and oligodendroglial tumor	Pleomorphic xanthoastrocytoma	HGG, PXA	HGG, PXA	High-grade glioma/astrocytoma (WHO grade III/IV)	epitheloid glioblastoma, who grade iv	Other locations NOS	Other	Partial resection	poly-A stranded	7778	White	Not Hispanic or Latino	Male	NA	None documented	Other high-grade glioma	#ffccf5	Yes	NA	695	Progressive	957	DECEASED	EVENT
BS_FEKM7X6Z	PT_TP58N40V	PBTA	PBTA-X01-FY22	C3397752	PT_TP58N40V_7316-6396_Solid Tissue_Initial CNS Tumor	7316-6396	Tumor	Initial CNS Tumor	Solid Tissue	NA	Tumors of sellar region	Adamantinomatous Craniopharyngioma	CRANIO, ADAM	NA	Craniopharyngioma	craniopharyngioma, who grade i	Suprasellar/Hypothalamic/Pituitary;Ventricles	Mixed	Gross/Near total resection	poly-A stranded	5748	White	Not Hispanic or Latino	Male	Male	None documented	Craniopharyngioma	#b2502d	Yes	EUR	752	Not Applicable	752	LIVING	NO EVENT
BS_FEPRNEXX	PT_00G007DM	PBTA	CBTN	C27429	PT_00G007DM_7316-2577_Solid Tissue_Recurrence	7316-2577	Tumor	Recurrence	Solid Tissue	NA	Embryonal tumor	Embryonal tumor with multilayer rosettes	ETMR, NOS	NA	Embryonal Tumor with Multilayered Rosettes (ETMR)	ependymoblastoma	Cerebellum/Posterior Fossa	Posterior fossa	Gross/Near total resection	stranded	464	White	Not Hispanic or Latino	Male	Male	None documented	Other CNS embryonal tumor	#b08ccf	No	EUR	202	Recurrence	4583	LIVING	EVENT
BS_FEV5A0HN	PT_6SH7PV1N	PBTA	CBTN	C113652	PT_6SH7PV1N_7316-535_Solid Tissue_Initial CNS Tumor	7316-535	Tumor	Initial CNS Tumor	Solid Tissue	NA	Diffuse astrocytic and oligodendroglial tumor	High-grade glioma	HGG, H3 wildtype	NA	High-grade glioma/astrocytoma (WHO grade III/IV)	anaplastic mixed glioma	Temporal Lobe	Hemispheric	Gross/Near total resection	stranded	1405	White	Not Hispanic or Latino	Male	Male	None documented	Other high-grade glioma	#ffccf5	Yes	EUR	2624	Not Applicable	2624	LIVING	NO EVENT
BS_FEYMKEK8	PT_13MKXR8G	PBTA	CBTN	C681789	PT_13MKXR8G_7316-2251_Solid Tissue_Initial CNS Tumor	7316-2251	Tumor	Initial CNS Tumor	Solid Tissue	NA	Choroid plexus tumor	Choroid plexus tumor	NA	NA	Choroid plexus papilloma	choroid plexus neoplasm	Ventricles	Ventricles	Gross/Near total resection	stranded	3470	White	Not Hispanic or Latino	Male	Male	None documented	Choroid plexus tumor	#00441B	Yes	EUR	1107	Not Applicable	1107	LIVING	NO EVENT
BS_FGQA2S06	PT_HYZQBT8T	PBTA	PBTA-X01-FY22	C2704032	PT_HYZQBT8T_7316-3666_Solid Tissue_Initial CNS Tumor	7316-3666	Tumor	Initial CNS Tumor	Solid Tissue	NA	Low-grade astrocytic tumor	Subependymal Giant Cell Astrocytoma	SEGA, wildtype	NA	Subependymal Giant Cell Astrocytoma (SEGA)	sega	Ventricles	Ventricles	Gross/Near total resection	poly-A stranded	3949	Reported Unknown	Not Available	Male	Male	None documented	Low-grade glioma	#8f8fbf	Yes	EUR	Not Reported	Not Applicable	Not Reported	LIVING	NO EVENT
BS_FH4TA0XM	PT_5BWZA0NT	PBTA	PBTA-X01-FY22	C292125	PT_5BWZA0NT_7316-1102_Derived Cell Line_Initial CNS Tumor_Serum-based_4	7316-1102	Tumor	Initial CNS Tumor	Derived Cell Line	Serum-based	Diffuse astrocytic and oligodendroglial tumor	Diffuse midline glioma	DMG, H3 K28	NA	Supratentorial or Spinal Cord PNET	spnet	Ventricles	Ventricles	Gross/Near total resection	poly-A stranded	4456	White	Not Hispanic or Latino	Female	Female	None documented	DIPG or DMG	#ff40d9	No	EUR	61	Deceased-due to disease	61	DECEASED	EVENT
BS_FHM1TKTT	PT_0KTVJ74J	PBTA	PBTA-X01-FY22	C3420753	PT_0KTVJ74J_7316-7135_Solid Tissue_Deceased	7316-7135	Tumor	Deceased	Solid Tissue	NA	Embryonal tumor	Medulloblastoma	MB, SHH	NA	Medulloblastoma	medulloblastoma molecular group 4 mycn amplified	Cerebellum/Posterior Fossa;Spinal Cord- Cervical;Spinal Cord- Thoracic	Mixed	NA	poly-A stranded	3355	White	Not Hispanic or Latino	Male	Male	None documented	Medulloblastoma	#a340ff	No	EUR	116	Progressive - Metastatic	973	DECEASED	EVENT
BS_FHP3KMM7	PT_MGJJBG0T	PBTA	PBTA-X01-FY22	C2802309	PT_MGJJBG0T_7316-7667_Solid Tissue_Deceased	7316-7667	Tumor	Deceased	Solid Tissue	NA	Neuronal and mixed neuronal-glial tumor	Glial-neuronal tumor NOS	GNT, RTK, CDKN2A/B	NA	Glial-neuronal tumor NOS	malignant glial neuronal tumor	Frontal Lobe	Hemispheric	NA	poly-A stranded	1566	White	Not Hispanic or Latino	Female	Female	None documented	Mixed neuronal-glial tumor	#685815	No	EUR	4759	Recurrence	5425	DECEASED	EVENT
BS_FJWZ3M7V	PT_X1PRY0FC	PBTA	CBTN	C401964	PT_X1PRY0FC_7316-1779_Solid Tissue_Initial CNS Tumor	7316-1779	Tumor	Initial CNS Tumor	Solid Tissue	NA	Low-grade astrocytic tumor	Low-grade glioma	LGG, KIAA1549-BRAF	NA	Low-grade glioma/astrocytoma (WHO grade I/II)	pilocytic astrocytoma who grade i	Suprasellar/Hypothalamic/Pituitary	Suprasellar	Biopsy only	stranded	736	Asian	Not Hispanic or Latino	Male	Male	None documented	Low-grade glioma	#8f8fbf	Yes	EAS	2025	Progressive	3479	LIVING	EVENT
BS_FJZPQZ2C	PT_3T3VGWC6	PBTA	CBTN	C77490	PT_3T3VGWC6_7316-3923_Solid Tissue_Recurrence	7316-3923	Tumor	Recurrence	Solid Tissue	NA	Low-grade astrocytic tumor	Low-grade glioma	LGG, BRAF V600E, CDKN2A/B	NA	Low-grade glioma/astrocytoma (WHO grade I/II)	pxa	Hippocampus	Midline	Gross/Near total resection	stranded	4458	White	Not Hispanic or Latino	Female	Female	None documented	Low-grade glioma	#8f8fbf	No	EUR	973	Recurrence	3773	LIVING	EVENT
BS_FKDQJJB5	PT_YFS3AWC0	PBTA	CBTN	C58917	PT_YFS3AWC0_7316-153_Solid Tissue_Initial CNS Tumor	7316-153	Tumor	Initial CNS Tumor	Solid Tissue	NA	Embryonal tumor	Medulloblastoma	MB, Group3	MB, Group3	Medulloblastoma	medulloblastoma who iv	Cerebellum/Posterior Fossa;Spinal Cord- Cervical;Spinal Cord- Lumbar/Thecal Sac;Spinal Cord- Thoracic	Mixed	Partial resection	stranded	1575	White	Not Hispanic or Latino	Male	Male	None documented	Medulloblastoma	#a340ff	Yes	EUR	34	Progressive - Metastatic	89	DECEASED	EVENT
BS_FN07P04C	PT_X7HC5YCY	PBTA	HOPE	C42066	PT_X7HC5YCY_7316-255_Solid Tissue_Initial CNS Tumor	7316-255	Tumor	Initial CNS Tumor	Solid Tissue	NA	Diffuse astrocytic and oligodendroglial tumor	High-grade glioma	HGG, H3 wildtype	NA	High-grade glioma/astrocytoma (WHO grade III/IV)	glioblastoma multiforme with scherer s secondary structures	Parietal Lobe	Hemispheric	NA	stranded	6120	White	Not Available	Female	NA	None documented	Other high-grade glioma	#ffccf5	No	NA	60	Progressive - Metastatic	151	DECEASED	EVENT
BS_FQ5VYCBD	PT_PMEXVDFJ	PBTA	PBTA-X01-FY22	C1174773	PT_PMEXVDFJ_7316-4800_Solid Tissue_Deceased	7316-4800	Tumor	Deceased	Solid Tissue	NA	Diffuse astrocytic and oligodendroglial tumor	Infant-type hemispheric glioma	IHG, NTRK-altered	HGG, IHG	High-grade glioma/astrocytoma (WHO grade III/IV)	tumor has the morphological and immunohistochemical features of a high-grade glial neoplasm with etv6-ntrk3 fusion and is most consistent with a congenital glioblastoma, who grade iv	Occipital Lobe;Parietal Lobe;Temporal Lobe	Hemispheric	NA	poly-A stranded	105	White	Not Hispanic or Latino	Female	Female	None documented	Other high-grade glioma	#ffccf5	No	EUR	105	Deceased-due to disease	105	DECEASED	EVENT
BS_FQX1PRAJ	PT_K8ZV7APT	PBTA	CBTN	C15129	PT_K8ZV7APT_7316-2166_Solid Tissue_Progressive	7316-2166	Tumor	Progressive	Solid Tissue	NA	Tumor of cranial and paraspinal nerves	Neurofibroma/Plexiform	NA	NA	Neurofibroma/Plexiform	neurofibroma	Other locations NOS	Other	Partial resection	stranded	3899	Black or African American	Not Hispanic or Latino	Female	Female	Neurofibromatosis, Type 1 (NF-1)	Neurofibroma plexiform	#e6ac39	No	AFR	4408	Progressive	7175	LIVING	EVENT
BS_FR42HY0Z	PT_N4563ERM	PBTA	PBTA-X01-FY22	C1100727	PT_N4563ERM_7316-7511_Solid Tissue_Progressive	7316-7511	Tumor	Progressive	Solid Tissue	NA	Low-grade astrocytic tumor	Low-grade glioma	LGG, KIAA1549-BRAF	NA	Low-grade glioma/astrocytoma (WHO grade I/II)	recurrent/residual pilocytic astrocytoma with kiaa1549- braf fusion	Cerebellum/Posterior Fossa	Posterior fossa	Gross/Near total resection	poly-A stranded	2000	Black or African American	Not Hispanic or Latino	Male	Male	None documented	Low-grade glioma	#8f8fbf	No	AFR	874	Progressive	1945	LIVING	EVENT
BS_FRM9TG02	PT_3P3D97AB	PBTA	CBTN	C23247	PT_3P3D97AB_7316-13_Solid Tissue_Initial CNS Tumor	7316-13	Tumor	Initial CNS Tumor	Solid Tissue	NA	Tumor of cranial and paraspinal nerves	Neurofibroma/Plexiform	NA	NA	Neurofibroma/Plexiform	plexiform neurofibroma	Spinal Cord- Cervical	Spine	Gross/Near total resection	stranded	5852	White	Not Hispanic or Latino	Male	Male	Neurofibromatosis, Type 1 (NF-1)	Neurofibroma plexiform	#e6ac39	Yes	EUR	2847	Not Applicable	2847	LIVING	NO EVENT
BS_FRZ76GEG	PT_2BTC5TEN	PBTA	CBTN	C625947	PT_2BTC5TEN_7316-2183_Solid Tissue_Initial CNS Tumor	7316-2183	Tumor	Initial CNS Tumor	Solid Tissue	NA	Tumors of sellar region	Adamantinomatous Craniopharyngioma	CRANIO, ADAM	NA	Craniopharyngioma	craniopharyngioma	Suprasellar/Hypothalamic/Pituitary	Suprasellar	Gross/Near total resection	stranded	3529	Asian	Not Hispanic or Latino	Female	Female	None documented	Craniopharyngioma	#b2502d	Yes	SAS	609	Recurrence	2089	LIVING	EVENT
BS_FTKPQ5FZ	PT_VR8T8JX8	PBTA	CBTN	C132963	PT_VR8T8JX8_7316-762_Solid Tissue_Recurrence	7316-762	Tumor	Recurrence	Solid Tissue	NA	Ependymal tumor	Ependymoma	EPN, ST ZFTA	EPN, ST ZFTA	Ependymoma	anaplastic ependymoma who grade iii	Frontal Lobe	Hemispheric	Gross/Near total resection	stranded	3496	Reported Unknown	Hispanic or Latino	Male	NA	None documented	Ependymoma	#2200ff	No	NA	25	Recurrence	2645	LIVING	EVENT
BS_FV820J38	PT_B4RTR0T5	PBTA	PBTA-X01-FY22	C3841167	PT_B4RTR0T5_7316-8916_Solid Tissue_Initial CNS Tumor	7316-8916	Tumor	Initial CNS Tumor	Solid Tissue	NA	Embryonal tumor	Medulloblastoma	MB, Group4	MB, Group4	Medulloblastoma	medulloblastoma, classic subtype non-wnt/shh-activated, who grade 4	Ventricles	Ventricles	Gross/Near total resection	poly-A stranded	2783	Asian	Not Hispanic or Latino	Male	Male	None documented	Medulloblastoma	#a340ff	Yes	EAS	Not Reported	Not Applicable	Not Reported	LIVING	NO EVENT
BS_FW5ECXXK	PT_3C6QA9MA	PBTA	CBTN	C169125	PT_3C6QA9MA_7316-1279_Solid Tissue_Recurrence	7316-1279	Tumor	Recurrence	Solid Tissue	NA	Ependymal tumor	Ependymoma	EPN, ST ZFTA	EPN, ST ZFTA	Ependymoma	ependymoma	Parietal Lobe	Hemispheric	Unavailable	stranded	2513	Reported Unknown	Not Available	Unknown	NA	None documented	Ependymoma	#2200ff	No	NA	781	Recurrence	1391	DECEASED	EVENT
BS_FWMJPKCV	PT_7VPSS2SN	PBTA	CBTN	C942918	PT_7VPSS2SN_7316-3621_Solid Tissue_Initial CNS Tumor	7316-3621	Tumor	Initial CNS Tumor	Solid Tissue	NA	Neuronal and mixed neuronal-glial tumor	Dysembryoplastic neuroepithelial tumor	NA	NA	Dysembryoplastic neuroepithelial tumor (DNET)	dnet	Other locations NOS;Ventricles	Mixed	Gross/Near total resection	stranded	3714	More Than One Race	Not Hispanic or Latino	Female	Female	None documented	Mixed neuronal-glial tumor	#685815	Yes	EUR	Not Reported	Not Applicable	Not Reported	LIVING	NO EVENT
BS_FX2P2WEG	PT_0SPKM4S8	PBTA	CBTN	C687324	PT_0SPKM4S8_7316-2640_Solid Tissue_Initial CNS Tumor	7316-2640	Tumor	Initial CNS Tumor	Solid Tissue	NA	Diffuse astrocytic and oligodendroglial tumor	High-grade glioma	HGG, H3 wildtype, TP53	HGG, H3 wildtype	High-grade glioma/astrocytoma (WHO grade III/IV)	high grade glioneuronal tumor (who gradeiv)	Parietal Lobe	Hemispheric	Gross/Near total resection	stranded	2005	Black or African American	Not Hispanic or Latino	Male	Male	None documented	Other high-grade glioma	#ffccf5	Yes	AFR	205	Progressive	334	LIVING	EVENT
BS_FX4WKR2R	PT_8HBWG092	PBTA	PBTA-X01-FY22	C3417063	PT_8HBWG092_7316-7927_Solid Tissue_Initial CNS Tumor	7316-7927	Tumor	Initial CNS Tumor	Solid Tissue	NA	Neuronal and mixed neuronal-glial tumor	Glial-neuronal tumor NOS	GNT, BRAF V600E	GNG, MAPK	Low-grade glioma/astrocytoma (WHO grade I/II)	low grade glioneuronal tumor	Temporal Lobe	Hemispheric	Partial resection	poly-A stranded	5611	White	Not Hispanic or Latino	Male	Male	None documented	Mixed neuronal-glial tumor	#685815	Yes	AMR	992	Not Applicable	992	LIVING	NO EVENT
BS_FXJY0MNH	PT_8P368R5B	PBTA	PNOC	C3080658	PT_8P368R5B_7316-4998_Solid Tissue_Initial CNS Tumor	7316-4998	Tumor	Initial CNS Tumor	Solid Tissue	NA	Diffuse astrocytic and oligodendroglial tumor	Diffuse intrinsic pontine glioma	DIPG, H3 wildtype	NA	Brainstem glioma- Diffuse intrinsic pontine glioma	Brainstem glioma- Diffuse intrinsic pontine glioma	Pons/Brainstem	Midline	NA	stranded	4745	Asian	Not Hispanic or Latino	Female	Female	None documented	DIPG or DMG	#ff40d9	Yes	EAS	NA	NA	NA	DECEASED	NO EVENT
BS_FYP2B298	PT_91PDAFH0	PBTA	HOPE	C2462583	PT_91PDAFH0_7316-5267_Solid Tissue_Initial CNS Tumor	7316-5267	Tumor	Initial CNS Tumor	Solid Tissue	NA	Diffuse astrocytic and oligodendroglial tumor	Diffuse hemispheric glioma	DHG, H3 G35, TP53	DHG, H3 G35	High-grade glioma/astrocytoma (WHO grade III/IV)	pediatric high grade diffuse astrocytoma with h3f3a g35r mutation	Frontal Lobe	Hemispheric	Biopsy only	stranded	6587	White	Hispanic or Latino	Male	Male	None documented	Other high-grade glioma	#ffccf5	Yes	AMR	2156	Deceased-due to disease	2156	DECEASED	EVENT
BS_FYRDYBMZ	PT_ARCM3PXM	PBTA	CBTN	C176136	PT_ARCM3PXM_7316-1187_Solid Tissue_Initial CNS Tumor	7316-1187	Tumor	Initial CNS Tumor	Solid Tissue	NA	Diffuse astrocytic and oligodendroglial tumor	Pleomorphic xanthoastrocytoma	HGG, PXA	HGG, PXA	High-grade glioma/astrocytoma (WHO grade III/IV)	glioblastoma multiforme	Frontal Lobe	Hemispheric	Gross/Near total resection	stranded	4938	Reported Unknown	Not Available	Unknown	NA	None documented	Other high-grade glioma	#ffccf5	Yes	NA	Not Reported	Not Applicable	Not Reported	LIVING	NO EVENT
BS_FZRCFK0W	PT_3P3HARZ2	PBTA	PBTA-X01-FY22	C125337	PT_3P3HARZ2_7316-2735_Solid Tissue_Progressive	7316-2735	Tumor	Progressive	Solid Tissue	NA	Low-grade astrocytic tumor	Low-grade glioma	LGG, wildtype	NA	Low-grade glioma/astrocytoma (WHO grade I/II)	pilocytic astrocytoma	Other locations NOS	Other	NA	poly-A stranded	1090	White	Not Hispanic or Latino	Male	Male	None documented	Low-grade glioma	#8f8fbf	No	EUR	1248	Progressive	3165	LIVING	EVENT
BS_G00FHF3Q	PT_TKWTTRQ7	PBTA	CBTN	C84747	PT_TKWTTRQ7_7316-2971_Solid Tissue_Initial CNS Tumor	7316-2971	Tumor	Initial CNS Tumor	Solid Tissue	NA	Embryonal tumor	Medulloblastoma	MB, Group4	MB, Group4	Medulloblastoma	medulloblastoma	Cerebellum/Posterior Fossa	Posterior fossa	Gross/Near total resection	stranded	5075	White	Not Hispanic or Latino	Male	Male	None documented	Medulloblastoma	#a340ff	Yes	EUR	1408	Recurrence	3323	DECEASED	EVENT
BS_G0RPJHA9	PT_WQ2EJVF5	PBTA	PBTA-X01-FY22	C3406608	PT_WQ2EJVF5_7316-8119_Solid Tissue_Initial CNS Tumor	7316-8119	Tumor	Initial CNS Tumor	Solid Tissue	NA	Ependymal tumor	Ependymoma	EPN, MPE	EPN, MPE	Ependymoma	myxopapillary ependymoma with genome-wide polypoid, who gr i	Meninges/Dura;Spinal Cord- Lumbar/Thecal Sac;Spinal Cord- Thoracic	Mixed	Gross/Near total resection	poly-A stranded	4081	White	Not Hispanic or Latino	Male	Male	None documented	Ependymoma	#2200ff	Yes	EUR	1231	Recurrence - Metastatic	1798	LIVING	EVENT
BS_G19QZG4S	PT_H62STE27	PBTA	PBTA-X01-FY22	C2690010	PT_H62STE27_7316-5323_Solid Tissue_Initial CNS Tumor	7316-5323	Tumor	Initial CNS Tumor	Solid Tissue	NA	Diffuse astrocytic and oligodendroglial tumor	Diffuse midline glioma	DMG, H3 K28	DMG, H3 K28	Brainstem glioma- Diffuse intrinsic pontine glioma	diffuse midline glioma, h3 k27m-mutant, corresponds to grade iv, who grade iii	Brain Stem-Medulla;Brain Stem- Midbrain/Tectum;Brain Stem- Pons;Other locations NOS;Thalamus	Mixed	Biopsy only	poly-A stranded	2649	White	Not Hispanic or Latino	Male	Male	None documented	DIPG or DMG	#ff40d9	Yes	EUR	122	Progressive - Metastatic	196	DECEASED	EVENT
BS_G1DAGKSY	PT_KM0MSXCZ	PBTA	PBTA-X01-FY22	C2403543	PT_KM0MSXCZ_7316-4538_Solid Tissue_Initial CNS Tumor	7316-4538	Tumor	Initial CNS Tumor	Solid Tissue	NA	Low-grade astrocytic tumor	Low-grade glioma	LGG, KIAA1549-BRAF	NA	Low-grade glioma/astrocytoma (WHO grade I/II)	pilocytic astrocytoma with anaplasia	Cerebellum/Posterior Fossa	Posterior fossa	Gross/Near total resection	poly-A stranded	2836	White	Not Hispanic or Latino	Male	Male	None documented	Low-grade glioma	#8f8fbf	Yes	EUR	Not Reported	Not Applicable	Not Reported	LIVING	NO EVENT
BS_G23JJAZY	PT_23K3YS1P	PBTA	CBTN	C46494	PT_23K3YS1P_7316-189_Solid Tissue_Initial CNS Tumor	7316-189	Tumor	Initial CNS Tumor	Solid Tissue	NA	Ependymal tumor	Ependymoma	EPN, ST ZFTA	EPN, ST ZFTA	Ependymoma	anaplastic ependymoma	Parietal Lobe	Hemispheric	Gross/Near total resection	stranded	1808	Black or African American	Not Hispanic or Latino	Female	Female	None documented	Ependymoma	#2200ff	Yes	AFR	1648	Not Applicable	1648	LIVING	NO EVENT
BS_G257VSS9	PT_AZFSRAWZ	PBTA	PBTA-X01-FY22	C2582508	PT_AZFSRAWZ_7316-4553_Solid Tissue_Initial CNS Tumor	7316-4553	Tumor	Initial CNS Tumor	Solid Tissue	NA	Diffuse astrocytic and oligodendroglial tumor	Diffuse hemispheric glioma	DHG, H3 G35, TP53	DHG, H3 G35	High-grade glioma/astrocytoma (WHO grade III/IV)	glioblastoma	Frontal Lobe;Temporal Lobe	Hemispheric	Partial resection	poly-A stranded	4938	Reported Unknown	Not Available	Female	Female	None documented	Other high-grade glioma	#ffccf5	Yes	EUR	Not Reported	Not Applicable	Not Reported	LIVING	NO EVENT
BS_G2W3D5M2	PT_P0WNG43G	PBTA	CBTN	C605529	PT_P0WNG43G_7316-2284_Solid Tissue_Initial CNS Tumor	7316-2284	Tumor	Initial CNS Tumor	Solid Tissue	NA	Diffuse astrocytic and oligodendroglial tumor	High-grade glioma	HGG, To be classified	NA	High-grade glioma/astrocytoma (WHO grade III/IV)	pilocytic astrocytoma with anaplasia	Cerebellum/Posterior Fossa	Posterior fossa	Gross/Near total resection	poly-A stranded	4637	Reported Unknown	Hispanic or Latino	Female	NA	Neurofibromatosis, Type 1 (NF-1)	Other high-grade glioma	#ffccf5	Yes	NA	245	Recurrence	975	DECEASED	EVENT
BS_G3NN392N	PT_QA9WJ679	PBTA	PNOC	C3079797	PT_QA9WJ679_A08768_Solid Tissue_Initial CNS Tumor	A08768	Tumor	Initial CNS Tumor	Solid Tissue	NA	Diffuse astrocytic and oligodendroglial tumor	Diffuse midline glioma	DMG, H3 K28, TP53	NA	Brainstem glioma- Diffuse intrinsic pontine glioma	Diffuse Astrocytoma	Pons/Brainstem	Midline	NA	poly-A	5417	Reported Unknown	Hispanic or Latino	Male	Male	None documented	DIPG or DMG	#ff40d9	Yes	AMR	NA	NA	561	DECEASED	NO EVENT
BS_G3RJTBZD	PT_3CHB9PK5	PBTA	CBTN	C102951	PT_3CHB9PK5_7316-2085_Solid Tissue_Deceased	7316-2085	Tumor	Deceased	Solid Tissue	NA	Diffuse astrocytic and oligodendroglial tumor	High-grade glioma	HGG, H3 wildtype, TP53	HGG, H3 wildtype	High-grade glioma/astrocytoma (WHO grade III/IV)	high grade glioma	Frontal Lobe;Spine NOS	Mixed	NA	stranded	2908	White	Not Hispanic or Latino	Female	Female	Neurofibromatosis, Type 1 (NF-1)	Other high-grade glioma	#ffccf5	No	EUR	499	Progressive - Metastatic	547	DECEASED	EVENT
BS_G5NHSFD4	PT_TVJ5EGMR	PBTA	PNOC	C3071310	PT_TVJ5EGMR_7316-8033_Solid Tissue_Initial CNS Tumor	7316-8033	Tumor	Initial CNS Tumor	Solid Tissue	NA	Diffuse astrocytic and oligodendroglial tumor	High-grade glioma	HGG, H3 wildtype	NA	High-grade glioma/astrocytoma (WHO grade III/IV)	Anaplastic Astrocytoma	Right frontal lobe	Hemispheric	NA	stranded	3922	White	Not Hispanic or Latino	Male	Unknown	None documented	Other high-grade glioma	#ffccf5	Yes	NA	NA	NA	NA	NA	NO EVENT
BS_G5QBBHDV	PT_27FDWCVZ	PBTA	CBTN	C41574	PT_27FDWCVZ_7316-184_Solid Tissue_Initial CNS Tumor	7316-184	Tumor	Initial CNS Tumor	Solid Tissue	NA	Low-grade astrocytic tumor	Low-grade glioma	LGG, KIAA1549-BRAF	NA	Low-grade glioma/astrocytoma (WHO grade I/II)	fibrillary astrocytoma	Cerebellum/Posterior Fossa	Posterior fossa	Gross/Near total resection	stranded	3295	White	Not Hispanic or Latino	Male	Male	None documented	Low-grade glioma	#8f8fbf	Yes	EUR	601	Not Applicable	601	LIVING	NO EVENT
BS_G5TXDQJ3	PT_8QH9FV9J	PBTA	CBTN	C227058	PT_8QH9FV9J_7316-910_Solid Tissue_Initial CNS Tumor	7316-910	Tumor	Initial CNS Tumor	Solid Tissue	NA	Embryonal tumor	Atypical Teratoid Rhabdoid Tumor	ATRT, MYC	ATRT, MYC	Atypical Teratoid Rhabdoid Tumor (ATRT)	atrt	Brain Stem- Midbrain/Tectum;Cerebellum/Posterior Fossa	Mixed	Gross/Near total resection	poly-A stranded	506	Reported Unknown	Not Hispanic or Latino	Female	NA	None documented	Atypical Teratoid Rhabdoid Tumor	#4d0d85	Yes	NA	577	Recurrence	697	DECEASED	EVENT
BS_G63HYD6N	PT_PKP1250P	PBTA	CBTN	C633204	PT_PKP1250P_7316-2556_Solid Tissue_Recurrence	7316-2556	Tumor	Recurrence	Solid Tissue	NA	Ependymal tumor	Ependymoma	EPN, ST ZFTA	EPN, ST ZFTA	Ependymoma	ependymoma with clear cell features, who grade ii	Frontal Lobe	Hemispheric	Gross/Near total resection	stranded	4153	Asian	Not Hispanic or Latino	Female	Female	None documented	Ependymoma	#2200ff	No	EAS	369	Progressive	2496	LIVING	EVENT
BS_G6RKBJEY	PT_FNMF9D6R	PBTA	PBTA-X01-FY22	C3473274	PT_FNMF9D6R_7316-6843_Solid Tissue_Initial CNS Tumor	7316-6843	Tumor	Initial CNS Tumor	Solid Tissue	NA	Embryonal tumor	Atypical Teratoid Rhabdoid Tumor	ATRT, MYC	ATRT, MYC	Atypical Teratoid Rhabdoid Tumor (ATRT)	atypical teratoid rhabdoid tumor (atrt)	Frontal Lobe	Hemispheric	Gross/Near total resection	poly-A stranded	1547	Reported Unknown	Not Available	Female	Female	None documented	Atypical Teratoid Rhabdoid Tumor	#4d0d85	Yes	EUR	Not Reported	Not Applicable	Not Reported	LIVING	NO EVENT
BS_G7AGNB5G	PT_EYHJQQ8E	PBTA	CBTN	C27798	PT_EYHJQQ8E_7316-77_Solid Tissue_Initial CNS Tumor	7316-77	Tumor	Initial CNS Tumor	Solid Tissue	NA	Low-grade astrocytic tumor	Low-grade glioma	LGG, FGFR	GNT, FGFR	Low-grade glioma/astrocytoma (WHO grade I/II)	low grade glial tumor	Cerebellum/Posterior Fossa	Posterior fossa	Gross/Near total resection	stranded	4457	White	Not Hispanic or Latino	Male	Male	None documented	Low-grade glioma	#8f8fbf	Yes	EUR	1504	Not Applicable	1504	LIVING	NO EVENT
BS_G8TXTX0H	PT_G8ZTC724	PBTA	PBTA-X01-FY22	C3571797	PT_G8ZTC724_7316-6813_Solid Tissue_Initial CNS Tumor	7316-6813	Tumor	Initial CNS Tumor	Solid Tissue	NA	Diffuse astrocytic and oligodendroglial tumor	Diffuse midline glioma	DMG, H3 K28	DMG, H3 K28	High-grade glioma/astrocytoma (WHO grade III/IV)	high grade astrocytoma, h3.3k27m mutant	Thalamus	Midline	Partial resection	poly-A stranded	5998	Reported Unknown	Not Available	Female	Female	None documented	DIPG or DMG	#ff40d9	Yes	EUR	Not Reported	Not Applicable	Not Reported	LIVING	NO EVENT
BS_G97WTXW8	PT_B2KF59PQ	PBTA	PBTA-X01-FY22	C1279077	PT_B2KF59PQ_7316-6088_Solid Tissue_Recurrence	7316-6088	Tumor	Recurrence	Solid Tissue	NA	Diffuse astrocytic and oligodendroglial tumor	Diffuse hemispheric glioma	DHG, H3 G35, TP53	DHG, H3 G35	High-grade glioma/astrocytoma (WHO grade III/IV)	glioblastoma	Parietal Lobe	Hemispheric	Gross/Near total resection	poly-A stranded	5734	Reported Unknown	Not Available	Male	Male	None documented	Other high-grade glioma	#ffccf5	No	AMR	586	Recurrence	833	DECEASED	EVENT
BS_G9XE3N9T	PT_2VSDT9CK	PBTA	CBTN	C916473	PT_2VSDT9CK_7316-3575_Solid Tissue_Progressive	7316-3575	Tumor	Progressive	Solid Tissue	NA	Low-grade astrocytic tumor	Low-grade glioma	LGG, KIAA1549-BRAF	NA	Low-grade glioma/astrocytoma (WHO grade I/II)	pilocytic astrocytoma	Cerebellum/Posterior Fossa	Posterior fossa	Gross/Near total resection	stranded	1684	White	Not Hispanic or Latino	Female	Female	None documented	Low-grade glioma	#8f8fbf	No	EUR	272	Progressive	1027	LIVING	EVENT
BS_GAGRGSSX	PT_4J24F353	PBTA	CBTN	C148707	PT_4J24F353_7316-1137_Solid Tissue_Initial CNS Tumor	7316-1137	Tumor	Initial CNS Tumor	Solid Tissue	NA	Embryonal tumor	Atypical Teratoid Rhabdoid Tumor	ATRT, To be classified	NA	Atypical Teratoid Rhabdoid Tumor (ATRT)	atrt	Frontal Lobe	Hemispheric	Gross/Near total resection	stranded	575	White	Not Hispanic or Latino	Male	NA	None documented	Atypical Teratoid Rhabdoid Tumor	#4d0d85	Yes	NA	1099	Not Applicable	1099	LIVING	NO EVENT
BS_GC2J7SWH	PT_TTKZWQG5	PBTA	CBTN	C1273050	PT_TTKZWQG5_7316-4334_Solid Tissue_Initial CNS Tumor	7316-4334	Tumor	Initial CNS Tumor	Solid Tissue	NA	Diffuse astrocytic and oligodendroglial tumor	High-grade glioma	HGG, To be classified	NA	High-grade glioma/astrocytoma (WHO grade III/IV)	glioblastoma multiforme	Other locations NOS	Other	Unavailable	poly-A stranded	7583	White	Not Hispanic or Latino	Female	NA	None documented	Other high-grade glioma	#ffccf5	Yes	NA	Not Reported	Not Applicable	Not Reported	LIVING	NO EVENT
BS_GC3CH9TY	PT_EJ8TKG2Z	PBTA	CBTN	C907125	PT_EJ8TKG2Z_7316-3571_Solid Tissue_Progressive	7316-3571	Tumor	Progressive	Solid Tissue	NA	Tumors of sellar region	Craniopharyngioma	CRANIO, To be classified	NA	Craniopharyngioma	craniopharyngioma	Suprasellar/Hypothalamic/Pituitary	Suprasellar	Gross/Near total resection	stranded	1901	Black or African American	Not Hispanic or Latino	Male	Male	None documented	Craniopharyngioma	#b2502d	No	AFR	651	Progressive	2144	LIVING	EVENT
BS_GCA4GET3	PT_6TKJRSPW	PBTA	CBTN	C35670	PT_6TKJRSPW_7316-162_Solid Tissue_Initial CNS Tumor	7316-162	Tumor	Initial CNS Tumor	Solid Tissue	NA	Low-grade astrocytic tumor	Low-grade glioma	LGG, KIAA1549-BRAF	NA	Low-grade glioma/astrocytoma (WHO grade I/II)	pilocytic astrocytoma grade ii	Cerebellum/Posterior Fossa	Posterior fossa	Gross/Near total resection	stranded	6286	Black or African American	Not Hispanic or Latino	Male	Male	None documented	Low-grade glioma	#8f8fbf	Yes	AFR	379	Not Applicable	379	LIVING	NO EVENT
BS_GCQFGDTX	PT_PJSV0X4X	PBTA	CBTN	C129642	PT_PJSV0X4X_7316-843_Solid Tissue_Recurrence	7316-843	Tumor	Recurrence	Solid Tissue	NA	Embryonal tumor	Medulloblastoma	MB, Group3	MB, Group3	Medulloblastoma	medulloblastoma	Cerebellum/Posterior Fossa	Posterior fossa	Unavailable	stranded	2241	Reported Unknown	Not Available	Male	NA	None documented	Medulloblastoma	#a340ff	No	NA	397	Recurrence	397	LIVING	EVENT
BS_GDHH6T5A	PT_K8ZV7APT	PBTA	CBTN	C15129	PT_K8ZV7APT_7316-10_Solid Tissue_Initial CNS Tumor	7316-10	Tumor	Initial CNS Tumor	Solid Tissue	NA	Tumor of cranial and paraspinal nerves	Neurofibroma/Plexiform	NA	NA	Neurofibroma/Plexiform	neurofibroma/plexiform	Spinal Cord- Lumbar/Thecal Sac	Spine	Partial resection	stranded	3899	Black or African American	Not Hispanic or Latino	Female	Female	Neurofibromatosis, Type 1 (NF-1)	Neurofibroma plexiform	#e6ac39	No	AFR	4408	Progressive	7175	LIVING	EVENT
BS_GE2RVZE6	PT_TKWTTRQ7	PBTA	CBTN	C84747	PT_TKWTTRQ7_7316-407_Solid Tissue_Progressive	7316-407	Tumor	Progressive	Solid Tissue	NA	Embryonal tumor	Medulloblastoma	MB, Group4	MB, Group4	Medulloblastoma	medulloblastoma	Cerebellum/Posterior Fossa	Posterior fossa	Partial resection	stranded	5075	White	Not Hispanic or Latino	Male	Male	None documented	Medulloblastoma	#a340ff	No	EUR	1408	Recurrence	3323	DECEASED	EVENT
BS_GF8MHY11	PT_Y5KY6KN9	PBTA	PBTA-X01-FY22	C56826	PT_Y5KY6KN9_7316-195_Derived Cell Line_Initial CNS Tumor_Serum-free_14	7316-195	Tumor	Initial CNS Tumor	Derived Cell Line	Serum-free	Diffuse astrocytic and oligodendroglial tumor	Diffuse midline glioma	DMG, H3 K28, TP53	NA	High-grade glioma/astrocytoma (WHO grade III/IV)	glioblastoma multiforme	Cerebellum/Posterior Fossa	Posterior fossa	Partial resection	poly-A stranded	3296	White	Not Hispanic or Latino	Male	Male	None documented	DIPG or DMG	#ff40d9	No	EUR	276	Deceased-due to disease	276	DECEASED	EVENT
BS_GFM6EA61	PT_HFQNKP5X	PBTA	CBTN	C182778	PT_HFQNKP5X_7316-921_Solid Tissue_Progressive	7316-921	Tumor	Progressive	Solid Tissue	NA	Chordoma	Chordoma	CHDM, conventional	NA	Chordoma	chordoma	Skull	Other	Gross/Near total resection	stranded	1625	Reported Unknown	Hispanic or Latino	Female	Female	None documented	Mesenchymal tumor	#7fbf00	No	EUR	28	Progressive	1155	DECEASED	EVENT
BS_GG9W3J9Y	PT_J5NSRW1Y	PBTA	CBTN	C992733	PT_J5NSRW1Y_7316-3817_Solid Tissue_Initial CNS Tumor	7316-3817	Tumor	Initial CNS Tumor	Solid Tissue	NA	Diffuse astrocytic and oligodendroglial tumor	High-grade glioma	HGG, H3 wildtype	HGG, H3 wildtype	High-grade glioma/astrocytoma (WHO grade III/IV)	glioblastoma, idh-1 negative, who grade iv	Frontal Lobe	Hemispheric	Partial resection	stranded	4599	Black or African American	Not Hispanic or Latino	Male	Male	None documented	Other high-grade glioma	#ffccf5	Yes	AFR	373	Progressive	492	DECEASED	EVENT
BS_GGJ3SQ51	PT_YV130SEM	PBTA	PBTA-X01-FY22	C2381157	PT_YV130SEM_7316-5316_Solid Tissue_Initial CNS Tumor	7316-5316	Tumor	Initial CNS Tumor	Solid Tissue	NA	Benign tumor	NA	NA	NA	Other	dermoid cyst	Other locations NOS	Other	Gross/Near total resection	poly-A stranded	694	White	Not Hispanic or Latino	Female	Female	None documented	Non-neoplastic tumor	#FFF5EB	Yes	EUR	229	Not Applicable	229	LIVING	NO EVENT
BS_GGXGNP9S	PT_F1PXEJMQ	PBTA	PBTA-X01-FY22	C2358525	PT_F1PXEJMQ_7316-7049_Derived Cell Line_Initial CNS Tumor_Serum-free_14	7316-7049	Tumor	Initial CNS Tumor	Derived Cell Line	Serum-free	Diffuse astrocytic and oligodendroglial tumor	Diffuse intrinsic pontine glioma	DIPG, To be classified	NA	Brainstem glioma- Diffuse intrinsic pontine glioma	dipg	Brain Stem- Pons	Midline	Biopsy only	poly-A stranded	2029	Reported Unknown	Not Available	Female	NA	None documented	DIPG or DMG	#ff40d9	No	NA	143	Deceased-due to disease	143	DECEASED	EVENT
BS_GH7Z6YTG	PT_EQX0VT4F	PBTA	PBTA-X01-FY22	C2760735	PT_EQX0VT4F_7316-9052_Solid Tissue_Recurrence	7316-9052	Tumor	Recurrence	Solid Tissue	NA	Ependymal tumor	Ependymoma	EPN, PF A	EPN, PF A	Ependymoma	posterior fossa ependymoma, type a, residual/recurrent, metastatic	Cerebellum/Posterior Fossa	Posterior fossa	Partial resection	poly-A stranded	536	White	Not Hispanic or Latino	Male	Male	None documented	Ependymoma	#2200ff	No	EUR	596	Recurrence - Metastatic	1207	DECEASED	EVENT
BS_GHNJ4CYC	PT_1J2DT6MM	PBTA	CBTN	C623856	PT_1J2DT6MM_7316-2184_Solid Tissue_Initial CNS Tumor	7316-2184	Tumor	Initial CNS Tumor	Solid Tissue	NA	Low-grade astrocytic tumor	Low-grade glioma	LGG, KIAA1549-BRAF	LGG, BRAF/MAPK	Low-grade glioma/astrocytoma (WHO grade I/II)	low grade glioma	Cerebellum/Posterior Fossa	Posterior fossa	Gross/Near total resection	stranded	3602	White	Not Hispanic or Latino	Female	Female	None documented	Low-grade glioma	#8f8fbf	Yes	EUR	1959	Not Applicable	1959	LIVING	NO EVENT
BS_GJ1AJVVV	PT_GTHZF21E	PBTA	PBTA-X01-FY22	C3232317	PT_GTHZF21E_7316-9066_Solid Tissue_Deceased	7316-9066	Tumor	Deceased	Solid Tissue	NA	Diffuse astrocytic and oligodendroglial tumor	Diffuse midline glioma	DMG, H3 K28, TP53	DMG, H3 K28	High-grade glioma/astrocytoma (WHO grade III/IV)	thalamic dmg	Brain Stem- Pons;Cerebellum/Posterior Fossa;Frontal Lobe;Parietal Lobe;Spinal Cord- Cervical;Spinal Cord- Lumbar/Thecal Sac;Spinal Cord- Thoracic;Thalamus;Ventricles	Mixed	NA	poly-A stranded	3795	Reported Unknown	Not Hispanic or Latino	Female	Female	None documented	DIPG or DMG	#ff40d9	No	AFR	192	Progressive	527	DECEASED	EVENT
BS_GJNCYABP	PT_7MZRW1DH	PBTA	CBTN	C663708	PT_7MZRW1DH_7316-2582_Solid Tissue_Initial CNS Tumor	7316-2582	Tumor	Initial CNS Tumor	Solid Tissue	NA	Embryonal tumor	Atypical Teratoid Rhabdoid Tumor	ATRT, To be classified	NA	Atypical Teratoid Rhabdoid Tumor (ATRT)	atrt	Frontal Lobe	Hemispheric	Gross/Near total resection	stranded	5688	White	Not Hispanic or Latino	Female	Female	None documented	Atypical Teratoid Rhabdoid Tumor	#4d0d85	Yes	EUR	591	Recurrence	706	DECEASED	EVENT
BS_GKDWPV3K	PT_1NBHNPE4	PBTA	PBTA-X01-FY22	C870348	PT_1NBHNPE4_7316-3193_Solid Tissue_Initial CNS Tumor	7316-3193	Tumor	Initial CNS Tumor	Solid Tissue	NA	Embryonal tumor	Atypical Teratoid Rhabdoid Tumor	ATRT, To be classified	NA	Atypical Teratoid Rhabdoid Tumor (ATRT)	atypical teratoid rhabdoid tumor who grade iv	Cerebellum/Posterior Fossa;Ventricles	Mixed	Gross/Near total resection	poly-A stranded	376	White	Not Hispanic or Latino	Male	Male	None documented	Atypical Teratoid Rhabdoid Tumor	#4d0d85	Yes	EUR	1199	Not Applicable	1199	LIVING	NO EVENT
BS_GKWT3J9X	PT_9CSACR9N	PBTA	Oligo	C312174	PT_9CSACR9N_7316UP-1136_Solid Tissue_Residual	7316UP-1136	Tumor	Residual	Solid Tissue	NA	Diffuse astrocytic and oligodendroglial tumor	Oligodendroglioma	NA	NA	Oligodendroglioma	NA	Cerebrum	Hemispheric	NA	stranded	8490	White	Not Hispanic or Latino	Female	Female	None documented	Oligodendroglioma	tan	No	EUR	NA	NA	NA	NA	NO EVENT
BS_GKZZJ29B	PT_RY0GF9JR	PBTA	PBTA-X01-FY22	C2803293	PT_RY0GF9JR_7316-6974_Solid Tissue_Recurrence	7316-6974	Tumor	Recurrence	Solid Tissue	NA	Ependymal tumor	Ependymoma	EPN, To be classified	NA	Ependymoma	residual/recurrent ependymoma, who grade ii	Ventricles	Ventricles	Gross/Near total resection	poly-A stranded	6453	Reported Unknown	Hispanic or Latino	Male	Male	None documented	Ependymoma	#2200ff	No	AMR	1050	Recurrence	1794	LIVING	EVENT
BS_GM5Y63D2	PT_062ZW10V	PBTA	PBTA-X01-FY22	C2344749	PT_062ZW10V_7316-5423_Solid Tissue_Deceased	7316-5423	Tumor	Deceased	Solid Tissue	NA	Neuronal and mixed neuronal-glial tumor	Glial-neuronal tumor NOS	GNT, FGFR	NA	Glial-neuronal tumor NOS	metastatic glioneuronal tumor	Cerebellum/Posterior Fossa;Cranial Nerves NOS;Spinal Cord- Lumbar/Thecal Sac;Spinal Cord- Thoracic;Spine NOS	Mixed	NA	poly-A stranded	7123	White	Not Hispanic or Latino	Male	Male	None documented	Mixed neuronal-glial tumor	#685815	No	EUR	878	Recurrence - Metastatic	1175	DECEASED	EVENT
BS_GM9Y3AZ5	PT_P4GDWHXA	PBTA	CBTN	C112053	PT_P4GDWHXA_7316-477_Solid Tissue_Recurrence	7316-477	Tumor	Recurrence	Solid Tissue	NA	Meningioma	Meningioma	NA	NA	Meningioma	meningioma	Other locations NOS	Other	Gross/Near total resection	stranded	6186	White	Not Hispanic or Latino	Female	NA	None documented	Meningioma	#2db398	No	NA	1727	Recurrence	1727	LIVING	EVENT
BS_GMDQK06Q	PT_FAQWD7GX	PBTA	CBTN	C625701	PT_FAQWD7GX_7316-2311_Solid Tissue_Initial CNS Tumor	7316-2311	Tumor	Initial CNS Tumor	Solid Tissue	NA	Tumors of sellar region	Craniopharyngioma	CRANIO, To be classified	NA	Craniopharyngioma	craniopharyngioma, who grade i	Suprasellar/Hypothalamic/Pituitary;Ventricles	Mixed	Partial resection	stranded	2195	White	Not Hispanic or Latino	Male	Male	None documented	Craniopharyngioma	#b2502d	Yes	EUR	2338	Not Applicable	2338	LIVING	NO EVENT
BS_GMF4ABXJ	PT_VN9SKYQQ	PBTA	PBTA-X01-FY22	C1227417	PT_VN9SKYQQ_7316-4456_Solid Tissue_Initial CNS Tumor	7316-4456	Tumor	Initial CNS Tumor	Solid Tissue	NA	Low-grade astrocytic tumor	Ganglioglioma	GNG, wildtype	NA	Ganglioglioma	ganglioglioma, who grade 1	Cerebellum/Posterior Fossa	Posterior fossa	Partial resection	poly-A stranded	2983	White	Not Hispanic or Latino	Male	Male	None documented	Mixed neuronal-glial tumor	#685815	Yes	EUR	2184	Not Applicable	2184	LIVING	NO EVENT
BS_GMJBGBWB	PT_8GBF5MTD	PBTA	CBTN	C71094	PT_8GBF5MTD_7316-166_Solid Tissue_Initial CNS Tumor	7316-166	Tumor	Initial CNS Tumor	Solid Tissue	NA	Tumors of sellar region	Adamantinomatous Craniopharyngioma	CRANIO, ADAM	NA	Craniopharyngioma	craniopharyngioma	Suprasellar/Hypothalamic/Pituitary	Suprasellar	Gross/Near total resection	stranded	1985	Black or African American	Not Hispanic or Latino	Male	Male	None documented	Craniopharyngioma	#b2502d	Yes	AFR	3373	Not Applicable	3373	LIVING	NO EVENT
BS_GN80ZQ39	PT_H8MG4MRQ	PBTA	PBTA-X01-FY22	C4065396	PT_H8MG4MRQ_7316-6835_Solid Tissue_Initial CNS Tumor	7316-6835	Tumor	Initial CNS Tumor	Solid Tissue	NA	Choroid plexus tumor	Choroid plexus tumor	NA	NA	Choroid plexus papilloma	choroid plexus papilloma	Ventricles	Ventricles	Gross/Near total resection	poly-A stranded	516	Reported Unknown	Not Available	Male	Male	None documented	Choroid plexus tumor	#00441B	Yes	EUR	Not Reported	Not Applicable	Not Reported	LIVING	NO EVENT
BS_GNV89A5P	PT_45P9F9MD	PBTA	CBTN	C27552	PT_45P9F9MD_7316-314_Solid Tissue_Initial CNS Tumor	7316-314	Tumor	Initial CNS Tumor	Solid Tissue	NA	Embryonal tumor	Medulloblastoma	MB, Group4	MB, Group4	Medulloblastoma	medulloblastoma	Cerebellum/Posterior Fossa	Posterior fossa	Gross/Near total resection	stranded	3856	White	Not Hispanic or Latino	Female	Female	None documented	Medulloblastoma	#a340ff	Yes	EUR	2704	Second Malignancy	3221	LIVING	EVENT
BS_GNY82SA4	PT_GTHZF21E	PBTA	PBTA-X01-FY22	C3232317	PT_GTHZF21E_7316-9066_Solid Tissue_Deceased	7316-9066	Tumor	Deceased	Solid Tissue	NA	Diffuse astrocytic and oligodendroglial tumor	Diffuse midline glioma	DMG, H3 K28, TP53	DMG, H3 K28	High-grade glioma/astrocytoma (WHO grade III/IV)	thalamic dmg	Brain Stem- Pons;Cerebellum/Posterior Fossa;Frontal Lobe;Parietal Lobe;Spinal Cord- Cervical;Spinal Cord- Lumbar/Thecal Sac;Spinal Cord- Thoracic;Thalamus;Ventricles	Mixed	NA	poly-A stranded	3795	Reported Unknown	Not Hispanic or Latino	Female	Female	None documented	DIPG or DMG	#ff40d9	No	AFR	192	Progressive	527	DECEASED	EVENT
BS_GPEGRCCT	PT_YXJQGT69	PBTA	CBTN	C440832	PT_YXJQGT69_7316-934_Solid Tissue_Initial CNS Tumor	7316-934	Tumor	Initial CNS Tumor	Solid Tissue	NA	Low-grade astrocytic tumor	Low-grade glioma	LGG, BRAF V600E	NA	Low-grade glioma/astrocytoma (WHO grade I/II)	low grade glioma most c/w pilocytic/pilomyxoid astrocytoma	Occipital Lobe;Temporal Lobe	Hemispheric	Gross/Near total resection	stranded	6236	White	Not Hispanic or Latino	Female	Female	None documented	Low-grade glioma	#8f8fbf	Yes	EUR	556	Not Applicable	556	LIVING	NO EVENT
BS_GR46VD0Q	PT_S4YNE17X	PBTA	CBTN	C15744	PT_S4YNE17X_7316-2899_Solid Tissue_Initial CNS Tumor	7316-2899	Tumor	Initial CNS Tumor	Solid Tissue	NA	Low-grade astrocytic tumor	Low-grade glioma	LGG, wildtype	NA	Low-grade glioma/astrocytoma (WHO grade I/II)	low-grade glioma	Cerebellum/Posterior Fossa	Posterior fossa	Gross/Near total resection	stranded	1571	White	Not Hispanic or Latino	Female	Female	Neurofibromatosis, Type 2 (NF-2)	Low-grade glioma	#8f8fbf	No	EUR	3685	Progressive - Metastatic	7607	DECEASED	EVENT
BS_GS1KR5PK	PT_CXT81GRM	PBTA	CBTN	C146247	PT_CXT81GRM_7316-1772_Solid Tissue_Deceased	7316-1772	Tumor	Deceased	Solid Tissue	NA	Embryonal tumor	Medulloblastoma	MB, SHH	NA	Medulloblastoma	medullobastoma	Brain Stem- Midbrain/Tectum;Cerebellum/Posterior Fossa;Meninges/Dura;Occipital Lobe;Optic Pathway;Parietal Lobe;Temporal Lobe	Mixed	NA	stranded	1221	White	Not Hispanic or Latino	Male	Male	None documented	Medulloblastoma	#a340ff	No	EUR	16	Progressive - Metastatic	324	DECEASED	EVENT
BS_GS7Q2JHA	PT_360E6Z0S	PBTA	PBTA-X01-FY22	C3253842	PT_360E6Z0S_7316-5888_Solid Tissue_Initial CNS Tumor	7316-5888	Tumor	Initial CNS Tumor	Solid Tissue	NA	Ependymal tumor	Ependymoma	EPN, To be classified	NA	Ependymoma	anaplastic ependymoma	Cerebellum/Posterior Fossa	Posterior fossa	Partial resection	poly-A stranded	2533	Reported Unknown	Not Available	Female	Female	None documented	Ependymoma	#2200ff	Yes	EUR	Not Reported	Not Applicable	Not Reported	LIVING	NO EVENT
BS_GSVCN2XC	PT_YZ8A8A36	PBTA	CBTN	C139359	PT_YZ8A8A36_7316-723_Solid Tissue_Initial CNS Tumor	7316-723	Tumor	Initial CNS Tumor	Solid Tissue	NA	Choroid plexus tumor	Choroid plexus tumor	NA	NA	Choroid plexus carcinoma	choroid plexus carcinoma (who grade iii)	Frontal Lobe;Other locations NOS;Parietal Lobe;Temporal Lobe;Ventricles	Mixed	Gross/Near total resection	stranded	643	White	Not Hispanic or Latino	Female	Female	Li-Fraumeni syndrome (TP53)	Choroid plexus tumor	#00441B	Yes	EUR	115	Progressive	589	LIVING	EVENT
BS_GTZCFGRZ	PT_4ADZ9F53	PBTA	CBTN	C818811	PT_4ADZ9F53_7316-3060_Solid Tissue_Initial CNS Tumor	7316-3060	Tumor	Initial CNS Tumor	Solid Tissue	NA	Low-grade astrocytic tumor	Ganglioglioma	GNG, BRAF V600E, CDKN2A/B	NA	Ganglioglioma	ganglioglioma	Occipital Lobe;Temporal Lobe	Hemispheric	Gross/Near total resection	stranded	4366	Asian	Not Hispanic or Latino	Female	Female	None documented	Mixed neuronal-glial tumor	#685815	Yes	EAS	1871	Not Applicable	1871	LIVING	NO EVENT
BS_GV3NZ9QD	PT_N4PR21ME	PBTA	CBTN	C16728	PT_N4PR21ME_7316-330_Solid Tissue_Initial CNS Tumor	7316-330	Tumor	Initial CNS Tumor	Solid Tissue	NA	Ependymal tumor	Ependymoma	EPN, To be classified	NA	Ependymoma	anaplastic ependymoma (who grade iii)	Ventricles	Ventricles	Gross/Near total resection	stranded	887	White	Not Hispanic or Latino	Male	Male	None documented	Ependymoma	#2200ff	Yes	EUR	3360	Not Applicable	3360	LIVING	NO EVENT
BS_GVPKBXC1	PT_DVXE38EX	PBTA	PBTA-X01-FY22	C1169730	PT_DVXE38EX_7316-5764_Solid Tissue_Recurrence	7316-5764	Tumor	Recurrence	Solid Tissue	NA	Embryonal tumor	Atypical Teratoid Rhabdoid Tumor	ATRT, MYC	ATRT, MYC	Atypical Teratoid Rhabdoid Tumor (ATRT)	atrt	Temporal Lobe	Hemispheric	Gross/Near total resection	poly-A stranded	996	White	Not Hispanic or Latino	Male	Male	None documented	Atypical Teratoid Rhabdoid Tumor	#4d0d85	No	EUR	319	Recurrence	533	DECEASED	EVENT
BS_GW0GKWMS	PT_P2NGYMG5	PBTA	HOPE	C597288	PT_P2NGYMG5_7316-1956_Solid Tissue_Initial CNS Tumor	7316-1956	Tumor	Initial CNS Tumor	Solid Tissue	NA	Diffuse astrocytic and oligodendroglial tumor	Diffuse midline glioma	DMG, H3 K28	DMG, H3 K28	High-grade glioma/astrocytoma (WHO grade III/IV)	high grade glioma (who iv)	Cerebellum/Posterior Fossa	Posterior fossa	Partial resection	stranded	4559	White	Not Available	Female	Female	None documented	DIPG or DMG	#ff40d9	Yes	EUR	394	Deceased-due to disease	394	DECEASED	EVENT
BS_GWCRMKE6	PT_D5KHK0SS	PBTA	CBTN	C140466	PT_D5KHK0SS_7316-882_Solid Tissue_Progressive	7316-882	Tumor	Progressive	Solid Tissue	NA	Low-grade astrocytic tumor	Low-grade glioma	LGG, wildtype	NA	Low-grade glioma/astrocytoma (WHO grade I/II)	pilocytic astrocytoma	Optic Pathway	Optic pathway	Partial resection	stranded	5531	White	Not Hispanic or Latino	Male	Male	None documented	Low-grade glioma	#8f8fbf	No	EUR	231	Progressive	5034	LIVING	EVENT
BS_GWHYM3R4	PT_FA2F3HQG	PBTA	PBTA-X01-FY22	C991749	PT_FA2F3HQG_7316-3858_Solid Tissue_Initial CNS Tumor	7316-3858	Tumor	Initial CNS Tumor	Solid Tissue	NA	Diffuse astrocytic and oligodendroglial tumor	Diffuse midline glioma	DMG, H3 K28	DMG, H3 K28	Brainstem glioma- Diffuse intrinsic pontine glioma	diffuse midline glioma, h3 k27m-mutant who grade iv	Brain Stem- Pons	Midline	Biopsy only	poly-A stranded	1037	White	Not Hispanic or Latino	Female	Female	None documented	DIPG or DMG	#ff40d9	Yes	EUR	474	Deceased-due to disease	474	DECEASED	EVENT
BS_GWSJ4Z9H	PT_9GKVQ9QS	PBTA	PNOC	C3078690	PT_9GKVQ9QS_A05262_Solid Tissue_Initial CNS Tumor	A05262	Tumor	Initial CNS Tumor	Solid Tissue	NA	Diffuse astrocytic and oligodendroglial tumor	Diffuse midline glioma	DMG, H3 K28, TP53	NA	Brainstem glioma- Diffuse intrinsic pontine glioma	Anaplastic Astrocytoma	Pons/Brainstem	Midline	NA	poly-A	2097	Reported Unknown	Hispanic or Latino	Female	Female	None documented	DIPG or DMG	#ff40d9	Yes	AMR	NA	NA	171	DECEASED	NO EVENT
BS_GXTFW99H	PT_HNZNZ635	PBTA	CBTN	C801468	PT_HNZNZ635_7316-2151_Derived Cell Line_Progressive_Serum-based_5	7316-2151	Tumor	Progressive	Derived Cell Line	Serum-based	Diffuse astrocytic and oligodendroglial tumor	High-grade glioma	HGG, H3 wildtype	NA	High-grade glioma/astrocytoma (WHO grade III/IV)	anaplastic astrocytoma	Thalamus	Midline	Partial resection	stranded	2199	White	Hispanic or Latino	Male	Male	None documented	Other high-grade glioma	#ffccf5	No	AMR	78	Progressive	560	LIVING	EVENT
BS_GYA4V1RD	PT_XWVQW6JX	PBTA	CBTN	C883509	PT_XWVQW6JX_7316-3556_Solid Tissue_Progressive	7316-3556	Tumor	Progressive	Solid Tissue	NA	Low-grade astrocytic tumor	Low-grade glioma	LGG, KIAA1549-BRAF	NA	Low-grade glioma/astrocytoma (WHO grade I/II)	pilocytic astrocytoma	Cerebellum/Posterior Fossa	Posterior fossa	Gross/Near total resection	stranded	4297	White	Not Hispanic or Latino	Male	Male	None documented	Low-grade glioma	#8f8fbf	No	EUR	379	Progressive	3449	LIVING	EVENT
BS_GYXSDZ56	PT_5P3XJ97K	PBTA	CBTN	C90405	PT_5P3XJ97K_7316-390_Solid Tissue_Initial CNS Tumor	7316-390	Tumor	Initial CNS Tumor	Solid Tissue	NA	Low-grade astrocytic tumor	Low-grade glioma	LGG, KIAA1549-BRAF	NA	Low-grade glioma/astrocytoma (WHO grade I/II)	astrocytoma, pilocytic type.	Cerebellum/Posterior Fossa	Posterior fossa	Gross/Near total resection	stranded	4667	Reported Unknown	Not Hispanic or Latino	Male	Male	None documented	Low-grade glioma	#8f8fbf	Yes	EUR	1800	Not Applicable	1800	LIVING	NO EVENT
BS_GZFRDTV7	PT_5J562NEE	PBTA	CBTN	C1271574	PT_5J562NEE_7316-4323_Solid Tissue_Initial CNS Tumor	7316-4323	Tumor	Initial CNS Tumor	Solid Tissue	NA	Diffuse astrocytic and oligodendroglial tumor	High-grade glioma	HGG, To be classified	NA	High-grade glioma/astrocytoma (WHO grade III/IV)	glioblastoma multiforme	Other locations NOS	Other	Unavailable	poly-A stranded	949	White	Not Hispanic or Latino	Male	NA	None documented	Other high-grade glioma	#ffccf5	Yes	NA	Not Reported	Not Applicable	Not Reported	LIVING	NO EVENT
BS_H0QWRJE2	PT_MDWPRDBT	PBTA	HOPE	C271092	PT_MDWPRDBT_7316-2146_Solid Tissue_Progressive	7316-2146	Tumor	Progressive	Solid Tissue	NA	Diffuse astrocytic and oligodendroglial tumor	High-grade glioma	HGG, H3 wildtype	NA	High-grade glioma/astrocytoma (WHO grade III/IV)	high grade malignant glioma	Cerebellum/Posterior Fossa;Frontal Lobe;Meninges/Dura	Midline	Gross/Near total resection	stranded	980	White	Not Hispanic or Latino	Female	Female	None documented	Other high-grade glioma	#ffccf5	No	EUR	547	Recurrence - Metastatic	1250	DECEASED	EVENT
BS_H0TJS3RZ	PT_MXVNR2GC	PBTA	PBTA-X01-FY22	C2859135	PT_MXVNR2GC_7316-7095_Solid Tissue_Initial CNS Tumor	7316-7095	Tumor	Initial CNS Tumor	Solid Tissue	NA	Low-grade astrocytic tumor	Ganglioglioma	GNG, MYB/MYBL1	NA	Ganglioglioma	neuronal-glial tumor most c/w ganglioglioma without detectable mutation/rearrangement, who grade i	Parietal Lobe	Hemispheric	Gross/Near total resection	poly-A stranded	2192	White	Not Hispanic or Latino	Male	Male	None documented	Mixed neuronal-glial tumor	#685815	Yes	EUR	1083	Not Applicable	1083	LIVING	NO EVENT
BS_H1448C01	PT_17PX8NQ8	PBTA	PBTA-X01-FY22	C2462706	PT_17PX8NQ8_7316-5486_Solid Tissue_Progressive	7316-5486	Tumor	Progressive	Solid Tissue	NA	Germ cell tumor	Teratoma	NA	NA	Teratoma	mature teratoma	Other locations NOS	Other	Partial resection	poly-A stranded	95	Black or African American	Not Hispanic or Latino	Female	Female	None documented	Germ cell tumor	#0074d9	No	AFR	35	Progressive	1445	LIVING	EVENT
BS_H18EDRJK	PT_1VCHZ5P4	PBTA	PBTA-X01-FY22	C3665523	PT_1VCHZ5P4_7316-8858_Solid Tissue_Progressive	7316-8858	Tumor	Progressive	Solid Tissue	NA	Tumors of sellar region	Adamantinomatous Craniopharyngioma	CRANIO, ADAM	CRANIO, ADAM	Craniopharyngioma	craniopharyngioma adamantinomatous type	Suprasellar/Hypothalamic/Pituitary	Suprasellar	Partial resection	poly-A stranded	6011	White	Not Hispanic or Latino	Male	Male	None documented	Craniopharyngioma	#b2502d	No	EUR	90	Progressive	90	LIVING	EVENT
BS_H1XPVS9A	PT_T8V9ES93	PBTA	CBTN	C334437	PT_T8V9ES93_7316-1106_Solid Tissue_Initial CNS Tumor	7316-1106	Tumor	Initial CNS Tumor	Solid Tissue	NA	Diffuse astrocytic and oligodendroglial tumor	Pleomorphic xanthoastrocytoma	HGG, PXA	NA	High-grade glioma/astrocytoma (WHO grade III/IV)	malignant pxa	Temporal Lobe	Hemispheric	Gross/Near total resection	stranded	6081	White	Not Hispanic or Latino	Male	Male	None documented	Other high-grade glioma	#ffccf5	Yes	EUR	Not Reported	Not Applicable	Not Reported	LIVING	NO EVENT
BS_H1ZS5FMZ	PT_MXK5R7RJ	PBTA	CBTN	C135300	PT_MXK5R7RJ_7316-1055_Solid Tissue_Second Malignancy	7316-1055	Tumor	Second Malignancy	Solid Tissue	NA	Diffuse astrocytic and oligodendroglial tumor	High-grade glioma	HGG, To be classified	NA	High-grade glioma/astrocytoma (WHO grade III/IV)	glioblastoma multiforme (gbm), who grade iv	Frontal Lobe	Hemispheric	Unavailable	stranded	5789	Reported Unknown	Hispanic or Latino	Female	NA	None documented	Other high-grade glioma	#ffccf5	No	NA	2322	Second Malignancy	2511	DECEASED	EVENT
BS_H3FE3TH9	PT_1BV6ND1D	PBTA	CBTN	C908601	PT_1BV6ND1D_7316-3203_Solid Tissue_Initial CNS Tumor	7316-3203	Tumor	Initial CNS Tumor	Solid Tissue	NA	Low-grade astrocytic tumor	Low-grade glioma	LGG, KIAA1549-BRAF	NA	Low-grade glioma/astrocytoma (WHO grade I/II)	pilocytic astrocytoma, who grade i	Cerebellum/Posterior Fossa	Posterior fossa	Gross/Near total resection	stranded	1453	Black or African American	Not Hispanic or Latino	Female	Female	None documented	Low-grade glioma	#8f8fbf	Yes	AFR	1069	Not Applicable	1069	LIVING	NO EVENT
BS_H3Y8FWHV	PT_BWFTKJXT	PBTA	CBTN	C408975	PT_BWFTKJXT_7316-1094_Solid Tissue_Initial CNS Tumor	7316-1094	Tumor	Initial CNS Tumor	Solid Tissue	NA	Tumor of cranial and paraspinal nerves	Schwannoma	NA	NA	Schwannoma	schwannoma	Cranial Nerves NOS	Other	Gross/Near total resection	stranded	6786	White	Not Hispanic or Latino	Male	Male	None documented	Schwannoma	#ab7200	Yes	EUR	Not Reported	Not Applicable	Not Reported	LIVING	NO EVENT
BS_H498QV3J	PT_QCR80TMD	PBTA	CBTN	C547104	PT_QCR80TMD_7316-2360_Solid Tissue_Recurrence	7316-2360	Tumor	Recurrence	Solid Tissue	NA	Diffuse astrocytic and oligodendroglial tumor	High-grade glioma	HGG, IDH	HGG, IDH	High-grade glioma/astrocytoma (WHO grade III/IV)	anaplastic astrocytoma	Frontal Lobe	Hemispheric	NA	poly-A stranded	6635	White	Not Available	Male	NA	None documented	Other high-grade glioma	#ffccf5	No	NA	425	Recurrence	578	DECEASED	EVENT
BS_H4B5Y6S0	PT_QYEF3JAT	PBTA	CBTN	C52890	PT_QYEF3JAT_7316-1460_Solid Tissue_Initial CNS Tumor	7316-1460	Tumor	Initial CNS Tumor	Solid Tissue	NA	Embryonal tumor	Medulloblastoma	MB, Group4	MB, Group4	Medulloblastoma	medulloblastoma	Cerebellum/Posterior Fossa;Meninges/Dura;Temporal Lobe	Mixed	Partial resection	stranded	4389	White	Not Hispanic or Latino	Male	NA	None documented	Medulloblastoma	#a340ff	Yes	NA	3312	Not Applicable	3312	LIVING	NO EVENT
BS_H4NXBD2D	PT_0CVRX4SJ	PBTA	CBTN	C132717	PT_0CVRX4SJ_7316-764_Solid Tissue_Initial CNS Tumor	7316-764	Tumor	Initial CNS Tumor	Solid Tissue	NA	Ependymal tumor	Ependymoma	EPN, ST ZFTA	EPN, ST ZFTA	Ependymoma	anaplastic  ependymoma with clear cell features	Parietal Lobe	Hemispheric	Gross/Near total resection	stranded	766	Reported Unknown	Hispanic or Latino	Female	NA	None documented	Ependymoma	#2200ff	Yes	NA	1589	Recurrence	4558	LIVING	EVENT
BS_H5VQJR7X	PT_5Y0CE4WK	PBTA	PBTA-X01-FY22	C3985938	PT_5Y0CE4WK_7316-9838_Solid Tissue_Deceased	7316-9838	Tumor	Deceased	Solid Tissue	NA	Diffuse astrocytic and oligodendroglial tumor	Diffuse midline glioma	DMG, H3 K28	DMG, H3 K28	Brainstem glioma- Diffuse intrinsic pontine glioma	dmg, h3k27m mutant, who gr iv	Brain Stem- Midbrain/Tectum;Brain Stem- Pons;Cerebellum/Posterior Fossa;Suprasellar/Hypothalamic/Pituitary;Thalamus	Mixed	NA	poly-A stranded	2012	Reported Unknown	Not Available	Unknown	Female	Not Reported	DIPG or DMG	#ff40d9	No	EUR	Not Reported	Deceased-due to disease	Not Reported	NA	EVENT
BS_H6YSDEDB	PT_1JP2ANQK	PBTA	PBTA-X01-FY22	C1077726	PT_1JP2ANQK_7316-6353_Solid Tissue_Progressive	7316-6353	Tumor	Progressive	Solid Tissue	NA	Mesenchymal non-meningothelial tumor	Ewing sarcoma	EWS	EWS	Ewings Sarcoma	recurrent/metastatic ewing's sarcoma with fusion gene ewsr1 6-erg 12	Other locations NOS;Spinal Cord- Cervical	Mixed	Partial resection	poly-A stranded	1909	White	Not Hispanic or Latino	Male	Male	None documented	Mesenchymal tumor	#7fbf00	No	EUR	1801	Progressive - Metastatic	2478	DECEASED	EVENT
BS_H8A9PSYA	PT_XSS1ANXD	PBTA	CBTN	C121524	PT_XSS1ANXD_7316-495_Solid Tissue_Initial CNS Tumor	7316-495	Tumor	Initial CNS Tumor	Solid Tissue	NA	Low-grade astrocytic tumor	Low-grade glioma	LGG, KIAA1549-BRAF	NA	Low-grade glioma/astrocytoma (WHO grade I/II)	pilocytic astrocytoma (who grade i)	Cerebellum/Posterior Fossa	Posterior fossa	Gross/Near total resection	stranded	1391	White	Not Hispanic or Latino	Male	Male	None documented	Low-grade glioma	#8f8fbf	Yes	EUR	1974	Not Applicable	1974	LIVING	NO EVENT
BS_H97S5SQN	PT_DMAF1J4A	PBTA	PNOC	C3093204	PT_DMAF1J4A_A18552_Solid Tissue_Initial CNS Tumor	A18552	Tumor	Initial CNS Tumor	Solid Tissue	NA	Diffuse astrocytic and oligodendroglial tumor	Diffuse midline glioma	DMG, H3 K28, TP53	NA	Brainstem glioma- Diffuse intrinsic pontine glioma	Diffuse midline glioma, H3K27M mutant, WHO grade IV	Pons/Brainstem	Midline	NA	poly-A	2233	White	Not Hispanic or Latino	Male	Female	None documented	DIPG or DMG	#ff40d9	Yes	EUR	NA	NA	421	DECEASED	NO EVENT
BS_H9EX5WX3	PT_J4AD2XSC	PBTA	PBTA-X01-FY22	C2466519	PT_J4AD2XSC_7316-6032_Solid Tissue_Initial CNS Tumor	7316-6032	Tumor	Initial CNS Tumor	Solid Tissue	NA	Low-grade astrocytic tumor	Low-grade glioma	LGG, KIAA1549-BRAF	NA	Low-grade glioma/astrocytoma (WHO grade I/II)	pilocytic astrocytoma	Cerebellum/Posterior Fossa	Posterior fossa	Gross/Near total resection	poly-A stranded	4107	White	Not Hispanic or Latino	Male	Male	None documented	Low-grade glioma	#8f8fbf	Yes	EUR	1838	Not Applicable	1838	LIVING	NO EVENT
BS_HA20Y4XY	PT_4ZSR5DY8	PBTA	CBTN	C62730	PT_4ZSR5DY8_7316-2667_Solid Tissue_Progressive	7316-2667	Tumor	Progressive	Solid Tissue	NA	Low-grade astrocytic tumor	Low-grade glioma	LGG, NF1-germline, FGFR	NA	Low-grade glioma/astrocytoma (WHO grade I/II)	low-grade glioma	Cerebellum/Posterior Fossa	Posterior fossa	NA	stranded	4150	White	Not Hispanic or Latino	Male	Male	Neurofibromatosis, Type 1 (NF-1)	Low-grade glioma	#8f8fbf	No	EUR	486	Progressive	6028	LIVING	EVENT
BS_HB03GSHF	PT_CWA1405H	PBTA	CBTN	C710325	PT_CWA1405H_7316-2252_Solid Tissue_Initial CNS Tumor	7316-2252	Tumor	Initial CNS Tumor	Solid Tissue	NA	Embryonal tumor	Medulloblastoma	MB, WNT	MB, WNT	Medulloblastoma	medulloblastoma, who grade 4	Cerebellum/Posterior Fossa	Posterior fossa	Gross/Near total resection	stranded	3475	White	Not Hispanic or Latino	Male	Female	None documented	Medulloblastoma	#a340ff	Yes	EUR	Not Reported	Not Applicable	Not Reported	LIVING	NO EVENT
BS_HBJZR69P	PT_8WNA6M94	PBTA	CBTN	C704790	PT_8WNA6M94_7316-1983_Solid Tissue_Initial CNS Tumor	7316-1983	Tumor	Initial CNS Tumor	Solid Tissue	NA	Tumor of cranial and paraspinal nerves	Schwannoma	NA	NA	Schwannoma	schwannoma	Spine NOS	Spine	Gross/Near total resection	stranded	3529	White	Not Hispanic or Latino	Female	Female	None documented	Schwannoma	#ab7200	Yes	EUR	Not Reported	Not Applicable	Not Reported	LIVING	NO EVENT
BS_HC44ZA0V	PT_8RB7TPS2	PBTA	CBTN	C21771	PT_8RB7TPS2_7316-322_Solid Tissue_Initial CNS Tumor	7316-322	Tumor	Initial CNS Tumor	Solid Tissue	NA	Ependymal tumor	Ependymoma	EPN, To be classified	NA	Ependymoma	ependymoma who grade ii	Temporal Lobe	Hemispheric	Partial resection	stranded	4073	White	Not Hispanic or Latino	Male	Male	None documented	Ependymoma	#2200ff	Yes	EUR	2958	Not Applicable	2958	LIVING	NO EVENT
BS_HC5M8JTC	PT_K39HM2JF	PBTA	CBTN	C409959	PT_K39HM2JF_7316-1084_Solid Tissue_Initial CNS Tumor	7316-1084	Tumor	Initial CNS Tumor	Solid Tissue	NA	Low-grade astrocytic tumor	Low-grade glioma	LGG, BRAF V600E	NA	Low-grade glioma/astrocytoma (WHO grade I/II)	low grade astrocytoma with braf v600 e mutation	Brain Stem- Midbrain/Tectum;Pineal Gland	Midline	Partial resection	stranded	7619	White	Not Hispanic or Latino	Female	Female	None documented	Low-grade glioma	#8f8fbf	Yes	EUR	Not Reported	Not Applicable	Not Reported	LIVING	NO EVENT
BS_HCP5C912	PT_WG5PHHSQ	PBTA	CBTN	C654360	PT_WG5PHHSQ_7316-1962_Solid Tissue_Initial CNS Tumor	7316-1962	Tumor	Initial CNS Tumor	Solid Tissue	NA	Meningioma	Meningioma	NA	NA	Other	meningioangiomatosis	Temporal Lobe	Hemispheric	Gross/Near total resection	stranded	4176	White	Not Hispanic or Latino	Female	Female	None documented	Meningioma	#2db398	Yes	EUR	Not Reported	Not Applicable	Not Reported	LIVING	NO EVENT
BS_HD33RVPJ	PT_GY0MCXR8	PBTA	PBTA-X01-FY22	C147477	PT_GY0MCXR8_7316-683_Solid Tissue_Initial CNS Tumor	7316-683	Tumor	Initial CNS Tumor	Solid Tissue	NA	Embryonal tumor	Medulloblastoma	MB, WNT	MB, WNT	Medulloblastoma	medulloblastoma with focal anaplasia	Ventricles	Ventricles	Partial resection	poly-A stranded	2428	Reported Unknown	Not Hispanic or Latino	Male	Male	None documented	Medulloblastoma	#a340ff	Yes	EUR	6007	Not Applicable	6007	LIVING	NO EVENT
BS_HD4EJYE3	PT_EZS4SRH6	PBTA	CBTN	C143172	PT_EZS4SRH6_7316-676_Solid Tissue_Initial CNS Tumor	7316-676	Tumor	Initial CNS Tumor	Solid Tissue	NA	Embryonal tumor	Medulloblastoma	MB, Group4	MB, Group4	Medulloblastoma	medulloblastoma, who grade iv	Ventricles	Ventricles	Gross/Near total resection	stranded	4044	White	Not Hispanic or Latino	Male	Male	None documented	Medulloblastoma	#a340ff	Yes	EUR	3221	Not Applicable	3221	LIVING	NO EVENT
BS_HDHXX8Q7	PT_19GCSK2S	PBTA	PBTA-X01-FY22	C2751264	PT_19GCSK2S_7316-7622_Solid Tissue_Deceased	7316-7622	Tumor	Deceased	Solid Tissue	NA	Diffuse astrocytic and oligodendroglial tumor	Diffuse midline glioma	DMG, H3 K28, TP53	DMG, H3 K28	High-grade glioma/astrocytoma (WHO grade III/IV)	diffuse midline glioma, h3k27m-mutant, who grade iv	Cerebellum/Posterior Fossa;Hippocampus;Other locations NOS;Temporal Lobe;Thalamus	Mixed	NA	poly-A stranded	3363	White	Not Hispanic or Latino	Female	Female	None documented	DIPG or DMG	#ff40d9	No	EUR	96	Recurrence - Metastatic	203	DECEASED	EVENT
BS_HDPCQETG	PT_G3MPFYCD	PBTA	PBTA-X01-FY22	C3904758	PT_G3MPFYCD_7316-6535_Solid Tissue_Initial CNS Tumor	7316-6535	Tumor	Initial CNS Tumor	Solid Tissue	NA	Diffuse astrocytic and oligodendroglial tumor	High-grade glioma	HGG, H3 wildtype	HGG, H3 wildtype	High-grade glioma/astrocytoma (WHO grade III/IV)	diffuse pediatric-type high-grade glioma, h3-wildtype and idh-wildtype, who grade 4 subtype: pediatric-type high-grade glioma, mycn amplified	Suprasellar/Hypothalamic/Pituitary	Suprasellar	Partial resection	poly-A stranded	5426	White	Not Available	Male	Male	None documented	Other high-grade glioma	#ffccf5	Yes	EUR	202	Deceased-due to disease	202	DECEASED	EVENT
BS_HE0WJRW6	PT_JT9HH7M6	PBTA	HOPE	C15990	PT_JT9HH7M6_7316-1455_Solid Tissue_Initial CNS Tumor	7316-1455	Tumor	Initial CNS Tumor	Solid Tissue	NA	Diffuse astrocytic and oligodendroglial tumor	High-grade glioma	HGG, H3 wildtype, TP53	NA	High-grade glioma/astrocytoma (WHO grade III/IV)	giganto-cellular anaplastic astrocytoma with epithelial and neuronal differentiation, ia	Frontal Lobe	Hemispheric	Gross/Near total resection	stranded	636	Asian	Not Hispanic or Latino	Female	NA	Li-Fraumeni syndrome (TP53)	Other high-grade glioma	#ffccf5	Yes	NA	360	Recurrence	2596	DECEASED	EVENT
BS_HE57E1RP	PT_9DER14KH	PBTA	CBTN	C567522	PT_9DER14KH_7316-2230_Solid Tissue_Initial CNS Tumor	7316-2230	Tumor	Initial CNS Tumor	Solid Tissue	NA	Embryonal tumor	Medulloblastoma	MB, Group3	NA	Medulloblastoma	medulloblastoma with focal anaplasia, who grade iv	Cerebellum/Posterior Fossa;Ventricles	Mixed	Partial resection	stranded	3503	White	Not Hispanic or Latino	Male	Male	None documented	Medulloblastoma	#a340ff	Yes	EUR	104	Progressive - Metastatic	182	DECEASED	EVENT
BS_HF3RNN2T	PT_DFXQFYPV	PBTA	CBTN	C692613	PT_DFXQFYPV_7316-2155_Solid Tissue_Initial CNS Tumor	7316-2155	Tumor	Initial CNS Tumor	Solid Tissue	NA	Embryonal tumor	Medulloblastoma	MB, Group4	MB, Group4	Medulloblastoma	medulloblastoma	Cerebellum/Posterior Fossa;Suprasellar/Hypothalamic/Pituitary	Mixed	Partial resection	stranded	3606	White	Not Hispanic or Latino	Female	Female	None documented	Medulloblastoma	#a340ff	Yes	EUR	1731	Not Applicable	1731	LIVING	NO EVENT
BS_HFWZT2MY	PT_23NZGSRJ	PBTA	PBTA-X01-FY22	C698517	PT_23NZGSRJ_7316-4509_Solid Tissue_Deceased	7316-4509	Tumor	Deceased	Solid Tissue	NA	Embryonal tumor	Medulloblastoma	MB, Group3	MB, Group3	Medulloblastoma	medulloblastoma who grade iv	Cerebellum/Posterior Fossa;Meninges/Dura;Occipital Lobe;Parietal Lobe;Spinal Cord- Cervical;Spinal Cord- Thoracic	Mixed	NA	poly-A stranded	1484	White	Not Hispanic or Latino	Female	Female	None documented	Medulloblastoma	#a340ff	No	EUR	384	Progressive - Metastatic	599	DECEASED	EVENT
BS_HFZPE6ZA	PT_Z4BF2NSB	PBTA	PBTA-X01-FY22	C34809	PT_Z4BF2NSB_7316-5335_Derived Cell Line_Recurrence_Serum-free-1_7	7316-5335	Tumor	Recurrence	Derived Cell Line	Serum-free-1	Diffuse astrocytic and oligodendroglial tumor	High-grade glioma	HGG, H3 wildtype, TP53	NA	High-grade glioma/astrocytoma (WHO grade III/IV)	glioblastome multiforme who iv	Temporal Lobe	Hemispheric	Gross/Near total resection	poly-A stranded	5908	Reported Unknown	Hispanic or Latino	Male	Male	None documented	Other high-grade glioma	#ffccf5	No	AMR	2369	Recurrence	2561	DECEASED	EVENT
BS_HHPA8NJ2	PT_QW5VW2PY	PBTA	CBTN	C29028	PT_QW5VW2PY_7316-313_Solid Tissue_Initial CNS Tumor	7316-313	Tumor	Initial CNS Tumor	Solid Tissue	NA	Embryonal tumor	Medulloblastoma	MB, Group4	MB, Group4	Medulloblastoma	medulloblastoma with extensive desmoplasia	Cerebellum/Posterior Fossa	Posterior fossa	Gross/Near total resection	stranded	3655	White	Not Hispanic or Latino	Male	Male	None documented	Medulloblastoma	#a340ff	Yes	EUR	3332	Not Applicable	3332	LIVING	NO EVENT
BS_HJBVSPH7	PT_4E6BXP04	PBTA	PBTA-X01-FY22	C2405880	PT_4E6BXP04_7316-4968_Solid Tissue_Initial CNS Tumor	7316-4968	Tumor	Initial CNS Tumor	Solid Tissue	NA	Meningioma	Meningioma	NA	NA	Meningioma	atypical meningioma (who grade 2)	Parietal Lobe	Hemispheric	Gross/Near total resection	poly-A stranded	4594	White	Not Hispanic or Latino	Female	Female	None documented	Meningioma	#2db398	Yes	EUR	1232	Not Applicable	1232	LIVING	NO EVENT
BS_HJRTC9JQ	PT_VTM2STE3	PBTA	CBTN	C641691	PT_VTM2STE3_7316-2189_Solid Tissue_Progressive	7316-2189	Tumor	Progressive	Solid Tissue	NA	Diffuse astrocytic and oligodendroglial tumor	High-grade glioma	HGG, H3 wildtype, TP53	NA	High-grade glioma/astrocytoma (WHO grade III/IV)	recurrent/residual glioblastoma multiforme who iv	Frontal Lobe;Parietal Lobe;Temporal Lobe	Hemispheric	Partial resection	stranded	3316	White	Not Hispanic or Latino	Female	Female	Other inherited conditions NOS	Other high-grade glioma	#ffccf5	No	EUR	215	Progressive	299	LIVING	EVENT
BS_HJVKKWGP	PT_EQX0VT4F	PBTA	PBTA-X01-FY22	C2760735	PT_EQX0VT4F_7316-8838_Solid Tissue_Recurrence	7316-8838	Tumor	Recurrence	Solid Tissue	NA	Ependymal tumor	Ependymoma	EPN, PF A	EPN, PF A	Ependymoma	recurrent/residual anaplastic ependymoma	Cerebellum/Posterior Fossa	Posterior fossa	Partial resection	poly-A stranded	536	White	Not Hispanic or Latino	Male	Male	None documented	Ependymoma	#2200ff	No	EUR	596	Recurrence - Metastatic	1207	DECEASED	EVENT
BS_HK9P0Q4G	PT_K7NAC0JG	PBTA	PBTA-X01-FY22	C1060998	PT_K7NAC0JG_7316-4349_Solid Tissue_Initial CNS Tumor	7316-4349	Tumor	Initial CNS Tumor	Solid Tissue	NA	Low-grade astrocytic tumor	Low-grade glioma	LGG, wildtype	NA	Low-grade glioma/astrocytoma (WHO grade I/II)	pilocytic astrocytoma with fgfr1 mutation, who grade i	Cerebellum/Posterior Fossa	Posterior fossa	Gross/Near total resection	poly-A stranded	6338	Asian	Not Hispanic or Latino	Male	Male	None documented	Low-grade glioma	#8f8fbf	Yes	SAS	90	Not Applicable	90	LIVING	NO EVENT
BS_HKZENFDA	PT_DESHZ91V	PBTA	CBTN	C413034	PT_DESHZ91V_7316-2009_Solid Tissue_Initial CNS Tumor	7316-2009	Tumor	Initial CNS Tumor	Solid Tissue	NA	Embryonal tumor	Medulloblastoma	MB, Group4	MB, Group4	Medulloblastoma	meduloblastoma, who grade 4	Cerebellum/Posterior Fossa	Posterior fossa	Gross/Near total resection	stranded	5110	White	Not Hispanic or Latino	Male	NA	None documented	Medulloblastoma	#a340ff	Yes	NA	732	Not Applicable	732	LIVING	NO EVENT
BS_HKZZ9XW5	PT_KZ56XHJT	PBTA	PNOC	C3079551	PT_KZ56XHJT_7316-3234_Derived Cell Line_Progressive_Serum-free_27	7316-3234	Tumor	Progressive	Derived Cell Line	Serum-free	Diffuse astrocytic and oligodendroglial tumor	Diffuse midline glioma	DMG, H3 K28	NA	High-grade glioma/astrocytoma (WHO grade III/IV)	Anaplastic Astrocytoma	Pons/Brainstem	Midline	NA	poly-A stranded	2773	Reported Unknown	Not Available	Female	Female	None documented	DIPG or DMG	#ff40d9	No	AMR	NA	NA	241	DECEASED	NO EVENT
BS_HM0R6SXQ	PT_V41TGECC	PBTA	PBTA-X01-FY22	C2647575	PT_V41TGECC_7316-6646_Solid Tissue_Initial CNS Tumor	7316-6646	Tumor	Initial CNS Tumor	Solid Tissue	NA	Low-grade astrocytic tumor	Low-grade glioma	LGG, other MAPK	NA	Low-grade glioma/astrocytoma (WHO grade I/II)	pilocytic astrocytoma, who grade i, with gain of chromosome 5 and mutation in hnf1a	Temporal Lobe	Hemispheric	Gross/Near total resection	poly-A stranded	5603	White	Not Hispanic or Latino	Female	Female	None documented	Low-grade glioma	#8f8fbf	Yes	EUR	812	Not Applicable	812	LIVING	NO EVENT
BS_HM997M0B	PT_SYSCTVT8	PBTA	PBTA-X01-FY22	C2898003	PT_SYSCTVT8_7316-7113_Solid Tissue_Progressive	7316-7113	Tumor	Progressive	Solid Tissue	NA	Tumors of sellar region	Adamantinomatous Craniopharyngioma	CRANIO, ADAM	NA	Craniopharyngioma	craniopharyngioma, adamantinomatous type with ctnnb1 mutation, who grade i	Suprasellar/Hypothalamic/Pituitary	Suprasellar	Gross/Near total resection	poly-A stranded	3128	Reported Unknown	Not Hispanic or Latino	Male	Male	None documented	Craniopharyngioma	#b2502d	No	EUR	143	Progressive	241	LIVING	EVENT
BS_HMJD6DTA	PT_9BZETM0M	PBTA	PBTA-X01-FY22	C36285	PT_9BZETM0M_7316-5317_Derived Cell Line_Recurrence_Serum-free_11	7316-5317	Tumor	Recurrence	Derived Cell Line	Serum-free	Diffuse astrocytic and oligodendroglial tumor	Diffuse hemispheric glioma	DHG, H3 G35, TP53	NA	High-grade glioma/astrocytoma (WHO grade III/IV)	high grade diffuse astrocytoma	Frontal Lobe;Temporal Lobe	Hemispheric	Biopsy only	poly-A stranded	8828	White	Not Hispanic or Latino	Male	Male	None documented	Other high-grade glioma	#ffccf5	No	EUR	2305	Recurrence - Metastatic	2681	DECEASED	EVENT
BS_HNMQ7488	PT_X9NNW2E7	PBTA	PBTA-X01-FY22	C912537	PT_X9NNW2E7_7316-3682_Solid Tissue_Initial CNS Tumor	7316-3682	Tumor	Initial CNS Tumor	Solid Tissue	NA	Low-grade astrocytic tumor	Low-grade glioma	LGG, KIAA1549-BRAF	NA	Low-grade glioma/astrocytoma (WHO grade I/II)	pilocytic astrocytoma, who grade i	Brain Stem- Midbrain/Tectum	Midline	Biopsy only	poly-A stranded	677	White	Not Hispanic or Latino	Male	Male	None documented	Low-grade glioma	#8f8fbf	Yes	EUR	2971	Progressive	2971	LIVING	EVENT
BS_HPEYQCY8	PT_64CRJ580	PBTA	PBTA-X01-FY22	C1225326	PT_64CRJ580_7316-3163_Solid Tissue_Progressive	7316-3163	Tumor	Progressive	Solid Tissue	NA	Low-grade astrocytic tumor	Low-grade glioma	LGG, wildtype	NA	Low-grade glioma/astrocytoma (WHO grade I/II)	piloytic astrocytoma, who grade i	Brain Stem- Midbrain/Tectum	Midline	Gross/Near total resection	poly-A stranded	428	Reported Unknown	Hispanic or Latino	Male	Male	None documented	Low-grade glioma	#8f8fbf	No	AMR	432	Progressive	1719	LIVING	EVENT
BS_HPV4F6VR	PT_J4PXBZA1	PBTA	PBTA-X01-FY22	C2403666	PT_J4PXBZA1_7316-4534_Solid Tissue_Initial CNS Tumor	7316-4534	Tumor	Initial CNS Tumor	Solid Tissue	NA	Tumors of sellar region	Adamantinomatous Craniopharyngioma	CRANIO, ADAM	CRANIO, ADAM	Craniopharyngioma	craniopharyngioma	Suprasellar/Hypothalamic/Pituitary	Suprasellar	Gross/Near total resection	poly-A stranded	4437	White	Not Hispanic or Latino	Male	Male	None documented	Craniopharyngioma	#b2502d	Yes	EUR	Not Reported	Not Applicable	Not Reported	LIVING	NO EVENT
BS_HQ5BJ6MW	PT_E1TRJP8V	PBTA	CBTN	C46371	PT_E1TRJP8V_7316-134_Solid Tissue_Initial CNS Tumor	7316-134	Tumor	Initial CNS Tumor	Solid Tissue	NA	Low-grade astrocytic tumor	Low-grade glioma	LGG, KIAA1549-BRAF	NA	Low-grade glioma/astrocytoma (WHO grade I/II)	pilocytic astrocytoma who i	Cerebellum/Posterior Fossa	Posterior fossa	Partial resection	stranded	2419	White	Not Hispanic or Latino	Male	Male	None documented	Low-grade glioma	#8f8fbf	Yes	EUR	180	Progressive	2596	LIVING	EVENT
BS_HQDXQ5Y4	PT_0H8VY9HP	PBTA	PBTA-X01-FY22	C1077234	PT_0H8VY9HP_7316-4427_Solid Tissue_Progressive	7316-4427	Tumor	Progressive	Solid Tissue	NA	Low-grade astrocytic tumor	Low-grade glioma	LGG, KIAA1549-BRAF	NA	Low-grade glioma/astrocytoma (WHO grade I/II)	pilocytic astrocytoma with kiaa1549- braf fusion, who grade i	Cerebellum/Posterior Fossa	Posterior fossa	Gross/Near total resection	poly-A stranded	4368	White	Not Hispanic or Latino	Male	Male	None documented	Low-grade glioma	#8f8fbf	No	EUR	1009	Progressive	3765	LIVING	EVENT
BS_HQER7QQD	PT_C1HRBJJD	PBTA	PBTA-X01-FY22	C1224096	PT_C1HRBJJD_7316-3160_Solid Tissue_Initial CNS Tumor	7316-3160	Tumor	Initial CNS Tumor	Solid Tissue	NA	Tumor of cranial and paraspinal nerves	Schwannoma	NA	NA	Schwannoma	schwannoma, who grade i	Other locations NOS	Other	Gross/Near total resection	poly-A stranded	5128	Asian	Not Hispanic or Latino	Female	Female	Neurofibromatosis, Type 2 (NF-2)	Schwannoma	#ab7200	Yes	SAS	964	Second Malignancy	1462	LIVING	EVENT
BS_HQNTHFJT	PT_XA8ASFJK	PBTA	PBTA-X01-FY22	C883263	PT_XA8ASFJK_7316-3573_Solid Tissue_Progressive	7316-3573	Tumor	Progressive	Solid Tissue	NA	Low-grade astrocytic tumor	Pilocytic astrocytoma	LGG, To be classified	NA	Low-grade glioma/astrocytoma (WHO grade I/II)	pilocytic astrocytoma	Optic Pathway;Suprasellar/Hypothalamic/Pituitary;Ventricles	Mixed	Partial resection	poly-A stranded	1071	Reported Unknown	Not Hispanic or Latino	Male	Male	Neurofibromatosis, Type 1 (NF-1)	Low-grade glioma	#8f8fbf	No	EUR	4852	Progressive	5097	LIVING	EVENT
BS_HQYGYPCV	PT_62G82T6Q	PBTA	PBTA-X01-FY22	C2851386	PT_62G82T6Q_7316-3086_Solid Tissue_Initial CNS Tumor	7316-3086	Tumor	Initial CNS Tumor	Solid Tissue	NA	Low-grade astrocytic tumor	Low-grade glioma	LGG, wildtype	NA	Low-grade glioma/astrocytoma (WHO grade I/II)	pilocytic astrocytoma	Cerebellum/Posterior Fossa	Posterior fossa	Partial resection	poly-A stranded	2163	Reported Unknown	Not Available	Female	Female	None documented	Low-grade glioma	#8f8fbf	Yes	EUR	390	Progressive	390	LIVING	EVENT
BS_HSHN8PBB	PT_E78NHRWQ	PBTA	CBTN	C410697	PT_E78NHRWQ_7316-1081_Solid Tissue_Initial CNS Tumor	7316-1081	Tumor	Initial CNS Tumor	Solid Tissue	NA	Low-grade astrocytic tumor	Low-grade glioma	LGG, KIAA1549-BRAF	LGG, BRAF/MAPK	Low-grade glioma/astrocytoma (WHO grade I/II)	low grade glioma	Brain Stem-Medulla;Brain Stem- Midbrain/Tectum	Midline	Biopsy only	stranded	1825	White	Not Hispanic or Latino	Male	Male	None documented	Low-grade glioma	#8f8fbf	Yes	EUR	Not Reported	Not Applicable	Not Reported	LIVING	NO EVENT
BS_HSTNFPKW	PT_M97ZCS35	PBTA	PBTA-X01-FY22	C330993	PT_M97ZCS35_7316-653_Solid Tissue_Initial CNS Tumor	7316-653	Tumor	Initial CNS Tumor	Solid Tissue	NA	Low-grade astrocytic tumor	Low-grade glioma	LGG, KIAA1549-BRAF	NA	Low-grade glioma/astrocytoma (WHO grade I/II)	pilocytic astrocytoma (who grade 1)	Cerebellum/Posterior Fossa;Ventricles	Mixed	Partial resection	poly-A stranded	3234	Reported Unknown	Hispanic or Latino	Female	Female	None documented	Low-grade glioma	#8f8fbf	Yes	AMR	3526	Not Applicable	3526	LIVING	NO EVENT
BS_HTEPAKCM	PT_G3AVDN4E	PBTA	CBTN	C565431	PT_G3AVDN4E_7316-2227_Solid Tissue_Initial CNS Tumor	7316-2227	Tumor	Initial CNS Tumor	Solid Tissue	NA	Embryonal tumor	Medulloblastoma	MB, Group4	MB, Group4	Medulloblastoma	medulloblastoma, who  grade iv	Cerebellum/Posterior Fossa	Posterior fossa	Gross/Near total resection	stranded	2320	White	Not Hispanic or Latino	Male	Male	None documented	Medulloblastoma	#a340ff	Yes	EUR	2231	Not Applicable	2231	LIVING	NO EVENT
BS_HV8PFRBR	PT_DEYCW197	PBTA	CBTN	C38991	PT_DEYCW197_7316-175_Solid Tissue_Initial CNS Tumor	7316-175	Tumor	Initial CNS Tumor	Solid Tissue	NA	Low-grade astrocytic tumor	Low-grade glioma	LGG, KIAA1549-BRAF	NA	Low-grade glioma/astrocytoma (WHO grade I/II)	pilocytic astrocytoma who i	Cerebellum/Posterior Fossa	Posterior fossa	Partial resection	stranded	3917	White	Not Hispanic or Latino	Male	Male	None documented	Low-grade glioma	#8f8fbf	Yes	EUR	1482	Not Applicable	1482	LIVING	NO EVENT
BS_HWGWYCY7	PT_JT9HH7M6	PBTA	CBTN	C15990	PT_JT9HH7M6_7316-1455_Solid Tissue_Initial CNS Tumor	7316-1455	Tumor	Initial CNS Tumor	Solid Tissue	NA	Diffuse astrocytic and oligodendroglial tumor	High-grade glioma	HGG, H3 wildtype, TP53	NA	High-grade glioma/astrocytoma (WHO grade III/IV)	giganto-cellular anaplastic astrocytoma with epithelial and neuronal differentiation, ia	Frontal Lobe	Hemispheric	Gross/Near total resection	poly-A stranded	636	Asian	Not Hispanic or Latino	Female	NA	Li-Fraumeni syndrome (TP53)	Other high-grade glioma	#ffccf5	No	NA	360	Recurrence	2596	DECEASED	EVENT
BS_HWVD3RH0	PT_PJ9E1AYH	PBTA	PBTA-X01-FY22	C850299	PT_PJ9E1AYH_7316-3128_Solid Tissue_Initial CNS Tumor	7316-3128	Tumor	Initial CNS Tumor	Solid Tissue	NA	Low-grade astrocytic tumor	Low-grade glioma	LGG, wildtype	NA	Low-grade glioma/astrocytoma (WHO grade I/II)	pilocytic astrocytoma (who grade i)	Other locations NOS;Ventricles	Mixed	Gross/Near total resection	poly-A stranded	3810	White	Not Hispanic or Latino	Female	Female	None documented	Low-grade glioma	#8f8fbf	Yes	EUR	1547	Not Applicable	1547	LIVING	NO EVENT
BS_HX0S30NE	PT_H45M7M2T	PBTA	CBTN	C823854	PT_H45M7M2T_7316-1652_Solid Tissue_Initial CNS Tumor	7316-1652	Tumor	Initial CNS Tumor	Solid Tissue	NA	Low-grade astrocytic tumor	Low-grade glioma	LGG, other MAPK	NA	Low-grade glioma/astrocytoma (WHO grade I/II)	pilocytic astrocytoma	Parietal Lobe	Hemispheric	Gross/Near total resection	stranded	4420	White	Not Hispanic or Latino	Female	Female	None documented	Low-grade glioma	#8f8fbf	No	EUR	723	Recurrence	723	LIVING	EVENT
BS_HX8XJ18H	PT_Y9JQ3VPX	PBTA	PBTA-X01-FY22	C1036644	PT_Y9JQ3VPX_7316-4207_Solid Tissue_Initial CNS Tumor	7316-4207	Tumor	Initial CNS Tumor	Solid Tissue	NA	Embryonal tumor	Atypical Teratoid Rhabdoid Tumor	ATRT, SHH	ATRT, SHH	Atypical Teratoid Rhabdoid Tumor (ATRT)	atrt who grade iv	Cerebellum/Posterior Fossa	Posterior fossa	Gross/Near total resection	poly-A stranded	711	White	Not Hispanic or Latino	Female	Female	None documented	Atypical Teratoid Rhabdoid Tumor	#4d0d85	Yes	EUR	135	Recurrence - Metastatic	254	DECEASED	EVENT
BS_HYASKY2Z	PT_Z31BW9E5	PBTA	PBTA-X01-FY22	C4064289	PT_Z31BW9E5_7316-9819_Solid Tissue_Initial CNS Tumor	7316-9819	Tumor	Initial CNS Tumor	Solid Tissue	NA	Ependymal tumor	Ependymoma	EPN, To be classified	NA	Ependymoma	posterior fossa ependymoma type a (pfa) ; by ihc	Cerebellum/Posterior Fossa	Posterior fossa	Gross/Near total resection	poly-A stranded	3548	White	Not Hispanic or Latino	Male	Male	None documented	Ependymoma	#2200ff	Yes	AMR	1106	Recurrence	1106	LIVING	EVENT
BS_HYYWQVTD	PT_HE8FBFNA	PBTA	PBTA-X01-FY22	C3422106	PT_HE8FBFNA_7316-7945_Solid Tissue_Initial CNS Tumor	7316-7945	Tumor	Initial CNS Tumor	Solid Tissue	NA	Embryonal tumor	Atypical Teratoid Rhabdoid Tumor	ATRT, TYR	ATRT, TYR	Atypical Teratoid Rhabdoid Tumor (ATRT)	atypical teratoid/rhabdoid tumor (atrt) with inactivation of smarcb1 (ini-1)	Cerebellum/Posterior Fossa	Posterior fossa	Biopsy only	poly-A stranded	25	White	Not Hispanic or Latino	Male	Male	Rhabdoid tumor predisposition syndrome (SMARCB1, SMARCA4)	Atypical Teratoid Rhabdoid Tumor	#4d0d85	Yes	EUR	158	Progressive	836	LIVING	EVENT
BS_HZ707C55	PT_ZZRBX5JT	PBTA	CBTN	C121647	PT_ZZRBX5JT_7316-2661_Solid Tissue_Recurrence	7316-2661	Tumor	Recurrence	Solid Tissue	NA	Ependymal tumor	Ependymoma	EPN, To be classified	NA	Ependymoma	ependymoma	Cerebellum/Posterior Fossa	Posterior fossa	Gross/Near total resection	stranded	1878	White	Not Hispanic or Latino	Female	Female	None documented	Ependymoma	#2200ff	No	EUR	789	Recurrence	1963	LIVING	EVENT
BS_HZE3KYZ1	PT_E4ECAFEN	PBTA	CBTN	C17466	PT_E4ECAFEN_7316-38_Solid Tissue_Initial CNS Tumor	7316-38	Tumor	Initial CNS Tumor	Solid Tissue	NA	Embryonal tumor	Medulloblastoma	MB, Group4	MB, Group4	Medulloblastoma	medulloblastoma who grade iv	Cerebellum/Posterior Fossa;Spinal Cord- Cervical;Spinal Cord- Lumbar/Thecal Sac;Spinal Cord- Thoracic	Mixed	Partial resection	stranded	5666	White	Not Hispanic or Latino	Female	Female	None documented	Medulloblastoma	#a340ff	Yes	EUR	1775	Not Applicable	1775	LIVING	NO EVENT
BS_HZRM07TW	PT_EDWA0XTP	PBTA	CBTN	C142557	PT_EDWA0XTP_7316-670_Solid Tissue_Initial CNS Tumor	7316-670	Tumor	Initial CNS Tumor	Solid Tissue	NA	Embryonal tumor	Medulloblastoma	MB, Group4	MB, Group4	Medulloblastoma	medulloblastoma (who grade iv)	Cerebellum/Posterior Fossa	Posterior fossa	Partial resection	stranded	1032	White	Not Hispanic or Latino	Female	Female	None documented	Medulloblastoma	#a340ff	Yes	AMR	470	Progressive - Metastatic	938	DECEASED	EVENT
BS_J122QS4Y	PT_AGYZ8A2D	PBTA	CBTN	C191634	PT_AGYZ8A2D_7316-1053_Solid Tissue_Deceased	7316-1053	Tumor	Deceased	Solid Tissue	NA	Diffuse astrocytic and oligodendroglial tumor	Diffuse intrinsic pontine glioma	DIPG, To be classified	NA	Brainstem glioma- Diffuse intrinsic pontine glioma	dipg	Brain Stem-Medulla;Brain Stem- Midbrain/Tectum;Brain Stem- Pons;Cerebellum/Posterior Fossa;Spinal Cord- Cervical;Ventricles	Mixed	NA	poly-A stranded	4550	White	Not Hispanic or Latino	Female	NA	None documented	DIPG or DMG	#ff40d9	No	NA	211	Progressive	313	DECEASED	EVENT
BS_J1AB8PMA	PT_0WMP712K	PBTA	CBTN	C396552	PT_0WMP712K_7316-922_Solid Tissue_Initial CNS Tumor	7316-922	Tumor	Initial CNS Tumor	Solid Tissue	NA	Embryonal tumor	Medulloblastoma	MB, SHH	MB, SHH	Medulloblastoma	medulloblastoma	Cerebellum/Posterior Fossa;Spinal Cord- Lumbar/Thecal Sac	Mixed	Partial resection	stranded	480	White	Hispanic or Latino	Female	Female	None documented	Medulloblastoma	#a340ff	Yes	AMR	3248	Not Applicable	3248	LIVING	NO EVENT
BS_J1G1M07G	PT_650GZWJR	PBTA	CBTN	C2848188	PT_650GZWJR_7316-7088_Solid Tissue_Progressive	7316-7088	Tumor	Progressive	Solid Tissue	NA	Embryonal tumor	Atypical Teratoid Rhabdoid Tumor	ATRT, MYC	ATRT, MYC	Atypical Teratoid Rhabdoid Tumor (ATRT)	malignant rhabdoid tumor, loss of ini-1 expression	Frontal Lobe;Occipital Lobe;Temporal Lobe	Hemispheric	Partial resection	poly-A stranded	219	White	Not Hispanic or Latino	Female	Female	None documented	Atypical Teratoid Rhabdoid Tumor	#4d0d85	No	EUR	37	Progressive - Metastatic	65	DECEASED	EVENT
BS_J3J27QY7	PT_1XPZ5FHH	PBTA	CBTN	C1275387	PT_1XPZ5FHH_7316-5101_Solid Tissue_Initial CNS Tumor	7316-5101	Tumor	Initial CNS Tumor	Solid Tissue	NA	Diffuse astrocytic and oligodendroglial tumor	High-grade glioma	HGG, To be classified	NA	High-grade glioma/astrocytoma (WHO grade III/IV)	glioblastoma multiforme, who grade iv	Parietal Lobe	Hemispheric	Gross/Near total resection	poly-A stranded	7817	White	Not Hispanic or Latino	Female	NA	None documented	Other high-grade glioma	#ffccf5	Yes	NA	Not Reported	Not Applicable	Not Reported	LIVING	NO EVENT
BS_J483EMFP	PT_ESHACWF6	PBTA	CBTN	C140712	PT_ESHACWF6_7316-878_Solid Tissue_Initial CNS Tumor	7316-878	Tumor	Initial CNS Tumor	Solid Tissue	NA	Embryonal tumor	Atypical Teratoid Rhabdoid Tumor	ATRT, SHH	ATRT, SHH	Atypical Teratoid Rhabdoid Tumor (ATRT)	atrt	Temporal Lobe	Hemispheric	Gross/Near total resection	stranded	1506	White	Not Hispanic or Latino	Female	Female	Li-Fraumeni syndrome (TP53)	Atypical Teratoid Rhabdoid Tumor	#4d0d85	Yes	EUR	19	Recurrence - Metastatic	580	DECEASED	EVENT
BS_J4GQPZS0	PT_EYWDFKA7	PBTA	CBTN	C23985	PT_EYWDFKA7_7316-29_Solid Tissue_Initial CNS Tumor	7316-29	Tumor	Initial CNS Tumor	Solid Tissue	NA	Tumor of cranial and paraspinal nerves	Schwannoma	NA	NA	Schwannoma	schwannoma	Spinal Cord- Thoracic	Spine	Partial resection	stranded	3609	White	Not Hispanic or Latino	Female	Female	Schwannomatosis (LZTR1)	Schwannoma	#ab7200	No	EUR	276	Progressive	3635	LIVING	EVENT
BS_J4JY2F3H	PT_E50ZPGSJ	PBTA	PBTA-X01-FY22	C3225306	PT_E50ZPGSJ_7316-6387_Solid Tissue_Progressive	7316-6387	Tumor	Progressive	Solid Tissue	NA	Diffuse astrocytic and oligodendroglial tumor	Diffuse midline glioma	DMG, H3 K28, TP53	DMG, H3 K28	Brainstem glioma- Diffuse intrinsic pontine glioma	diffuse midline glioma, h3 k27m-mutant, who grade 4	Brain Stem-Medulla	Midline	Biopsy only	poly-A stranded	4844	Reported Unknown	Hispanic or Latino	Female	Female	None documented	DIPG or DMG	#ff40d9	No	AMR	287	Progressive	420	DECEASED	EVENT
BS_J4QMPCS6	PT_M9WKP8RF	PBTA	PBTA-X01-FY22	C3416817	PT_M9WKP8RF_7316-7919_Solid Tissue_Initial CNS Tumor	7316-7919	Tumor	Initial CNS Tumor	Solid Tissue	NA	Tumors of sellar region	Adamantinomatous Craniopharyngioma	CRANIO, ADAM	NA	Craniopharyngioma	craniopharyngioma, adamantinomatous type with ctnnb1 mutation	Suprasellar/Hypothalamic/Pituitary;Ventricles	Mixed	Gross/Near total resection	poly-A stranded	2846	Reported Unknown	Not Hispanic or Latino	Male	Male	None documented	Craniopharyngioma	#b2502d	Yes	EUR	1625	Recurrence	1625	LIVING	EVENT
BS_J5H5VXWY	PT_WWR7NB5Q	PBTA	PBTA-X01-FY22	C1264686	PT_WWR7NB5Q_7316-5146_Solid Tissue_Initial CNS Tumor	7316-5146	Tumor	Initial CNS Tumor	Solid Tissue	NA	Low-grade astrocytic tumor	Low-grade glioma	LGG, other MAPK, CDKN2A/B	NA	Low-grade glioma/astrocytoma (WHO grade I/II)	pleomorphic xanthoastrocytoma, who grade ii	Temporal Lobe	Hemispheric	Gross/Near total resection	poly-A stranded	4316	White	Not Hispanic or Latino	Female	Female	None documented	Low-grade glioma	#8f8fbf	Yes	EUR	1423	Not Applicable	1423	LIVING	NO EVENT
BS_J60G8DMK	PT_G16WS1MW	PBTA	CBTN	C53997	PT_G16WS1MW_7316-279_Solid Tissue_Progressive	7316-279	Tumor	Progressive	Solid Tissue	NA	Meningioma	Meningioma	NA	NA	Meningioma	meningioma	Meninges/Dura	Other	Partial resection	stranded	5414	Black or African American	Not Hispanic or Latino	Male	Male	None documented	Meningioma	#2db398	No	AFR	611	Recurrence	8400	LIVING	EVENT
BS_J6212Y48	PT_BFJRXMYZ	PBTA	CBTN	C3826407	PT_BFJRXMYZ_7316-8372_Solid Tissue_Deceased	7316-8372	Tumor	Deceased	Solid Tissue	NA	Diffuse astrocytic and oligodendroglial tumor	High-grade glioma	HGG, H3 wildtype, TP53	HGG, H3 wildtype	High-grade glioma/astrocytoma (WHO grade III/IV)	diffuse pediatric-type high-grade glioma, h3-wildtype, and idh-wildtype	Brain Stem-Medulla;Brain Stem- Midbrain/Tectum;Brain Stem- Pons;Cerebellum/Posterior Fossa	Mixed	NA	poly-A stranded	4423	Reported Unknown	Not Available	Male	Male	None documented	Other high-grade glioma	#ffccf5	No	EUR	498	Deceased-due to disease	498	DECEASED	EVENT
BS_J6VKB1VE	PT_CG2S2H2R	PBTA	CBTN	C163098	PT_CG2S2H2R_7316-974_Solid Tissue_Initial CNS Tumor	7316-974	Tumor	Initial CNS Tumor	Solid Tissue	NA	Low-grade astrocytic tumor	Low-grade glioma	LGG, To be classified	NA	Low-grade glioma/astrocytoma (WHO grade I/II)	not reported	Cerebellum/Posterior Fossa	Posterior fossa	Unavailable	stranded	3007	Reported Unknown	Not Available	Male	NA	Neurofibromatosis, Type 1 (NF-1)	Low-grade glioma	#8f8fbf	Yes	NA	Not Reported	Not Applicable	Not Reported	LIVING	NO EVENT
BS_J6W1RB7A	PT_BJD2MPD9	PBTA	CBTN	C2662581	PT_BJD2MPD9_7316-6899_Solid Tissue_Initial CNS Tumor	7316-6899	Tumor	Initial CNS Tumor	Solid Tissue	NA	Diffuse astrocytic and oligodendroglial tumor	Diffuse midline glioma	DMG, H3 K28	DMG, EGFR	High-grade glioma/astrocytoma (WHO grade III/IV)	diffuse midline glioma h3k27m	Pineal Gland	Midline	Gross/Near total resection	poly-A stranded	4018	White	Not Hispanic or Latino	Male	NA	None documented	DIPG or DMG	#ff40d9	Yes	NA	Not Reported	Not Applicable	Not Reported	LIVING	NO EVENT
BS_J6X027VF	PT_0HJRG4XQ	PBTA	CBTN	C2481894	PT_0HJRG4XQ_7316-5144_Solid Tissue_Recurrence	7316-5144	Tumor	Recurrence	Solid Tissue	NA	Diffuse astrocytic and oligodendroglial tumor	High-grade glioma	HGG, To be classified	NA	High-grade glioma/astrocytoma (WHO grade III/IV)	necrosis consistent with radiation gliosis,  gliosis and residual/recurrent anaplastic astrocytoma	Occipital Lobe;Parietal Lobe	Hemispheric	Gross/Near total resection	poly-A stranded	5544	Black or African American	Not Hispanic or Latino	Female	NA	Neurofibromatosis, Type 1 (NF-1)	Other high-grade glioma	#ffccf5	No	NA	217	Progressive	1734	LIVING	EVENT
BS_J70GK8SM	PT_QWR0EECG	PBTA	CBTN	C114267	PT_QWR0EECG_7316-1480_Solid Tissue_Progressive	7316-1480	Tumor	Progressive	Solid Tissue	NA	Ependymal tumor	Ependymoma	EPN, ST ZFTA	NA	Ependymoma	anaplastic ependymoma with fibrovascular stroma	Frontal Lobe;Parietal Lobe;Temporal Lobe	Hemispheric	Gross/Near total resection	stranded	1901	White	Not Available	Male	NA	None documented	Ependymoma	#2200ff	No	NA	181	Progressive	776	DECEASED	EVENT
BS_J71N7D09	PT_TVK2KY36	PBTA	CBTN	C677115	PT_TVK2KY36_7316-2626_Solid Tissue_Initial CNS Tumor	7316-2626	Tumor	Initial CNS Tumor	Solid Tissue	NA	Embryonal tumor	Medulloblastoma	MB, Group4	NA	Medulloblastoma	medulloblastoma, who grade iv	Cerebellum/Posterior Fossa;Ventricles	Mixed	Gross/Near total resection	stranded	3630	American Indian or Alaska Native	Not Hispanic or Latino	Male	Male	None documented	Medulloblastoma	#a340ff	Yes	AMR	68	Not Applicable	68	LIVING	NO EVENT
BS_J8G4SH4Z	PT_P4ZEFY19	PBTA	CBTN	C308730	PT_P4ZEFY19_7316-937_Solid Tissue_Initial CNS Tumor	7316-937	Tumor	Initial CNS Tumor	Solid Tissue	NA	Embryonal tumor	Medulloblastoma	MB, Group4	MB, Group4	Medulloblastoma	medulloblastoma	Cerebellum/Posterior Fossa	Posterior fossa	Gross/Near total resection	stranded	4601	Black or African American	Not Hispanic or Latino	Male	Male	None documented	Medulloblastoma	#a340ff	Yes	AFR	1618	Not Applicable	1618	LIVING	NO EVENT
BS_J8VX4D17	PT_7E3V3JFX	PBTA	CBTN	C108609	PT_7E3V3JFX_7316-506_Solid Tissue_Initial CNS Tumor	7316-506	Tumor	Initial CNS Tumor	Solid Tissue	NA	Ependymal tumor	Ependymoma	EPN, To be classified	NA	Ependymoma	ependymoma who gr 2	Cerebellum/Posterior Fossa	Posterior fossa	Partial resection	stranded	594	Asian	Hispanic or Latino	Female	Female	None documented	Ependymoma	#2200ff	Yes	EAS	3290	Not Applicable	3290	LIVING	NO EVENT
BS_J9CBGP57	PT_YRNATR8Q	PBTA	PNOC	C3078075	PT_YRNATR8Q_7316-8039_Solid Tissue_Initial CNS Tumor	7316-8039	Tumor	Initial CNS Tumor	Solid Tissue	NA	Diffuse astrocytic and oligodendroglial tumor	High-grade glioma	HGG, H3 wildtype, TP53	NA	High-grade glioma/astrocytoma (WHO grade III/IV)	Anaplastic Astrocytoma	right temporal lobe	Hemispheric	NA	stranded	3480	White	Not Hispanic or Latino	Female	Female	None documented	Other high-grade glioma	#ffccf5	Yes	NA	NA	NA	NA	NA	NO EVENT
BS_J9M83K8T	PT_KHQGBBDN	PBTA	PBTA-X01-FY22	C1042179	PT_KHQGBBDN_7316-4223_Solid Tissue_Initial CNS Tumor	7316-4223	Tumor	Initial CNS Tumor	Solid Tissue	NA	Low-grade astrocytic tumor	Ganglioglioma	GNG, BRAF V600E	NA	Ganglioglioma	ganglioglioma with braf p.val600glu mutation, who grade i	Temporal Lobe	Hemispheric	Gross/Near total resection	poly-A stranded	1320	White	Not Hispanic or Latino	Male	Male	None documented	Mixed neuronal-glial tumor	#685815	Yes	EUR	1828	Not Applicable	1828	LIVING	NO EVENT
BS_JAEM78XS	PT_82MX6J77	PBTA	CBTN	C21402	PT_82MX6J77_7316-2148_Solid Tissue_Second Malignancy	7316-2148	Tumor	Second Malignancy	Solid Tissue	NA	Meningioma	Meningioma	NA	NA	Meningioma	meningioma	Frontal Lobe	Hemispheric	Gross/Near total resection	stranded	3504	White	Not Hispanic or Latino	Female	Female	None documented	Meningioma	#2db398	No	EUR	189	Recurrence	3862	DECEASED	EVENT
BS_JB43XBCQ	PT_1E3E6GMF	PBTA	PNOC	C3081150	PT_1E3E6GMF_A09985_Solid Tissue_Initial CNS Tumor	A09985	Tumor	Initial CNS Tumor	Solid Tissue	NA	Diffuse astrocytic and oligodendroglial tumor	Diffuse midline glioma	DMG, H3 K28, TP53	NA	Brainstem glioma- Diffuse intrinsic pontine glioma	Diffuse Astrocytoma	Pons/Brainstem	Midline	NA	poly-A	2211	Asian	Not Hispanic or Latino	Female	Female	None documented	DIPG or DMG	#ff40d9	Yes	EAS	NA	NA	394	DECEASED	NO EVENT
BS_JBGZ7HHZ	PT_FZHGKJ0H	PBTA	CBTN	C1009953	PT_FZHGKJ0H_7316-4033_Solid Tissue_Initial CNS Tumor	7316-4033	Tumor	Initial CNS Tumor	Solid Tissue	NA	Embryonal tumor	Ganglioneuroblastoma	NBL, MYCN non-amplified	NA	Ganglioneuroblastoma	ganglioneuroblastoma, stage ii favorable histology non n-myc amplified	Other locations NOS;Spinal Cord- Thoracic	Mixed	Biopsy only	stranded	1667	Reported Unknown	Hispanic or Latino	Female	Female	None documented	#220040	5	Yes	AMR	702	Progressive	1957	LIVING	EVENT
BS_JCPKYHKY	PT_GY0QSY4H	PBTA	CBTN	C291264	PT_GY0QSY4H_7316-1075_Solid Tissue_Initial CNS Tumor	7316-1075	Tumor	Initial CNS Tumor	Solid Tissue	NA	Tumors of sellar region	Adamantinomatous Craniopharyngioma	CRANIO, ADAM	CRANIO, ADAM	Craniopharyngioma	craniopharyngioma	Suprasellar/Hypothalamic/Pituitary	Suprasellar	Gross/Near total resection	stranded	4406	White	Not Hispanic or Latino	Male	Male	None documented	Craniopharyngioma	#b2502d	Yes	EUR	Not Reported	Not Applicable	Not Reported	LIVING	NO EVENT
BS_JDSNFYQ0	PT_WWRB8KDQ	PBTA	PBTA-X01-FY22	C3985323	PT_WWRB8KDQ_7316-9833_Solid Tissue_Deceased	7316-9833	Tumor	Deceased	Solid Tissue	NA	Diffuse astrocytic and oligodendroglial tumor	High-grade glioma	HGG, H3 wildtype	NA	High-grade glioma/astrocytoma (WHO grade III/IV)	who gr iv (prior medulloblastoma dx in 2012)	Brain Stem- Pons	Midline	NA	poly-A stranded	3592	Reported Unknown	Not Available	Male	Male	None documented	Other high-grade glioma	#ffccf5	No	EUR	Not Reported	Second Malignancy	354	DECEASED	EVENT
BS_JDWFEE36	PT_6QPECWRY	PBTA	PBTA-X01-FY22	C2316582	PT_6QPECWRY_7316-4460_Solid Tissue_Initial CNS Tumor	7316-4460	Tumor	Initial CNS Tumor	Solid Tissue	NA	Neuronal and mixed neuronal-glial tumor	Glial-neuronal tumor NOS	GNT, wildtype	NA	Glial-neuronal tumor NOS	high grade neuroepithelial tumor 1p (fubp1) copy number loss identified by glioseq	Ventricles	Ventricles	Gross/Near total resection	poly-A stranded	3799	White	Not Hispanic or Latino	Male	Male	None documented	Mixed neuronal-glial tumor	#685815	Yes	EUR	566	Progressive - Metastatic	1017	DECEASED	EVENT
BS_JFB984RG	PT_7KBMN6C2	PBTA	CBTN	C122262	PT_7KBMN6C2_7316-553_Solid Tissue_Initial CNS Tumor	7316-553	Tumor	Initial CNS Tumor	Solid Tissue	NA	Embryonal tumor	Medulloblastoma	MB, Group4	MB, Group4	Medulloblastoma	medulloblastoma grade4	Cerebellum/Posterior Fossa	Posterior fossa	Gross/Near total resection	stranded	2859	White	Not Hispanic or Latino	Male	Male	None documented	Medulloblastoma	#a340ff	Yes	EUR	486	Recurrence - Metastatic	796	DECEASED	EVENT
BS_JFEZA9KE	PT_F822DBA0	PBTA	CBTN	C97785	PT_F822DBA0_7316-458_Solid Tissue_Initial CNS Tumor	7316-458	Tumor	Initial CNS Tumor	Solid Tissue	NA	Mesenchymal non-meningothelial tumor	Ewing sarcoma	EWS	EWS	Ewings Sarcoma	ewing's sarcoma	Spinal Cord- Cervical	Spine	Partial resection	stranded	5291	White	Not Hispanic or Latino	Male	Male	None documented	Mesenchymal tumor	#7fbf00	Yes	EUR	2794	Not Applicable	2794	LIVING	NO EVENT
BS_JFR750KD	PT_S2SQJVGK	PBTA	CBTN	C74292	PT_S2SQJVGK_7316-344_Solid Tissue_Progressive	7316-344	Tumor	Progressive	Solid Tissue	NA	Low-grade astrocytic tumor	Low-grade glioma	LGG, RTK	NA	Low-grade glioma/astrocytoma (WHO grade I/II)	juvenile pilocytic astrocytoma	Ventricles	Ventricles	Gross/Near total resection	stranded	2659	White	Not Hispanic or Latino	Female	Female	None documented	Low-grade glioma	#8f8fbf	No	EUR	128	Progressive	4913	LIVING	EVENT
BS_JFVB9KXB	PT_E1XB6ZQ8	PBTA	PBTA-X01-FY22	C4097499	PT_E1XB6ZQ8_7316-8927_Solid Tissue_Initial CNS Tumor	7316-8927	Tumor	Initial CNS Tumor	Solid Tissue	NA	Choroid plexus tumor	Choroid plexus tumor	NA	NA	Choroid plexus carcinoma	choroid plexus carcinoma, who grade 3	Parietal Lobe	Hemispheric	Gross/Near total resection	poly-A stranded	828	White	Hispanic or Latino	Female	NA	None documented	Choroid plexus tumor	#00441B	Yes	NA	Not Reported	Not Applicable	Not Reported	LIVING	NO EVENT
BS_JG55VBHJ	PT_HJMP6PH2	PBTA	PBTA-X01-FY22	C42804	PT_HJMP6PH2_7316-4768_Solid Tissue_Deceased	7316-4768	Tumor	Deceased	Solid Tissue	NA	Mesenchymal non-meningothelial tumor	Ewing sarcoma	EWS	NA	Ewings Sarcoma	ewing's sarcoma	Brain Stem-Medulla;Brain Stem- Pons;Cerebellum/Posterior Fossa;Hippocampus;Spinal Cord- Cervical;Spinal Cord- Lumbar/Thecal Sac;Spinal Cord- Thoracic	Mixed	NA	poly-A stranded	880	White	Not Hispanic or Latino	Male	Male	None documented	Mesenchymal tumor	#7fbf00	No	EUR	1710	Recurrence	1997	DECEASED	EVENT
BS_JG9JZTA9	PT_QK4XB83F	PBTA	CBTN	C398766	PT_QK4XB83F_7316-663_Solid Tissue_Initial CNS Tumor	7316-663	Tumor	Initial CNS Tumor	Solid Tissue	NA	Low-grade astrocytic tumor	Subependymal Giant Cell Astrocytoma	SEGA, To be classified	NA	Low-grade glioma/astrocytoma (WHO grade I/II)	subependymal giant cell astrocytoma; who grade i; see comment	Ventricles	Ventricles	Gross/Near total resection	stranded	1546	White	Not Hispanic or Latino	Female	Female	Tuberous Sclerosis (TSC1, TSC2)	Low-grade glioma	#8f8fbf	Yes	EUR	2417	Not Applicable	2417	LIVING	NO EVENT
BS_JGA9BP3A	PT_WE1CHTWK	PBTA	CBTN	C26199	PT_WE1CHTWK_7316-87_Solid Tissue_Initial CNS Tumor	7316-87	Tumor	Initial CNS Tumor	Solid Tissue	NA	Embryonal tumor	CNS Embryonal tumor	CNS Embryonal, NOS	NA	Supratentorial or Spinal Cord PNET	supratentorial pnet	Frontal Lobe	Hemispheric	Gross/Near total resection	poly-A stranded	523	White	Not Hispanic or Latino	Male	Male	None documented	Other CNS embryonal tumor	#b08ccf	No	EUR	685	Not Applicable	685	LIVING	NO EVENT
BS_JGKZ54SA	PT_5XV23PWB	PBTA	PBTA-X01-FY22	C1198881	PT_5XV23PWB_7316-4738_Solid Tissue_Initial CNS Tumor	7316-4738	Tumor	Initial CNS Tumor	Solid Tissue	NA	Low-grade astrocytic tumor	Low-grade glioma	LGG, KIAA1549-BRAF	NA	Low-grade glioma/astrocytoma (WHO grade I/II)	pilocytic astrocytoma	Cerebellum/Posterior Fossa	Posterior fossa	Gross/Near total resection	poly-A stranded	1995	Black or African American	Not Hispanic or Latino	Female	Female	None documented	Low-grade glioma	#8f8fbf	Yes	AFR	115	Not Applicable	115	LIVING	NO EVENT
BS_JGPR9SR2	PT_ECBD1D5J	PBTA	CBTN	C609588	PT_ECBD1D5J_7316-2177_Solid Tissue_Initial CNS Tumor	7316-2177	Tumor	Initial CNS Tumor	Solid Tissue	NA	Meningioma	Meningioma	NA	NA	Meningioma	meningioma	Ventricles	Ventricles	Gross/Near total resection	stranded	5918	Black or African American	Not Hispanic or Latino	Male	Male	None documented	Meningioma	#2db398	Yes	AFR	1791	Not Applicable	1791	LIVING	NO EVENT
BS_JH29M4KG	PT_0MHKP408	PBTA	CBTN	C141327	PT_0MHKP408_7316-726_Solid Tissue_Initial CNS Tumor	7316-726	Tumor	Initial CNS Tumor	Solid Tissue	NA	Low-grade astrocytic tumor	Low-grade glioma	LGG, BRAF V600E	NA	Low-grade glioma/astrocytoma (WHO grade I/II)	pilocytic astrocytoma	Cerebellum/Posterior Fossa	Posterior fossa	Partial resection	stranded	2581	White	Not Hispanic or Latino	Female	Female	None documented	Low-grade glioma	#8f8fbf	Yes	EUR	1499	Progressive	4118	LIVING	EVENT
BS_JHGW42S6	PT_EB89G70N	PBTA	CBTN	C789291	PT_EB89G70N_7316-2858_Solid Tissue_Initial CNS Tumor	7316-2858	Tumor	Initial CNS Tumor	Solid Tissue	NA	Ependymal tumor	Ependymoma	EPN, PF A	EPN, PF A	Ependymoma	ependymoma who grade ii	Cerebellum/Posterior Fossa;Ventricles	Mixed	Partial resection	stranded	4822	Black or African American	Not Hispanic or Latino	Male	Male	None documented	Ependymoma	#2200ff	Yes	AFR	2215	Not Applicable	2215	LIVING	NO EVENT
BS_JJNRHMKM	PT_1WZ93NAB	PBTA	PBTA-X01-FY22	C3472659	PT_1WZ93NAB_7316-6799_Solid Tissue_Initial CNS Tumor	7316-6799	Tumor	Initial CNS Tumor	Solid Tissue	NA	Tumors of sellar region	Adamantinomatous Craniopharyngioma	CRANIO, ADAM	NA	Craniopharyngioma	craniopharyngioma	Suprasellar/Hypothalamic/Pituitary	Suprasellar	Gross/Near total resection	poly-A stranded	1158	Reported Unknown	Not Available	Female	Female	None documented	Craniopharyngioma	#b2502d	Yes	EUR	Not Reported	Not Applicable	Not Reported	LIVING	NO EVENT
BS_JJW609CE	PT_CHHBDNNJ	PBTA	PBTA-X01-FY22	C1232952	PT_CHHBDNNJ_7316-4918_Solid Tissue_Initial CNS Tumor	7316-4918	Tumor	Initial CNS Tumor	Solid Tissue	NA	Embryonal tumor	Medulloblastoma	MB, Group4	MB, Group4	Medulloblastoma	medulloblastoma who grade iv	Cerebellum/Posterior Fossa	Posterior fossa	Gross/Near total resection	poly-A stranded	3126	Reported Unknown	Not Hispanic or Latino	Male	Male	None documented	Medulloblastoma	#a340ff	Yes	AFR	1891	Not Applicable	1891	LIVING	NO EVENT
BS_JK0VPG1T	PT_ATS9XDJ5	PBTA	CBTN	C623733	PT_ATS9XDJ5_7316-2159_Solid Tissue_Recurrence	7316-2159	Tumor	Recurrence	Solid Tissue	NA	Tumor of cranial and paraspinal nerves	Schwannoma	NA	NA	Schwannoma	schwannoma	Other locations NOS	Other	Gross/Near total resection	stranded	1999	Black or African American	Not Hispanic or Latino	Female	Female	None documented	Schwannoma	#ab7200	No	AFR	389	Recurrence	1774	LIVING	EVENT
BS_JK22KD4A	PT_98T18T3B	PBTA	PBTA-X01-FY22	C2594931	PT_98T18T3B_7316-6686_Solid Tissue_Recurrence	7316-6686	Tumor	Recurrence	Solid Tissue	NA	Tumor of pineal region	Pineoblastoma	PB, To be classified	NA	Pineoblastoma	pineoblastoma who grade iv	Pineal Gland	Midline	Gross/Near total resection	poly-A stranded	7539	Reported Unknown	Hispanic or Latino	Male	Male	None documented	#220040	5	No	AMR	851	Recurrence	1601	DECEASED	EVENT
BS_JKDKZSX8	PT_20M9P0SD	PBTA	PBTA-X01-FY22	C2457909	PT_20M9P0SD_7316-4845_Solid Tissue_Initial CNS Tumor	7316-4845	Tumor	Initial CNS Tumor	Solid Tissue	NA	Low-grade astrocytic tumor	Low-grade glioma	LGG, wildtype	NA	Low-grade glioma/astrocytoma (WHO grade I/II)	pilocystic astrocytoma, who grade 1	Cerebellum/Posterior Fossa	Posterior fossa	Gross/Near total resection	poly-A stranded	4914	White	Not Hispanic or Latino	Female	Female	None documented	Low-grade glioma	#8f8fbf	Yes	EUR	955	Not Applicable	955	LIVING	NO EVENT
BS_JKXA3FQC	PT_4JG5KWE8	PBTA	CBTN	C23493	PT_4JG5KWE8_7316-50_Solid Tissue_Initial CNS Tumor	7316-50	Tumor	Initial CNS Tumor	Solid Tissue	NA	Low-grade astrocytic tumor	Low-grade glioma	LGG, other MAPK	LGG, BRAF/MAPK	Low-grade glioma/astrocytoma (WHO grade I/II)	low-grade glioma	Brain Stem- Midbrain/Tectum	Midline	Partial resection	stranded	3802	White	Not Hispanic or Latino	Male	Male	None documented	Low-grade glioma	#8f8fbf	Yes	EUR	471	Recurrence - Metastatic	4831	LIVING	EVENT
BS_JMHG7GCN	PT_5CNZ47XV	PBTA	CBTN	C291141	PT_5CNZ47XV_7316-1926_Solid Tissue_Initial CNS Tumor	7316-1926	Tumor	Initial CNS Tumor	Solid Tissue	NA	Low-grade astrocytic tumor	Low-grade glioma	LGG, KIAA1549-BRAF	NA	Low-grade glioma/astrocytoma (WHO grade I/II)	pilocytic astrocytoma grade i who	Cerebellum/Posterior Fossa	Posterior fossa	Gross/Near total resection	stranded	5020	White	Not Hispanic or Latino	Male	Male	None documented	Low-grade glioma	#8f8fbf	Yes	EUR	Not Reported	Not Applicable	Not Reported	LIVING	NO EVENT
BS_JMMPW4G3	PT_C9F2B4QF	PBTA	PBTA-X01-FY22	C2408832	PT_C9F2B4QF_7316-4270_Solid Tissue_Initial CNS Tumor	7316-4270	Tumor	Initial CNS Tumor	Solid Tissue	NA	Embryonal tumor	Medulloblastoma	MB, SHH	MB, SHH	Medulloblastoma	nodular/desmoplastic medulloblastoma who grade iv	Cerebellum/Posterior Fossa	Posterior fossa	Gross/Near total resection	poly-A stranded	4906	Reported Unknown	Hispanic or Latino	Female	Female	None documented	Medulloblastoma	#a340ff	Yes	AMR	1387	Not Applicable	1387	LIVING	NO EVENT
BS_JPCHZM29	PT_K8QGCN2F	PBTA	PBTA-X01-FY22	C4064658	PT_K8QGCN2F_7316-6814_Solid Tissue_Initial CNS Tumor	7316-6814	Tumor	Initial CNS Tumor	Solid Tissue	NA	Benign tumor	NA	NA	NA	Adenoma	pituitary adenoma	Suprasellar/Hypothalamic/Pituitary	Suprasellar	Gross/Near total resection	poly-A stranded	7390	Reported Unknown	Not Available	Female	Female	None documented	Non-neoplastic tumor	#FFF5EB	Yes	EUR	Not Reported	Not Applicable	Not Reported	LIVING	NO EVENT
BS_JPHWQ1TV	PT_PHY9WJR1	PBTA	PBTA-X01-FY22	C2444133	PT_PHY9WJR1_7316-4283_Solid Tissue_Initial CNS Tumor	7316-4283	Tumor	Initial CNS Tumor	Solid Tissue	NA	Embryonal tumor	Medulloblastoma	MB, SHH	MB, SHH	Medulloblastoma	medulloblastoma with focal anaplasia who grade iv	Cerebellum/Posterior Fossa	Posterior fossa	Gross/Near total resection	poly-A stranded	692	Reported Unknown	Hispanic or Latino	Female	Female	None documented	Medulloblastoma	#a340ff	Yes	AMR	522	Recurrence - Metastatic	1641	LIVING	EVENT
BS_JQVAWTTM	PT_M23Q0DC3	PBTA	PNOC	C956940	PT_M23Q0DC3_A03942_Solid Tissue_Initial CNS Tumor	A03942	Tumor	Initial CNS Tumor	Solid Tissue	NA	Diffuse astrocytic and oligodendroglial tumor	Diffuse midline glioma	DMG, H3 K28	NA	Brainstem glioma- Diffuse intrinsic pontine glioma	Diffuse Astrocytoma	Pons/Brainstem	Midline	NA	poly-A	1740	Reported Unknown	Not Hispanic or Latino	Female	Female	None documented	DIPG or DMG	#ff40d9	Yes	SAS	NA	NA	882	DECEASED	NO EVENT
BS_JQX8GXMG	PT_0DWRY9ZX	PBTA	PBTA-X01-FY22	C960999	PT_0DWRY9ZX_7316-3210_Solid Tissue_Recurrence	7316-3210	Tumor	Recurrence	Solid Tissue	NA	Embryonal tumor	Medulloblastoma	MB, Group4	MB, Group4	Medulloblastoma	anaplastic/large cell medulloblastoma who grade iv	Frontal Lobe	Hemispheric	Gross/Near total resection	poly-A stranded	3804	White	Not Hispanic or Latino	Male	Male	None documented	Medulloblastoma	#a340ff	No	EUR	1049	Recurrence - Metastatic	3293	DECEASED	EVENT
BS_JQXD577A	PT_A9E0SJZB	PBTA	PBTA-X01-FY22	C1199127	PT_A9E0SJZB_7316-9449_Solid Tissue_Progressive	7316-9449	Tumor	Progressive	Solid Tissue	NA	Benign tumor	NA	NA	NA	Adenoma	recurrent/residual pituitary neuroendocrine tumor, lactotroph adenoma	Suprasellar/Hypothalamic/Pituitary;Ventricles	Mixed	Partial resection	poly-A stranded	5570	Black or African American	Not Hispanic or Latino	Female	Female	None documented	Non-neoplastic tumor	#FFF5EB	No	AMR	189	Progressive	2393	LIVING	EVENT
BS_JQXHHK0K	PT_JJZ5PN64	PBTA	PNOC	C3505623	PT_JJZ5PN64_7316-8964_Solid Tissue_Initial CNS Tumor	7316-8964	Tumor	Initial CNS Tumor	Solid Tissue	NA	Diffuse astrocytic and oligodendroglial tumor	High-grade glioma	HGG, H3 wildtype, TP53	NA	High-grade glioma/astrocytoma (WHO grade III/IV)	Glioblastoma	left temporal lobe	Hemispheric	NA	stranded	NA	White	Not Available	Female	Female	None documented	Other high-grade glioma	#ffccf5	Yes	EUR	NA	NA	NA	NA	NO EVENT
BS_JR5ATB7G	PT_8M6W215T	PBTA	CBTN	C49077	PT_8M6W215T_7316-305_Solid Tissue_Recurrence	7316-305	Tumor	Recurrence	Solid Tissue	NA	Embryonal tumor	Medulloblastoma	MB, Group4	MB, Group4	Medulloblastoma	medulloblastoma	Spinal Cord- Lumbar/Thecal Sac	Spine	Gross/Near total resection	stranded	4547	White	Not Hispanic or Latino	Male	NA	None documented	Medulloblastoma	#a340ff	No	NA	1491	Recurrence - Metastatic	4352	DECEASED	EVENT
BS_JRYJGYC4	PT_S2BEPYQ0	PBTA	CBTN	C744765	PT_S2BEPYQ0_7316-3000_Solid Tissue_Deceased	7316-3000	Tumor	Deceased	Solid Tissue	NA	Diffuse astrocytic and oligodendroglial tumor	High-grade glioma	HGG, H3 wildtype	NA	High-grade glioma/astrocytoma (WHO grade III/IV)	metastatic gbm	Basal Ganglia;Occipital Lobe;Parietal Lobe;Temporal Lobe	Mixed	NA	stranded	2242	White	Hispanic or Latino	Female	Female	None documented	Other high-grade glioma	#ffccf5	No	AFR	352	Progressive	1189	DECEASED	EVENT
BS_JS95PE0J	PT_KZ04SDDS	PBTA	HOPE	C377610	PT_KZ04SDDS_7316-1774_Solid Tissue_Progressive	7316-1774	Tumor	Progressive	Solid Tissue	NA	Diffuse astrocytic and oligodendroglial tumor	High-grade glioma	HGG, H3 wildtype, TP53	NA	High-grade glioma/astrocytoma (WHO grade III/IV)	high-grade glioma	Temporal Lobe	Hemispheric	Partial resection	stranded	2431	White	Hispanic or Latino	Male	Male	None documented	Other high-grade glioma	#ffccf5	No	AMR	100	Progressive	575	DECEASED	EVENT
BS_JSPR854S	PT_0H65S44B	PBTA	CBTN	C947223	PT_0H65S44B_7316-3567_Solid Tissue_Initial CNS Tumor	7316-3567	Tumor	Initial CNS Tumor	Solid Tissue	NA	Tumor of cranial and paraspinal nerves	Neurofibroma/Plexiform	NA	NA	Other	perineuroma	Other locations NOS	Other	Unavailable	stranded	1553	Asian	Not Hispanic or Latino	Male	Male	None documented	Neurofibroma plexiform	#e6ac39	Yes	SAS	Not Reported	Not Applicable	Not Reported	LIVING	NO EVENT
BS_JT5BXPHZ	PT_F9ANPADH	PBTA	Oligo	C3532314	PT_F9ANPADH_16510-18_Solid Tissue_Recurrence	16510-18	Tumor	Recurrence	Solid Tissue	NA	Diffuse astrocytic and oligodendroglial tumor	Oligodendroglioma	NA	NA	Oligodendroglioma	NA	Parietal Lobe	Hemispheric	NA	stranded	9496	NA	NA	NA	Male	None documented	Oligodendroglioma	tan	No	EUR	NA	NA	NA	NA	NO EVENT
BS_JT82QGXF	PT_MSBPMJ56	PBTA	CBTN	C50799	PT_MSBPMJ56_7316-306_Solid Tissue_Initial CNS Tumor	7316-306	Tumor	Initial CNS Tumor	Solid Tissue	NA	Embryonal tumor	Medulloblastoma	MB, Group4	MB, Group4	Medulloblastoma	medulloblastoma	Cerebellum/Posterior Fossa	Posterior fossa	Gross/Near total resection	stranded	3408	White	Not Hispanic or Latino	Female	Female	None documented	Medulloblastoma	#a340ff	Yes	EUR	5057	Not Applicable	5057	LIVING	NO EVENT
BS_JTMXAMB7	PT_5F4N0CAP	PBTA	CBTN	C67527	PT_5F4N0CAP_7316-219_Solid Tissue_Initial CNS Tumor	7316-219	Tumor	Initial CNS Tumor	Solid Tissue	NA	Embryonal tumor	Medulloblastoma	MB, WNT	NA	Medulloblastoma	medulloblastoma	Cerebellum/Posterior Fossa	Posterior fossa	Partial resection	stranded	3680	White	Not Hispanic or Latino	Female	Female	None documented	Medulloblastoma	#a340ff	Yes	EUR	42	Not Applicable	42	LIVING	NO EVENT
BS_JTWNJ8T7	PT_8HZN8J7C	PBTA	PNOC	C3071433	PT_8HZN8J7C_7316-8034_Solid Tissue_Initial CNS Tumor	7316-8034	Tumor	Initial CNS Tumor	Solid Tissue	NA	Diffuse astrocytic and oligodendroglial tumor	High-grade glioma	HGG, H3 wildtype	NA	High-grade glioma/astrocytoma (WHO grade III/IV)	Glioblastoma	Left temporo-parietal	Hemispheric	NA	stranded	NA	White	Not Hispanic or Latino	Male	Unknown	None documented	Other high-grade glioma	#ffccf5	Yes	NA	NA	NA	NA	NA	NO EVENT
BS_JV0K935Z	PT_M1RYN7B0	PBTA	PBTA-X01-FY22	C406761	PT_M1RYN7B0_7316-1781_Derived Cell Line_Initial CNS Tumor_Serum-based_9	7316-1781	Tumor	Initial CNS Tumor	Derived Cell Line	Serum-based	Embryonal tumor	Atypical Teratoid Rhabdoid Tumor	ATRT, To be classified	NA	Atypical Teratoid Rhabdoid Tumor (ATRT)	atypical teratoid rhabdoid tumor (atrt)	Frontal Lobe	Hemispheric	Gross/Near total resection	poly-A stranded	1038	Reported Unknown	Not Hispanic or Latino	Male	Male	None documented	Atypical Teratoid Rhabdoid Tumor	#4d0d85	No	AFR	194	Recurrence - Metastatic	433	DECEASED	EVENT
BS_JVA2NQFF	PT_4TASAQKA	PBTA	CBTN	C916719	PT_4TASAQKA_7316-3566_Solid Tissue_Initial CNS Tumor	7316-3566	Tumor	Initial CNS Tumor	Solid Tissue	NA	Low-grade astrocytic tumor	Low-grade glioma	LGG, KIAA1549-BRAF	NA	Low-grade glioma/astrocytoma (WHO grade I/II)	pilocytic astrocytoma with kiaa1549- braf fusion and whole chromosome 7 gain	Suprasellar/Hypothalamic/Pituitary;Ventricles	Mixed	Partial resection	stranded	4382	White	Not Hispanic or Latino	Male	Male	None documented	Low-grade glioma	#8f8fbf	Yes	EUR	1610	Not Applicable	1610	LIVING	NO EVENT
BS_JVW2JJ39	PT_7570EHD9	PBTA	CBTN	C176382	PT_7570EHD9_7316-1064_Solid Tissue_Initial CNS Tumor	7316-1064	Tumor	Initial CNS Tumor	Solid Tissue	NA	Diffuse astrocytic and oligodendroglial tumor	High-grade glioma	HGG, H3 wildtype	HGG, H3 wildtype	High-grade glioma/astrocytoma (WHO grade III/IV)	glioblastoma multiforme (who grade iv).	Frontal Lobe	Hemispheric	Biopsy only	stranded	2136	Reported Unknown	Hispanic or Latino	Male	NA	Constitutional Mismatch Repair Deficiency Syndrome (biallelic PMS2, MLH1, MSH2, MSH6),Lynch Syndrome (PMS2, MLH1, MSH2, MSH6)	Other high-grade glioma	#ffccf5	Yes	NA	3184	Recurrence	3184	DECEASED	EVENT
BS_JWCX8R17	PT_C4F1HPH5	PBTA	CBTN	C116604	PT_C4F1HPH5_7316-493_Solid Tissue_Initial CNS Tumor	7316-493	Tumor	Initial CNS Tumor	Solid Tissue	NA	Histiocytic tumor	Langerhans Cell histiocytosis	NA	NA	Langerhans Cell histiocytosis	langerhans cell histiocytosis	Skull	Other	Gross/Near total resection	stranded	2533	White	Not Hispanic or Latino	Male	Male	None documented	Other tumor	#b5b5b5	Yes	EUR	1644	Not Applicable	1644	LIVING	NO EVENT
BS_JWSR581E	PT_6E8JYRXM	PBTA	CBTN	C736401	PT_6E8JYRXM_7316-2729_Solid Tissue_Initial CNS Tumor	7316-2729	Tumor	Initial CNS Tumor	Solid Tissue	NA	Low-grade astrocytic tumor	Low-grade glioma	LGG, KIAA1549-BRAF	LGG, BRAF/MAPK	Low-grade glioma/astrocytoma (WHO grade I/II)	low-grade glioma	Brain Stem-Medulla;Ventricles	Mixed	Partial resection	stranded	996	White	Not Hispanic or Latino	Male	Male	None documented	Low-grade glioma	#8f8fbf	Yes	EUR	1868	Not Applicable	1868	LIVING	NO EVENT
BS_JX449BF5	PT_90W4HCNR	PBTA	CBTN	C687939	PT_90W4HCNR_7316-2672_Solid Tissue_Initial CNS Tumor	7316-2672	Tumor	Initial CNS Tumor	Solid Tissue	NA	Choroid plexus tumor	Choroid plexus tumor	NA	NA	Choroid plexus papilloma	choroid plexus papilloma, who grade i	Ventricles	Ventricles	Gross/Near total resection	stranded	360	White	Not Hispanic or Latino	Male	Male	Not Reported	Choroid plexus tumor	#00441B	Yes	EUR	1530	Not Applicable	1530	LIVING	NO EVENT
BS_JX4QBM9G	PT_34AV968C	PBTA	PBTA-X01-FY22	C2461476	PT_34AV968C_7316-5134_Solid Tissue_Initial CNS Tumor	7316-5134	Tumor	Initial CNS Tumor	Solid Tissue	NA	Low-grade astrocytic tumor	Ganglioglioma	GNG, wildtype	NA	Ganglioglioma	ganglioglioma, who grade i	Temporal Lobe	Hemispheric	Gross/Near total resection	poly-A stranded	8134	Native Hawaiian or Other Pacific Islander	Not Hispanic or Latino	Female	Female	None documented	Mixed neuronal-glial tumor	#685815	Yes	EAS	135	Not Applicable	135	LIVING	NO EVENT
BS_JX7S9MY7	PT_B0JFCN5W	PBTA	CBTN	C374289	PT_B0JFCN5W_7316-1773_Solid Tissue_Initial CNS Tumor	7316-1773	Tumor	Initial CNS Tumor	Solid Tissue	NA	Tumors of sellar region	Craniopharyngioma	CRANIO, To be classified	NA	Craniopharyngioma	craniopharyngioma	Suprasellar/Hypothalamic/Pituitary	Suprasellar	Gross/Near total resection	stranded	4295	Black or African American	Not Hispanic or Latino	Male	Male	None documented	Craniopharyngioma	#b2502d	Yes	AFR	318	Not Applicable	318	LIVING	NO EVENT
BS_JXNZYGCR	PT_3A87PCQK	PBTA	CBTN	C116112	PT_3A87PCQK_7316-480_Solid Tissue_Initial CNS Tumor	7316-480	Tumor	Initial CNS Tumor	Solid Tissue	NA	Neuronal and mixed neuronal-glial tumor	Dysembryoplastic neuroepithelial tumor	NA	NA	Dysembryoplastic neuroepithelial tumor (DNET)	dysembryoplastic neuroepithelial tumor who 1	Temporal Lobe	Hemispheric	Partial resection	stranded	7650	White	Not Hispanic or Latino	Male	Male	None documented	Mixed neuronal-glial tumor	#685815	Yes	EUR	1394	Not Applicable	1394	LIVING	NO EVENT
BS_JXTZSFX3	PT_GHTSGFCT	PBTA	PBTA-X01-FY22	C1095315	PT_GHTSGFCT_7316-4438_Solid Tissue_Initial CNS Tumor	7316-4438	Tumor	Initial CNS Tumor	Solid Tissue	NA	Diffuse astrocytic and oligodendroglial tumor	High-grade glioma	HGG, H3 wildtype	HGG, H3 wildtype	High-grade glioma/astrocytoma (WHO grade III/IV);Neurofibroma/Plexiform	diffuse astrocytoma, idh-1 wildtype, atrx mutant, high grade	Brain Stem-Medulla	Midline	Biopsy only	poly-A stranded	7852	White	Not Hispanic or Latino	Male	Male	Neurofibromatosis, Type 1 (NF-1)	Other high-grade glioma	#ffccf5	Yes	EUR	2474	Progressive	7752	DECEASED	EVENT
BS_JZRM1S3T	PT_78NQ0QQS	PBTA	CBTN	C823731	PT_78NQ0QQS_7316-1651_Solid Tissue_Initial CNS Tumor	7316-1651	Tumor	Initial CNS Tumor	Solid Tissue	NA	Embryonal tumor	Medulloblastoma	MB, WNT	MB, WNT	Medulloblastoma	anaplastic medulloblastoma	Cerebellum/Posterior Fossa	Posterior fossa	Partial resection	stranded	4406	White	Not Hispanic or Latino	Male	Male	None documented	Medulloblastoma	#a340ff	Yes	EUR	Not Reported	Not Applicable	Not Reported	LIVING	NO EVENT
BS_K1024ZPM	PT_1KY3PW1Z	PBTA	PBTA-X01-FY22	C1205523	PT_1KY3PW1Z_7316-4514_Solid Tissue_Initial CNS Tumor	7316-4514	Tumor	Initial CNS Tumor	Solid Tissue	NA	Ependymal tumor	Ependymoma	EPN, MPE	EPN, MPE	Ependymoma	mixopapillary ependymoma (who grade 1)	Spinal Cord- Lumbar/Thecal Sac	Spine	Gross/Near total resection	poly-A stranded	5391	White	Not Hispanic or Latino	Male	Male	None documented	Ependymoma	#2200ff	Yes	EUR	Not Reported	Not Applicable	Not Reported	LIVING	NO EVENT
BS_K17VQECG	PT_KEQ53KRH	PBTA	CBTN	C107010	PT_KEQ53KRH_7316-440_Solid Tissue_Initial CNS Tumor	7316-440	Tumor	Initial CNS Tumor	Solid Tissue	NA	Diffuse astrocytic and oligodendroglial tumor	High-grade glioma	HGG, H3 wildtype, TP53	NA	High-grade glioma/astrocytoma (WHO grade III/IV)	infiltrating high grade astrocytoma who grade iii	Basal Ganglia;Thalamus;Ventricles	Mixed	Biopsy only	stranded	3424	White	Not Hispanic or Latino	Female	Female	None documented	Other high-grade glioma	#ffccf5	Yes	EUR	258	Progressive	337	DECEASED	EVENT
BS_K19586VM	PT_ZJVVRMHQ	PBTA	PBTA-X01-FY22	C1253493	PT_ZJVVRMHQ_7316-4940_Solid Tissue_Initial CNS Tumor	7316-4940	Tumor	Initial CNS Tumor	Solid Tissue	NA	Embryonal tumor	Medulloblastoma	MB, Group4	MB, Group4	Medulloblastoma	medulloblastoma	Cerebellum/Posterior Fossa;Ventricles	Mixed	Gross/Near total resection	poly-A stranded	1997	White	Not Hispanic or Latino	Male	Male	None documented	Medulloblastoma	#a340ff	Yes	EUR	1245	Not Applicable	1245	LIVING	NO EVENT
BS_K20V1HST	PT_EVQZ62SE	PBTA	PBTA-X01-FY22	C3416940	PT_EVQZ62SE_7316-7924_Derived Cell Line_Initial CNS Tumor_Serum-based_6	7316-7924	Tumor	Initial CNS Tumor	Derived Cell Line	Serum-based	Tumors of sellar region	Adamantinomatous Craniopharyngioma	CRANIO, ADAM	NA	Craniopharyngioma	craniopharyngioma, adamantinomatous type with ctnnb1 mutation	Brain Stem- Pons;Other locations NOS;Suprasellar/Hypothalamic/Pituitary	Mixed	Partial resection	poly-A stranded	1706	Reported Unknown	Not Hispanic or Latino	Male	Male	None documented	Craniopharyngioma	#b2502d	No	SAS	163	Not Applicable	163	LIVING	NO EVENT
BS_K25F4J3V	PT_J302B8Y5	PBTA	CBTN	C85854	PT_J302B8Y5_7316-386_Solid Tissue_Initial CNS Tumor	7316-386	Tumor	Initial CNS Tumor	Solid Tissue	NA	Embryonal tumor	Atypical Teratoid Rhabdoid Tumor	ATRT, SHH	ATRT, SHH	Atypical Teratoid Rhabdoid Tumor (ATRT)	atypical teratoid rhabdoid tumor	Cerebellum/Posterior Fossa	Posterior fossa	Gross/Near total resection	stranded	826	Reported Unknown	Not Hispanic or Latino	Male	Male	None documented	Atypical Teratoid Rhabdoid Tumor	#4d0d85	Yes	EUR	173	Recurrence - Metastatic	272	DECEASED	EVENT
BS_K2FHZGTK	PT_AXMVG8QE	PBTA	CBTN	C734433	PT_AXMVG8QE_7316-2732_Solid Tissue_Initial CNS Tumor	7316-2732	Tumor	Initial CNS Tumor	Solid Tissue	NA	Meningioma	Meningioma	NA	NA	Meningioma	meningioma	Ventricles	Ventricles	Gross/Near total resection	stranded	5948	White	Not Hispanic or Latino	Female	Female	None documented	Meningioma	#2db398	Yes	EUR	1827	Recurrence	2535	LIVING	EVENT
BS_K2N1WEZ7	PT_EN4G7A9Z	PBTA	PBTA-X01-FY22	C1026435	PT_EN4G7A9Z_7316-9713_Solid Tissue_Progressive	7316-9713	Tumor	Progressive	Solid Tissue	NA	Diffuse astrocytic and oligodendroglial tumor	High-grade glioma	HGG, H3 wildtype	NA	High-grade glioma/astrocytoma (WHO grade III/IV)	residual/recurrent glial neoplasm, status post radiation (2017) most c/w high grade astrocytoma with piloid features	Spinal Cord- Lumbar/Thecal Sac;Spinal Cord- Thoracic	Spine	Partial resection	poly-A stranded	8741	White	Not Hispanic or Latino	Male	Male	None documented	Other high-grade glioma	#ffccf5	No	EUR	799	Progressive	1980	DECEASED	EVENT
BS_K2VYFVKZ	PT_PFA762TK	PBTA	CBTN	C75276	PT_PFA762TK_7316-462_Solid Tissue_Recurrence	7316-462	Tumor	Recurrence	Solid Tissue	NA	Low-grade astrocytic tumor	Low-grade glioma	LGG, KIAA1549-BRAF	LGG, BRAF/MAPK	Low-grade glioma/astrocytoma (WHO grade I/II)	low-grade glioma	Cerebellum/Posterior Fossa	Posterior fossa	Gross/Near total resection	stranded	796	White	Not Hispanic or Latino	Male	Male	None documented	Low-grade glioma	#8f8fbf	No	EUR	222	Recurrence	2931	LIVING	EVENT
BS_K3ER45RV	PT_QEP13FH4	PBTA	CBTN	C794457	PT_QEP13FH4_7316-3025_Solid Tissue_Initial CNS Tumor	7316-3025	Tumor	Initial CNS Tumor	Solid Tissue	NA	Embryonal tumor	Medulloblastoma	MB, WNT	MB, WNT	Medulloblastoma	medulloblastoma	Ventricles	Ventricles	Gross/Near total resection	stranded	2696	White	Not Hispanic or Latino	Male	Male	Other inherited conditions NOS	Medulloblastoma	#a340ff	Yes	EUR	1707	Recurrence	2784	LIVING	EVENT
BS_K47QA8XB	PT_J9B6VRH8	PBTA	PBTA-X01-FY22	C2685090	PT_J9B6VRH8_7316-6988_Solid Tissue_Recurrence	7316-6988	Tumor	Recurrence	Solid Tissue	NA	Tumors of sellar region	Adamantinomatous Craniopharyngioma	CRANIO, ADAM	NA	Craniopharyngioma	craniopharyngioma w/ calcifications	Suprasellar/Hypothalamic/Pituitary	Suprasellar	Gross/Near total resection	poly-A stranded	2989	Reported Unknown	Not Hispanic or Latino	Male	Male	None documented	Craniopharyngioma	#b2502d	No	SAS	1232	Recurrence	1950	LIVING	EVENT
BS_K57A4A9D	PT_ZX2SJMFJ	PBTA	PBTA-X01-FY22	C3171186	PT_ZX2SJMFJ_7316-7515_Solid Tissue_Initial CNS Tumor	7316-7515	Tumor	Initial CNS Tumor	Solid Tissue	NA	Low-grade astrocytic tumor	Ganglioglioma	GNG, BRAF V600E	NA	Ganglioglioma	low grade glial tumor c/w ganglioglioma with braf v600 e mutation who grade i	Temporal Lobe	Hemispheric	Gross/Near total resection	poly-A stranded	6597	White	Not Hispanic or Latino	Male	Male	None documented	Mixed neuronal-glial tumor	#685815	Yes	EUR	715	Not Applicable	715	LIVING	NO EVENT
BS_K5802F84	PT_NZFFMZ0B	PBTA	CBTN	C244032	PT_NZFFMZ0B_7316-923_Solid Tissue_Initial CNS Tumor	7316-923	Tumor	Initial CNS Tumor	Solid Tissue	NA	Low-grade astrocytic tumor	Low-grade glioma	LGG, other MAPK	NA	Low-grade glioma/astrocytoma (WHO grade I/II)	pilomyxoid astrocytoma	Occipital Lobe	Hemispheric	Gross/Near total resection	stranded	5524	White	Not Hispanic or Latino	Male	Male	None documented	Low-grade glioma	#8f8fbf	Yes	EUR	1921	Not Applicable	1921	LIVING	NO EVENT
BS_K5KWSB7D	PT_QHBEC0M5	PBTA	PBTA-X01-FY22	C1276986	PT_QHBEC0M5_7316-4990_Solid Tissue_Progressive	7316-4990	Tumor	Progressive	Solid Tissue	NA	Ependymal tumor	Ependymoma	EPN, ST ZFTA	NA	Ependymoma	anaplastic ependymoma with extensive treatment effects, l1cam-positive, who grade iii	Temporal Lobe;Ventricles	Mixed	Gross/Near total resection	poly-A stranded	1423	Reported Unknown	Hispanic or Latino	Female	Female	None documented	Ependymoma	#2200ff	No	AMR	12	Progressive	3330	LIVING	EVENT
BS_K74PZET7	PT_ZG4J0EK0	PBTA	CBTN	C972438	PT_ZG4J0EK0_7316-3774_Solid Tissue_Initial CNS Tumor	7316-3774	Tumor	Initial CNS Tumor	Solid Tissue	NA	Embryonal tumor	Medulloblastoma	MB, Group4	MB, Group4	Medulloblastoma	medulloblastoma non-wnt/non-shh, who grade iv	Cerebellum/Posterior Fossa;Ventricles	Mixed	Partial resection	stranded	2050	Black or African American	Not Hispanic or Latino	Female	Female	None documented	Medulloblastoma	#a340ff	Yes	AFR	810	Recurrence	1139	DECEASED	EVENT
BS_K7MVS0Z7	PT_ADTP7EHN	PBTA	CBTN	C774039	PT_ADTP7EHN_7316-1664_Solid Tissue_Initial CNS Tumor	7316-1664	Tumor	Initial CNS Tumor	Solid Tissue	NA	Low-grade astrocytic tumor	Low-grade glioma	LGG, KIAA1549-BRAF	NA	Low-grade glioma/astrocytoma (WHO grade I/II)	pilocytic astrocytoma	Optic Pathway;Suprasellar/Hypothalamic/Pituitary	Mixed	Partial resection	stranded	2938	White	Not Hispanic or Latino	Female	Female	None documented	Low-grade glioma	#8f8fbf	Yes	EUR	Not Reported	Not Applicable	Not Reported	LIVING	NO EVENT
BS_K7WBFK5T	PT_JS71VA20	PBTA	CBTN	C557682	PT_JS71VA20_7316-2199_Solid Tissue_Initial CNS Tumor	7316-2199	Tumor	Initial CNS Tumor	Solid Tissue	NA	Embryonal tumor	Atypical Teratoid Rhabdoid Tumor	ATRT, SHH	ATRT, SHH	Atypical Teratoid Rhabdoid Tumor (ATRT)	atypical teratoid/ rhabdoid tumor (who grade iv)	Frontal Lobe;Parietal Lobe;Temporal Lobe	Hemispheric	Gross/Near total resection	poly-A stranded	964	White	Not Hispanic or Latino	Male	NA	None documented	Atypical Teratoid Rhabdoid Tumor	#4d0d85	Yes	NA	1817	Not Applicable	1817	LIVING	NO EVENT
BS_K81DR8XG	PT_GH6HM5QF	PBTA	CBTN	C908478	PT_GH6HM5QF_7316-3202_Solid Tissue_Initial CNS Tumor	7316-3202	Tumor	Initial CNS Tumor	Solid Tissue	NA	Embryonal tumor	Medulloblastoma	MB, SHH	NA	Medulloblastoma	classic  medulloblastoma, who grade iv	Cerebellum/Posterior Fossa	Posterior fossa	Gross/Near total resection	stranded	525	Reported Unknown	Hispanic or Latino	Male	Male	None documented	Medulloblastoma	#a340ff	Yes	AMR	356	Recurrence - Metastatic	775	DECEASED	EVENT
BS_K81PZXP2	PT_9X1XY3JK	PBTA	PBTA-X01-FY22	C2669346	PT_9X1XY3JK_7316-6041_Solid Tissue_Initial CNS Tumor	7316-6041	Tumor	Initial CNS Tumor	Solid Tissue	NA	Diffuse astrocytic and oligodendroglial tumor	Diffuse midline glioma	DMG, H3 K28, TP53	DMG, H3 K28	High-grade glioma/astrocytoma (WHO grade III/IV)	glioblastoma who grade iv	Spinal Cord- Thoracic	Spine	Gross/Near total resection	poly-A stranded	4174	White	Not Hispanic or Latino	Male	Male	None documented	DIPG or DMG	#ff40d9	Yes	EUR	836	Deceased-due to other causes	836	DECEASED	NO EVENT
BS_K838XW6V	PT_B5KXHZ6Q	PBTA	PBTA-X01-FY22	C2421501	PT_B5KXHZ6Q_7316-5258_Solid Tissue_Initial CNS Tumor	7316-5258	Tumor	Initial CNS Tumor	Solid Tissue	NA	Low-grade astrocytic tumor	Low-grade glioma	LGG, KIAA1549-BRAF	NA	Low-grade glioma/astrocytoma (WHO grade I/II)	pilocytic astrocytoma who grade i	Cerebellum/Posterior Fossa	Posterior fossa	Gross/Near total resection	poly-A stranded	4205	White	Not Hispanic or Latino	Female	Female	None documented	Low-grade glioma	#8f8fbf	Yes	EUR	1806	Not Applicable	1806	LIVING	NO EVENT
BS_K8ZGHV4D	PT_XYS9EB2T	PBTA	PBTA-X01-FY22	C3777576	PT_XYS9EB2T_7316-6532_Solid Tissue_Initial CNS Tumor	7316-6532	Tumor	Initial CNS Tumor	Solid Tissue	NA	Low-grade astrocytic tumor	Low-grade glioma	LGG, wildtype	NA	Low-grade glioma/astrocytoma (WHO grade I/II)	pilocytic astrocytoma, who grade 1	Cerebellum/Posterior Fossa	Posterior fossa	Gross/Near total resection	poly-A stranded	4319	White	Not Hispanic or Latino	Female	Female	None documented	Low-grade glioma	#8f8fbf	Yes	AFR	544	Not Applicable	544	LIVING	NO EVENT
BS_KABQQA0T	PT_W5GP3F6B	PBTA	PNOC	C3092712	PT_W5GP3F6B_A16915_Solid Tissue_Initial CNS Tumor	A16915	Tumor	Initial CNS Tumor	Solid Tissue	NA	Diffuse astrocytic and oligodendroglial tumor	Diffuse midline glioma	DMG, H3 K28, TP53	NA	Brainstem glioma- Diffuse intrinsic pontine glioma	Diffuse midline glioma, H3K27M mutant, WHO grade IV	Pons/Brainstem	Midline	NA	stranded	2459	Asian	Hispanic or Latino	Male	Unknown	None documented	DIPG or DMG	#ff40d9	No	AMR	NA	NA	258	DECEASED	NO EVENT
BS_KB7WDWY8	PT_28TM5WBD	PBTA	PBTA-X01-FY22	C2820267	PT_28TM5WBD_7316-6885_Solid Tissue_Deceased	7316-6885	Tumor	Deceased	Solid Tissue	NA	Diffuse astrocytic and oligodendroglial tumor	Infant-type hemispheric glioma	IHG, ALK-altered	HGG, IHG	High-grade glioma/astrocytoma (WHO grade III/IV)	high grade glioma with ppp1cb-alk fusion gene, who grade iv	Brain Stem- Midbrain/Tectum;Brain Stem- Pons;Other locations NOS	Mixed	NA	poly-A stranded	3	Reported Unknown	Not Available	Female	Female	None documented	Other high-grade glioma	#ffccf5	No	EUR	2	Deceased-due to disease	2	DECEASED	EVENT
BS_KBEX4RT2	PT_84Q11Z5X	PBTA	HOPE	C54735	PT_84Q11Z5X_7316-288_Solid Tissue_Initial CNS Tumor	7316-288	Tumor	Initial CNS Tumor	Solid Tissue	NA	Diffuse astrocytic and oligodendroglial tumor	Diffuse midline glioma	DMG, H3 K28	NA	High-grade glioma/astrocytoma (WHO grade III/IV)	glioblastoma	Thalamus	Midline	Partial resection	poly-A stranded	5359	White	Not Available	Female	NA	None documented	DIPG or DMG	#ff40d9	Yes	NA	699	Progressive	789	DECEASED	EVENT
BS_KBT7MQ6H	PT_CYBYN18G	PBTA	CBTN	C743412	PT_CYBYN18G_7316-2567_Solid Tissue_Initial CNS Tumor	7316-2567	Tumor	Initial CNS Tumor	Solid Tissue	NA	Ependymal tumor	Ependymoma	EPN, ST ZFTA	EPN, ST ZFTA	Ependymoma	ependymoma	Parietal Lobe	Hemispheric	Gross/Near total resection	stranded	3474	White	Not Hispanic or Latino	Male	Male	Neurofibromatosis, Type 1 (NF-1)	Ependymoma	#2200ff	Yes	EUR	Not Reported	Recurrence	Not Reported	NA	EVENT
BS_KD8KG8G4	PT_FWWRWTV2	PBTA	PBTA-X01-FY22	C533082	PT_FWWRWTV2_7316-6304_Solid Tissue_Second Malignancy	7316-6304	Tumor	Second Malignancy	Solid Tissue	NA	Diffuse astrocytic and oligodendroglial tumor	High-grade glioma	HGG, H3 wildtype	NA	High-grade glioma/astrocytoma (WHO grade III/IV)	glioblastoma, idh-wildtype, who grade iv with mutation in atm and homozygous loss of cdkn2a/b	Ventricles	Ventricles	Biopsy only	poly-A stranded	5174	Black or African American	Not Hispanic or Latino	Male	Male	None documented	Other high-grade glioma	#ffccf5	No	AFR	4413	Second Malignancy	4474	DECEASED	EVENT
BS_KDHG76E1	PT_HRN5SQCK	PBTA	CBTN	C1272804	PT_HRN5SQCK_7316-4331_Solid Tissue_Initial CNS Tumor	7316-4331	Tumor	Initial CNS Tumor	Solid Tissue	NA	Diffuse astrocytic and oligodendroglial tumor	High-grade glioma	HGG, To be classified	NA	High-grade glioma/astrocytoma (WHO grade III/IV)	who ii, glioblastoma multiforme, grade  4 by duke and prior ucsf criteria this is  a glioblastoma multiforme and by daumas-duport criteria is a grade 4 astrocytoma	Frontal Lobe;Occipital Lobe;Other locations NOS;Parietal Lobe;Ventricles	Mixed	Partial resection	poly-A stranded	2738	Native Hawaiian or Other Pacific Islander	Not Hispanic or Latino	Female	NA	None documented	Other high-grade glioma	#ffccf5	Yes	NA	6	Not Applicable	6	LIVING	NO EVENT
BS_KDSTG5YY	PT_2CJ31SBX	PBTA	CBTN	C979326	PT_2CJ31SBX_7316-3624_Solid Tissue_Initial CNS Tumor	7316-3624	Tumor	Initial CNS Tumor	Solid Tissue	NA	Ependymal tumor	Ependymoma	EPN, To be classified	NA	Ependymoma	anaplastic ependymoma	Cerebellum/Posterior Fossa	Posterior fossa	Partial resection	stranded	1364	Reported Unknown	Not Available	Female	Female	None documented	Ependymoma	#2200ff	Yes	EUR	Not Reported	Not Applicable	Not Reported	LIVING	NO EVENT
BS_KE56MMY0	PT_9PJR0ZK7	PBTA	CBTN	C270846	PT_9PJR0ZK7_7316-935_Solid Tissue_Second Malignancy	7316-935	Tumor	Second Malignancy	Solid Tissue	NA	Tumor of cranial and paraspinal nerves	Neurofibroma/Plexiform	NA	NA	Neurofibroma/Plexiform	neurofibroma/plexiform	Spine NOS	Spine	Partial resection	stranded	6348	Black or African American	Not Hispanic or Latino	Male	Male	Neurofibromatosis, Type 1 (NF-1)	Neurofibroma plexiform	#e6ac39	No	AFR	83	Second Malignancy	588	DECEASED	EVENT
BS_KEA474HN	PT_EQ5C5TEA	PBTA	CBTN	C974898	PT_EQ5C5TEA_7316-3922_Solid Tissue_Initial CNS Tumor	7316-3922	Tumor	Initial CNS Tumor	Solid Tissue	NA	Low-grade astrocytic tumor	Low-grade glioma	LGG, KIAA1549-BRAF, other MAPK	NA	Low-grade glioma/astrocytoma (WHO grade I/II)	anaplastic pilocytic astrocytoma	Cerebellum/Posterior Fossa;Meninges/Dura	Mixed	Gross/Near total resection	stranded	4043	Reported Unknown	Hispanic or Latino	Male	Male	None documented	Low-grade glioma	#8f8fbf	Yes	AMR	1066	Second Malignancy - Metastatic	1982	LIVING	EVENT
BS_KEC46Y95	PT_ZZWYKZZ8	PBTA	PBTA-X01-FY22	C30012	PT_ZZWYKZZ8_7316-2758_Solid Tissue_Deceased	7316-2758	Tumor	Deceased	Solid Tissue	NA	Ependymal tumor	Ependymoma	EPN, To be classified	NA	Ependymoma	ependymoma	Cerebellum/Posterior Fossa;Ventricles	Mixed	NA	poly-A stranded	193	White	Not Hispanic or Latino	Male	Male	None documented	Ependymoma	#2200ff	No	EUR	1253	Recurrence	3748	DECEASED	EVENT
BS_KECDJ3VZ	PT_NT00W9AH	PBTA	CBTN	C157563	PT_NT00W9AH_7316-1690_Solid Tissue_Progressive	7316-1690	Tumor	Progressive	Solid Tissue	NA	Diffuse astrocytic and oligodendroglial tumor	High-grade glioma	HGG, To be classified	NA	High-grade glioma/astrocytoma (WHO grade III/IV)	high grade glial neoplasm	Spinal Cord- Cervical;Spinal Cord- Thoracic	Spine	Biopsy only	poly-A stranded	6893	White	Not Hispanic or Latino	Male	NA	Neurofibromatosis, Type 1 (NF-1)	Other high-grade glioma	#ffccf5	No	NA	699	Progressive	2931	DECEASED	EVENT
BS_KF0ZXDER	PT_CX58G6P6	PBTA	CBTN	C641814	PT_CX58G6P6_7316-2191_Solid Tissue_Initial CNS Tumor	7316-2191	Tumor	Initial CNS Tumor	Solid Tissue	NA	Meningioma	Meningioma	NA	NA	Meningioma	meningioma	Meninges/Dura;Optic Pathway	Mixed	Partial resection	stranded	6212	Reported Unknown	Not Hispanic or Latino	Male	Male	None documented	Meningioma	#2db398	Yes	SAS	1931	Not Applicable	1931	LIVING	NO EVENT
BS_KFSQ144Y	PT_BW2HBVWT	PBTA	CBTN	C1275510	PT_BW2HBVWT_7316-5103_Solid Tissue_Initial CNS Tumor	7316-5103	Tumor	Initial CNS Tumor	Solid Tissue	NA	Diffuse astrocytic and oligodendroglial tumor	High-grade glioma	HGG, To be classified	NA	High-grade glioma/astrocytoma (WHO grade III/IV)	glioblastoma multiforme	Parietal Lobe;Temporal Lobe	Hemispheric	Gross/Near total resection	poly-A stranded	6195	White	Not Hispanic or Latino	Male	NA	None documented	Other high-grade glioma	#ffccf5	Yes	NA	215	Not Applicable	215	LIVING	NO EVENT
BS_KGNVZV8A	PT_23NZGSRJ	PBTA	PBTA-X01-FY22	C698517	PT_23NZGSRJ_7316-4509_Solid Tissue_Deceased	7316-4509	Tumor	Deceased	Solid Tissue	NA	Embryonal tumor	Medulloblastoma	MB, Group3	MB, Group3	Medulloblastoma	medulloblastoma who grade iv	Cerebellum/Posterior Fossa;Meninges/Dura;Occipital Lobe;Parietal Lobe;Spinal Cord- Cervical;Spinal Cord- Thoracic	Mixed	NA	poly-A stranded	1484	White	Not Hispanic or Latino	Female	Female	None documented	Medulloblastoma	#a340ff	No	EUR	384	Progressive - Metastatic	599	DECEASED	EVENT
BS_KGXP2KJE	PT_3JNXBSHR	PBTA	PBTA-X01-FY22	C1026804	PT_3JNXBSHR_7316-3931_Solid Tissue_Initial CNS Tumor	7316-3931	Tumor	Initial CNS Tumor	Solid Tissue	NA	Embryonal tumor	Medulloblastoma	MB, Group4	MB, Group4	Medulloblastoma	medulloblastoma non-wnt/non-shh, who grade iv	Cerebellum/Posterior Fossa	Posterior fossa	Gross/Near total resection	poly-A stranded	5299	Reported Unknown	Hispanic or Latino	Male	Male	None documented	Medulloblastoma	#a340ff	Yes	AMR	1145	Recurrence - Metastatic	2335	DECEASED	EVENT
BS_KHHXRWMZ	PT_KT1TR9JH	PBTA	PBTA-X01-FY22	C3706974	PT_KT1TR9JH_7316-8072_Solid Tissue_Progressive	7316-8072	Tumor	Progressive	Solid Tissue	NA	Embryonal tumor	Embryonal tumor with multilayer rosettes	ETMR, NOS	NA	Embryonal Tumor with Multilayered Rosettes (ETMR)	etmr	Temporal Lobe	Hemispheric	Gross/Near total resection	poly-A stranded	767	Reported Unknown	Not Hispanic or Latino	Male	Male	None documented	Other CNS embryonal tumor	#b08ccf	No	AMR	203	Recurrence	1567	LIVING	EVENT
BS_KJJZ48WS	PT_MR5ZNP8K	PBTA	PBTA-X01-FY22	C2488167	PT_MR5ZNP8K_7316-5526_Solid Tissue_Initial CNS Tumor	7316-5526	Tumor	Initial CNS Tumor	Solid Tissue	NA	Embryonal tumor	Medulloblastoma	MB, Group3	MB, Group3	Medulloblastoma	medulloblastoma, non-wnt/non-shh who grade iv	Ventricles	Ventricles	Gross/Near total resection	poly-A stranded	1334	White	Not Hispanic or Latino	Male	Male	None documented	Medulloblastoma	#a340ff	Yes	EUR	1695	Not Applicable	1695	LIVING	NO EVENT
BS_KK0JWATQ	PT_XHYBZKCX	PBTA	CBTN	C27183	PT_XHYBZKCX_7316-1456_Solid Tissue_Unknown	7316-1456	Tumor	Unknown	Solid Tissue	NA	Other tumor	Other tumor	NA	NA	Other	reactive connective tissue	Other locations NOS	Other	Gross/Near total resection	stranded	7442	White	Not Hispanic or Latino	Male	Male	None documented	Other tumor	#b5b5b5	No	EUR	3641	Not Applicable	3641	LIVING	NO EVENT
BS_KK5C8VCK	PT_WWME595X	PBTA	CBTN	C49692	PT_WWME595X_7316-245_Solid Tissue_Initial CNS Tumor	7316-245	Tumor	Initial CNS Tumor	Solid Tissue	NA	Choroid plexus tumor	Choroid plexus tumor	NA	NA	Choroid plexus papilloma	choroid plexus papilloma	Ventricles	Ventricles	Gross/Near total resection	stranded	4259	White	Hispanic or Latino	Female	Female	None documented	Choroid plexus tumor	#00441B	Yes	AMR	3021	Not Applicable	3021	LIVING	NO EVENT
BS_KM2EX0K6	PT_PAW18EK3	PBTA	CBTN	C457314	PT_PAW18EK3_7316-1948_Solid Tissue_Initial CNS Tumor	7316-1948	Tumor	Initial CNS Tumor	Solid Tissue	NA	Neuronal and mixed neuronal-glial tumor	Dysembryoplastic neuroepithelial tumor	NA	NA	Dysembryoplastic neuroepithelial tumor (DNET)	dnet	Temporal Lobe	Hemispheric	Gross/Near total resection	stranded	5681	White	Not Hispanic or Latino	Male	Male	None documented	Mixed neuronal-glial tumor	#685815	Yes	EUR	Not Reported	Not Applicable	Not Reported	LIVING	NO EVENT
BS_KMVKBZNM	PT_X0514H3P	PBTA	PBTA-X01-FY22	C1232706	PT_X0514H3P_7316-4911_Solid Tissue_Initial CNS Tumor	7316-4911	Tumor	Initial CNS Tumor	Solid Tissue	NA	Benign tumor	NA	NA	NA	Adenoma	corticotroph adenoma	Suprasellar/Hypothalamic/Pituitary	Suprasellar	Partial resection	poly-A stranded	5950	White	Not Hispanic or Latino	Male	Male	None documented	Non-neoplastic tumor	#FFF5EB	Yes	EUR	Not Reported	Not Applicable	Not Reported	LIVING	NO EVENT
BS_KN92S7YQ	PT_HEGTYPQJ	PBTA	CBTN	C617952	PT_HEGTYPQJ_7316-2562_Solid Tissue_Initial CNS Tumor	7316-2562	Tumor	Initial CNS Tumor	Solid Tissue	NA	Embryonal tumor	Medulloblastoma	MB, Group4	MB, Group4	Medulloblastoma	medulloblastoma, who grade iv	Cerebellum/Posterior Fossa	Posterior fossa	Gross/Near total resection	stranded	4850	White	Not Hispanic or Latino	Male	Male	None documented	Medulloblastoma	#a340ff	Yes	EUR	3121	Not Applicable	3121	LIVING	NO EVENT
BS_KND4B5CW	PT_2NQPX1R2	PBTA	CBTN	C293355	PT_2NQPX1R2_7316-1116_Solid Tissue_Recurrence	7316-1116	Tumor	Recurrence	Solid Tissue	NA	Tumors of sellar region	Adamantinomatous Craniopharyngioma	CRANIO, ADAM	CRANIO, ADAM	Craniopharyngioma	craniopharyngioma	Suprasellar/Hypothalamic/Pituitary	Suprasellar	Gross/Near total resection	stranded	5948	White	Not Hispanic or Latino	Male	Male	None documented	Craniopharyngioma	#b2502d	No	EUR	Not Reported	Recurrence	Not Reported	LIVING	EVENT
BS_KP735TJ6	PT_MSQ6GSVP	PBTA	HOPE	C946485	PT_MSQ6GSVP_7316-2274_Solid Tissue_Initial CNS Tumor	7316-2274	Tumor	Initial CNS Tumor	Solid Tissue	NA	Diffuse astrocytic and oligodendroglial tumor	Infant-type hemispheric glioma	IHG, NTRK-altered	HGG, IHG	High-grade glioma/astrocytoma (WHO grade III/IV)	malignant neoplasm, favor glioblastoma	Brain Stem- Pons;Cerebellum/Posterior Fossa;Cranial Nerves NOS;Frontal Lobe;Meninges/Dura;Parietal Lobe;Spinal Cord- Cervical;Temporal Lobe	Mixed	Partial resection	stranded	83	More Than One Race	Hispanic or Latino	Female	Female	None documented	Other high-grade glioma	#ffccf5	Yes	AMR	482	Progressive - Metastatic	1968	LIVING	EVENT
BS_KPT2WPHW	PT_CR2YBSPT	PBTA	CBTN	C73308	PT_CR2YBSPT_7316-359_Solid Tissue_Initial CNS Tumor	7316-359	Tumor	Initial CNS Tumor	Solid Tissue	NA	Low-grade astrocytic tumor	Ganglioglioma	GNG, wildtype	NA	Ganglioglioma	ganglioglioma	Temporal Lobe	Hemispheric	Gross/Near total resection	stranded	362	White	Not Hispanic or Latino	Male	Male	None documented	Mixed neuronal-glial tumor	#685815	Yes	EUR	200	Not Applicable	200	LIVING	NO EVENT
BS_KQ6ZW085	PT_SSE4AH59	PBTA	CBTN	C396183	PT_SSE4AH59_7316-1776_Solid Tissue_Initial CNS Tumor	7316-1776	Tumor	Initial CNS Tumor	Solid Tissue	NA	Diffuse astrocytic and oligodendroglial tumor	High-grade glioma	HGG, H3 wildtype	NA	Dysembryoplastic neuroepithelial tumor (DNET)	dnet	Temporal Lobe	Hemispheric	Gross/Near total resection	stranded	825	White	Not Hispanic or Latino	Male	Male	None documented	Other high-grade glioma	#ffccf5	Yes	EUR	Not Reported	Not Applicable	Not Reported	LIVING	NO EVENT
BS_KR4MP5ET	PT_AQWDQW27	PBTA	CBTN	C104304	PT_AQWDQW27_7316-1476_Solid Tissue_Progressive	7316-1476	Tumor	Progressive	Solid Tissue	NA	Meningioma	Meningioma	NA	NA	Meningioma	atypical cystic meningioma who grade 2	Temporal Lobe	Hemispheric	Partial resection	stranded	209	Reported Unknown	Hispanic or Latino	Female	Female	None documented	Meningioma	#2db398	No	AMR	189	Progressive	2995	LIVING	EVENT
BS_KSC2H2HV	PT_QA00MAJ9	PBTA	PBTA-X01-FY22	C2666517	PT_QA00MAJ9_7316-6137_Solid Tissue_Initial CNS Tumor	7316-6137	Tumor	Initial CNS Tumor	Solid Tissue	NA	Low-grade astrocytic tumor	Low-grade glioma	LGG, wildtype	NA	Low-grade glioma/astrocytoma (WHO grade I/II)	pilocytic astrocytoma, who grade 1	Cerebellum/Posterior Fossa	Posterior fossa	Gross/Near total resection	poly-A stranded	5457	Black or African American	Not Hispanic or Latino	Male	Male	None documented	Low-grade glioma	#8f8fbf	Yes	AMR	1446	Not Applicable	1446	LIVING	NO EVENT
BS_KSKZ9J7J	PT_80NVYCBS	PBTA	CBTN	C132594	PT_80NVYCBS_7316-765_Solid Tissue_Initial CNS Tumor	7316-765	Tumor	Initial CNS Tumor	Solid Tissue	NA	Embryonal tumor	CNS Embryonal tumor	CNS HGNET-MN1	NA	Ependymoma	anaplastic ependymoma who grade iii	Temporal Lobe	Hemispheric	Partial resection	stranded	5589	Reported Unknown	Hispanic or Latino	Male	NA	None documented	Other CNS embryonal tumor	#b08ccf	Yes	NA	791	Recurrence	1670	DECEASED	EVENT
BS_KT3C0XCA	PT_6QXP9GQT	PBTA	CBTN	C2579925	PT_6QXP9GQT_7316-6283_Solid Tissue_Initial CNS Tumor	7316-6283	Tumor	Initial CNS Tumor	Solid Tissue	NA	Ependymal tumor	Ependymoma	EPN, To be classified	NA	Ependymoma	anaplastic ependymoma with nf2 586c>t (p.arg196*) mutation and loss of chromosome 22, who grade iii	Thalamus	Midline	Gross/Near total resection	stranded	3490	Reported Unknown	Hispanic or Latino	Male	Male	None documented	Ependymoma	#2200ff	Yes	NA	445	Recurrence	677	DECEASED	EVENT
BS_KT975AEF	PT_Q6CGR1G6	PBTA	PBTA-X01-FY22	C2408217	PT_Q6CGR1G6_7316-4267_Solid Tissue_Progressive	7316-4267	Tumor	Progressive	Solid Tissue	NA	Low-grade astrocytic tumor	Low-grade glioma	LGG, wildtype	NA	Low-grade glioma/astrocytoma (WHO grade I/II)	low grade glioma with pilomyxoid features	Suprasellar/Hypothalamic/Pituitary	Suprasellar	Gross/Near total resection	poly-A stranded	393	White	Not Hispanic or Latino	Male	Male	None documented	Low-grade glioma	#8f8fbf	No	EUR	629	Progressive	3229	DECEASED	EVENT
BS_KVAJYZ6F	PT_JW2FDK4W	PBTA	CBTN	C70356	PT_JW2FDK4W_7316-334_Solid Tissue_Initial CNS Tumor	7316-334	Tumor	Initial CNS Tumor	Solid Tissue	NA	Neuronal and mixed neuronal-glial tumor	Glial-neuronal tumor NOS	GNT, To be classified	NA	Glial-neuronal tumor NOS	low-grade glioneuronal tumor	Frontal Lobe;Parietal Lobe	Hemispheric	Gross/Near total resection	stranded	5511	White	Not Hispanic or Latino	Male	Male	None documented	Mixed neuronal-glial tumor	#685815	Yes	NA	2561	Not Applicable	2561	LIVING	NO EVENT
BS_KVNGNETA	PT_GGCQAGPS	PBTA	CBTN	C48216	PT_GGCQAGPS_7316-304_Solid Tissue_Initial CNS Tumor	7316-304	Tumor	Initial CNS Tumor	Solid Tissue	NA	Embryonal tumor	Medulloblastoma	MB, Group3	MB, Group3	Medulloblastoma	medulloblastoma	Cerebellum/Posterior Fossa	Posterior fossa	Gross/Near total resection	stranded	2265	White	Not Hispanic or Latino	Female	Female	None documented	Medulloblastoma	#a340ff	Yes	NA	3351	Not Applicable	3351	LIVING	NO EVENT
BS_KVPWHDR4	PT_XHV730W9	PBTA	PBTA-X01-FY22	C3471552	PT_XHV730W9_7316-6791_Solid Tissue_Initial CNS Tumor	7316-6791	Tumor	Initial CNS Tumor	Solid Tissue	NA	Diffuse astrocytic and oligodendroglial tumor	Diffuse midline glioma	DMG, H3 K28, TP53	DMG, H3 K28	High-grade glioma/astrocytoma (WHO grade III/IV)	glioblastoma	Cerebellum/Posterior Fossa	Posterior fossa	Gross/Near total resection	poly-A stranded	3912	Reported Unknown	Not Available	Male	Male	None documented	DIPG or DMG	#ff40d9	Yes	EUR	Not Reported	Not Applicable	Not Reported	LIVING	NO EVENT
BS_KVV7001W	PT_E8XM8JFZ	PBTA	CBTN	C16974	PT_E8XM8JFZ_7316-324_Solid Tissue_Initial CNS Tumor	7316-324	Tumor	Initial CNS Tumor	Solid Tissue	NA	Low-grade astrocytic tumor	Ganglioglioma	GNG, BRAF V600E	GNT, MAPK	Ganglioglioma	ganglioglioma (who grade ii)	Temporal Lobe	Hemispheric	Partial resection	stranded	1302	White	Not Hispanic or Latino	Male	Male	None documented	Mixed neuronal-glial tumor	#685815	Yes	EUR	72	Progressive	4992	LIVING	EVENT
BS_KWVZXEDS	PT_GXBA7S2C	PBTA	PBTA-X01-FY22	C2581155	PT_GXBA7S2C_7316-4557_Solid Tissue_Initial CNS Tumor	7316-4557	Tumor	Initial CNS Tumor	Solid Tissue	NA	Ependymal tumor	Ependymoma	EPN, PF B	EPN, PF B	Ependymoma	ependymoma	Cerebellum/Posterior Fossa	Posterior fossa	Partial resection	poly-A stranded	3754	Reported Unknown	Not Available	Male	Male	None documented	Ependymoma	#2200ff	Yes	EUR	Not Reported	Not Applicable	Not Reported	LIVING	NO EVENT
BS_KX6J8TRK	PT_XA8ASFJK	PBTA	CBTN	C883263	PT_XA8ASFJK_7316-3762_Solid Tissue_Progressive	7316-3762	Tumor	Progressive	Solid Tissue	NA	Low-grade astrocytic tumor	Low-grade glioma	LGG, NF1-somatic, NF1-germline, FGFR	NA	Low-grade glioma/astrocytoma (WHO grade I/II)	pilocytic astrocytoma	Optic Pathway;Suprasellar/Hypothalamic/Pituitary;Ventricles	Mixed	Partial resection	stranded	1071	Reported Unknown	Not Hispanic or Latino	Male	Male	Neurofibromatosis, Type 1 (NF-1)	Low-grade glioma	#8f8fbf	No	EUR	4852	Progressive	5097	LIVING	EVENT
BS_KX9ECQZW	PT_9B3YD5DR	PBTA	PBTA-X01-FY22	C99507	PT_9B3YD5DR_7316-411_Solid Tissue_Initial CNS Tumor	7316-411	Tumor	Initial CNS Tumor	Solid Tissue	NA	Embryonal tumor	Medulloblastoma	MB, Group4	MB, Group4	Medulloblastoma	medulloblastoma, classic, who gr 4	Cerebellum/Posterior Fossa	Posterior fossa	Gross/Near total resection	poly-A stranded	1999	White	Not Hispanic or Latino	Female	Female	None documented	Medulloblastoma	#a340ff	Yes	EUR	2954	Not Applicable	2954	LIVING	NO EVENT
BS_KXCY5BN5	PT_GH693TT8	PBTA	CBTN	C607743	PT_GH693TT8_7316-2181_Solid Tissue_Initial CNS Tumor	7316-2181	Tumor	Initial CNS Tumor	Solid Tissue	NA	Embryonal tumor	Atypical Teratoid Rhabdoid Tumor	ATRT, TYR	ATRT, TYR	Atypical Teratoid Rhabdoid Tumor (ATRT)	atrt	Cerebellum/Posterior Fossa;Spinal Cord- Cervical;Spinal Cord- Lumbar/Thecal Sac;Spinal Cord- Thoracic	Mixed	Partial resection	stranded	738	White	Not Hispanic or Latino	Male	Male	None documented	Atypical Teratoid Rhabdoid Tumor	#4d0d85	Yes	EUR	17	Progressive - Metastatic	1312	DECEASED	EVENT
BS_KXH37MPN	PT_AP9P5D7N	PBTA	CBTN	C293478	PT_AP9P5D7N_7316-1117_Solid Tissue_Recurrence	7316-1117	Tumor	Recurrence	Solid Tissue	NA	Neuronal and mixed neuronal-glial tumor	Dysembryoplastic neuroepithelial tumor	NA	NA	Dysembryoplastic neuroepithelial tumor (DNET)	recurrent dnt	Other locations NOS	Other	Partial resection	stranded	7737	White	Not Hispanic or Latino	Male	Male	None documented	Mixed neuronal-glial tumor	#685815	No	EUR	Not Reported	Recurrence	Not Reported	LIVING	EVENT
BS_KXMYBQ6N	PT_0WKX8Q5X	PBTA	CBTN	C26445	PT_0WKX8Q5X_7316-88_Solid Tissue_Initial CNS Tumor	7316-88	Tumor	Initial CNS Tumor	Solid Tissue	NA	Ependymal tumor	Ependymoma	EPN, To be classified	NA	Ependymoma	myxopapillary ependymoma who i	Spinal Cord- Lumbar/Thecal Sac	Spine	Partial resection	stranded	5358	White	Not Hispanic or Latino	Male	Male	None documented	Ependymoma	#2200ff	Yes	EUR	1840	Not Applicable	1840	LIVING	NO EVENT
BS_KYF0Q0E7	PT_5FR2YA6E	PBTA	CBTN	C28905	PT_5FR2YA6E_7316-109_Solid Tissue_Initial CNS Tumor	7316-109	Tumor	Initial CNS Tumor	Solid Tissue	NA	Embryonal tumor	Medulloblastoma	MB, Group4	NA	Medulloblastoma	medulloblastoma	Cerebellum/Posterior Fossa	Posterior fossa	Gross/Near total resection	stranded	4234	White	Not Hispanic or Latino	Male	Male	None documented	Medulloblastoma	#a340ff	Yes	EUR	1435	Recurrence - Metastatic	2276	DECEASED	EVENT
BS_KYRAHGZ8	PT_HVZTF42R	PBTA	PBTA-X01-FY22	C626193	PT_HVZTF42R_7316-2187_Derived Cell Line_Initial CNS Tumor_Serum-based_8	7316-2187	Tumor	Initial CNS Tumor	Derived Cell Line	Serum-based	Embryonal tumor	Atypical Teratoid Rhabdoid Tumor	ATRT, To be classified	NA	Atypical Teratoid Rhabdoid Tumor (ATRT)	atypical teratoid rhabdoid tumor	Frontal Lobe;Parietal Lobe;Temporal Lobe	Hemispheric	Partial resection	poly-A stranded	170	Black or African American	Not Hispanic or Latino	Female	Female	None documented	Atypical Teratoid Rhabdoid Tumor	#4d0d85	No	AFR	106	Progressive - Metastatic	362	DECEASED	EVENT
BS_KZPR01BD	PT_3873YK5S	PBTA	CBTN	C804912	PT_3873YK5S_7316-2862_Solid Tissue_Initial CNS Tumor	7316-2862	Tumor	Initial CNS Tumor	Solid Tissue	NA	Neuronal and mixed neuronal-glial tumor	Dysembryoplastic neuroepithelial tumor	NA	NA	Dysembryoplastic neuroepithelial tumor (DNET)	neuroepithelial tumor	Parietal Lobe;Temporal Lobe	Hemispheric	Gross/Near total resection	stranded	2429	White	Not Hispanic or Latino	Male	NA	None documented	Mixed neuronal-glial tumor	#685815	Yes	NA	1009	Not Applicable	1009	LIVING	NO EVENT
BS_M026T44Q	PT_BF3PGTF7	PBTA	CBTN	C514878	PT_BF3PGTF7_7316-1808_Solid Tissue_Initial CNS Tumor	7316-1808	Tumor	Initial CNS Tumor	Solid Tissue	NA	Meningioma	Meningioma	NA	NA	Meningioma	atypical meningioma who grade ii	Meninges/Dura;Parietal Lobe;Skull;Temporal Lobe	Mixed	Gross/Near total resection	stranded	4133	White	Not Hispanic or Latino	Female	Female	None documented	Meningioma	#2db398	Yes	EUR	176	Not Applicable	176	LIVING	NO EVENT
BS_M051GD1M	PT_FYFSRHH8	PBTA	CBTN	C3524442	PT_FYFSRHH8_7316-7314_Solid Tissue_Progressive	7316-7314	Tumor	Progressive	Solid Tissue	NA	Diffuse astrocytic and oligodendroglial tumor	High-grade glioma	HGG, IDH	HGG, IDH	High-grade glioma/astrocytoma (WHO grade III/IV)	anaplastic astrocytoma (who grade iii)	Frontal Lobe	Hemispheric	Partial resection	poly-A stranded	6429	White	Not Hispanic or Latino	Male	NA	None documented	Other high-grade glioma	#ffccf5	No	NA	2047	Progressive	2324	DECEASED	EVENT
BS_M0FN1D8Y	PT_38FS37DP	PBTA	PBTA-X01-FY22	C720657	PT_38FS37DP_7316-2686_Derived Cell Line_Initial CNS Tumor_Serum-based_8	7316-2686	Tumor	Initial CNS Tumor	Derived Cell Line	Serum-based	Mesenchymal non-meningothelial tumor	Ewing sarcoma	EWS	NA	Ewings Sarcoma	peripheral primitive neuroectodermal  tumor(ewing's sarcoma)	Temporal Lobe	Hemispheric	Gross/Near total resection	poly-A stranded	1053	White	Not Hispanic or Latino	Female	Female	None documented	Mesenchymal tumor	#7fbf00	No	EUR	1838	Not Applicable	1838	LIVING	NO EVENT
BS_M0QYNVK8	PT_37B5JRP1	PBTA	CBTN	C578469	PT_37B5JRP1_7316-2217_Solid Tissue_Initial CNS Tumor	7316-2217	Tumor	Initial CNS Tumor	Solid Tissue	NA	Diffuse astrocytic and oligodendroglial tumor	High-grade glioma	HGG, H3 wildtype, TP53	HGG, H3 wildtype	High-grade glioma/astrocytoma (WHO grade III/IV)	anaplastic astrocytoma, who grade iii.	Thalamus	Midline	Biopsy only	stranded	5324	Black or African American	Not Hispanic or Latino	Male	Male	None documented	Other high-grade glioma	#ffccf5	Yes	AFR	304	Progressive	422	DECEASED	EVENT
BS_M12FJ0QT	PT_0QQ3S7RJ	PBTA	PBTA-X01-FY22	C3828867	PT_0QQ3S7RJ_7316-9255_Solid Tissue_Progressive	7316-9255	Tumor	Progressive	Solid Tissue	NA	Meningioma	Meningioma	NA	NA	Meningioma	meningioma with loss of chromosome 22 ,  one germline variant associated with hereditary cancer predisposition nf2, c.637del (p.asp213thrfs*7) and 1p loss	Skull	Other	Biopsy only	poly-A stranded	4533	Black or African American	Hispanic or Latino	Female	Female	Neurofibromatosis, Type 2 (NF-2)	Meningioma	#2db398	No	AFR	5915	Progressive	6023	DECEASED	EVENT
BS_M15PW2N0	PT_S4A0R1PM	PBTA	CBTN	C700977	PT_S4A0R1PM_7316-2699_Solid Tissue_Initial CNS Tumor	7316-2699	Tumor	Initial CNS Tumor	Solid Tissue	NA	Embryonal tumor	Medulloblastoma	MB, SHH	MB, SHH	Medulloblastoma	medulloblastoma, who grade iv	Cerebellum/Posterior Fossa	Posterior fossa	Gross/Near total resection	stranded	7628	More Than One Race	Not Hispanic or Latino	Female	Female	None documented	Medulloblastoma	#a340ff	Yes	EUR	1367	Not Applicable	1367	LIVING	NO EVENT
BS_M1PVEHCM	PT_KBDP8ZCR	PBTA	HOPE	C845625	PT_KBDP8ZCR_7316-1889_Solid Tissue_Deceased	7316-1889	Tumor	Deceased	Solid Tissue	NA	Diffuse astrocytic and oligodendroglial tumor	Diffuse midline glioma	DMG, H3 K28	NA	High-grade glioma/astrocytoma (WHO grade III/IV)	gbm	Frontal Lobe;Suprasellar/Hypothalamic/Pituitary;Ventricles	Mixed	NA	stranded	6087	Reported Unknown	Not Available	Male	NA	None documented	DIPG or DMG	#ff40d9	No	NA	273	Progressive - Metastatic	605	DECEASED	EVENT
BS_M1T1K5WV	PT_C94VR1Y2	PBTA	CBTN	C776745	PT_C94VR1Y2_7316-2278_Solid Tissue_Recurrence	7316-2278	Tumor	Recurrence	Solid Tissue	NA	Ependymal tumor	Ependymoma	EPN, To be classified	NA	Ependymoma	anaplastic ependymoma who grade iii	Spinal Cord- Lumbar/Thecal Sac	Spine	Gross/Near total resection	stranded	1478	White	Hispanic or Latino	Female	Female	None documented	Ependymoma	#2200ff	No	AMR	1336	Recurrence	3204	LIVING	EVENT
BS_M3C0MZC9	PT_JXSTA5HB	PBTA	PBTA-X01-FY22	C2335401	PT_JXSTA5HB_7316-5293_Solid Tissue_Initial CNS Tumor	7316-5293	Tumor	Initial CNS Tumor	Solid Tissue	NA	Ependymal tumor	Ependymoma	EPN, ST ZFTA	NA	Ependymoma	anaplastic ependymoma who grad iii; rela fusion; cnvs (loss 9,14,22)	Parietal Lobe	Hemispheric	Gross/Near total resection	poly-A stranded	4177	White	Not Hispanic or Latino	Male	Male	None documented	Ependymoma	#2200ff	Yes	EUR	493	Recurrence	1802	DECEASED	EVENT
BS_M4923M40	PT_MTE126WM	PBTA	CBTN	C82164	PT_MTE126WM_7316-376_Solid Tissue_Progressive	7316-376	Tumor	Progressive	Solid Tissue	NA	Embryonal tumor	Atypical Teratoid Rhabdoid Tumor	ATRT, MYC	ATRT, MYC	Atypical Teratoid Rhabdoid Tumor (ATRT)	atrt	Cerebellum/Posterior Fossa;Other locations NOS	Mixed	Partial resection	stranded	1923	Black or African American	Not Hispanic or Latino	Female	Female	None documented	Atypical Teratoid Rhabdoid Tumor	#4d0d85	No	AFR	13	Progressive	3019	LIVING	EVENT
BS_M4HQAPWK	PT_FFCD5XD7	PBTA	PBTA-X01-FY22	C3755559	PT_FFCD5XD7_7316-9032_Solid Tissue_Recurrence	7316-9032	Tumor	Recurrence	Solid Tissue	NA	Embryonal tumor	Medulloblastoma	MB, Group3	MB, Group3	Medulloblastoma	malignant small round cell tumor matching to methylation class medulloblastoma, group 3	Skull	Other	Partial resection	poly-A stranded	454	Asian	Not Hispanic or Latino	Female	Female	None documented	Medulloblastoma	#a340ff	No	EAS	285	Recurrence	706	DECEASED	EVENT
BS_M4NVX721	PT_FWD7NZQ0	PBTA	CBTN	C334068	PT_FWD7NZQ0_7316-1108_Solid Tissue_Initial CNS Tumor	7316-1108	Tumor	Initial CNS Tumor	Solid Tissue	NA	Low-grade astrocytic tumor	Ganglioglioma	GNG, BRAF V600E	NA	Ganglioglioma	ganglioglioma	Frontal Lobe	Hemispheric	Gross/Near total resection	stranded	5179	White	Not Hispanic or Latino	Male	Male	None documented	Mixed neuronal-glial tumor	#685815	Yes	EUR	Not Reported	Not Applicable	Not Reported	LIVING	NO EVENT
BS_M4TTKPNR	PT_YKVK5HTK	PBTA	CBTN	C90528	PT_YKVK5HTK_7316-441_Solid Tissue_Initial CNS Tumor	7316-441	Tumor	Initial CNS Tumor	Solid Tissue	NA	Low-grade astrocytic tumor	Low-grade glioma	LGG, KIAA1549-BRAF	NA	Low-grade glioma/astrocytoma (WHO grade I/II)	pilocytic astrocytoma	Cerebellum/Posterior Fossa	Posterior fossa	Partial resection	stranded	2211	Black or African American	Not Hispanic or Latino	Female	Female	None documented	Low-grade glioma	#8f8fbf	Yes	AFR	3264	Not Applicable	3264	LIVING	NO EVENT
BS_M7HCF7DW	PT_2WVW55DA	PBTA	HOPE	C103566	PT_2WVW55DA_7316-2092_Solid Tissue_Progressive	7316-2092	Tumor	Progressive	Solid Tissue	NA	Diffuse astrocytic and oligodendroglial tumor	Infant-type hemispheric glioma	IHG, NTRK-altered, TP53	HGG, IHG	High-grade glioma/astrocytoma (WHO grade III/IV)	glioblastoma multiforme (who grade 4)	Parietal Lobe	Hemispheric	Gross/Near total resection	stranded	970	White	Not Hispanic or Latino	Female	Female	None documented	Other high-grade glioma	#ffccf5	No	EUR	107	Progressive	1348	DECEASED	EVENT
BS_M7QJ8VF0	PT_QD6KKKJH	PBTA	CBTN	C374043	PT_QD6KKKJH_7316-1765_Solid Tissue_Initial CNS Tumor	7316-1765	Tumor	Initial CNS Tumor	Solid Tissue	NA	Tumor of pineal region	Pineoblastoma	PB, Group 1	PB, Group 1A	Pineoblastoma	pineoblastoma	Pineal Gland;Spinal Cord- Lumbar/Thecal Sac;Spinal Cord- Thoracic	Mixed	Partial resection	stranded	3126	Reported Unknown	Not Hispanic or Latino	Male	Male	None documented	#220040	5	No	AMR	1764	Not Applicable	1764	LIVING	NO EVENT
BS_M7TWXKXB	PT_7RH6AVP6	PBTA	PBTA-X01-FY22	C2355327	PT_7RH6AVP6_7316-4860_Solid Tissue_Initial CNS Tumor	7316-4860	Tumor	Initial CNS Tumor	Solid Tissue	NA	Chordoma	Chordoma	CHDM, To be classified	NA	Chordoma	chordoid proliferation	Brain Stem- Pons	Midline	Gross/Near total resection	poly-A stranded	5082	White	Not Hispanic or Latino	Male	Male	None documented	Mesenchymal tumor	#7fbf00	Yes	EUR	1177	Not Applicable	1177	LIVING	NO EVENT
BS_M7XB258E	PT_ZSHEMD0K	PBTA	PBTA-X01-FY22	C2760489	PT_ZSHEMD0K_7316-6773_Solid Tissue_Initial CNS Tumor	7316-6773	Tumor	Initial CNS Tumor	Solid Tissue	NA	Diffuse astrocytic and oligodendroglial tumor	Diffuse midline glioma	DMG, H3 K28, TP53	DMG, H3 K28	Brainstem glioma- Diffuse intrinsic pontine glioma	diffuse midline glioma h3 k27m-mutant, corresponds to grade iv	Brain Stem- Pons	Midline	Biopsy only	poly-A stranded	1422	Native Hawaiian or Other Pacific Islander	Hispanic or Latino	Male	Male	None documented	DIPG or DMG	#ff40d9	Yes	AMR	137	Progressive	469	DECEASED	EVENT
BS_M84H3KXA	PT_RFGZ2JGP	PBTA	CBTN	C58548	PT_RFGZ2JGP_7316-135_Solid Tissue_Initial CNS Tumor	7316-135	Tumor	Initial CNS Tumor	Solid Tissue	NA	Embryonal tumor	Medulloblastoma	MB, WNT	NA	Medulloblastoma	medulloblastoma who iv	Cerebellum/Posterior Fossa	Posterior fossa	Gross/Near total resection	stranded	4240	White	Not Hispanic or Latino	Female	Female	None documented	Medulloblastoma	#a340ff	Yes	EUR	1017	Not Applicable	1017	LIVING	NO EVENT
BS_M85CXHDV	PT_6PP78VNE	PBTA	CBTN	C312912	PT_6PP78VNE_7316-1893_Solid Tissue_Recurrence	7316-1893	Tumor	Recurrence	Solid Tissue	NA	Diffuse astrocytic and oligodendroglial tumor	Diffuse hemispheric glioma	DHG, H3 G35, TP53	DHG, H3 G35	High-grade glioma/astrocytoma (WHO grade III/IV)	high grade glioma	Frontal Lobe	Hemispheric	Partial resection	stranded	7095	White	Not Hispanic or Latino	Male	Male	None documented	Other high-grade glioma	#ffccf5	No	EUR	519	Recurrence	844	DECEASED	EVENT
BS_M86ECPHK	PT_74XM7BV7	PBTA	CBTN	C49323	PT_74XM7BV7_7316-312_Solid Tissue_Recurrence	7316-312	Tumor	Recurrence	Solid Tissue	NA	Embryonal tumor	Medulloblastoma	MB, Group3	NA	Medulloblastoma	pnet	Cerebellum/Posterior Fossa	Posterior fossa	Partial resection	stranded	1343	White	Not Hispanic or Latino	Female	NA	None documented	Medulloblastoma	#a340ff	No	NA	532	Recurrence	4010	LIVING	EVENT
BS_M8EA6R2A	PT_4347ZBEX	PBTA	CBTN	C216603	PT_4347ZBEX_7316-913_Derived Cell Line_Progressive_Serum-based_4	7316-913	Tumor	Progressive	Derived Cell Line	Serum-based	Diffuse astrocytic and oligodendroglial tumor	High-grade glioma	HGG, H3 wildtype	NA	High-grade glioma/astrocytoma (WHO grade III/IV)	glioblastoma (hgg)	Parietal Lobe;Temporal Lobe	Hemispheric	Gross/Near total resection	stranded	7884	White	Not Hispanic or Latino	Female	Female	None documented	Other high-grade glioma	#ffccf5	No	EUR	5508	Progressive	7024	DECEASED	EVENT
BS_M8M56Z4Y	PT_K30AWQ8A	PBTA	CBTN	C86100	PT_K30AWQ8A_7316-393_Solid Tissue_Initial CNS Tumor	7316-393	Tumor	Initial CNS Tumor	Solid Tissue	NA	Low-grade astrocytic tumor	Low-grade glioma	LGG, KIAA1549-BRAF	NA	Low-grade glioma/astrocytoma (WHO grade I/II)	pilocytic astrocytoma kiaa1549-braf fusion.	Spinal Cord- Cervical	Spine	Partial resection	stranded	4087	Black or African American	Not Hispanic or Latino	Female	Female	None documented	Low-grade glioma	#8f8fbf	Yes	AFR	1721	Not Applicable	1721	LIVING	NO EVENT
BS_M8WP5T16	PT_02J5CWN5	PBTA	CBTN	C90159	PT_02J5CWN5_7316-2989_Solid Tissue_Initial CNS Tumor	7316-2989	Tumor	Initial CNS Tumor	Solid Tissue	NA	Low-grade astrocytic tumor	Low-grade glioma	LGG, FGFR	NA	Low-grade glioma/astrocytoma (WHO grade I/II)	low-grade glioma	Suprasellar/Hypothalamic/Pituitary	Suprasellar	Partial resection	stranded	2223	Black or African American	Not Hispanic or Latino	Male	Male	None documented	Low-grade glioma	#8f8fbf	Yes	AFR	1492	Progressive	2953	DECEASED	EVENT
BS_M9C4RY4P	PT_NMZBRFYS	PBTA	CBTN	C705528	PT_NMZBRFYS_7316-1987_Solid Tissue_Initial CNS Tumor	7316-1987	Tumor	Initial CNS Tumor	Solid Tissue	NA	Tumor of cranial and paraspinal nerves	Schwannoma	NA	NA	Schwannoma	schwannoma	Other locations NOS	Other	Gross/Near total resection	stranded	3864	White	Not Hispanic or Latino	Male	Male	None documented	Schwannoma	#ab7200	Yes	EUR	Not Reported	Not Applicable	Not Reported	NA	NO EVENT
BS_M9CH91QV	PT_38KDXV6P	PBTA	Oligo	C3533544	PT_38KDXV6P_16510-21_Solid Tissue_Recurrence	16510-21	Tumor	Recurrence	Solid Tissue	NA	Diffuse astrocytic and oligodendroglial tumor	Oligodendroglioma	NA	NA	Oligodendroglioma	NA	Temporal Lobe	Hemispheric	NA	stranded	6209	NA	NA	NA	Female	None documented	Oligodendroglioma	tan	No	AMR	NA	NA	NA	NA	NO EVENT
BS_MA1A3GY0	PT_4XWYZYJS	PBTA	CBTN	C114882	PT_4XWYZYJS_7316-474_Solid Tissue_Initial CNS Tumor	7316-474	Tumor	Initial CNS Tumor	Solid Tissue	NA	Pre-cancerous lesion	NA	NA	NA	Dysplasia/Gliosis	fibrous dysplasia	Skull	Other	Gross/Near total resection	stranded	3085	Black or African American	Not Hispanic or Latino	Male	Male	None documented	Non-neoplastic tumor	#FFF5EB	Yes	AFR	Not Reported	Not Applicable	Not Reported	LIVING	NO EVENT
BS_MA2T7ET1	PT_1Z015H6V	PBTA	CBTN	C943041	PT_1Z015H6V_7316-3516_Solid Tissue_Initial CNS Tumor	7316-3516	Tumor	Initial CNS Tumor	Solid Tissue	NA	Ependymal tumor	Ependymoma	EPN, MPE	EPN, MPE	Ependymoma	myxopapillary ependymoma	Spine NOS	Spine	Gross/Near total resection	stranded	6307	White	Not Hispanic or Latino	Male	Male	None documented	Ependymoma	#2200ff	Yes	EUR	Not Reported	Not Applicable	Not Reported	LIVING	NO EVENT
BS_MB7WN0ZB	PT_5BWZA0NT	PBTA	CBTN	C292125	PT_5BWZA0NT_7316-1102_Solid Tissue_Initial CNS Tumor	7316-1102	Tumor	Initial CNS Tumor	Solid Tissue	NA	Diffuse astrocytic and oligodendroglial tumor	Diffuse midline glioma	DMG, H3 K28	DMG, H3 K28	Supratentorial or Spinal Cord PNET	spnet	Ventricles	Ventricles	Gross/Near total resection	stranded	4456	White	Not Hispanic or Latino	Female	Female	None documented	DIPG or DMG	#ff40d9	Yes	EUR	61	Deceased-due to disease	61	DECEASED	EVENT
BS_MBQND18D	PT_9CGBDPVV	PBTA	PBTA-X01-FY22	C1152264	PT_9CGBDPVV_7316-4676_Solid Tissue_Progressive	7316-4676	Tumor	Progressive	Solid Tissue	NA	Low-grade astrocytic tumor	Low-grade glioma	LGG, NF1-germline, RTK, FGFR	NA	Low-grade glioma/astrocytoma (WHO grade I/II)	metastatic low grade astrocytoma	Cerebellum/Posterior Fossa;Meninges/Dura;Spine NOS;Suprasellar/Hypothalamic/Pituitary;Ventricles	Mixed	Partial resection	poly-A stranded	674	White	Not Hispanic or Latino	Female	Female	Neurofibromatosis, Type 1 (NF-1)	Low-grade glioma	#8f8fbf	No	EUR	304	Progressive	4141	DECEASED	EVENT
BS_MBSTWZA6	PT_9C2G356W	PBTA	CBTN	C883632	PT_9C2G356W_7316-3555_Solid Tissue_Initial CNS Tumor	7316-3555	Tumor	Initial CNS Tumor	Solid Tissue	NA	Low-grade astrocytic tumor	Low-grade glioma	LGG, KIAA1549-BRAF	NA	Low-grade glioma/astrocytoma (WHO grade I/II)	pilocytic astrocytoma	Cerebellum/Posterior Fossa	Posterior fossa	Gross/Near total resection	stranded	1982	Reported Unknown	Not Hispanic or Latino	Male	Male	None documented	Low-grade glioma	#8f8fbf	Yes	AMR	Not Reported	Not Applicable	Not Reported	LIVING	NO EVENT
BS_MC6JB7F8	PT_JW8E4PCZ	PBTA	CBTN	C2571192	PT_JW8E4PCZ_7316-5241_Solid Tissue_Initial CNS Tumor	7316-5241	Tumor	Initial CNS Tumor	Solid Tissue	NA	Embryonal tumor	Atypical Teratoid Rhabdoid Tumor	ATRT, TYR	ATRT, TYR	Atypical Teratoid Rhabdoid Tumor (ATRT)	atypical teratoid/rhabdoid tumor (at/rt), who grade iv	Ventricles	Ventricles	Gross/Near total resection	poly-A stranded	802	White	Not Hispanic or Latino	Female	NA	None documented	Atypical Teratoid Rhabdoid Tumor	#4d0d85	Yes	NA	366	Recurrence - Metastatic	446	DECEASED	EVENT
BS_MCNKFZDF	PT_48WWMAAG	PBTA	PBTA-X01-FY22	C3400212	PT_48WWMAAG_7316-9805_Solid Tissue_Initial CNS Tumor	7316-9805	Tumor	Initial CNS Tumor	Solid Tissue	NA	Neuronal and mixed neuronal-glial tumor	Desmoplastic infantile astrocytoma and ganglioglioma	GNT, wildtype	NA	Low-grade glioma/astrocytoma (WHO grade I/II)	low grade glioma, desmoplastic infantile astrocytoma/ganglioglioma	Frontal Lobe	Hemispheric	Gross/Near total resection	poly-A stranded	760	Reported Unknown	Not Hispanic or Latino	Male	Male	None documented	Mixed neuronal-glial tumor	#685815	Yes	EUR	1707	Not Applicable	1707	LIVING	NO EVENT
BS_MD3DT41J	PT_WP871F5S	PBTA	CBTN	C100860	PT_WP871F5S_7316-3336_Solid Tissue_Initial CNS Tumor	7316-3336	Tumor	Initial CNS Tumor	Solid Tissue	NA	Mesenchymal non-meningothelial tumor	Hemangioblastoma	NA	NA	Hemangioblastoma	hemangioblastoma, who grade ii	Brain Stem-Medulla;Cerebellum/Posterior Fossa	Mixed	Partial resection	stranded	5137	White	Not Hispanic or Latino	Male	Male	Other inherited conditions NOS	Mesenchymal tumor	#7fbf00	Yes	EUR	1291	Progressive - Metastatic	4522	LIVING	EVENT
BS_MDBT7S5Z	PT_QTDY0Y9A	PBTA	HOPE	C973299	PT_QTDY0Y9A_7316-3771_Solid Tissue_Initial CNS Tumor	7316-3771	Tumor	Initial CNS Tumor	Solid Tissue	NA	Diffuse astrocytic and oligodendroglial tumor	Diffuse midline glioma	DMG, H3 K28	DMG, H3 K28	High-grade glioma/astrocytoma (WHO grade III/IV)	diffuse midline glioma	Cerebellum/Posterior Fossa;Meninges/Dura;Spinal Cord- Cervical;Spinal Cord- Lumbar/Thecal Sac;Spinal Cord- Thoracic	Mixed	Partial resection	stranded	4290	Asian	Not Hispanic or Latino	Male	Male	None documented	DIPG or DMG	#ff40d9	Yes	EAS	396	Progressive - Metastatic	814	DECEASED	EVENT
BS_ME3HKN2C	PT_3WA1XB8G	PBTA	CBTN	C22017	PT_3WA1XB8G_7316-70_Solid Tissue_Initial CNS Tumor	7316-70	Tumor	Initial CNS Tumor	Solid Tissue	NA	Low-grade astrocytic tumor	Low-grade glioma	LGG, wildtype	NA	Ganglioglioma;Low-grade glioma/astrocytoma (WHO grade I/II)	low grade glioma and ganglioglioma	Cerebellum/Posterior Fossa	Posterior fossa	Gross/Near total resection	stranded	6393	White	Not Hispanic or Latino	Male	Male	None documented	Low-grade glioma	#8f8fbf	Yes	EUR	471	Not Applicable	471	LIVING	NO EVENT
BS_ME6VQGG4	PT_PWVX2F69	PBTA	HOPE	C1150665	PT_PWVX2F69_7316-4293_Solid Tissue_Recurrence	7316-4293	Tumor	Recurrence	Solid Tissue	NA	Diffuse astrocytic and oligodendroglial tumor	High-grade glioma	HGG, H3 wildtype, TP53	NA	High-grade glioma/astrocytoma (WHO grade III/IV)	high-grade neuroepithelial tumor, most compatible with glioblastoma, who grade iv	Parietal Lobe	Hemispheric	Gross/Near total resection	stranded	5624	Reported Unknown	Hispanic or Latino	Male	Male	None documented	Other high-grade glioma	#ffccf5	No	AMR	1270	Recurrence	2218	DECEASED	EVENT
BS_MF47B9ZW	PT_7F485CXV	PBTA	CBTN	C293109	PT_7F485CXV_7316-1114_Solid Tissue_Initial CNS Tumor	7316-1114	Tumor	Initial CNS Tumor	Solid Tissue	NA	Low-grade astrocytic tumor	Ganglioglioma	GNG, wildtype	NA	Ganglioglioma	ganglioglioma grade i	Temporal Lobe	Hemispheric	Gross/Near total resection	stranded	308	White	Not Hispanic or Latino	Female	Female	None documented	Mixed neuronal-glial tumor	#685815	Yes	EUR	Not Reported	Not Applicable	Not Reported	LIVING	NO EVENT
BS_MF8YNTC4	PT_B7BBE5DV	PBTA	PBTA-X01-FY22	C1059399	PT_B7BBE5DV_7316-3166_Solid Tissue_Recurrence	7316-3166	Tumor	Recurrence	Solid Tissue	NA	Embryonal tumor	CNS Embryonal tumor	CNS HGNET-MN1	NA	Other	embryonal neoplasm who grade iv	Frontal Lobe	Hemispheric	Gross/Near total resection	poly-A stranded	3027	White	Hispanic or Latino	Female	Female	None documented	Other CNS embryonal tumor	#b08ccf	No	AMR	322	Recurrence	1015	DECEASED	EVENT
BS_MF9X3PKH	PT_XXZHRPNM	PBTA	CBTN	C663093	PT_XXZHRPNM_7316-2572_Solid Tissue_Initial CNS Tumor	7316-2572	Tumor	Initial CNS Tumor	Solid Tissue	NA	Low-grade astrocytic tumor	Low-grade glioma	LGG, KIAA1549-BRAF	NA	Low-grade glioma/astrocytoma (WHO grade I/II)	pilocytic astrocytoma (grade i)	Optic Pathway;Suprasellar/Hypothalamic/Pituitary	Mixed	Partial resection	stranded	1667	White	Not Hispanic or Latino	Male	Male	None documented	Low-grade glioma	#8f8fbf	Yes	EUR	1371	Progressive	3032	LIVING	EVENT
BS_MFGZH8FK	PT_FMS4AXKD	PBTA	PBTA-X01-FY22	C3790491	PT_FMS4AXKD_7316-9049_Solid Tissue_Initial CNS Tumor	7316-9049	Tumor	Initial CNS Tumor	Solid Tissue	NA	Diffuse astrocytic and oligodendroglial tumor	Diffuse midline glioma	DMG, H3 K28	NA	High-grade glioma/astrocytoma (WHO grade III/IV)	diffuse midline glioma h3 k27m-altered, corresponds to grade 4	Thalamus	Midline	Partial resection	poly-A stranded	1391	White	Not Hispanic or Latino	Female	Female	None documented	DIPG or DMG	#ff40d9	Yes	EUR	637	Progressive - Metastatic	637	DECEASED	EVENT
BS_MGAMKKBD	PT_6R7AE0P3	PBTA	CBTN	C687447	PT_6R7AE0P3_7316-2653_Solid Tissue_Initial CNS Tumor	7316-2653	Tumor	Initial CNS Tumor	Solid Tissue	NA	Histiocytic tumor	Langerhans Cell histiocytosis	NA	NA	Langerhans Cell histiocytosis	langerhans cell histiocytosis	Skull	Other	Gross/Near total resection	stranded	4996	White	Not Hispanic or Latino	Male	Male	None documented	Other tumor	#b5b5b5	Yes	EUR	1310	Not Applicable	1310	LIVING	NO EVENT
BS_MH9D24WY	PT_HFQNKP5X	PBTA	PBTA-X01-FY22	C182778	PT_HFQNKP5X_7316-4062_Derived Cell Line_Deceased_Serum-free_8	7316-4062	Tumor	Deceased	Derived Cell Line	Serum-free	Chordoma	Chordoma	CHDM, poorly differentiated	NA	Chordoma	clivus chordoma	Skull	Other	NA	poly-A stranded	1625	Reported Unknown	Hispanic or Latino	Female	Female	None documented	Mesenchymal tumor	#7fbf00	No	EUR	28	Progressive	1155	DECEASED	EVENT
BS_MJ3ZTWB7	PT_JNEV57VK	PBTA	PBTA-X01-FY22	C714384	PT_JNEV57VK_7316-3058_Derived Cell Line_Progressive_Serum-based_7	7316-3058	Tumor	Progressive	Derived Cell Line	Serum-based	Diffuse astrocytic and oligodendroglial tumor	Diffuse midline glioma	DMG, H3 K28	NA	High-grade glioma/astrocytoma (WHO grade III/IV)	diffuse midline glioma who iv	Basal Ganglia;Thalamus	Midline	Partial resection	poly-A stranded	2869	White	Not Hispanic or Latino	Male	Male	Other inherited conditions NOS	DIPG or DMG	#ff40d9	No	EUR	92	Progressive	273	DECEASED	EVENT
BS_MJJRE059	PT_5CYJ3NZ9	PBTA	PBTA-X01-FY22	C1027788	PT_5CYJ3NZ9_7316-8767_Solid Tissue_Progressive	7316-8767	Tumor	Progressive	Solid Tissue	NA	Embryonal tumor	CNS Embryonal tumor	CNS Embryonal, NOS	NA	Other	embryonal neoplasm	Parietal Lobe;Temporal Lobe	Hemispheric	Gross/Near total resection	poly-A stranded	2732	Black or African American	Not Hispanic or Latino	Female	Female	Li-Fraumeni syndrome (TP53)	Other CNS embryonal tumor	#b08ccf	No	AFR	1459	Recurrence - Metastatic	2958	LIVING	EVENT
BS_MJKKGY95	PT_AV05Z9NB	PBTA	PBTA-X01-FY22	C2405511	PT_AV05Z9NB_7316-3650_Solid Tissue_Initial CNS Tumor	7316-3650	Tumor	Initial CNS Tumor	Solid Tissue	NA	Tumors of sellar region	Adamantinomatous Craniopharyngioma	CRANIO, ADAM	CRANIO, ADAM	Craniopharyngioma	craniopharyngioma	Suprasellar/Hypothalamic/Pituitary	Suprasellar	Partial resection	poly-A stranded	4219	White	Not Hispanic or Latino	Male	Male	None documented	Craniopharyngioma	#b2502d	Yes	EUR	Not Reported	Not Applicable	Not Reported	LIVING	NO EVENT
BS_MJMZZ1EY	PT_5JCY0JFD	PBTA	Oligo	C265065	PT_5JCY0JFD_7316UP-756_Solid Tissue_Recurrence	7316UP-756	Tumor	Recurrence	Solid Tissue	NA	Diffuse astrocytic and oligodendroglial tumor	Oligodendroglioma	NA	NA	Oligodendroglioma	NA	Cerebrum	Hemispheric	NA	stranded	14290	White	Not Hispanic or Latino	Male	Male	None documented	Oligodendroglioma	tan	No	EUR	NA	NA	NA	NA	NO EVENT
BS_MKGTXW8A	PT_2JGWN6EA	PBTA	PBTA-X01-FY22	C2725434	PT_2JGWN6EA_7316-8051_Solid Tissue_Deceased	7316-8051	Tumor	Deceased	Solid Tissue	NA	Low-grade astrocytic tumor	Low-grade glioma	LGG, NF1-somatic, FGFR	NA	Low-grade glioma/astrocytoma (WHO grade I/II)	disseminated pilocytic astrocytoma	Cerebellum/Posterior Fossa;Spinal Cord- Cervical;Spinal Cord- Lumbar/Thecal Sac;Spinal Cord- Thoracic	Mixed	NA	poly-A stranded	1204	White	Not Hispanic or Latino	Male	Male	None documented	Low-grade glioma	#8f8fbf	No	EUR	1261	Progressive - Metastatic	4428	DECEASED	EVENT
BS_MKM0EEN1	PT_W4XVT4AJ	PBTA	CBTN	C123369	PT_W4XVT4AJ_7316-548_Solid Tissue_Deceased	7316-548	Tumor	Deceased	Solid Tissue	NA	Diffuse astrocytic and oligodendroglial tumor	Diffuse intrinsic pontine glioma	DIPG, To be classified	NA	Brainstem glioma- Diffuse intrinsic pontine glioma	dipg	Brain Stem- Pons	Midline	NA	stranded	1724	White	Not Hispanic or Latino	Female	NA	None documented	DIPG or DMG	#ff40d9	No	NA	297	Deceased-due to disease	297	DECEASED	EVENT
BS_MKP2Y41Z	PT_3R0P995B	PBTA	CBTN	C140343	PT_3R0P995B_7316-892_Solid Tissue_Progressive	7316-892	Tumor	Progressive	Solid Tissue	NA	Ependymal tumor	Ependymoma	EPN, PF A	EPN, PF A	Ependymoma	ependymoma	Cerebellum/Posterior Fossa;Suprasellar/Hypothalamic/Pituitary	Mixed	Partial resection	stranded	442	White	Not Hispanic or Latino	Male	Male	None documented	Ependymoma	#2200ff	No	EUR	134	Progressive	3483	LIVING	EVENT
BS_MKV494VY	PT_F8N9Y4JR	PBTA	PBTA-X01-FY22	C3256671	PT_F8N9Y4JR_7316-5891_Solid Tissue_Initial CNS Tumor	7316-5891	Tumor	Initial CNS Tumor	Solid Tissue	NA	Neuronal and mixed neuronal-glial tumor	Dysembryoplastic neuroepithelial tumor	NA	NA	Dysembryoplastic neuroepithelial tumor (DNET)	dysembryoplastic neuroepithelial tumor	Temporal Lobe	Hemispheric	Partial resection	poly-A stranded	6768	Reported Unknown	Not Available	Male	Female	None documented	Mixed neuronal-glial tumor	#685815	Yes	EUR	Not Reported	Not Applicable	Not Reported	LIVING	NO EVENT
BS_MM20BVW9	PT_JXSDFPNM	PBTA	CBTN	C624963	PT_JXSDFPNM_7316-2142_Solid Tissue_Second Malignancy	7316-2142	Tumor	Second Malignancy	Solid Tissue	NA	Meningioma	Meningioma	NA	NA	Meningioma	meningioma	Meninges/Dura	Other	Gross/Near total resection	stranded	6279	White	Not Hispanic or Latino	Female	Female	None documented	Meningioma	#2db398	No	EUR	3897	Second Malignancy	6417	LIVING	EVENT
BS_MMEVDXGV	PT_2JGWN6EA	PBTA	PBTA-X01-FY22	C2725434	PT_2JGWN6EA_7316-8051_Solid Tissue_Deceased	7316-8051	Tumor	Deceased	Solid Tissue	NA	Low-grade astrocytic tumor	Low-grade glioma	LGG, NF1-somatic, FGFR	NA	Low-grade glioma/astrocytoma (WHO grade I/II)	disseminated pilocytic astrocytoma	Cerebellum/Posterior Fossa;Spinal Cord- Cervical;Spinal Cord- Lumbar/Thecal Sac;Spinal Cord- Thoracic	Mixed	NA	poly-A stranded	1204	White	Not Hispanic or Latino	Male	Male	None documented	Low-grade glioma	#8f8fbf	No	EUR	1261	Progressive - Metastatic	4428	DECEASED	EVENT
BS_MMNRZ1EQ	PT_WG2Z95B5	PBTA	CBTN	C466293	PT_WG2Z95B5_7316-2141_Solid Tissue_Initial CNS Tumor	7316-2141	Tumor	Initial CNS Tumor	Solid Tissue	NA	Embryonal tumor	Atypical Teratoid Rhabdoid Tumor	ATRT, MYC	ATRT, MYC	Atypical Teratoid Rhabdoid Tumor (ATRT)	atrt	Parietal Lobe;Temporal Lobe	Hemispheric	Gross/Near total resection	stranded	383	White	Not Hispanic or Latino	Male	Male	None documented	Atypical Teratoid Rhabdoid Tumor	#4d0d85	Yes	EUR	1699	Recurrence	2077	DECEASED	EVENT
BS_MN5XVP5A	PT_RPC00TAJ	PBTA	CBTN	C41943	PT_RPC00TAJ_7316-2970_Solid Tissue_Progressive	7316-2970	Tumor	Progressive	Solid Tissue	NA	Diffuse astrocytic and oligodendroglial tumor	High-grade glioma	HGG, To be classified	NA	High-grade glioma/astrocytoma (WHO grade III/IV)	glioblastoma	Cerebellum/Posterior Fossa;Frontal Lobe;Other locations NOS;Thalamus	Mixed	Gross/Near total resection	stranded	6660	White	Not Available	Female	NA	None documented	Other high-grade glioma	#ffccf5	No	NA	1011	Progressive - Metastatic	1536	DECEASED	EVENT
BS_MNQPSK14	PT_HQSVFBPH	PBTA	PBTA-X01-FY22	C3289266	PT_HQSVFBPH_7316-7496_Solid Tissue_Initial CNS Tumor	7316-7496	Tumor	Initial CNS Tumor	Solid Tissue	NA	Neuronal and mixed neuronal-glial tumor	Dysembryoplastic neuroepithelial tumor	NA	NA	Dysembryoplastic neuroepithelial tumor (DNET)	dysembryoplastic neuroepithelial tumor (dnt) grade i	Temporal Lobe	Hemispheric	Gross/Near total resection	poly-A stranded	3423	White	Not Hispanic or Latino	Male	Male	None documented	Mixed neuronal-glial tumor	#685815	Yes	EUR	1107	Not Applicable	1107	LIVING	NO EVENT
BS_MPZ6PKW8	PT_AJJFDXQS	PBTA	PBTA-X01-FY22	C1276248	PT_AJJFDXQS_7316-5109_Solid Tissue_Initial CNS Tumor	7316-5109	Tumor	Initial CNS Tumor	Solid Tissue	NA	Ependymal tumor	Ependymoma	EPN, To be classified	NA	Ependymoma	low grade glial neoplasm, most compatible with ependymoma, who grade ii	Occipital Lobe;Parietal Lobe	Hemispheric	Gross/Near total resection	poly-A stranded	1824	White	Not Hispanic or Latino	Male	Male	None documented	Ependymoma	#2200ff	Yes	EUR	2974	Recurrence	4341	LIVING	EVENT
BS_MQCKXD60	PT_FCM7XPVR	PBTA	CBTN	C605406	PT_FCM7XPVR_7316-2285_Solid Tissue_Recurrence	7316-2285	Tumor	Recurrence	Solid Tissue	NA	Neuronal and mixed neuronal-glial tumor	Glial-neuronal tumor NOS	GNT, wildtype	NA	Glial-neuronal tumor NOS	low-grade glioneuronal tumor with increased proliferation index	Frontal Lobe	Hemispheric	Gross/Near total resection	stranded	3757	American Indian or Alaska Native	Not Hispanic or Latino	Female	Female	None documented	Mixed neuronal-glial tumor	#685815	No	EUR	2683	Recurrence	4413	LIVING	EVENT
BS_MT15SGJN	PT_99S5BPE3	PBTA	CBTN	C20172	PT_99S5BPE3_7316-292_Solid Tissue_Initial CNS Tumor	7316-292	Tumor	Initial CNS Tumor	Solid Tissue	NA	Ependymal tumor	Ependymoma	EPN, ST ZFTA	NA	Ependymoma	anaplastic ependymoma	Frontal Lobe;Temporal Lobe	Hemispheric	Gross/Near total resection	stranded	6695	White	Not Hispanic or Latino	Male	Male	None documented	Ependymoma	#2200ff	Yes	EUR	629	Recurrence	2066	DECEASED	EVENT
BS_MV6ASWV9	PT_ESHACWF6	PBTA	CBTN	C140712	PT_ESHACWF6_7316-1790_Solid Tissue_Progressive	7316-1790	Tumor	Progressive	Solid Tissue	NA	Embryonal tumor	Atypical Teratoid Rhabdoid Tumor	ATRT, SHH	ATRT, SHH	Atypical Teratoid Rhabdoid Tumor (ATRT)	atrt	Cerebellum/Posterior Fossa;Other locations NOS;Temporal Lobe	Mixed	Gross/Near total resection	stranded	1506	White	Not Hispanic or Latino	Female	Female	Li-Fraumeni syndrome (TP53)	Atypical Teratoid Rhabdoid Tumor	#4d0d85	No	EUR	19	Recurrence - Metastatic	580	DECEASED	EVENT
BS_MVPJFHPG	PT_KEQ53KRH	PBTA	PBTA-X01-FY22	C107010	PT_KEQ53KRH_7316-440_Derived Cell Line_Initial CNS Tumor_Serum-free_21	7316-440	Tumor	Initial CNS Tumor	Derived Cell Line	Serum-free	Diffuse astrocytic and oligodendroglial tumor	High-grade glioma	HGG, H3 wildtype, TP53	NA	High-grade glioma/astrocytoma (WHO grade III/IV)	infiltrating high grade astrocytoma who grade iii	Basal Ganglia;Thalamus;Ventricles	Mixed	Biopsy only	poly-A stranded	3424	White	Not Hispanic or Latino	Female	Female	None documented	Other high-grade glioma	#ffccf5	No	EUR	258	Progressive	337	DECEASED	EVENT
BS_MVW01FPB	PT_3KM9W8S8	PBTA	CBTN	C374412	PT_3KM9W8S8_7316-1771_Solid Tissue_Initial CNS Tumor	7316-1771	Tumor	Initial CNS Tumor	Solid Tissue	NA	Embryonal tumor	Atypical Teratoid Rhabdoid Tumor	ATRT, SHH	ATRT, SHH	Atypical Teratoid Rhabdoid Tumor (ATRT)	atrt	Other locations NOS;Spinal Cord- Lumbar/Thecal Sac;Spinal Cord- Thoracic;Temporal Lobe	Mixed	Partial resection	stranded	190	White	Not Hispanic or Latino	Female	Female	None documented	Atypical Teratoid Rhabdoid Tumor	#4d0d85	Yes	EUR	335	Progressive - Metastatic	523	DECEASED	EVENT
BS_MWWZBQ60	PT_VCD0W8HG	PBTA	CBTN	C760140	PT_VCD0W8HG_7316-2756_Solid Tissue_Initial CNS Tumor	7316-2756	Tumor	Initial CNS Tumor	Solid Tissue	NA	Diffuse astrocytic and oligodendroglial tumor	Diffuse midline glioma	DMG, H3 K28	DMG, H3 K28	Brainstem glioma- Diffuse intrinsic pontine glioma	diffuse midline glioma with h3k27m mutation, who grade iv	Brain Stem- Pons;Other locations NOS	Mixed	Biopsy only	stranded	4320	White	Not Hispanic or Latino	Female	Female	None documented	DIPG or DMG	#ff40d9	Yes	EUR	170	Progressive	536	DECEASED	EVENT
BS_MX23ZY0Y	PT_Y5KY6KN9	PBTA	CBTN	C56826	PT_Y5KY6KN9_7316-195_Derived Cell Line_Initial CNS Tumor_Serum-free_8	7316-195	Tumor	Initial CNS Tumor	Derived Cell Line	Serum-free	Diffuse astrocytic and oligodendroglial tumor	Diffuse midline glioma	DMG, H3 K28, TP53	NA	High-grade glioma/astrocytoma (WHO grade III/IV)	glioblastoma multiforme	Cerebellum/Posterior Fossa	Posterior fossa	Partial resection	stranded	3296	White	Not Hispanic or Latino	Male	Male	None documented	DIPG or DMG	#ff40d9	No	EUR	276	Deceased-due to disease	276	DECEASED	EVENT
BS_MX92FD6D	PT_047YGDRW	PBTA	PBTA-X01-FY22	C3550764	PT_047YGDRW_7316-6811_Solid Tissue_Initial CNS Tumor	7316-6811	Tumor	Initial CNS Tumor	Solid Tissue	NA	Low-grade astrocytic tumor	Low-grade glioma	LGG, KIAA1549-BRAF	NA	Low-grade glioma/astrocytoma (WHO grade I/II)	reactive lesion, centrally revised as pilocytic astrocytoma	Cerebellum/Posterior Fossa	Posterior fossa	Gross/Near total resection	poly-A stranded	1258	Reported Unknown	Not Available	Male	Male	None documented	Low-grade glioma	#8f8fbf	Yes	EUR	Not Reported	Not Applicable	Not Reported	LIVING	NO EVENT
BS_MY9D8XZ1	PT_YPCR2XRS	PBTA	CBTN	C137760	PT_YPCR2XRS_7316-554_Solid Tissue_Initial CNS Tumor	7316-554	Tumor	Initial CNS Tumor	Solid Tissue	NA	Low-grade astrocytic tumor	Low-grade glioma	LGG, other MAPK	NA	Low-grade glioma/astrocytoma (WHO grade I/II)	pilocytic astrocytoma	Cerebellum/Posterior Fossa	Posterior fossa	Gross/Near total resection	stranded	6437	White	Not Hispanic or Latino	Male	NA	None documented	Low-grade glioma	#8f8fbf	Yes	NA	887	Not Applicable	887	LIVING	NO EVENT
BS_MZM00D4F	PT_JXSTA5HB	PBTA	PBTA-X01-FY22	C2335401	PT_JXSTA5HB_7316-8128_Derived Cell Line_Recurrence_Serum-free-1_9	7316-8128	Tumor	Recurrence	Derived Cell Line	Serum-free-1	Ependymal tumor	Ependymoma	EPN, ST ZFTA	NA	Ependymoma	residual, recurrent supratentorial ependymoma, rela fusion	Parietal Lobe	Hemispheric	Gross/Near total resection	poly-A stranded	4177	White	Not Hispanic or Latino	Male	Male	None documented	Ependymoma	#2200ff	No	EUR	493	Recurrence	1802	DECEASED	EVENT
BS_N0877CX1	PT_RRG1V7EP	PBTA	CBTN	C182286	PT_RRG1V7EP_7316-820_Solid Tissue_Initial CNS Tumor	7316-820	Tumor	Initial CNS Tumor	Solid Tissue	NA	Embryonal tumor	Atypical Teratoid Rhabdoid Tumor	ATRT, MYC	ATRT, MYC	Atypical Teratoid Rhabdoid Tumor (ATRT)	atypical teratoid rhabdoid tumor	Parietal Lobe;Temporal Lobe	Hemispheric	Gross/Near total resection	stranded	230	Reported Unknown	Not Hispanic or Latino	Female	Female	None documented	Atypical Teratoid Rhabdoid Tumor	#4d0d85	Yes	EUR	2825	Not Applicable	2825	LIVING	NO EVENT
BS_N1E0H8YQ	PT_CGPJY881	PBTA	CBTN	C230871	PT_CGPJY881_7316-891_Solid Tissue_Initial CNS Tumor	7316-891	Tumor	Initial CNS Tumor	Solid Tissue	NA	Low-grade astrocytic tumor	Low-grade glioma	LGG, KIAA1549-BRAF	NA	Low-grade glioma/astrocytoma (WHO grade I/II)	low grade astrocytoma	Cerebellum/Posterior Fossa	Posterior fossa	Gross/Near total resection	stranded	5213	White	Not Hispanic or Latino	Female	Female	None documented	Low-grade glioma	#8f8fbf	Yes	EUR	770	Not Applicable	770	LIVING	NO EVENT
BS_N1R1VSAG	PT_KNJDVV4K	PBTA	PBTA-X01-FY22	C2346471	PT_KNJDVV4K_7316-4681_Solid Tissue_Initial CNS Tumor	7316-4681	Tumor	Initial CNS Tumor	Solid Tissue	NA	Embryonal tumor	Medulloblastoma	MB, SHH	NA	Medulloblastoma	medulloblastoma who grade iv; shh-activated and tp53-wildtype	Cerebellum/Posterior Fossa	Posterior fossa	Biopsy only	poly-A stranded	3655	Reported Unknown	Not Hispanic or Latino	Male	Male	None documented	Medulloblastoma	#a340ff	Yes	EUR	1375	Not Applicable	1375	LIVING	NO EVENT
BS_N210XMKR	PT_C95KPXSW	PBTA	CBTN	C127182	PT_C95KPXSW_7316-869_Solid Tissue_Initial CNS Tumor	7316-869	Tumor	Initial CNS Tumor	Solid Tissue	NA	Low-grade astrocytic tumor	Low-grade glioma	LGG, KIAA1549-BRAF	LGG, BRAF/MAPK	Low-grade glioma/astrocytoma (WHO grade I/II)	low-grade glioma	Cerebellum/Posterior Fossa	Posterior fossa	Gross/Near total resection	stranded	4438	Reported Unknown	Hispanic or Latino	Female	Female	None documented	Low-grade glioma	#8f8fbf	Yes	NA	3043	Not Applicable	3043	LIVING	NO EVENT
BS_N48DTDNC	PT_KJ8DYES9	PBTA	PBTA-X01-FY22	C1223358	PT_KJ8DYES9_7316-4908_Solid Tissue_Initial CNS Tumor	7316-4908	Tumor	Initial CNS Tumor	Solid Tissue	NA	Neuronal and mixed neuronal-glial tumor	Dysembryoplastic neuroepithelial tumor	NA	NA	Dysembryoplastic neuroepithelial tumor (DNET)	dnet who grade i; fgfr1-tacc1 fusion	Frontal Lobe	Hemispheric	Gross/Near total resection	poly-A stranded	2006	Reported Unknown	Hispanic or Latino	Male	Male	None documented	Mixed neuronal-glial tumor	#685815	Yes	AMR	2081	Not Applicable	2081	LIVING	NO EVENT
BS_N4B1SZZH	PT_K94ZVZMX	PBTA	CBTN	C104058	PT_K94ZVZMX_7316-521_Solid Tissue_Initial CNS Tumor	7316-521	Tumor	Initial CNS Tumor	Solid Tissue	NA	Embryonal tumor	Medulloblastoma	MB, WNT	NA	Medulloblastoma	medulloblastoma	Cerebellum/Posterior Fossa;Ventricles	Mixed	Gross/Near total resection	stranded	4526	White	Not Hispanic or Latino	Male	Male	None documented	Medulloblastoma	#a340ff	Yes	EUR	1937	Not Applicable	1937	LIVING	NO EVENT
BS_N5B2CZMH	PT_3SW2VHD5	PBTA	CBTN	C15867	PT_3SW2VHD5_7316-2984_Solid Tissue_Initial CNS Tumor	7316-2984	Tumor	Initial CNS Tumor	Solid Tissue	NA	Low-grade astrocytic tumor	Low-grade glioma	LGG, wildtype	NA	Low-grade glioma/astrocytoma (WHO grade I/II)	pilocytic astrocytoma	Ventricles	Ventricles	Gross/Near total resection	stranded	4691	White	Not Hispanic or Latino	Male	Male	None documented	Low-grade glioma	#8f8fbf	Yes	EUR	1952	Not Applicable	1952	LIVING	NO EVENT
BS_N5DVEJXT	PT_VBVZ2NAR	PBTA	CBTN	C584373	PT_VBVZ2NAR_7316-2156_Solid Tissue_Initial CNS Tumor	7316-2156	Tumor	Initial CNS Tumor	Solid Tissue	NA	Ependymal tumor	Ependymoma	EPN, ST ZFTA	NA	Ependymoma	anaplastic ependymoma who grade iii	Brain Stem- Midbrain/Tectum	Midline	Gross/Near total resection	stranded	230	Reported Unknown	Not Hispanic or Latino	Male	Male	None documented	Ependymoma	#2200ff	Yes	AMR	302	Not Applicable	302	LIVING	NO EVENT
BS_N6N147BY	PT_X648RVMK	PBTA	CBTN	C42435	PT_X648RVMK_7316-238_Solid Tissue_Progressive	7316-238	Tumor	Progressive	Solid Tissue	NA	Embryonal tumor	Embryonal tumor with multilayer rosettes	ETMR, C19MC-altered	NA	Embryonal Tumor with Multilayered Rosettes (ETMR);High-grade glioma/astrocytoma (WHO grade III/IV)	embryonal tumor with abundant neuropil and true rosettes	Frontal Lobe	Hemispheric	Partial resection	stranded	1732	White	Not Hispanic or Latino	Female	NA	None documented	Other CNS embryonal tumor	#b08ccf	No	NA	182	Progressive - Metastatic	274	DECEASED	EVENT
BS_N6NE6B3W	PT_H0HWHRPB	PBTA	CBTN	C824715	PT_H0HWHRPB_7316-1679_Solid Tissue_Initial CNS Tumor	7316-1679	Tumor	Initial CNS Tumor	Solid Tissue	NA	Low-grade astrocytic tumor	Low-grade glioma	LGG, KIAA1549-BRAF	NA	Low-grade glioma/astrocytoma (WHO grade I/II)	pilocytic astrocytoma	Cerebellum/Posterior Fossa	Posterior fossa	Gross/Near total resection	stranded	3379	White	Not Hispanic or Latino	Male	Male	None documented	Low-grade glioma	#8f8fbf	Yes	EUR	Not Reported	Not Applicable	Not Reported	LIVING	NO EVENT
BS_N6TQBQ8M	PT_N13MXT13	PBTA	PBTA-X01-FY22	C3778560	PT_N13MXT13_7316-7758_Solid Tissue_Initial CNS Tumor	7316-7758	Tumor	Initial CNS Tumor	Solid Tissue	NA	Diffuse astrocytic and oligodendroglial tumor	High-grade glioma	HGG, H3 wildtype	HGG, H3 wildtype	High-grade glioma/astrocytoma (WHO grade III/IV)	malignant glioma, idh1 r132h wild-type, pending molecular	Cerebellum/Posterior Fossa	Posterior fossa	Gross/Near total resection	poly-A stranded	2989	White	Hispanic or Latino	Male	Male	None documented	Other high-grade glioma	#ffccf5	Yes	AMR	Not Reported	Not Applicable	Not Reported	LIVING	NO EVENT
BS_N7SW36FD	PT_QAJRK2W9	PBTA	PBTA-X01-FY22	C2797758	PT_QAJRK2W9_7316-6254_Solid Tissue_Progressive	7316-6254	Tumor	Progressive	Solid Tissue	NA	Diffuse astrocytic and oligodendroglial tumor	High-grade glioma	HGG, H3 wildtype	NA	High-grade glioma/astrocytoma (WHO grade III/IV)	infiltrating neoplastic astrocytes consistent with residual/recurrent anaplastic astrocytoma, who grade iii	Basal Ganglia;Brain Stem- Midbrain/Tectum;Brain Stem- Pons;Frontal Lobe;Optic Pathway;Parietal Lobe;Temporal Lobe;Thalamus	Mixed	Biopsy only	poly-A stranded	2170	More Than One Race	Hispanic or Latino	Male	Male	None documented	Other high-grade glioma	#ffccf5	No	EAS	335	Progressive	657	DECEASED	EVENT
BS_N7VQ1GQB	PT_8J4EYY40	PBTA	PBTA-X01-FY22	C3943995	PT_8J4EYY40_7316-9435_Solid Tissue_Initial CNS Tumor	7316-9435	Tumor	Initial CNS Tumor	Solid Tissue	NA	Diffuse astrocytic and oligodendroglial tumor	High-grade glioma	HGG, H3 wildtype	NA	Brainstem glioma- Diffuse intrinsic pontine glioma	diffuse midline glioma	Brain Stem- Pons	Midline	NA	poly-A stranded	2506	White	Not Hispanic or Latino	Female	Female	None documented	Other high-grade glioma	#ffccf5	Yes	EUR	152	Not Applicable	152	LIVING	NO EVENT
BS_N87X1T8T	PT_VT6QDTP4	PBTA	PBTA-X01-FY22	C1032462	PT_VT6QDTP4_7316-3962_Solid Tissue_Initial CNS Tumor	7316-3962	Tumor	Initial CNS Tumor	Solid Tissue	NA	Low-grade astrocytic tumor	Low-grade glioma	LGG, KIAA1549-BRAF	NA	Low-grade glioma/astrocytoma (WHO grade I/II)	pilocytic astrocytoma,  kiaa1549-braf positive, chek2 variant	Thalamus	Midline	Gross/Near total resection	poly-A stranded	1162	Reported Unknown	Not Hispanic or Latino	Male	Male	None documented	Low-grade glioma	#8f8fbf	Yes	EUR	2651	Recurrence	2651	LIVING	EVENT
BS_N8J1DP02	PT_VE0Q731Y	PBTA	CBTN	C705897	PT_VE0Q731Y_7316-1641_Solid Tissue_Initial CNS Tumor	7316-1641	Tumor	Initial CNS Tumor	Solid Tissue	NA	Ependymal tumor	Ependymoma	EPN, To be classified	NA	Ependymoma	anaplastic ependymoma (who iii)	Cerebellum/Posterior Fossa	Posterior fossa	Gross/Near total resection	stranded	1464	White	Not Hispanic or Latino	Male	Male	None documented	Ependymoma	#2200ff	Yes	EUR	Not Reported	Not Applicable	Not Reported	LIVING	NO EVENT
BS_N8K234V2	PT_MBM8765W	PBTA	PBTA-X01-FY22	C4038213	PT_MBM8765W_7316-9829_Solid Tissue_Initial CNS Tumor	7316-9829	Tumor	Initial CNS Tumor	Solid Tissue	NA	Mesenchymal non-meningothelial tumor	Hemangioblastoma	NA	NA	Hemangioblastoma	hemangioblastoma, cns who grade 1	Cerebellum/Posterior Fossa	Posterior fossa	Gross/Near total resection	poly-A stranded	6119	White	Not Hispanic or Latino	Female	Female	None documented	Mesenchymal tumor	#7fbf00	Yes	EUR	321	Not Applicable	321	LIVING	NO EVENT
BS_N9C2500H	PT_FX2D5BTD	PBTA	PBTA-X01-FY22	C3256302	PT_FX2D5BTD_7316-5879_Solid Tissue_Initial CNS Tumor	7316-5879	Tumor	Initial CNS Tumor	Solid Tissue	NA	Embryonal tumor	Medulloblastoma	MB, Group3	MB, Group3	Medulloblastoma	medulloblastoma non-wnt/non-shh	Cerebellum/Posterior Fossa	Posterior fossa	Partial resection	poly-A stranded	1229	Reported Unknown	Not Available	Male	Male	None documented	Medulloblastoma	#a340ff	Yes	EUR	Not Reported	Not Applicable	Not Reported	LIVING	NO EVENT
BS_NB42PWZN	PT_99S5BPE3	PBTA	CBTN	C20172	PT_99S5BPE3_7316-365_Solid Tissue_Recurrence	7316-365	Tumor	Recurrence	Solid Tissue	NA	Ependymal tumor	Ependymoma	EPN, ST ZFTA	NA	Ependymoma	ependymoma	Temporal Lobe	Hemispheric	Gross/Near total resection	stranded	6695	White	Not Hispanic or Latino	Male	Male	None documented	Ependymoma	#2200ff	No	EUR	629	Recurrence	2066	DECEASED	EVENT
BS_NB5XWMJT	PT_ZR8MQRVG	PBTA	CBTN	C72693	PT_ZR8MQRVG_7316-346_Solid Tissue_Initial CNS Tumor	7316-346	Tumor	Initial CNS Tumor	Solid Tissue	NA	Low-grade astrocytic tumor	Low-grade glioma	LGG, KIAA1549-BRAF	LGG, BRAF/MAPK	Low-grade glioma/astrocytoma (WHO grade I/II)	low grade glioma	Brain Stem- Midbrain/Tectum	Midline	Partial resection	stranded	3578	Reported Unknown	Not Hispanic or Latino	Female	Female	None documented	Low-grade glioma	#8f8fbf	Yes	AFR	2361	Progressive - Metastatic	3093	LIVING	EVENT
BS_NB9XXBW6	PT_WGVEF96B	PBTA	PNOC	C3080043	PT_WGVEF96B_A08958_Solid Tissue_Initial CNS Tumor	A08958	Tumor	Initial CNS Tumor	Solid Tissue	NA	Diffuse astrocytic and oligodendroglial tumor	Diffuse midline glioma	DMG, H3 K28, TP53	NA	Brainstem glioma- Diffuse intrinsic pontine glioma	Diffuse Astrocytoma	Pons/Brainstem	Midline	NA	poly-A	2853	Reported Unknown	Hispanic or Latino	Female	Female	None documented	DIPG or DMG	#ff40d9	Yes	EUR	NA	NA	702	DECEASED	NO EVENT
BS_NDC69214	PT_229DRV7B	PBTA	CBTN	C337266	PT_229DRV7B_7316-1757_Solid Tissue_Recurrence	7316-1757	Tumor	Recurrence	Solid Tissue	NA	Tumor of cranial and paraspinal nerves	Neurofibroma/Plexiform	NA	NA	Neurofibroma/Plexiform	residual/recurrent plexiform neurofibroma	Other locations NOS	Other	Partial resection	stranded	5231	White	Not Hispanic or Latino	Male	Male	Neurofibromatosis, Type 1 (NF-1)	Neurofibroma plexiform	#e6ac39	No	EUR	100	Recurrence	100	LIVING	EVENT
BS_NDFDQBCZ	PT_QPY0H50V	PBTA	CBTN	C648333	PT_QPY0H50V_7316-2614_Solid Tissue_Progressive	7316-2614	Tumor	Progressive	Solid Tissue	NA	Mesenchymal non-meningothelial tumor	Inflammatory Myofibroblastic Tumor	NA	NA	Other	myofibroblastic tumor	Cerebellum/Posterior Fossa;Frontal Lobe;Ventricles	Mixed	Partial resection	stranded	2989	White	Not Hispanic or Latino	Male	Male	None documented	Mesenchymal tumor	#7fbf00	No	AMR	610	Progressive - Metastatic	1324	LIVING	EVENT
BS_NDN62H0S	PT_124TTG01	PBTA	CBTN	C597411	PT_124TTG01_7316-1960_Solid Tissue_Initial CNS Tumor	7316-1960	Tumor	Initial CNS Tumor	Solid Tissue	NA	Benign tumor	NA	NA	NA	Adenoma	pituitary adenoma	Suprasellar/Hypothalamic/Pituitary	Suprasellar	Gross/Near total resection	stranded	5916	White	Not Hispanic or Latino	Female	Female	None documented	Non-neoplastic tumor	#FFF5EB	Yes	EUR	Not Reported	Not Applicable	Not Reported	LIVING	NO EVENT
BS_NDRDM2A9	PT_PZVE3FWF	PBTA	CBTN	C55842	PT_PZVE3FWF_7316-240_Solid Tissue_Initial CNS Tumor	7316-240	Tumor	Initial CNS Tumor	Solid Tissue	NA	Tumor of cranial and paraspinal nerves	Neurofibroma/Plexiform	NA	NA	Neurofibroma/Plexiform	neurofibroma spindle cell neoplasm c/w neurofibroma	Spinal Cord- Cervical	Spine	Partial resection	stranded	7001	White	Not Hispanic or Latino	Male	NA	Neurofibromatosis, Type 1 (NF-1)	Neurofibroma plexiform	#e6ac39	Yes	NA	578	Deceased-due to disease	578	DECEASED	EVENT
BS_NEVYM2FP	PT_EN2RN5Y1	PBTA	PNOC	C3093081	PT_EN2RN5Y1_A17997_Solid Tissue_Initial CNS Tumor	A17997	Tumor	Initial CNS Tumor	Solid Tissue	NA	Diffuse astrocytic and oligodendroglial tumor	Diffuse midline glioma	DMG, H3 K28	NA	Brainstem glioma- Diffuse intrinsic pontine glioma	Glioma	Pons/Brainstem	Midline	NA	poly-A	3159	Reported Unknown	Not Available	Female	Female	None documented	DIPG or DMG	#ff40d9	Yes	AMR	NA	NA	355	DECEASED	NO EVENT
BS_NF5KMKV0	PT_Y5EZC616	PBTA	PBTA-X01-FY22	C4092087	PT_Y5EZC616_7316-8933_Solid Tissue_Recurrence	7316-8933	Tumor	Recurrence	Solid Tissue	NA	Neuronal and mixed neuronal-glial tumor	Dysembryoplastic neuroepithelial tumor	NA	NA	Dysembryoplastic neuroepithelial tumor (DNET)	residual/recurrent dysembryoplastic neuroepithelial tumor, who grade 1	Temporal Lobe	Hemispheric	Gross/Near total resection	poly-A stranded	3897	Reported Unknown	Hispanic or Latino	Male	Male	None documented	Mixed neuronal-glial tumor	#685815	No	AMR	1635	Recurrence	1635	LIVING	EVENT
BS_NFJPYMET	PT_RNVACT1Q	PBTA	PBTA-X01-FY22	C1275756	PT_RNVACT1Q_7316-5105_Solid Tissue_Initial CNS Tumor	7316-5105	Tumor	Initial CNS Tumor	Solid Tissue	NA	Ependymal tumor	Ependymoma	EPN, To be classified	NA	Ependymoma	cortical ependymoma, who grade ii	Frontal Lobe	Hemispheric	Gross/Near total resection	poly-A stranded	7391	White	Not Hispanic or Latino	Female	Female	None documented	Ependymoma	#2200ff	Yes	EUR	Not Reported	Not Applicable	Not Reported	LIVING	NO EVENT
BS_NFKKDYSV	PT_9RTMDPES	PBTA	PBTA-X01-FY22	C1202694	PT_9RTMDPES_7316-4220_Solid Tissue_Initial CNS Tumor	7316-4220	Tumor	Initial CNS Tumor	Solid Tissue	NA	Diffuse astrocytic and oligodendroglial tumor	High-grade glioma	HGG, H3 wildtype	NA	High-grade glioma/astrocytoma (WHO grade III/IV)	glioblastoma who grade iv	Brain Stem- Midbrain/Tectum;Thalamus	Midline	Partial resection	poly-A stranded	3926	Reported Unknown	Not Hispanic or Latino	Male	Male	None documented	Other high-grade glioma	#ffccf5	Yes	SAS	1037	Deceased-due to disease	1037	DECEASED	EVENT
BS_NFRXNAFE	PT_RXT6KRR6	PBTA	CBTN	C952389	PT_RXT6KRR6_7316-3147_Solid Tissue_Recurrence	7316-3147	Tumor	Recurrence	Solid Tissue	NA	Embryonal tumor	Ganglioneuroblastoma	NBL, MYCN amplified	NA	Ganglioneuroblastoma	ganglioneuroblastoma	Occipital Lobe;Parietal Lobe	Hemispheric	Gross/Near total resection	stranded	1073	White	Hispanic or Latino	Female	Female	None documented	#220040	5	No	AMR	145	Recurrence	910	DECEASED	EVENT
BS_NG9X6SJA	PT_WEY5N1C5	PBTA	PBTA-X01-FY22	C2544993	PT_WEY5N1C5_7316-5461_Solid Tissue_Progressive	7316-5461	Tumor	Progressive	Solid Tissue	NA	Low-grade astrocytic tumor	Low-grade glioma	LGG, KIAA1549-BRAF	NA	Low-grade glioma/astrocytoma (WHO grade I/II)	residual/recurrent pilocytic astrocytoma with kiaa1549-braf fusion, who grade i	Cerebellum/Posterior Fossa	Posterior fossa	Gross/Near total resection	poly-A stranded	1111	Reported Unknown	Hispanic or Latino	Female	Female	None documented	Low-grade glioma	#8f8fbf	No	AMR	369	Progressive	2231	LIVING	EVENT
BS_NGAWSN7T	PT_RXT6KRR6	PBTA	PBTA-X01-FY22	C952389	PT_RXT6KRR6_7316-3168_Solid Tissue_Recurrence	7316-3168	Tumor	Recurrence	Solid Tissue	NA	Embryonal tumor	Ganglioneuroblastoma	NBL, MYCN amplified	NA	Ganglioneuroblastoma	ganglioneuroblastoma, who grade iv	Frontal Lobe	Hemispheric	Gross/Near total resection	poly-A stranded	1073	White	Hispanic or Latino	Female	Female	None documented	#220040	5	No	AMR	145	Recurrence	910	DECEASED	EVENT
BS_NGGRR75F	PT_R604JG6B	PBTA	PBTA-X01-FY22	C3552978	PT_R604JG6B_7316-8817_Solid Tissue_Deceased	7316-8817	Tumor	Deceased	Solid Tissue	NA	Embryonal tumor	Medulloblastoma	MB, Group4	MB, Group4	Medulloblastoma	recurrent/residual medulloblastoma, viable, status post treatment	Cerebellum/Posterior Fossa;Meninges/Dura;Other locations NOS;Spinal Cord- Cervical;Spinal Cord- Thoracic	Mixed	NA	poly-A stranded	3335	Reported Unknown	Hispanic or Latino	Male	Unknown	None documented	Medulloblastoma	#a340ff	No	AMR	468	Progressive - Metastatic	744	DECEASED	EVENT
BS_NGHK9RZP	PT_2SCVQ2N6	PBTA	CBTN	C978834	PT_2SCVQ2N6_7316-3631_Solid Tissue_Initial CNS Tumor	7316-3631	Tumor	Initial CNS Tumor	Solid Tissue	NA	Ependymal tumor	Ependymoma	EPN, ST ZFTA	EPN, ST ZFTA	Ependymoma	anaplastic ependymoma who grade iii	Parietal Lobe;Ventricles	Mixed	Gross/Near total resection	stranded	4770	White	Not Hispanic or Latino	Female	Female	None documented	Ependymoma	#2200ff	Yes	EUR	Not Reported	Not Applicable	Not Reported	LIVING	NO EVENT
BS_NGSG2KB6	PT_KTRJ8TFY	PBTA	PNOC	C3081027	PT_KTRJ8TFY_A09689_Solid Tissue_Initial CNS Tumor	A09689	Tumor	Initial CNS Tumor	Solid Tissue	NA	Diffuse astrocytic and oligodendroglial tumor	Diffuse midline glioma	DMG, H3 K28, TP53	NA	Brainstem glioma- Diffuse intrinsic pontine glioma	Infiltrating Diffuse Astrocytoma	Pons/Brainstem	Midline	NA	poly-A	2079	Reported Unknown	Hispanic or Latino	Male	Male	None documented	DIPG or DMG	#ff40d9	Yes	AMR	NA	NA	274	DECEASED	NO EVENT
BS_NGY0TE6S	PT_W6CW60K9	PBTA	CBTN	C82041	PT_W6CW60K9_7316-380_Solid Tissue_Initial CNS Tumor	7316-380	Tumor	Initial CNS Tumor	Solid Tissue	NA	Tumors of sellar region	Adamantinomatous Craniopharyngioma	CRANIO, ADAM	NA	Craniopharyngioma	craniopharyngioma	Suprasellar/Hypothalamic/Pituitary	Suprasellar	Gross/Near total resection	stranded	2541	Reported Unknown	Not Hispanic or Latino	Male	Male	None documented	Craniopharyngioma	#b2502d	Yes	EUR	420	Progressive	1393	LIVING	EVENT
BS_NH7K4CD9	PT_ZD45GXZ0	PBTA	CBTN	C602946	PT_ZD45GXZ0_7316-2109_Solid Tissue_Progressive	7316-2109	Tumor	Progressive	Solid Tissue	NA	Ependymal tumor	Ependymoma	EPN, PF A	EPN, PF A	Ependymoma	recurrent / residual ependymoma	Cerebellum/Posterior Fossa	Posterior fossa	Gross/Near total resection	stranded	656	Reported Unknown	Not Available	Male	Male	None documented	Ependymoma	#2200ff	No	EUR	1204	Progressive	2019	LIVING	EVENT
BS_NJ19NGVS	PT_C1RDBCVM	PBTA	PBTA-X01-FY22	C122385	PT_C1RDBCVM_7316-9490_Solid Tissue_Progressive	7316-9490	Tumor	Progressive	Solid Tissue	NA	Ependymal tumor	Ependymoma	EPN, To be classified	NA	Ependymoma	ependymoma	Other locations NOS	Other	Gross/Near total resection	poly-A stranded	1135	White	Not Hispanic or Latino	Male	Male	None documented	Ependymoma	#2200ff	No	EUR	1307	Recurrence	3218	LIVING	EVENT
BS_NKCEJ5YG	PT_T0MRCE9A	PBTA	PBTA-X01-FY22	C3811647	PT_T0MRCE9A_7316-8053_Solid Tissue_Deceased	7316-8053	Tumor	Deceased	Solid Tissue	NA	Embryonal tumor	Medulloblastoma	MB, SHH	NA	Medulloblastoma	medulloblastoma	Cerebellum/Posterior Fossa;Spinal Cord- Lumbar/Thecal Sac	Mixed	NA	poly-A stranded	6005	White	Not Hispanic or Latino	Male	Male	None documented	Medulloblastoma	#a340ff	No	EUR	2549	Recurrence	5827	DECEASED	EVENT
BS_NKEAAFMW	PT_T03AT4BJ	PBTA	CBTN	C724962	PT_T03AT4BJ_7316-2708_Solid Tissue_Initial CNS Tumor	7316-2708	Tumor	Initial CNS Tumor	Solid Tissue	NA	Embryonal tumor	Medulloblastoma	MB, Group4	NA	Medulloblastoma	medulloblastoma, who grade iv	Cerebellum/Posterior Fossa	Posterior fossa	Gross/Near total resection	stranded	4428	Reported Unknown	Hispanic or Latino	Male	Male	None documented	Medulloblastoma	#a340ff	Yes	AMR	1752	Not Applicable	1752	LIVING	NO EVENT
BS_NKRYMHEP	PT_RT1J9P8J	PBTA	CBTN	C40713	PT_RT1J9P8J_7316-307_Solid Tissue_Initial CNS Tumor	7316-307	Tumor	Initial CNS Tumor	Solid Tissue	NA	Embryonal tumor	Medulloblastoma	MB, Group4	NA	Medulloblastoma	medulloblastoma	Cerebellum/Posterior Fossa	Posterior fossa	Gross/Near total resection	stranded	2589	White	Not Hispanic or Latino	Female	NA	None documented	Medulloblastoma	#a340ff	Yes	NA	4585	Not Applicable	4585	LIVING	NO EVENT
BS_NMC4RW21	PT_F7ANKKZQ	PBTA	CBTN	C145263	PT_F7ANKKZQ_7316-825_Solid Tissue_Initial CNS Tumor	7316-825	Tumor	Initial CNS Tumor	Solid Tissue	NA	Embryonal tumor	Atypical Teratoid Rhabdoid Tumor	ATRT, TYR	ATRT, TYR	Atypical Teratoid Rhabdoid Tumor (ATRT)	atypical teratoid rhabdoid tumor (atrt)	Ventricles	Ventricles	Partial resection	poly-A stranded	233	White	Not Hispanic or Latino	Male	NA	Other inherited conditions NOS	Atypical Teratoid Rhabdoid Tumor	#4d0d85	Yes	NA	76	Recurrence	1147	LIVING	EVENT
BS_NNPEC7W1	PT_59D00MBQ	PBTA	HOPE	C384990	PT_59D00MBQ_7316-2810_Solid Tissue_Deceased	7316-2810	Tumor	Deceased	Solid Tissue	NA	Diffuse astrocytic and oligodendroglial tumor	Diffuse midline glioma	DMG, H3 K28, TP53	DMG, H3 K28	High-grade glioma/astrocytoma (WHO grade III/IV)	anaplastic astrocytoma (who grade iii)	Thalamus	Midline	NA	stranded	3283	Asian	Not Hispanic or Latino	Male	Male	None documented	DIPG or DMG	#ff40d9	No	AMR	419	Deceased-due to disease	419	DECEASED	EVENT
BS_NNYXMSTX	PT_2SFE7WGQ	PBTA	PBTA-X01-FY22	C4031448	PT_2SFE7WGQ_7316-9497_Solid Tissue_Initial CNS Tumor	7316-9497	Tumor	Initial CNS Tumor	Solid Tissue	NA	Diffuse astrocytic and oligodendroglial tumor	High-grade glioma	HGG, H3 wildtype, TP53	NA	High-grade glioma/astrocytoma (WHO grade III/IV)	high grade glioma	Brain Stem- Midbrain/Tectum;Brain Stem- Pons;Parietal Lobe;Thalamus	Mixed	Biopsy only	poly-A stranded	2549	Reported Unknown	Hispanic or Latino	Female	Female	Li-Fraumeni syndrome (TP53)	Other high-grade glioma	#ffccf5	Yes	AMR	Not Reported	Second Malignancy	537	DECEASED	EVENT
BS_NPA6CZQF	PT_RSDTCFDA	PBTA	HOPE	C57441	PT_RSDTCFDA_7316-204_Solid Tissue_Initial CNS Tumor	7316-204	Tumor	Initial CNS Tumor	Solid Tissue	NA	Diffuse astrocytic and oligodendroglial tumor	High-grade glioma	HGG, H3 wildtype	HGG, H3 wildtype	High-grade glioma/astrocytoma (WHO grade III/IV)	anaplastic astrocytoma	Frontal Lobe	Hemispheric	Biopsy only	poly-A stranded	4946	White	Not Hispanic or Latino	Female	Female	None documented	Other high-grade glioma	#ffccf5	Yes	EUR	106	Progressive	360	DECEASED	EVENT
BS_NPMEGFW8	PT_7M2ENG6P	PBTA	CBTN	C172200	PT_7M2ENG6P_7316-708_Solid Tissue_Initial CNS Tumor	7316-708	Tumor	Initial CNS Tumor	Solid Tissue	NA	Diffuse astrocytic and oligodendroglial tumor	High-grade glioma	HGG, To be classified	NA	High-grade glioma/astrocytoma (WHO grade III/IV)	astrocytoma, anaplastic	Frontal Lobe	Hemispheric	Gross/Near total resection	poly-A stranded	5536	Reported Unknown	Not Available	Male	NA	None documented	Other high-grade glioma	#ffccf5	Yes	NA	4973	Not Applicable	4973	LIVING	NO EVENT
BS_NPQJ20KX	PT_6MWPJ96F	PBTA	CBTN	C226566	PT_6MWPJ96F_7316-1711_Solid Tissue_Initial CNS Tumor	7316-1711	Tumor	Initial CNS Tumor	Solid Tissue	NA	Low-grade astrocytic tumor	Low-grade glioma	LGG, KIAA1549-BRAF	NA	Low-grade glioma/astrocytoma (WHO grade I/II)	pilocytioc astrocytoma (who grade 1)	Cerebellum/Posterior Fossa	Posterior fossa	Partial resection	stranded	2889	White	Not Hispanic or Latino	Female	Female	None documented	Low-grade glioma	#8f8fbf	Yes	EUR	2420	Not Applicable	2420	LIVING	NO EVENT
BS_NPWT4SXA	PT_7HGY5W67	PBTA	PBTA-X01-FY22	C2669592	PT_7HGY5W67_7316-6044_Solid Tissue_Recurrence	7316-6044	Tumor	Recurrence	Solid Tissue	NA	Neuronal and mixed neuronal-glial tumor	Glial-neuronal tumor NOS	GNT, wildtype	NA	Glial-neuronal tumor NOS	high-grade neuroepithelial tumor	Frontal Lobe	Hemispheric	Gross/Near total resection	poly-A stranded	3716	White	Not Hispanic or Latino	Female	Female	None documented	Mixed neuronal-glial tumor	#685815	No	EUR	583	Recurrence	2999	DECEASED	EVENT
BS_NQ54ST98	PT_H9QTD79G	PBTA	PBTA-X01-FY22	C3337851	PT_H9QTD79G_7316-7533_Solid Tissue_Initial CNS Tumor	7316-7533	Tumor	Initial CNS Tumor	Solid Tissue	NA	Diffuse astrocytic and oligodendroglial tumor	Diffuse midline glioma	DMG, H3 K28	DMG, H3 K28	Brainstem glioma- Diffuse intrinsic pontine glioma	diffuse midline glioma h3 k27m-mutant, corresponds to grade iv	Brain Stem- Midbrain/Tectum;Brain Stem- Pons	Midline	Biopsy only	poly-A stranded	4837	Black or African American	Not Hispanic or Latino	Female	Female	None documented	DIPG or DMG	#ff40d9	Yes	AFR	170	Progressive	228	DECEASED	EVENT
BS_NQB91P48	PT_C1M4YF1R	PBTA	CBTN	C46617	PT_C1M4YF1R_7316-127_Solid Tissue_Initial CNS Tumor	7316-127	Tumor	Initial CNS Tumor	Solid Tissue	NA	Low-grade astrocytic tumor	Low-grade glioma	LGG, KIAA1549-BRAF	NA	Low-grade glioma/astrocytoma (WHO grade I/II)	pilocytic astrocytoma	Cerebellum/Posterior Fossa	Posterior fossa	Gross/Near total resection	stranded	2857	White	Not Hispanic or Latino	Female	Female	None documented	Low-grade glioma	#8f8fbf	Yes	EUR	3483	Not Applicable	3483	LIVING	NO EVENT
BS_NQFH3GZH	PT_6PYNBA9C	PBTA	CBTN	C151413	PT_6PYNBA9C_7316-853_Solid Tissue_Initial CNS Tumor	7316-853	Tumor	Initial CNS Tumor	Solid Tissue	NA	Choroid plexus tumor	Choroid plexus tumor	NA	NA	Choroid plexus papilloma	choroid plexus papilloma	Ventricles	Ventricles	Gross/Near total resection	stranded	152	Reported Unknown	Not Available	Female	NA	None documented	Choroid plexus tumor	#00441B	Yes	NA	Not Reported	Not Applicable	Not Reported	NA	NO EVENT
BS_NQTHFF5H	PT_8YBC9VPV	PBTA	CBTN	C3543384	PT_8YBC9VPV_7316-6518_Solid Tissue_Recurrence	7316-6518	Tumor	Recurrence	Solid Tissue	NA	Diffuse astrocytic and oligodendroglial tumor	High-grade glioma	HGG, To be classified	NA	High-grade glioma/astrocytoma (WHO grade III/IV)	anaplastic pleomorphic xanthoastrocytoma, who grade 3	Temporal Lobe	Hemispheric	Gross/Near total resection	poly-A stranded	6802	White	Not Available	Female	NA	None documented	Other high-grade glioma	#ffccf5	No	NA	2748	Recurrence - Metastatic	3051	DECEASED	EVENT
BS_NR3P3GN2	PT_DJ106XYS	PBTA	HOPE	C975144	PT_DJ106XYS_7316-3935_Solid Tissue_Initial CNS Tumor	7316-3935	Tumor	Initial CNS Tumor	Solid Tissue	NA	Diffuse astrocytic and oligodendroglial tumor	Diffuse midline glioma	DMG, H3 K28, TP53	DMG, H3 K28	High-grade glioma/astrocytoma (WHO grade III/IV)	diffuse midline glioma	Meninges/Dura;Other locations NOS	Other	Gross/Near total resection	stranded	4489	Reported Unknown	Hispanic or Latino	Male	Male	None documented	DIPG or DMG	#ff40d9	Yes	AMR	16	Progressive - Metastatic	18	DECEASED	EVENT
BS_NR9FRY5T	PT_YDWBWTVN	PBTA	CBTN	C36039	PT_YDWBWTVN_7316-147_Solid Tissue_Initial CNS Tumor	7316-147	Tumor	Initial CNS Tumor	Solid Tissue	NA	Tumor of cranial and paraspinal nerves	Schwannoma	NA	NA	Schwannoma	schwannoma	Spinal Cord- Lumbar/Thecal Sac	Spine	Gross/Near total resection	stranded	2846	Reported Unknown	Not Hispanic or Latino	Male	Male	None documented	Schwannoma	#ab7200	Yes	SAS	Not Reported	Not Applicable	Not Reported	LIVING	NO EVENT
BS_NRFQEQKP	PT_3RN24N9X	PBTA	CBTN	C22509	PT_3RN24N9X_7316-20_Solid Tissue_Initial CNS Tumor	7316-20	Tumor	Initial CNS Tumor	Solid Tissue	NA	Low-grade astrocytic tumor	Low-grade glioma	LGG, KIAA1549-BRAF	NA	Low-grade glioma/astrocytoma (WHO grade I/II)	pilocytic astrocytoma (who i)	Cerebellum/Posterior Fossa	Posterior fossa	Gross/Near total resection	stranded	1469	White	Not Hispanic or Latino	Male	Male	None documented	Low-grade glioma	#8f8fbf	Yes	EUR	3736	Not Applicable	3736	LIVING	NO EVENT
BS_NRPG5K4K	PT_962TCBVR	PBTA	CBTN	C88683	PT_962TCBVR_7316-2744_Solid Tissue_Progressive	7316-2744	Tumor	Progressive	Solid Tissue	NA	Low-grade astrocytic tumor	Low-grade glioma	LGG, KIAA1549-BRAF	LGG, BRAF/MAPK	Low-grade glioma/astrocytoma (WHO grade I/II)	low-grade glioma	Cerebellum/Posterior Fossa	Posterior fossa	Gross/Near total resection	stranded	1359	American Indian or Alaska Native	Not Hispanic or Latino	Male	Male	None documented	Low-grade glioma	#8f8fbf	No	SAS	358	Recurrence	2866	LIVING	EVENT
BS_NS1SD7XM	PT_F3B9V4QY	PBTA	PBTA-X01-FY22	C3994548	PT_F3B9V4QY_7316-8978_Solid Tissue_Initial CNS Tumor	7316-8978	Tumor	Initial CNS Tumor	Solid Tissue	NA	Meningioma	Meningioma	NA	NA	Other	spindled cell neoplasm with tpm3-ntrk fusion with meningioangiomatosis-like growth pattern	Frontal Lobe	Hemispheric	Gross/Near total resection	poly-A stranded	1488	White	Not Hispanic or Latino	Male	Male	None documented	Meningioma	#2db398	Yes	EUR	Not Reported	Not Applicable	Not Reported	LIVING	NO EVENT
BS_NS7GSHB9	PT_RMK36R2E	PBTA	CBTN	C964812	PT_RMK36R2E_7316-2275_Solid Tissue_Initial CNS Tumor	7316-2275	Tumor	Initial CNS Tumor	Solid Tissue	NA	Low-grade astrocytic tumor	Low-grade glioma	LGG, other MAPK	NA	Low-grade glioma/astrocytoma (WHO grade I/II)	pilocytic astrocytoma, who grade i	Cerebellum/Posterior Fossa	Posterior fossa	Gross/Near total resection	stranded	3746	Reported Unknown	Hispanic or Latino	Female	Female	None documented	Low-grade glioma	#8f8fbf	Yes	AMR	2117	Not Applicable	2117	LIVING	NO EVENT
BS_NT9NZYFD	PT_FC0EF5ZT	PBTA	CBTN	C907371	PT_FC0EF5ZT_7316-3572_Solid Tissue_Initial CNS Tumor	7316-3572	Tumor	Initial CNS Tumor	Solid Tissue	NA	Low-grade astrocytic tumor	Ganglioglioma	GNG, KIAA1549-BRAF	NA	Ganglioglioma	ganglioglioma	Frontal Lobe;Parietal Lobe	Hemispheric	Gross/Near total resection	stranded	4482	White	Not Hispanic or Latino	Male	Male	None documented	Mixed neuronal-glial tumor	#685815	Yes	EUR	1831	Not Applicable	1831	LIVING	NO EVENT
BS_NTG278B6	PT_S8NYAGCA	PBTA	PBTA-X01-FY22	C1070346	PT_S8NYAGCA_7316-4490_Solid Tissue_Initial CNS Tumor	7316-4490	Tumor	Initial CNS Tumor	Solid Tissue	NA	Embryonal tumor	Atypical Teratoid Rhabdoid Tumor	ATRT, SHH	ATRT, SHH	Atypical Teratoid Rhabdoid Tumor (ATRT)	atypical teratoid / rhabdoid tumor (who grade 4)	Parietal Lobe	Hemispheric	Gross/Near total resection	poly-A stranded	663	White	Not Hispanic or Latino	Female	Female	None documented	Atypical Teratoid Rhabdoid Tumor	#4d0d85	Yes	EUR	674	Recurrence - Metastatic	1199	DECEASED	EVENT
BS_NVKGSMXS	PT_DA4WFQ96	PBTA	CBTN	C38622	PT_DA4WFQ96_7316-172_Solid Tissue_Initial CNS Tumor	7316-172	Tumor	Initial CNS Tumor	Solid Tissue	NA	Pre-cancerous lesion	NA	NA	NA	Dysplasia/Gliosis	cortical dysplasia, palmini 2b	Frontal Lobe	Hemispheric	Partial resection	stranded	1058	White	Not Hispanic or Latino	Male	Male	None documented	Non-neoplastic tumor	#FFF5EB	Yes	EUR	426	Not Applicable	426	LIVING	NO EVENT
BS_NVYZW8RR	PT_E3Y5BBSF	PBTA	PBTA-X01-FY22	C774162	PT_E3Y5BBSF_7316-1662_Solid Tissue_Initial CNS Tumor	7316-1662	Tumor	Initial CNS Tumor	Solid Tissue	NA	Tumors of sellar region	Adamantinomatous Craniopharyngioma	CRANIO, ADAM	CRANIO, ADAM	Craniopharyngioma	craniopharyngioma	Suprasellar/Hypothalamic/Pituitary	Suprasellar	Partial resection	poly-A stranded	1555	White	Not Hispanic or Latino	Female	Female	None documented	Craniopharyngioma	#b2502d	Yes	EUR	154	Recurrence	154	LIVING	EVENT
BS_NWNB68G0	PT_SY2VBA5C	PBTA	PBTA-X01-FY22	C1262841	PT_SY2VBA5C_7316-4459_Solid Tissue_Initial CNS Tumor	7316-4459	Tumor	Initial CNS Tumor	Solid Tissue	NA	Low-grade astrocytic tumor	Low-grade glioma	LGG, wildtype	NA	Low-grade glioma/astrocytoma (WHO grade I/II)	juvenile pilocytic astrocytoma	Cerebellum/Posterior Fossa	Posterior fossa	Gross/Near total resection	poly-A stranded	5290	White	Not Hispanic or Latino	Female	Female	None documented	Low-grade glioma	#8f8fbf	Yes	EUR	574	Progressive	1988	LIVING	EVENT
BS_NWNTY3FZ	PT_QVQC3KY1	PBTA	PBTA-X01-FY22	C3271431	PT_QVQC3KY1_7316-5887_Solid Tissue_Initial CNS Tumor	7316-5887	Tumor	Initial CNS Tumor	Solid Tissue	NA	Ependymal tumor	Ependymoma	EPN, PF A	EPN, PF A	Ependymoma	ependymoma	Cerebellum/Posterior Fossa	Posterior fossa	Partial resection	poly-A stranded	1642	Reported Unknown	Not Available	Male	Male	None documented	Ependymoma	#2200ff	Yes	EUR	Not Reported	Not Applicable	Not Reported	LIVING	NO EVENT
BS_NXC3W5MZ	PT_64C7QNBP	PBTA	PBTA-X01-FY22	C1003188	PT_64C7QNBP_7316-3949_Solid Tissue_Initial CNS Tumor	7316-3949	Tumor	Initial CNS Tumor	Solid Tissue	NA	Embryonal tumor	Medulloblastoma	MB, Group4	MB, Group4	Medulloblastoma	medulloblastoma non-wnt/non-shh, who grade iv	Cerebellum/Posterior Fossa	Posterior fossa	Gross/Near total resection	poly-A stranded	5465	White	Not Hispanic or Latino	Female	Female	None documented	Medulloblastoma	#a340ff	Yes	EUR	1759	Not Applicable	1759	LIVING	NO EVENT
BS_NXXTPSEP	PT_4XB3YTJM	PBTA	PBTA-X01-FY22	C340710	PT_4XB3YTJM_7316-388_Derived Cell Line_Initial CNS Tumor_Serum-based_10	7316-388	Tumor	Initial CNS Tumor	Derived Cell Line	Serum-based	Diffuse astrocytic and oligodendroglial tumor	Diffuse midline glioma	DMG, H3 K28, TP53	NA	High-grade glioma/astrocytoma (WHO grade III/IV)	anaplastic astrocytoma	Thalamus	Midline	Gross/Near total resection	poly-A stranded	1897	White	Not Hispanic or Latino	Female	Female	None documented	DIPG or DMG	#ff40d9	No	AMR	215	Recurrence - Metastatic	294	DECEASED	EVENT
BS_NY5T05AK	PT_Y879MGBY	PBTA	PBTA-X01-FY22	C2488659	PT_Y879MGBY_7316-4866_Solid Tissue_Initial CNS Tumor	7316-4866	Tumor	Initial CNS Tumor	Solid Tissue	NA	Low-grade astrocytic tumor	Low-grade glioma	LGG, KIAA1549-BRAF	NA	Low-grade glioma/astrocytoma (WHO grade I/II)	pilocytic astrocytoma, who grade i	Frontal Lobe	Hemispheric	Gross/Near total resection	poly-A stranded	2408	Asian	Not Hispanic or Latino	Male	Male	None documented	Low-grade glioma	#8f8fbf	Yes	EUR	2259	Not Applicable	2259	LIVING	NO EVENT
BS_NYEVBZPS	PT_PF04R0BH	PBTA	PBTA-X01-FY22	C1011921	PT_PF04R0BH_7316-3957_Solid Tissue_Initial CNS Tumor	7316-3957	Tumor	Initial CNS Tumor	Solid Tissue	NA	Neuronal and mixed neuronal-glial tumor	Glial-neuronal tumor NOS	GNT, FGFR	GNG, MAPK	Glial-neuronal tumor NOS	glioneuronal tumor who grade i	Parietal Lobe;Temporal Lobe	Hemispheric	Gross/Near total resection	poly-A stranded	5250	White	Not Hispanic or Latino	Male	Male	None documented	Mixed neuronal-glial tumor	#685815	Yes	EUR	545	Recurrence	1932	LIVING	EVENT
BS_NYS8TRCB	PT_76Q72M5T	PBTA	CBTN	C19680	PT_76Q72M5T_7316-397_Solid Tissue_Initial CNS Tumor	7316-397	Tumor	Initial CNS Tumor	Solid Tissue	NA	Low-grade astrocytic tumor	Low-grade glioma	LGG, wildtype	NA	Low-grade glioma/astrocytoma (WHO grade I/II)	low-grade glioma	Temporal Lobe	Hemispheric	Gross/Near total resection	stranded	4019	Black or African American	Not Hispanic or Latino	Female	Female	None documented	Low-grade glioma	#8f8fbf	Yes	AFR	4171	Not Applicable	4171	LIVING	NO EVENT
BS_NZ71XCG3	PT_7FQ6VECA	PBTA	CBTN	C948330	PT_7FQ6VECA_7316-3846_Solid Tissue_Initial CNS Tumor	7316-3846	Tumor	Initial CNS Tumor	Solid Tissue	NA	Embryonal tumor	Medulloblastoma	MB, Group4	MB, Group4	Medulloblastoma	classic medulloblastoma (who grade iv)	Cerebellum/Posterior Fossa	Posterior fossa	Gross/Near total resection	stranded	5918	White	Not Hispanic or Latino	Male	Male	None documented	Medulloblastoma	#a340ff	Yes	EUR	1447	Not Applicable	1447	LIVING	NO EVENT
BS_P0PY3R4K	PT_SY6W6B0Z	PBTA	PBTA-X01-FY22	C3339819	PT_SY6W6B0Z_7316-9067_Solid Tissue_Deceased	7316-9067	Tumor	Deceased	Solid Tissue	NA	Tumor of cranial and paraspinal nerves	Malignant peripheral nerve sheath tumor	NA	NA	Malignant peripheral nerve sheath tumor (MPNST)	nf1/mpnst	Other locations NOS	Other	NA	poly-A stranded	6010	White	Not Hispanic or Latino	Male	Male	Neurofibromatosis, Type 1 (NF-1)	Other tumor	#b5b5b5	No	EUR	179	Progressive - Metastatic	538	DECEASED	EVENT
BS_P0QF87WC	PT_8GN3TQRM	PBTA	HOPE	C417831	PT_8GN3TQRM_7316-2737_Solid Tissue_Deceased	7316-2737	Tumor	Deceased	Solid Tissue	NA	Diffuse astrocytic and oligodendroglial tumor	High-grade glioma	HGG, H3 wildtype, TP53	NA	High-grade glioma/astrocytoma (WHO grade III/IV)	glioblastoma who grade iv	Parietal Lobe;Temporal Lobe	Hemispheric	NA	stranded	1885	Asian	Not Hispanic or Latino	Male	Male	None documented	Other high-grade glioma	#ffccf5	No	EAS	630	Recurrence	957	DECEASED	EVENT
BS_P0W5VJH4	PT_DH8A0SNQ	PBTA	CBTN	C73554	PT_DH8A0SNQ_7316-408_Solid Tissue_Progressive	7316-408	Tumor	Progressive	Solid Tissue	NA	Germ cell tumor	Teratoma	NA	NA	Teratoma	teratoma	Suprasellar/Hypothalamic/Pituitary	Suprasellar	Partial resection	stranded	15	White	Not Hispanic or Latino	Female	Female	None documented	Germ cell tumor	#0074d9	No	EUR	194	Progressive	3241	LIVING	EVENT
BS_P1AZ9H9A	PT_88F5PD21	PBTA	Oligo	C2483862	PT_88F5PD21_7316-6188_Solid Tissue_Initial CNS Tumor	7316-6188	Tumor	Initial CNS Tumor	Solid Tissue	NA	Diffuse astrocytic and oligodendroglial tumor	Oligodendroglioma	NA	NA	Oligodendroglioma	oligodendroglioma (who grade ii)	Frontal Lobe	Hemispheric	Gross/Near total resection	stranded	7530	Reported Unknown	Hispanic or Latino	Female	NA	None documented	Oligodendroglioma	tan	Yes	NA	665	Recurrence	2170	LIVING	EVENT
BS_P1YT6MG7	PT_C1XZKXCN	PBTA	PBTA-X01-FY22	C2669223	PT_C1XZKXCN_7316-6040_Solid Tissue_Recurrence	7316-6040	Tumor	Recurrence	Solid Tissue	NA	Meningioma	Meningioma	NA	NA	Meningioma	recurrent right sphenoid wing meningioma	Temporal Lobe	Hemispheric	Gross/Near total resection	poly-A stranded	5537	White	Not Hispanic or Latino	Female	Female	None documented	Meningioma	#2db398	No	EUR	468	Recurrence	4014	LIVING	EVENT
BS_P277RYX5	PT_Y7F2JZMQ	PBTA	CBTN	C702699	PT_Y7F2JZMQ_7316-2680_Solid Tissue_Recurrence	7316-2680	Tumor	Recurrence	Solid Tissue	NA	Low-grade astrocytic tumor	Ganglioglioma	GNG, NF1-germline	NA	Ganglioglioma	anaplastic ganglioglioma, who grade iii; nf-1	Parietal Lobe;Temporal Lobe;Ventricles	Mixed	Gross/Near total resection	stranded	6132	White	Not Hispanic or Latino	Male	Male	Neurofibromatosis, Type 1 (NF-1)	Mixed neuronal-glial tumor	#685815	No	SAS	730	Recurrence	3183	LIVING	EVENT
BS_P2Y2NANM	PT_Z9BN2V4W	PBTA	PBTA-X01-FY22	C2760858	PT_Z9BN2V4W_7316-6778_Solid Tissue_Initial CNS Tumor	7316-6778	Tumor	Initial CNS Tumor	Solid Tissue	NA	Low-grade astrocytic tumor	Low-grade glioma	LGG, KIAA1549-BRAF	NA	Low-grade glioma/astrocytoma (WHO grade I/II)	pilocytic astrocytoma with kiaa1549-braf fusion, grade i	Cerebellum/Posterior Fossa	Posterior fossa	Gross/Near total resection	poly-A stranded	2077	White	Not Hispanic or Latino	Male	Male	None documented	Low-grade glioma	#8f8fbf	Yes	EUR	727	Not Applicable	727	LIVING	NO EVENT
BS_P30AAN97	PT_GQHNA6RE	PBTA	PBTA-X01-FY22	C3733665	PT_GQHNA6RE_7316-8050_Solid Tissue_Deceased	7316-8050	Tumor	Deceased	Solid Tissue	NA	Germ cell tumor	Mixed germ cell tumor	NA	NA	Other	mixed germ cell tumor	Frontal Lobe;Ventricles	Mixed	NA	poly-A stranded	16	White	Not Available	Male	Male	None documented	Germ cell tumor	#0074d9	No	EUR	202	Deceased-due to disease	202	DECEASED	EVENT
BS_P39SQPTS	PT_01MZ62KG	PBTA	CBTN	C92004	PT_01MZ62KG_7316-447_Solid Tissue_Progressive	7316-447	Tumor	Progressive	Solid Tissue	NA	Embryonal tumor	Embryonal tumor with multilayer rosettes	ETMR, C19MC-altered	NA	Pineoblastoma	pineoblastoma	Cerebellum/Posterior Fossa	Posterior fossa	Partial resection	stranded	405	White	Not Hispanic or Latino	Male	Male	None documented	Other CNS embryonal tumor	#b08ccf	No	EUR	141	Progressive	303	DECEASED	EVENT
BS_P412CPXJ	PT_2JGWN6EA	PBTA	PBTA-X01-FY22	C2725434	PT_2JGWN6EA_7316-8051_Solid Tissue_Deceased	7316-8051	Tumor	Deceased	Solid Tissue	NA	Low-grade astrocytic tumor	Low-grade glioma	LGG, NF1-somatic, FGFR	NA	Low-grade glioma/astrocytoma (WHO grade I/II)	disseminated pilocytic astrocytoma	Cerebellum/Posterior Fossa;Spinal Cord- Cervical;Spinal Cord- Lumbar/Thecal Sac;Spinal Cord- Thoracic	Mixed	NA	poly-A stranded	1204	White	Not Hispanic or Latino	Male	Male	None documented	Low-grade glioma	#8f8fbf	No	EUR	1261	Progressive - Metastatic	4428	DECEASED	EVENT
BS_P44PE00R	PT_APPA7SFD	PBTA	CBTN	C28782	PT_APPA7SFD_7316-78_Solid Tissue_Initial CNS Tumor	7316-78	Tumor	Initial CNS Tumor	Solid Tissue	NA	Pre-cancerous lesion	NA	NA	NA	Dysplasia/Gliosis	hemimegalencephaly cortical dysplasia palmini type 2b	Frontal Lobe;Parietal Lobe;Temporal Lobe	Hemispheric	Partial resection	stranded	222	White	Not Hispanic or Latino	Female	Female	None documented	Non-neoplastic tumor	#FFF5EB	Yes	NA	Not Reported	Not Applicable	Not Reported	LIVING	NO EVENT
BS_P4D8Y3S8	PT_F1086Z0A	PBTA	CBTN	C292002	PT_F1086Z0A_7316-1101_Solid Tissue_Initial CNS Tumor	7316-1101	Tumor	Initial CNS Tumor	Solid Tissue	NA	Chordoma	Chordoma	CHDM, poorly differentiated	NA	Chordoma	not reported	Other locations NOS	Other	Biopsy only	stranded	1220	Reported Unknown	Not Available	Male	Male	None documented	Mesenchymal tumor	#7fbf00	Yes	EUR	Not Reported	Not Applicable	Not Reported	LIVING	NO EVENT
BS_P4NX9MPA	PT_DFQAH7RS	PBTA	CBTN	C16605	PT_DFQAH7RS_7316-51_Solid Tissue_Progressive	7316-51	Tumor	Progressive	Solid Tissue	NA	Neuronal and mixed neuronal-glial tumor	Dysembryoplastic neuroepithelial tumor	NA	NA	Dysembryoplastic neuroepithelial tumor (DNET)	dnet	Temporal Lobe	Hemispheric	Gross/Near total resection	stranded	10205	White	Not Hispanic or Latino	Male	Male	None documented	Mixed neuronal-glial tumor	#685815	No	EUR	348	Recurrence	10932	LIVING	EVENT
BS_P4PMWFMV	PT_BQJK7KPK	PBTA	PBTA-X01-FY22	C3544491	PT_BQJK7KPK_7316-6574_Solid Tissue_Initial CNS Tumor	7316-6574	Tumor	Initial CNS Tumor	Solid Tissue	NA	Diffuse astrocytic and oligodendroglial tumor	Diffuse midline glioma	DMG, H3 K28, TP53	DMG, EGFR	High-grade glioma/astrocytoma (WHO grade III/IV)	diffuse midline glioma, h3 k27m-mutant (who grade iv)	Frontal Lobe	Hemispheric	Gross/Near total resection	poly-A stranded	3275	White	Not Hispanic or Latino	Female	Female	None documented	DIPG or DMG	#ff40d9	Yes	EUR	429	Progressive	478	DECEASED	EVENT
BS_P5KE73DA	PT_3TYNHF3F	PBTA	PBTA-X01-FY22	C3230472	PT_3TYNHF3F_7316-7687_Solid Tissue_Initial CNS Tumor	7316-7687	Tumor	Initial CNS Tumor	Solid Tissue	NA	Embryonal tumor	Atypical Teratoid Rhabdoid Tumor	ATRT, SHH	ATRT, SHH	Atypical Teratoid Rhabdoid Tumor (ATRT)	atrt, who grade iv	Cerebellum/Posterior Fossa	Posterior fossa	Gross/Near total resection	poly-A stranded	507	Black or African American	Not Hispanic or Latino	Female	Female	None documented	Atypical Teratoid Rhabdoid Tumor	#4d0d85	Yes	AFR	588	Not Applicable	588	LIVING	NO EVENT
BS_P78SMRBS	PT_YXZPWFVB	PBTA	CBTN	C125829	PT_YXZPWFVB_7316-966_Solid Tissue_Initial CNS Tumor	7316-966	Tumor	Initial CNS Tumor	Solid Tissue	NA	Ependymal tumor	Ependymoma	EPN, SP	EPN, SP	Ependymoma	ependymoma (who grade ii)	Spinal Cord- Cervical;Spinal Cord- Thoracic	Spine	Partial resection	stranded	7768	White	Not Hispanic or Latino	Male	Male	None documented	Ependymoma	#2200ff	Yes	EUR	Not Reported	Not Applicable	Not Reported	LIVING	NO EVENT
BS_P7A4C235	PT_22F1768J	PBTA	PBTA-X01-FY22	C3674502	PT_22F1768J_7316-9061_Solid Tissue_Deceased	7316-9061	Tumor	Deceased	Solid Tissue	NA	Ependymal tumor	Ependymoma	EPN, To be classified	NA	Ependymoma	anaplastic ependymoma who grade iii	Ventricles	Ventricles	NA	poly-A stranded	6017	White	Not Hispanic or Latino	Female	Female	None documented	Ependymoma	#2200ff	No	EUR	1267	Recurrence	2192	DECEASED	EVENT
BS_P7EY9DXG	PT_H8Z52K09	PBTA	CBTN	C587325	PT_H8Z52K09_7316-2224_Solid Tissue_Initial CNS Tumor	7316-2224	Tumor	Initial CNS Tumor	Solid Tissue	NA	Embryonal tumor	Atypical Teratoid Rhabdoid Tumor	ATRT, SHH	ATRT, SHH	Atypical Teratoid Rhabdoid Tumor (ATRT)	atypical teratoid rhabdoid tumor (at/rt), who grade iv	Frontal Lobe	Hemispheric	Partial resection	stranded	624	White	Not Hispanic or Latino	Male	Male	None documented	Atypical Teratoid Rhabdoid Tumor	#4d0d85	Yes	EUR	96	Progressive - Metastatic	125	DECEASED	EVENT
BS_P7J6GBHR	PT_3AWKWXEV	PBTA	PBTA-X01-FY22	C28290	PT_3AWKWXEV_7316-85_Derived Cell Line_Initial CNS Tumor_Serum-based_5	7316-85	Tumor	Initial CNS Tumor	Derived Cell Line	Serum-based	Diffuse astrocytic and oligodendroglial tumor	High-grade glioma	HGG, H3 wildtype	NA	High-grade glioma/astrocytoma (WHO grade III/IV)	glioblastoma multiforme	Temporal Lobe	Hemispheric	Gross/Near total resection	poly-A stranded	919	White	Not Available	Male	Male	None documented	Other high-grade glioma	#ffccf5	No	EUR	515	Deceased-due to disease	515	DECEASED	EVENT
BS_P9JP6JFA	PT_Y5KY6KN9	PBTA	CBTN	C56826	PT_Y5KY6KN9_7316-195_Derived Cell Line_Initial CNS Tumor_Serum-based_4	7316-195	Tumor	Initial CNS Tumor	Derived Cell Line	Serum-based	Diffuse astrocytic and oligodendroglial tumor	Diffuse midline glioma	DMG, H3 K28, TP53	NA	High-grade glioma/astrocytoma (WHO grade III/IV)	glioblastoma multiforme	Cerebellum/Posterior Fossa	Posterior fossa	Partial resection	stranded	3296	White	Not Hispanic or Latino	Male	Male	None documented	DIPG or DMG	#ff40d9	No	EUR	276	Deceased-due to disease	276	DECEASED	EVENT
BS_PAK40AMT	PT_WNS0AZQT	PBTA	PBTA-X01-FY22	C3717306	PT_WNS0AZQT_7316-8451_Solid Tissue_Initial CNS Tumor	7316-8451	Tumor	Initial CNS Tumor	Solid Tissue	NA	Embryonal tumor	Medulloblastoma	MB, Group4	MB, Group4	Medulloblastoma	medulloblastoma, who grade iv	Cerebellum/Posterior Fossa	Posterior fossa	Partial resection	poly-A stranded	3855	White	Not Hispanic or Latino	Male	Male	None documented	Medulloblastoma	#a340ff	Yes	EUR	1026	Not Applicable	1026	LIVING	NO EVENT
BS_PBBWKYFX	PT_JXSTA5HB	PBTA	PBTA-X01-FY22	C2335401	PT_JXSTA5HB_7316-8128_Derived Cell Line_Recurrence_Serum-free-2_11	7316-8128	Tumor	Recurrence	Derived Cell Line	Serum-free-2	Ependymal tumor	Ependymoma	EPN, ST ZFTA	NA	Ependymoma	residual, recurrent supratentorial ependymoma, rela fusion	Parietal Lobe	Hemispheric	Gross/Near total resection	poly-A stranded	4177	White	Not Hispanic or Latino	Male	Male	None documented	Ependymoma	#2200ff	No	EUR	493	Recurrence	1802	DECEASED	EVENT
BS_PBTQS0F6	PT_NCVTTNTG	PBTA	PBTA-X01-FY22	C2504649	PT_NCVTTNTG_7316-6206_Solid Tissue_Initial CNS Tumor	7316-6206	Tumor	Initial CNS Tumor	Solid Tissue	NA	Embryonal tumor	Ganglioneuroma	NA	NA	Other	ganglioneuroma, mature	Spinal Cord- Lumbar/Thecal Sac;Spinal Cord- Thoracic	Spine	Gross/Near total resection	poly-A stranded	4534	White	Not Hispanic or Latino	Male	Male	None documented	Other tumor	#b5b5b5	Yes	NA	377	Not Applicable	377	LIVING	NO EVENT
BS_PC107GE3	PT_65B5CGQG	PBTA	PBTA-X01-FY22	C2897019	PT_65B5CGQG_7316-7110_Solid Tissue_Initial CNS Tumor	7316-7110	Tumor	Initial CNS Tumor	Solid Tissue	NA	Embryonal tumor	Medulloblastoma	MB, WNT	MB, WNT	Medulloblastoma	medulloblastoma wnt-activated, who grade iv	Ventricles	Ventricles	Gross/Near total resection	poly-A stranded	1794	White	Not Hispanic or Latino	Female	Female	None documented	Medulloblastoma	#a340ff	Yes	EUR	1473	Not Applicable	1473	LIVING	NO EVENT
BS_PDVD0GCM	PT_EGGE4SGY	PBTA	PBTA-X01-FY22	C3293202	PT_EGGE4SGY_7316-7522_Solid Tissue_Initial CNS Tumor	7316-7522	Tumor	Initial CNS Tumor	Solid Tissue	NA	Low-grade astrocytic tumor	Low-grade glioma	LGG, KIAA1549-BRAF	NA	Low-grade glioma/astrocytoma (WHO grade I/II)	pilocytic astrocytoma who grade i	Cerebellum/Posterior Fossa	Posterior fossa	Gross/Near total resection	poly-A stranded	3934	Reported Unknown	Hispanic or Latino	Male	Male	None documented	Low-grade glioma	#8f8fbf	Yes	AMR	501	Not Applicable	501	LIVING	NO EVENT
BS_PEP9NZXN	PT_7TEHW6VQ	PBTA	CBTN	C744888	PT_7TEHW6VQ_7316-2755_Solid Tissue_Initial CNS Tumor	7316-2755	Tumor	Initial CNS Tumor	Solid Tissue	NA	Low-grade astrocytic tumor	Low-grade glioma	LGG, KIAA1549-BRAF	LGG, BRAF/MAPK	Low-grade glioma/astrocytoma (WHO grade I/II)	low-grade glioma	Cerebellum/Posterior Fossa	Posterior fossa	Gross/Near total resection	stranded	3998	White	Not Hispanic or Latino	Male	Male	None documented	Low-grade glioma	#8f8fbf	Yes	EUR	1854	Not Applicable	1854	LIVING	NO EVENT
BS_PGHK1JRW	PT_TV5DYHNC	PBTA	CBTN	C333453	PT_TV5DYHNC_7316-1073_Solid Tissue_Initial CNS Tumor	7316-1073	Tumor	Initial CNS Tumor	Solid Tissue	NA	Embryonal tumor	Atypical Teratoid Rhabdoid Tumor	ATRT, MYC	ATRT, MYC	Atypical Teratoid Rhabdoid Tumor (ATRT)	at/rt	Thalamus	Midline	Gross/Near total resection	stranded	1113	White	Not Hispanic or Latino	Male	Male	None documented	Atypical Teratoid Rhabdoid Tumor	#4d0d85	Yes	EUR	Not Reported	Not Applicable	Not Reported	LIVING	NO EVENT
BS_PGK832G2	PT_VTM2STE3	PBTA	CBTN	C641691	PT_VTM2STE3_7316-2189_Derived Cell Line_Progressive_Serum-based_4	7316-2189	Tumor	Progressive	Derived Cell Line	Serum-based	Diffuse astrocytic and oligodendroglial tumor	High-grade glioma	HGG, H3 wildtype, TP53	NA	High-grade glioma/astrocytoma (WHO grade III/IV)	recurrent/residual glioblastoma multiforme who iv	Frontal Lobe;Parietal Lobe;Temporal Lobe	Hemispheric	Partial resection	stranded	3316	White	Not Hispanic or Latino	Female	Female	Other inherited conditions NOS	Other high-grade glioma	#ffccf5	No	EUR	215	Progressive	299	LIVING	EVENT
BS_PJ1T8CQR	PT_ZH3SBJPZ	PBTA	HOPE	C1036890	PT_ZH3SBJPZ_7316-4215_Solid Tissue_Initial CNS Tumor	7316-4215	Tumor	Initial CNS Tumor	Solid Tissue	NA	Diffuse astrocytic and oligodendroglial tumor	High-grade glioma	HGG, IDH, TP53	NA	High-grade glioma/astrocytoma (WHO grade III/IV)	anaplastic astrocytoma who grade iii	Other locations NOS	Other	Biopsy only	stranded	4545	Reported Unknown	Not Hispanic or Latino	Male	Male	Other inherited conditions NOS	Other high-grade glioma	#ffccf5	Yes	SAS	190	Progressive - Metastatic	315	DECEASED	EVENT
BS_PJ2S96H1	PT_ZZRBX5JT	PBTA	PBTA-X01-FY22	C121647	PT_ZZRBX5JT_7316-5188_Solid Tissue_Progressive	7316-5188	Tumor	Progressive	Solid Tissue	NA	Ependymal tumor	Ependymoma	EPN, PF A	EPN, PF A	Ependymoma	metastatic ependymoma	Spinal Cord- Thoracic;Temporal Lobe	Mixed	Partial resection	poly-A stranded	1878	White	Not Hispanic or Latino	Female	Female	None documented	Ependymoma	#2200ff	No	EUR	789	Recurrence	1963	LIVING	EVENT
BS_PJC6FH4Y	PT_S7JCQ3TH	PBTA	PNOC	C3173769	PT_S7JCQ3TH_7316-8828_Solid Tissue_Initial CNS Tumor	7316-8828	Tumor	Initial CNS Tumor	Solid Tissue	NA	Diffuse astrocytic and oligodendroglial tumor	Diffuse midline glioma	DMG, H3 K28, TP53	NA	High-grade glioma/astrocytoma (WHO grade III/IV)	GBM	Spine	Spine	NA	stranded	NA	Reported Unknown	Not Available	Female	Female	None documented	DIPG or DMG	#ff40d9	Yes	SAS	NA	NA	NA	NA	NO EVENT
BS_PJPGVD62	PT_ZZRBX5JT	PBTA	CBTN	C121647	PT_ZZRBX5JT_7316-496_Solid Tissue_Initial CNS Tumor	7316-496	Tumor	Initial CNS Tumor	Solid Tissue	NA	Ependymal tumor	Ependymoma	EPN, To be classified	NA	Ependymoma	ependymoma	Ventricles	Ventricles	Gross/Near total resection	stranded	1878	White	Not Hispanic or Latino	Female	Female	None documented	Ependymoma	#2200ff	Yes	EUR	789	Recurrence	1963	LIVING	EVENT
BS_PJTQHTRA	PT_C4P0F36E	PBTA	PBTA-X01-FY22	C2405265	PT_C4P0F36E_7316-3653_Solid Tissue_Initial CNS Tumor	7316-3653	Tumor	Initial CNS Tumor	Solid Tissue	NA	Ependymal tumor	Ependymoma	EPN, To be classified	NA	Ependymoma	ependymoma who grade ii	Cerebellum/Posterior Fossa	Posterior fossa	Partial resection	poly-A stranded	4579	White	Not Hispanic or Latino	Male	Male	None documented	Ependymoma	#2200ff	Yes	EUR	Not Reported	Not Applicable	Not Reported	LIVING	NO EVENT
BS_PK18H7E7	PT_2YT37G8P	PBTA	CBTN	C77613	PT_2YT37G8P_7316-399_Solid Tissue_Progressive	7316-399	Tumor	Progressive	Solid Tissue	NA	Low-grade astrocytic tumor	Low-grade glioma	LGG, KIAA1549-BRAF, FGFR	LGG, MAPK	Low-grade glioma/astrocytoma (WHO grade I/II)	low-grade glioma	Suprasellar/Hypothalamic/Pituitary	Suprasellar	Partial resection	stranded	245	White	Not Hispanic or Latino	Female	Female	None documented	Low-grade glioma	#8f8fbf	No	EUR	146	Progressive	8212	LIVING	EVENT
BS_PKK3BZRG	PT_PHKSYE6Q	PBTA	CBTN	C68142	PT_PHKSYE6Q_7316-220_Solid Tissue_Initial CNS Tumor	7316-220	Tumor	Initial CNS Tumor	Solid Tissue	NA	Choroid plexus tumor	Choroid plexus tumor	NA	NA	Choroid plexus papilloma	choroid plexus papilloma	Ventricles	Ventricles	Gross/Near total resection	stranded	4957	White	Not Hispanic or Latino	Female	Female	None documented	Choroid plexus tumor	#00441B	Yes	EUR	1536	Not Applicable	1536	LIVING	NO EVENT
BS_PKW05VZV	PT_279D9QZ8	PBTA	CBTN	C17712	PT_279D9QZ8_7316-325_Solid Tissue_Recurrence	7316-325	Tumor	Recurrence	Solid Tissue	NA	Low-grade astrocytic tumor	Ganglioglioma	GNG, wildtype	NA	Ganglioglioma	ganglioglioma	Cerebellum/Posterior Fossa	Posterior fossa	Gross/Near total resection	stranded	5859	White	Not Hispanic or Latino	Female	Female	None documented	Mixed neuronal-glial tumor	#685815	No	EUR	202	Recurrence	3011	LIVING	EVENT
BS_PM7YX107	PT_3KM9W8S8	PBTA	PBTA-X01-FY22	C374412	PT_3KM9W8S8_7316-3045_Solid Tissue_Deceased	7316-3045	Tumor	Deceased	Solid Tissue	NA	Embryonal tumor	Atypical Teratoid Rhabdoid Tumor	ATRT, MYC	ATRT, MYC	Atypical Teratoid Rhabdoid Tumor (ATRT)	atrt	Other locations NOS;Spinal Cord- Lumbar/Thecal Sac;Spinal Cord- Thoracic;Ventricles	Mixed	NA	poly-A stranded	190	White	Not Hispanic or Latino	Female	Female	None documented	Atypical Teratoid Rhabdoid Tumor	#4d0d85	No	EUR	335	Progressive - Metastatic	523	DECEASED	EVENT
BS_PN2CE34A	PT_54MH6Q46	PBTA	CBTN	C713892	PT_54MH6Q46_7316-2591_Solid Tissue_Initial CNS Tumor	7316-2591	Tumor	Initial CNS Tumor	Solid Tissue	NA	Low-grade astrocytic tumor	Low-grade glioma	LGG, wildtype	NA	Low-grade glioma/astrocytoma (WHO grade I/II)	low-grade glioma	Parietal Lobe	Hemispheric	Gross/Near total resection	stranded	1957	Black or African American	Not Hispanic or Latino	Male	Male	None documented	Low-grade glioma	#8f8fbf	Yes	AFR	1877	Not Applicable	1877	LIVING	NO EVENT
BS_PNYN0AYD	PT_C2D4JXS1	PBTA	CBTN	C337143	PT_C2D4JXS1_7316-1746_Derived Cell Line_Initial CNS Tumor_Serum-free_10	7316-1746	Tumor	Initial CNS Tumor	Derived Cell Line	Serum-free	Diffuse astrocytic and oligodendroglial tumor	High-grade glioma	HGG, H3 wildtype, TP53	NA	High-grade glioma/astrocytoma (WHO grade III/IV)	high grade glioma	Cerebellum/Posterior Fossa	Posterior fossa	Partial resection	stranded	2307	Reported Unknown	Hispanic or Latino	Female	Female	None documented	Other high-grade glioma	#ffccf5	No	AMR	23	Progressive	132	DECEASED	EVENT
BS_PPGGE3AN	PT_34MDR40C	PBTA	PBTA-X01-FY22	C2403912	PT_34MDR40C_7316-4535_Solid Tissue_Initial CNS Tumor	7316-4535	Tumor	Initial CNS Tumor	Solid Tissue	NA	Embryonal tumor	Medulloblastoma	MB, Group3	MB, Group3	Medulloblastoma	medulloblastoma (non-wnt non-shh)	Cerebellum/Posterior Fossa	Posterior fossa	Partial resection	poly-A stranded	1423	White	Not Hispanic or Latino	Female	Female	None documented	Medulloblastoma	#a340ff	Yes	EUR	Not Reported	Not Applicable	Not Reported	LIVING	NO EVENT
BS_PPV5073N	PT_EK3N3FMR	PBTA	PBTA-X01-FY22	C226074	PT_EK3N3FMR_7316-637_Solid Tissue_Initial CNS Tumor	7316-637	Tumor	Initial CNS Tumor	Solid Tissue	NA	Embryonal tumor	Atypical Teratoid Rhabdoid Tumor	ATRT, SHH	ATRT, SHH	Atypical Teratoid Rhabdoid Tumor (ATRT)	atrt	Cerebellum/Posterior Fossa	Posterior fossa	Gross/Near total resection	poly-A stranded	147	White	Hispanic or Latino	Male	Male	None documented	Atypical Teratoid Rhabdoid Tumor	#4d0d85	Yes	AMR	2246	Not Applicable	2246	LIVING	NO EVENT
BS_PQ6QEVE8	PT_RGX23JFP	PBTA	CBTN	C36408	PT_RGX23JFP_7316-156_Solid Tissue_Progressive	7316-156	Tumor	Progressive	Solid Tissue	NA	Low-grade astrocytic tumor	Ganglioglioma	GNG, RTK	PXA	Ganglioglioma	ganglioglioma	Parietal Lobe;Temporal Lobe	Hemispheric	Gross/Near total resection	stranded	5	American Indian or Alaska Native	Not Hispanic or Latino	Female	Female	None documented	Mixed neuronal-glial tumor	#685815	No	SAS	150	Progressive	4771	LIVING	EVENT
BS_PQ7CQFYR	PT_R0M1QBY4	PBTA	CBTN	C186714	PT_R0M1QBY4_7316-905_Solid Tissue_Initial CNS Tumor	7316-905	Tumor	Initial CNS Tumor	Solid Tissue	NA	Low-grade astrocytic tumor	Ganglioglioma	GNG, KIAA1549-BRAF	GNT, MAPK	Ganglioglioma	ganglioglioma	Occipital Lobe;Temporal Lobe	Hemispheric	Gross/Near total resection	stranded	2964	White	Not Hispanic or Latino	Female	Female	None documented	Mixed neuronal-glial tumor	#685815	Yes	EUR	3116	Recurrence	3440	LIVING	EVENT
BS_PQVTB6BB	PT_9W4WTVFZ	PBTA	CBTN	C164451	PT_9W4WTVFZ_7316-1312_Solid Tissue_Initial CNS Tumor	7316-1312	Tumor	Initial CNS Tumor	Solid Tissue	NA	Diffuse astrocytic and oligodendroglial tumor	High-grade glioma	HGG, To be classified	NA	High-grade glioma/astrocytoma (WHO grade III/IV)	astrocytic neoplasm	Brain Stem- Pons;Cerebellum/Posterior Fossa	Mixed	Biopsy only	stranded	2870	Reported Unknown	Hispanic or Latino	Female	NA	None documented	Other high-grade glioma	#ffccf5	Yes	NA	269	Progressive - Metastatic	323	DECEASED	EVENT
BS_PQY28YXA	PT_FCYM09DV	PBTA	Oligo	C3534159	PT_FCYM09DV_16510-1_Solid Tissue_Initial CNS Tumor	16510-1	Tumor	Initial CNS Tumor	Solid Tissue	NA	Diffuse astrocytic and oligodendroglial tumor	Oligodendroglioma	NA	NA	Oligodendroglioma	NA	Frontal Lobe	Hemispheric	NA	stranded	12783	NA	NA	NA	Male	None documented	Oligodendroglioma	tan	Yes	EUR	NA	NA	NA	NA	NO EVENT
BS_PRAEF32W	PT_3PK66TJY	PBTA	CBTN	C659034	PT_3PK66TJY_7316-2609_Solid Tissue_Initial CNS Tumor	7316-2609	Tumor	Initial CNS Tumor	Solid Tissue	NA	Ependymal tumor	Ependymoma	EPN, PF A	EPN, PF A	Ependymoma	anaplastic ependymoma (who grade iii)	Cerebellum/Posterior Fossa	Posterior fossa	Gross/Near total resection	stranded	629	White	Not Hispanic or Latino	Female	Female	None documented	Ependymoma	#2200ff	Yes	EUR	1885	Not Applicable	1885	LIVING	NO EVENT
BS_PRCG6W20	PT_PD7G77HN	PBTA	PBTA-X01-FY22	C1207737	PT_PD7G77HN_7316-4511_Solid Tissue_Initial CNS Tumor	7316-4511	Tumor	Initial CNS Tumor	Solid Tissue	NA	Low-grade astrocytic tumor	Low-grade glioma	LGG, BRAF V600E, CDKN2A/B	NA	Low-grade glioma/astrocytoma (WHO grade I/II)	pleomorphic xanthoastrocytoma who grade ii	Parietal Lobe;Temporal Lobe	Hemispheric	Gross/Near total resection	poly-A stranded	6494	White	Not Hispanic or Latino	Male	Male	None documented	Low-grade glioma	#8f8fbf	Yes	EUR	Not Reported	Not Applicable	Not Reported	LIVING	NO EVENT
BS_PRR8K9GE	PT_CEWNZVKF	PBTA	CBTN	C70971	PT_CEWNZVKF_7316-124_Solid Tissue_Initial CNS Tumor	7316-124	Tumor	Initial CNS Tumor	Solid Tissue	NA	Tumors of sellar region	Adamantinomatous Craniopharyngioma	CRANIO, ADAM	NA	Craniopharyngioma	craniopharyngioma, combined adamantinomatous and papillary type, iii	Suprasellar/Hypothalamic/Pituitary	Suprasellar	Gross/Near total resection	stranded	3725	White	Not Hispanic or Latino	Male	Male	None documented	Craniopharyngioma	#b2502d	Yes	EUR	1833	Not Applicable	1833	LIVING	NO EVENT
BS_PS0P3QJ3	PT_6D9C46GC	PBTA	HOPE	C119433	PT_6D9C46GC_7316-620_Solid Tissue_Initial CNS Tumor	7316-620	Tumor	Initial CNS Tumor	Solid Tissue	NA	Diffuse astrocytic and oligodendroglial tumor	Infant-type hemispheric glioma	IHG, ROS1-altered	HGG, IHG	High-grade glioma/astrocytoma (WHO grade III/IV)	gbm	Frontal Lobe	Hemispheric	Unavailable	poly-A stranded	192	Reported Unknown	Not Available	Female	NA	None documented	Other high-grade glioma	#ffccf5	Yes	NA	Not Reported	Not Applicable	Not Reported	LIVING	NO EVENT
BS_PSNBFWQV	PT_J50NZYZF	PBTA	CBTN	C59778	PT_J50NZYZF_7316-128_Solid Tissue_Progressive	7316-128	Tumor	Progressive	Solid Tissue	NA	Mesenchymal non-meningothelial tumor	Ewing sarcoma	EWS	EWS	Ewings Sarcoma	Ewings Sarcoma;Metastatic secondary tumors	Frontal Lobe;Parietal Lobe	Hemispheric	Partial resection	stranded	963	White	Not Hispanic or Latino	Female	Female	None documented	Mesenchymal tumor	#7fbf00	No	EUR	1025	Progressive - Metastatic	2257	DECEASED	EVENT
BS_PSW27ZTE	PT_67R1AF5R	PBTA	CBTN	C186837	PT_67R1AF5R_7316-889_Solid Tissue_Initial CNS Tumor	7316-889	Tumor	Initial CNS Tumor	Solid Tissue	NA	Ependymal tumor	Ependymoma	EPN, PF A	EPN, PF A	Ependymoma	anaplastic ependymoma (who grade iii)	Ventricles	Ventricles	Gross/Near total resection	stranded	395	Asian	Not Hispanic or Latino	Male	Male	None documented	Ependymoma	#2200ff	Yes	EAS	650	Second Malignancy	2082	DECEASED	EVENT
BS_PVCWX633	PT_2AEQGWN1	PBTA	CBTN	C2485215	PT_2AEQGWN1_7316-6194_Solid Tissue_Initial CNS Tumor	7316-6194	Tumor	Initial CNS Tumor	Solid Tissue	NA	Diffuse astrocytic and oligodendroglial tumor	High-grade glioma	HGG, To be classified	NA	High-grade glioma/astrocytoma (WHO grade III/IV)	anaplastic astrocytoma, who grade iii	Temporal Lobe	Hemispheric	Gross/Near total resection	poly-A stranded	7185	White	Not Hispanic or Latino	Male	NA	None documented	Other high-grade glioma	#ffccf5	Yes	NA	Not Reported	Not Applicable	Not Reported	LIVING	NO EVENT
BS_PWEX0YDM	PT_H12B5NGN	PBTA	CBTN	C55104	PT_H12B5NGN_7316-239_Solid Tissue_Second Malignancy	7316-239	Tumor	Second Malignancy	Solid Tissue	NA	Diffuse astrocytic and oligodendroglial tumor	High-grade glioma	HGG, H3 wildtype	HGG, H3 wildtype	High-grade glioma/astrocytoma (WHO grade III/IV)	gbm	Parietal Lobe;Temporal Lobe	Hemispheric	Gross/Near total resection	poly-A stranded	9611	White	Not Available	Female	NA	None documented	Other high-grade glioma	#ffccf5	No	NA	3073	Progressive	9233	DECEASED	EVENT
BS_PXCPK5XS	PT_1B1Z7BRQ	PBTA	HOPE	C54612	PT_1B1Z7BRQ_7316-287_Solid Tissue_Initial CNS Tumor	7316-287	Tumor	Initial CNS Tumor	Solid Tissue	NA	Diffuse astrocytic and oligodendroglial tumor	High-grade glioma	HGG, H3 wildtype, TP53	NA	High-grade glioma/astrocytoma (WHO grade III/IV)	high grade glial tumor in keeping with glioblastoma	Frontal Lobe	Hemispheric	Gross/Near total resection	poly-A stranded	5298	White	Not Available	Male	NA	None documented	Other high-grade glioma	#ffccf5	Yes	NA	334	Recurrence - Metastatic	424	DECEASED	EVENT
BS_PZVHMSYN	PT_0MJEAART	PBTA	CBTN	C123492	PT_0MJEAART_7316-549_Solid Tissue_Deceased	7316-549	Tumor	Deceased	Solid Tissue	NA	Diffuse astrocytic and oligodendroglial tumor	Diffuse midline glioma	DMG, H3 K28	DMG, H3 K28	Brainstem glioma- Diffuse intrinsic pontine glioma	dipg	Brain Stem- Pons	Midline	NA	stranded	3697	White	Not Hispanic or Latino	Female	NA	None documented	DIPG or DMG	#ff40d9	No	NA	401	Deceased-due to disease	401	DECEASED	EVENT
BS_Q2PBFNDF	PT_0QMF19PR	PBTA	PBTA-X01-FY22	C2404527	PT_0QMF19PR_7316-4528_Solid Tissue_Initial CNS Tumor	7316-4528	Tumor	Initial CNS Tumor	Solid Tissue	NA	Low-grade astrocytic tumor	Low-grade glioma	LGG, KIAA1549-BRAF	NA	Low-grade glioma/astrocytoma (WHO grade I/II)	pilocytic astrocytoma	Cerebellum/Posterior Fossa	Posterior fossa	Partial resection	poly-A stranded	2435	White	Not Hispanic or Latino	Male	Male	None documented	Low-grade glioma	#8f8fbf	Yes	EUR	Not Reported	Not Applicable	Not Reported	LIVING	NO EVENT
BS_Q2T9ZRM0	PT_J4MWGQFQ	PBTA	CBTN	C418077	PT_J4MWGQFQ_7316-2071_Solid Tissue_Initial CNS Tumor	7316-2071	Tumor	Initial CNS Tumor	Solid Tissue	NA	Meningioma	Meningioma	NA	NA	Meningioma	meningioma, meningothelial type, who grade i	Temporal Lobe	Hemispheric	Gross/Near total resection	stranded	2961	Reported Unknown	Not Hispanic or Latino	Female	Female	None documented	Meningioma	#2db398	Yes	EAS	3212	Second Malignancy	3212	LIVING	EVENT
BS_Q35GFYDR	PT_P2B3RNR0	PBTA	PBTA-X01-FY22	C2359140	PT_P2B3RNR0_7316-6450_Solid Tissue_Deceased	7316-6450	Tumor	Deceased	Solid Tissue	NA	Diffuse astrocytic and oligodendroglial tumor	Diffuse midline glioma	DMG, H3 K28	NA	Brainstem glioma- Diffuse intrinsic pontine glioma	diffuse intrinsic pontine glioma	Brain Stem-Medulla;Brain Stem- Midbrain/Tectum;Brain Stem- Pons;Cerebellum/Posterior Fossa	Mixed	NA	poly-A stranded	1184	Reported Unknown	Not Available	Female	Female	None documented	DIPG or DMG	#ff40d9	No	EUR	250	Progressive	402	DECEASED	EVENT
BS_Q3KV6NDN	PT_WG2Z95B5	PBTA	PBTA-X01-FY22	C466293	PT_WG2Z95B5_7316-2141_Derived Cell Line_Initial CNS Tumor_Serum-based_8	7316-2141	Tumor	Initial CNS Tumor	Derived Cell Line	Serum-based	Embryonal tumor	Atypical Teratoid Rhabdoid Tumor	ATRT, To be classified	NA	Atypical Teratoid Rhabdoid Tumor (ATRT)	atrt	Parietal Lobe;Temporal Lobe	Hemispheric	Gross/Near total resection	poly-A stranded	383	White	Not Hispanic or Latino	Male	Male	None documented	Atypical Teratoid Rhabdoid Tumor	#4d0d85	No	EUR	1699	Recurrence	2077	DECEASED	EVENT
BS_Q3TBCK4V	PT_BK92NM09	PBTA	CBTN	C717336	PT_BK92NM09_7316-2669_Solid Tissue_Initial CNS Tumor	7316-2669	Tumor	Initial CNS Tumor	Solid Tissue	NA	Low-grade astrocytic tumor	Low-grade glioma	LGG, KIAA1549-BRAF	LGG, BRAF/MAPK	Low-grade glioma/astrocytoma (WHO grade I/II)	low-grade glioma	Cerebellum/Posterior Fossa	Posterior fossa	Partial resection	stranded	1357	Reported Unknown	Not Hispanic or Latino	Female	Female	None documented	Low-grade glioma	#8f8fbf	Yes	EUR	Not Reported	Not Applicable	Not Reported	LIVING	NO EVENT
BS_Q4YA0Y5P	PT_RZEWCEQ3	PBTA	CBTN	C145509	PT_RZEWCEQ3_7316-821_Solid Tissue_Recurrence	7316-821	Tumor	Recurrence	Solid Tissue	NA	Embryonal tumor	Atypical Teratoid Rhabdoid Tumor	ATRT, To be classified	NA	Atypical Teratoid Rhabdoid Tumor (ATRT)	atypical teratoid rhabdoid tumor (atrt) who iv	Cerebellum/Posterior Fossa	Posterior fossa	Gross/Near total resection	poly-A stranded	1102	White	Hispanic or Latino	Female	NA	None documented	Atypical Teratoid Rhabdoid Tumor	#4d0d85	No	NA	80	Recurrence	3178	LIVING	EVENT
BS_Q54JNT3K	PT_WK1JR173	PBTA	PBTA-X01-FY22	C3551010	PT_WK1JR173_7316-6805_Solid Tissue_Initial CNS Tumor	7316-6805	Tumor	Initial CNS Tumor	Solid Tissue	NA	Other tumor	Other tumor	NA	NA	Other	vascular lesion	Parietal Lobe	Hemispheric	Gross/Near total resection	poly-A stranded	4091	Reported Unknown	Not Available	Female	Female	None documented	Other tumor	#b5b5b5	Yes	EUR	Not Reported	Not Applicable	Not Reported	LIVING	NO EVENT
BS_Q5Q81SPA	PT_NJQ26FHN	PBTA	PBTA-X01-FY22	C1192239	PT_NJQ26FHN_7316-5818_Solid Tissue_Recurrence	7316-5818	Tumor	Recurrence	Solid Tissue	NA	Ependymal tumor	Ependymoma	EPN, ST ZFTA	EPN, ST ZFTA	Ependymoma	high grade anaplastic ependymoma	Occipital Lobe;Parietal Lobe;Spinal Cord- Thoracic	Mixed	Gross/Near total resection	poly-A stranded	1093	Reported Unknown	Hispanic or Latino	Male	Male	None documented	Ependymoma	#2200ff	No	AMR	323	Recurrence - Metastatic	594	DECEASED	EVENT
BS_Q5WZYWCT	PT_XHYBZKCX	PBTA	CBTN	C27183	PT_XHYBZKCX_7316-2972_Solid Tissue_Initial CNS Tumor	7316-2972	Tumor	Initial CNS Tumor	Solid Tissue	NA	Ependymal tumor	Ependymoma	EPN, To be classified	NA	Ependymoma	ependymoma	Spinal Cord- Cervical;Spinal Cord- Thoracic	Spine	Gross/Near total resection	stranded	6895	White	Not Hispanic or Latino	Male	Male	None documented	Ependymoma	#2200ff	Yes	EUR	3641	Not Applicable	3641	LIVING	NO EVENT
BS_Q6VH5GJ8	PT_XTVZ7P79	PBTA	PBTA-X01-FY22	C3649656	PT_XTVZ7P79_7316-6516_Solid Tissue_Initial CNS Tumor	7316-6516	Tumor	Initial CNS Tumor	Solid Tissue	NA	Low-grade astrocytic tumor	Low-grade glioma	LGG, BRAF V600E	NA	Low-grade glioma/astrocytoma (WHO grade I/II)	pleomorphic xanthoastrocytoma, who grade 2	Temporal Lobe	Hemispheric	Gross/Near total resection	poly-A stranded	6273	Black or African American	Not Hispanic or Latino	Female	Female	None documented	Low-grade glioma	#8f8fbf	Yes	AFR	627	Not Applicable	627	LIVING	NO EVENT
BS_Q79NP5YY	PT_4Z34K4XB	PBTA	CBTN	C142188	PT_4Z34K4XB_7316-733_Solid Tissue_Initial CNS Tumor	7316-733	Tumor	Initial CNS Tumor	Solid Tissue	NA	Low-grade astrocytic tumor	Low-grade glioma	LGG, KIAA1549-BRAF	NA	Low-grade glioma/astrocytoma (WHO grade I/II)	pilocytic astrocytoma (who grade i)	Cerebellum/Posterior Fossa	Posterior fossa	Gross/Near total resection	stranded	3509	White	Not Hispanic or Latino	Female	Female	None documented	Low-grade glioma	#8f8fbf	Yes	EUR	Not Reported	Not Applicable	Not Reported	LIVING	NO EVENT
BS_Q7WNW1AS	PT_26WNQFB3	PBTA	PBTA-X01-FY22	C41082	PT_26WNQFB3_7316-237_Solid Tissue_Initial CNS Tumor	7316-237	Tumor	Initial CNS Tumor	Solid Tissue	NA	Low-grade astrocytic tumor	Low-grade glioma	LGG, wildtype	NA	Low-grade glioma/astrocytoma (WHO grade I/II)	supependymal giant cell tumor	Ventricles	Ventricles	Gross/Near total resection	poly-A stranded	1683	Reported Unknown	Not Available	Male	Male	Tuberous Sclerosis (TSC1, TSC2)	Low-grade glioma	#8f8fbf	Yes	AFR	334	Not Applicable	334	LIVING	NO EVENT
BS_Q9N5PRD5	PT_CWVNNBPH	PBTA	PBTA-X01-FY22	C3985446	PT_CWVNNBPH_7316-9834_Solid Tissue_Deceased	7316-9834	Tumor	Deceased	Solid Tissue	NA	Diffuse astrocytic and oligodendroglial tumor	Diffuse midline glioma	DMG, H3 K28, TP53	DMG, H3 K28	Brainstem glioma- Diffuse intrinsic pontine glioma	dmg, h3k27m mutant, who gr iv (dipg)	Brain Stem- Pons	Midline	NA	poly-A stranded	3403	Reported Unknown	Not Available	Female	Female	None documented	DIPG or DMG	#ff40d9	No	EUR	188	Deceased-due to disease	188	DECEASED	EVENT
BS_Q9V7A95C	PT_1DRAVX4S	PBTA	CBTN	C655344	PT_1DRAVX4S_7316-1968_Solid Tissue_Initial CNS Tumor	7316-1968	Tumor	Initial CNS Tumor	Solid Tissue	NA	Mesenchymal non-meningothelial tumor	Rhabdomyosarcoma	NA	NA	Rhabdomyosarcoma	alveolar rhabdomyosarcoma	Other locations NOS	Other	Gross/Near total resection	stranded	1249	White	Not Hispanic or Latino	Female	Female	None documented	Mesenchymal tumor	#7fbf00	Yes	EUR	Not Reported	Not Applicable	Not Reported	LIVING	NO EVENT
BS_QAG1RDXN	PT_2WVW55DA	PBTA	CBTN	C103566	PT_2WVW55DA_7316-1890_Solid Tissue_Progressive	7316-1890	Tumor	Progressive	Solid Tissue	NA	Neuronal and mixed neuronal-glial tumor	Desmoplastic infantile astrocytoma and ganglioglioma	GNT, RTK	NA	Low-grade glioma/astrocytoma (WHO grade I/II)	recurrent/persistent desmoplastic infantile astrocytoma/ganglioglioma (who grade 1)	Parietal Lobe;Temporal Lobe	Hemispheric	Partial resection	stranded	138	White	Not Hispanic or Latino	Female	Female	None documented	Mixed neuronal-glial tumor	#685815	No	EUR	107	Progressive	1348	DECEASED	EVENT
BS_QB7YGKN1	PT_9P7P6YAQ	PBTA	CBTN	C805281	PT_9P7P6YAQ_7316-3052_Solid Tissue_Initial CNS Tumor	7316-3052	Tumor	Initial CNS Tumor	Solid Tissue	NA	Neuronal and mixed neuronal-glial tumor	Glial-neuronal tumor NOS	GNT, wildtype	NA	Glial-neuronal tumor NOS	glioneuronal tumor	Frontal Lobe;Other locations NOS	Mixed	Gross/Near total resection	stranded	6114	White	Not Hispanic or Latino	Female	Female	None documented	Mixed neuronal-glial tumor	#685815	Yes	EUR	1393	Not Applicable	1393	LIVING	NO EVENT
BS_QB84TBA3	PT_JC4DHFJR	PBTA	HOPE	C614262	PT_JC4DHFJR_7316-2536_Solid Tissue_Deceased	7316-2536	Tumor	Deceased	Solid Tissue	NA	Diffuse astrocytic and oligodendroglial tumor	Diffuse midline glioma	DMG, H3 K28, TP53	DMG, H3 K28	High-grade glioma/astrocytoma (WHO grade III/IV)	glioblastoma multiforme, who grade iv.	Brain Stem-Medulla;Brain Stem- Midbrain/Tectum;Brain Stem- Pons;Cerebellum/Posterior Fossa	Mixed	NA	stranded	4413	Asian	Not Hispanic or Latino	Female	NA	None documented	DIPG or DMG	#ff40d9	No	NA	238	Deceased-due to disease	238	DECEASED	EVENT
BS_QBMW69AM	PT_HZ13HD7K	PBTA	PBTA-X01-FY22	C2899356	PT_HZ13HD7K_7316-4874_Solid Tissue_Initial CNS Tumor	7316-4874	Tumor	Initial CNS Tumor	Solid Tissue	NA	Low-grade astrocytic tumor	Low-grade glioma	LGG, KIAA1549-BRAF, CDKN2A/B	NA	Low-grade glioma/astrocytoma (WHO grade I/II)	pilocytic astrocytoma, who grade i	Brain Stem-Medulla;Spinal Cord- Cervical	Mixed	Gross/Near total resection	poly-A stranded	5012	White	Not Hispanic or Latino	Male	Male	None documented	Low-grade glioma	#8f8fbf	Yes	EUR	535	Progressive	1627	LIVING	EVENT
BS_QBR4WCQ2	PT_6PFFSB6D	PBTA	CBTN	C744519	PT_6PFFSB6D_7316-2569_Solid Tissue_Initial CNS Tumor	7316-2569	Tumor	Initial CNS Tumor	Solid Tissue	NA	Other tumor	Other tumor	NA	NA	Other	myxoid spindle cell tumor	Occipital Lobe;Parietal Lobe	Hemispheric	Partial resection	stranded	5690	White	Not Hispanic or Latino	Male	Male	None documented	Other tumor	#b5b5b5	Yes	EUR	248	Recurrence	1653	LIVING	EVENT
BS_QC3XCE6X	PT_GB8MNK85	PBTA	CBTN	C879696	PT_GB8MNK85_7316-1086_Solid Tissue_Initial CNS Tumor	7316-1086	Tumor	Initial CNS Tumor	Solid Tissue	NA	Low-grade astrocytic tumor	Low-grade glioma	LGG, IDH	LGG, IDH	Low-grade glioma/astrocytoma (WHO grade I/II)	diffuse astrocytoma idh1 mutant	Frontal Lobe	Hemispheric	Partial resection	stranded	6723	White	Not Hispanic or Latino	Female	Female	None documented	Low-grade glioma	#8f8fbf	Yes	EUR	Not Reported	Not Applicable	Not Reported	LIVING	NO EVENT
BS_QE6F8DQW	PT_A5S5BB3A	PBTA	PBTA-X01-FY22	C870471	PT_A5S5BB3A_7316-3195_Solid Tissue_Initial CNS Tumor	7316-3195	Tumor	Initial CNS Tumor	Solid Tissue	NA	Embryonal tumor	Medulloblastoma	MB, Group3	MB, Group3	Medulloblastoma	classic medulloblastoma.  - grade: who grade iv	Cerebellum/Posterior Fossa;Ventricles	Mixed	Gross/Near total resection	poly-A stranded	3363	Black or African American	Not Hispanic or Latino	Male	Male	None documented	Medulloblastoma	#a340ff	Yes	AFR	1930	Not Applicable	1930	LIVING	NO EVENT
BS_QEYPFYHD	PT_M0AP3Z15	PBTA	CBTN	C19803	PT_M0AP3Z15_7316-14_Solid Tissue_Initial CNS Tumor	7316-14	Tumor	Initial CNS Tumor	Solid Tissue	NA	Embryonal tumor	Medulloblastoma	MB, Group4	MB, Group4	Medulloblastoma	medulloblastoma	Cerebellum/Posterior Fossa;Suprasellar/Hypothalamic/Pituitary	Mixed	Biopsy only	stranded	5027	White	Not Hispanic or Latino	Male	Male	None documented	Medulloblastoma	#a340ff	Yes	EUR	2729	Not Applicable	2729	LIVING	NO EVENT
BS_QF1FGWVF	PT_ZXMR1WSK	PBTA	PBTA-X01-FY22	C2903907	PT_ZXMR1WSK_7316-7675_Solid Tissue_Initial CNS Tumor	7316-7675	Tumor	Initial CNS Tumor	Solid Tissue	NA	Low-grade astrocytic tumor	Low-grade glioma	LGG, IDH	NA	Low-grade glioma/astrocytoma (WHO grade I/II)	diffuse astrocytoma idh1 mutant	Frontal Lobe	Hemispheric	Partial resection	poly-A stranded	6324	Black or African American	Not Hispanic or Latino	Male	Male	None documented	Low-grade glioma	#8f8fbf	Yes	AFR	595	Not Applicable	595	LIVING	NO EVENT
BS_QF5VVZX5	PT_CGWPWSXM	PBTA	CBTN	C412542	PT_CGWPWSXM_7316-2005_Solid Tissue_Initial CNS Tumor	7316-2005	Tumor	Initial CNS Tumor	Solid Tissue	NA	Low-grade astrocytic tumor	Ganglioglioma	GNG, wildtype	NA	Ganglioglioma	desmoplastic infantile ganglioglioma	Temporal Lobe	Hemispheric	Gross/Near total resection	stranded	600	White	Not Hispanic or Latino	Male	Male	None documented	Mixed neuronal-glial tumor	#685815	Yes	EUR	1895	Not Applicable	1895	LIVING	NO EVENT
BS_QG1BPARM	PT_QC74NK1Y	PBTA	CBTN	C2457171	PT_QC74NK1Y_7316-5126_Solid Tissue_Unknown	7316-5126	Tumor	Unknown	Solid Tissue	NA	Embryonal tumor	Atypical Teratoid Rhabdoid Tumor	ATRT, To be classified	NA	Atypical Teratoid Rhabdoid Tumor (ATRT)	unavailable	Other locations NOS	Other	Unavailable	poly-A stranded	1485	White	Not Hispanic or Latino	Female	NA	None documented	Atypical Teratoid Rhabdoid Tumor	#4d0d85	No	NA	Not Reported	Deceased-causes unavailable	Not Reported	NA	NO EVENT
BS_QGKEP3KB	PT_VKRWCBA2	PBTA	PBTA-X01-FY22	C3398736	PT_VKRWCBA2_7316-6982_Solid Tissue_Initial CNS Tumor	7316-6982	Tumor	Initial CNS Tumor	Solid Tissue	NA	Diffuse astrocytic and oligodendroglial tumor	Diffuse midline glioma	DMG, H3 K28, TP53	DMG, H3 K28	Brainstem glioma- Diffuse intrinsic pontine glioma	diffuse midline glioma	Brain Stem- Pons;Cerebellum/Posterior Fossa	Mixed	Biopsy only	poly-A stranded	1472	Asian	Not Hispanic or Latino	Female	Female	None documented	DIPG or DMG	#ff40d9	Yes	SAS	628	Deceased-due to disease	628	DECEASED	EVENT
BS_QH0VYVJK	PT_713K0PC1	PBTA	CBTN	C1271205	PT_713K0PC1_7316-4320_Solid Tissue_Initial CNS Tumor	7316-4320	Tumor	Initial CNS Tumor	Solid Tissue	NA	Diffuse astrocytic and oligodendroglial tumor	Diffuse hemispheric glioma	DHG, H3 G35	DHG, H3 G35	High-grade glioma/astrocytoma (WHO grade III/IV)	glioblastoma multiforme	Other locations NOS	Other	Unavailable	poly-A stranded	5620	White	Not Hispanic or Latino	Male	NA	None documented	Other high-grade glioma	#ffccf5	Yes	NA	596	Deceased-due to unknown causes	596	DECEASED	NO EVENT
BS_QH82PBMB	PT_JQ45JK94	PBTA	CBTN	C68388	PT_JQ45JK94_7316-222_Solid Tissue_Initial CNS Tumor	7316-222	Tumor	Initial CNS Tumor	Solid Tissue	NA	Low-grade astrocytic tumor	Low-grade glioma	LGG, KIAA1549-BRAF	NA	Low-grade glioma/astrocytoma (WHO grade I/II)	pilocytic astrocytoma	Temporal Lobe	Hemispheric	Gross/Near total resection	stranded	2750	White	Not Hispanic or Latino	Male	Male	None documented	Low-grade glioma	#8f8fbf	Yes	EUR	3149	Not Applicable	3149	LIVING	NO EVENT
BS_QHESEF9K	PT_23NZGSRJ	PBTA	PBTA-X01-FY22	C698517	PT_23NZGSRJ_7316-4509_Solid Tissue_Deceased	7316-4509	Tumor	Deceased	Solid Tissue	NA	Embryonal tumor	Medulloblastoma	MB, Group3	MB, Group3	Medulloblastoma	medulloblastoma who grade iv	Cerebellum/Posterior Fossa;Meninges/Dura;Occipital Lobe;Parietal Lobe;Spinal Cord- Cervical;Spinal Cord- Thoracic	Mixed	NA	poly-A stranded	1484	White	Not Hispanic or Latino	Female	Female	None documented	Medulloblastoma	#a340ff	No	EUR	384	Progressive - Metastatic	599	DECEASED	EVENT
BS_QHRJ66M0	PT_GV80KRK3	PBTA	PBTA-X01-FY22	C3774132	PT_GV80KRK3_7316-6536_Solid Tissue_Initial CNS Tumor	7316-6536	Tumor	Initial CNS Tumor	Solid Tissue	NA	Tumor of cranial and paraspinal nerves	Schwannoma	NA	NA	Schwannoma	schwannoma	Spinal Cord- Cervical	Spine	Partial resection	poly-A stranded	1729	Black or African American	Not Hispanic or Latino	Female	Female	None documented	Schwannoma	#ab7200	Yes	AFR	844	Not Applicable	844	LIVING	NO EVENT
BS_QHS3V0GP	PT_NESAQHB1	PBTA	CBTN	C923484	PT_NESAQHB1_7316-3844_Solid Tissue_Initial CNS Tumor	7316-3844	Tumor	Initial CNS Tumor	Solid Tissue	NA	Embryonal tumor	CNS neuroblastoma	CNS NB-FOXR2	CNS NB-FOXR2	Supratentorial or Spinal Cord PNET	treated recurrent / residual cns embryonal tumor, nos	Frontal Lobe;Temporal Lobe	Hemispheric	Gross/Near total resection	stranded	729	More Than One Race	Not Hispanic or Latino	Male	Male	None documented	Other CNS embryonal tumor	#b08ccf	Yes	AMR	1784	Not Applicable	1784	LIVING	NO EVENT
BS_QHY302E8	PT_GP0TDJHW	PBTA	CBTN	C2542041	PT_GP0TDJHW_7316-5827_Solid Tissue_Initial CNS Tumor	7316-5827	Tumor	Initial CNS Tumor	Solid Tissue	NA	Diffuse astrocytic and oligodendroglial tumor	High-grade glioma	HGG, H3 wildtype	HGG, H3 wildtype	High-grade glioma/astrocytoma (WHO grade III/IV)	gbm who grade iv	Frontal Lobe	Hemispheric	Partial resection	poly-A stranded	4119	Asian	Not Hispanic or Latino	Male	NA	None documented	Other high-grade glioma	#ffccf5	Yes	NA	301	Recurrence	438	DECEASED	EVENT
BS_QKT3TJVK	PT_8VRZRZ7R	PBTA	CBTN	C113775	PT_8VRZRZ7R_7316-536_Solid Tissue_Initial CNS Tumor	7316-536	Tumor	Initial CNS Tumor	Solid Tissue	NA	Embryonal tumor	CNS Embryonal tumor	CNS Embryonal, NOS	NA	Supratentorial or Spinal Cord PNET	high grade malignant tumor with glial differentiation	Frontal Lobe	Hemispheric	Gross/Near total resection	poly-A stranded	3298	Reported Unknown	Not Available	Female	NA	None documented	Other CNS embryonal tumor	#b08ccf	No	NA	431	Deceased-due to disease	431	DECEASED	EVENT
BS_QM7PZJFZ	PT_8MWV088Q	PBTA	CBTN	C3003906	PT_8MWV088Q_7316-7968_Solid Tissue_Deceased	7316-7968	Tumor	Deceased	Solid Tissue	NA	Embryonal tumor	Atypical Teratoid Rhabdoid Tumor	ATRT, MYC	ATRT, MYC	Atypical Teratoid Rhabdoid Tumor (ATRT)	atypical teratoid/rhabdoid tumor (at/rt), with homozygous loss of smarcb1	Brain Stem-Medulla;Brain Stem- Midbrain/Tectum;Brain Stem- Pons;Cerebellum/Posterior Fossa;Hippocampus;Other locations NOS;Skull;Spinal Cord- Cervical;Spinal Cord- Lumbar/Thecal Sac;Spinal Cord- Thoracic;Suprasellar/Hypothalamic/Pituitary;Thalamus;Ventricles	Mixed	NA	poly-A stranded	181	Black or African American	Not Hispanic or Latino	Male	NA	None documented	Atypical Teratoid Rhabdoid Tumor	#4d0d85	No	NA	59	Deceased-due to disease	59	DECEASED	EVENT
BS_QMBS32Y2	PT_GR02DP0Q	PBTA	PBTA-X01-FY22	C2313999	PT_GR02DP0Q_7316-5159_Solid Tissue_Progressive	7316-5159	Tumor	Progressive	Solid Tissue	NA	Diffuse astrocytic and oligodendroglial tumor	High-grade glioma	HGG, H3 wildtype, TP53	NA	High-grade glioma/astrocytoma (WHO grade III/IV)	high-grade glioma	Basal Ganglia;Frontal Lobe;Other locations NOS;Temporal Lobe;Thalamus	Mixed	Partial resection	poly-A stranded	7258	White	Not Hispanic or Latino	Male	Male	None documented	Other high-grade glioma	#ffccf5	No	EUR	905	Progressive	1060	DECEASED	EVENT
BS_QMNH45Q2	PT_773ZPTEB	PBTA	PBTA-X01-FY22	C3409314	PT_773ZPTEB_7316-9438_Solid Tissue_Progressive	7316-9438	Tumor	Progressive	Solid Tissue	NA	Low-grade astrocytic tumor	Low-grade glioma	LGG, wildtype	NA	Low-grade glioma/astrocytoma (WHO grade I/II)	recurrent/residual pilocytic astrocytoma	Cerebellum/Posterior Fossa	Posterior fossa	Gross/Near total resection	poly-A stranded	249	Black or African American	Not Hispanic or Latino	Female	Female	None documented	Low-grade glioma	#8f8fbf	No	AFR	443	Progressive	749	LIVING	EVENT
BS_QNE4NG2X	PT_DRVY2FQQ	PBTA	Oligo	C299751	PT_DRVY2FQQ_7316UP-584_Solid Tissue_Recurrence	7316UP-584	Tumor	Recurrence	Solid Tissue	NA	Diffuse astrocytic and oligodendroglial tumor	Oligodendroglioma	NA	NA	Oligodendroglioma	NA	Cerebrum	Hemispheric	NA	stranded	10575	More Than One Race	Not Hispanic or Latino	Female	Female	None documented	Oligodendroglioma	tan	No	EAS	NA	NA	NA	NA	NO EVENT
BS_QNNX91SM	PT_CSKHQB16	PBTA	PNOC	C3079674	PT_CSKHQB16_A14567_Solid Tissue_Initial CNS Tumor	A14567	Tumor	Initial CNS Tumor	Solid Tissue	NA	Diffuse astrocytic and oligodendroglial tumor	Diffuse midline glioma	DMG, H3 K28, TP53	NA	Brainstem glioma- Diffuse intrinsic pontine glioma	Glioblastoma	Pons/Brainstem	Midline	NA	poly-A	1460	Reported Unknown	Not Available	Female	Female	None documented	DIPG or DMG	#ff40d9	Yes	AMR	NA	NA	144	DECEASED	NO EVENT
BS_QNQX0Q35	PT_EDG0Q7P4	PBTA	PBTA-X01-FY22	C1066410	PT_EDG0Q7P4_7316-3237_Derived Cell Line_Deceased_Serum-free_22	7316-3237	Tumor	Deceased	Derived Cell Line	Serum-free	Diffuse astrocytic and oligodendroglial tumor	Diffuse intrinsic pontine glioma	DIPG, To be classified	NA	Brainstem glioma- Diffuse intrinsic pontine glioma	dipg	Brain Stem-Medulla;Brain Stem- Midbrain/Tectum;Brain Stem- Pons;Cerebellum/Posterior Fossa;Thalamus	Mixed	NA	poly-A stranded	3425	Reported Unknown	Not Available	Male	NA	None documented	DIPG or DMG	#ff40d9	No	NA	315	Progressive	395	DECEASED	EVENT
BS_QP6MSKRE	PT_MKDQZ17N	PBTA	CBTN	C837507	PT_MKDQZ17N_7316-3292_Solid Tissue_Deceased	7316-3292	Tumor	Deceased	Solid Tissue	NA	Ependymal tumor	Ependymoma	EPN, ST YAP1	NA	Ependymoma	ependymoma	Brain Stem-Medulla;Brain Stem- Pons;Cerebellum/Posterior Fossa;Spinal Cord- Cervical	Mixed	NA	stranded	54	Reported Unknown	Hispanic or Latino	Female	NA	None documented	Ependymoma	#2200ff	No	NA	1	Deceased-due to disease	1	DECEASED	EVENT
BS_QPPPGYP4	PT_CZRDBM1Q	PBTA	CBTN	C107994	PT_CZRDBM1Q_7316-435_Solid Tissue_Initial CNS Tumor	7316-435	Tumor	Initial CNS Tumor	Solid Tissue	NA	Embryonal tumor	Medulloblastoma	MB, Group4	MB, Group4	Medulloblastoma	medulloblastoma	Cerebellum/Posterior Fossa	Posterior fossa	Gross/Near total resection	stranded	2907	White	Not Hispanic or Latino	Male	NA	None documented	Medulloblastoma	#a340ff	Yes	NA	1992	Second Malignancy	2261	DECEASED	EVENT
BS_QQE8MWWV	PT_T06GNH71	PBTA	PBTA-X01-FY22	C2572176	PT_T06GNH71_7316-6036_Solid Tissue_Initial CNS Tumor	7316-6036	Tumor	Initial CNS Tumor	Solid Tissue	NA	Low-grade astrocytic tumor	Low-grade glioma	LGG, wildtype	NA	Low-grade glioma/astrocytoma (WHO grade I/II)	pilocytic astrocytoma	Cerebellum/Posterior Fossa	Posterior fossa	Gross/Near total resection	poly-A stranded	955	White	Not Hispanic or Latino	Female	Female	None documented	Low-grade glioma	#8f8fbf	Yes	EUR	1974	Not Applicable	1974	LIVING	NO EVENT
BS_QQEAVBCP	PT_GTHZF21E	PBTA	PBTA-X01-FY22	C3232317	PT_GTHZF21E_7316-9066_Solid Tissue_Deceased	7316-9066	Tumor	Deceased	Solid Tissue	NA	Diffuse astrocytic and oligodendroglial tumor	Diffuse midline glioma	DMG, H3 K28, TP53	DMG, H3 K28	High-grade glioma/astrocytoma (WHO grade III/IV)	thalamic dmg	Brain Stem- Pons;Cerebellum/Posterior Fossa;Frontal Lobe;Parietal Lobe;Spinal Cord- Cervical;Spinal Cord- Lumbar/Thecal Sac;Spinal Cord- Thoracic;Thalamus;Ventricles	Mixed	NA	poly-A stranded	3795	Reported Unknown	Not Hispanic or Latino	Female	Female	None documented	DIPG or DMG	#ff40d9	No	AFR	192	Progressive	527	DECEASED	EVENT
BS_QRDT19KS	PT_24DDXEB5	PBTA	CBTN	C179826	PT_24DDXEB5_7316-1715_Solid Tissue_Initial CNS Tumor	7316-1715	Tumor	Initial CNS Tumor	Solid Tissue	NA	Embryonal tumor	Medulloblastoma	MB, Group4	MB, Group4	Medulloblastoma	medulloblastoma	Cerebellum/Posterior Fossa	Posterior fossa	Gross/Near total resection	stranded	2678	White	Not Hispanic or Latino	Male	NA	None documented	Medulloblastoma	#a340ff	Yes	NA	520	Recurrence	520	LIVING	EVENT
BS_QRJX9QWS	PT_DV8XECKA	PBTA	PBTA-X01-FY22	C818073	PT_DV8XECKA_7316-2779_Solid Tissue_Initial CNS Tumor	7316-2779	Tumor	Initial CNS Tumor	Solid Tissue	NA	Germ cell tumor	Teratoma	NA	NA	Teratoma	immature teratoma	Ventricles	Ventricles	Partial resection	poly-A stranded	184	White	Not Hispanic or Latino	Male	Male	None documented	Germ cell tumor	#0074d9	Yes	AMR	249	Progressive	1470	LIVING	EVENT
BS_QRNSKFMS	PT_B5VQ16GW	PBTA	CBTN	C112176	PT_B5VQ16GW_7316-488_Solid Tissue_Progressive	7316-488	Tumor	Progressive	Solid Tissue	NA	Low-grade astrocytic tumor	Low-grade glioma	LGG, KIAA1549-BRAF	NA	Low-grade glioma/astrocytoma (WHO grade I/II)	pilocytic astrocytoma	Thalamus	Midline	Partial resection	stranded	395	White	Not Hispanic or Latino	Male	Male	None documented	Low-grade glioma	#8f8fbf	No	NA	361	Progressive	5279	LIVING	EVENT
BS_QS5BGW2P	PT_E99F32RF	PBTA	PBTA-X01-FY22	C3407346	PT_E99F32RF_7316-8420_Solid Tissue_Deceased	7316-8420	Tumor	Deceased	Solid Tissue	NA	Diffuse astrocytic and oligodendroglial tumor	High-grade glioma	HGG, H3 wildtype	HGG, H3 wildtype	High-grade glioma/astrocytoma (WHO grade III/IV)	residual/recurrent high-grade glioma, tp53 mutant, status post resections and multiple treatments, right hemisphere, basal ganglia/temporal lobe	Basal Ganglia;Cerebellum/Posterior Fossa;Hippocampus;Meninges/Dura;Other locations NOS;Spine NOS;Temporal Lobe	Mixed	NA	poly-A stranded	2838	White	Not Hispanic or Latino	Male	Male	None documented	Other high-grade glioma	#ffccf5	No	EUR	321	Progressive - Metastatic	353	DECEASED	EVENT
BS_QSTAVWGE	PT_JP1FDKN9	PBTA	CBTN	C253872	PT_JP1FDKN9_7316-929_Solid Tissue_Recurrence	7316-929	Tumor	Recurrence	Solid Tissue	NA	Ependymal tumor	Ependymoma	EPN, ST ZFTA	EPN, MPE	Ependymoma	ependymoma	Spinal Cord- Lumbar/Thecal Sac	Spine	Gross/Near total resection	stranded	3143	White	Not Hispanic or Latino	Female	Female	None documented	Ependymoma	#2200ff	No	EUR	4163	Recurrence	4285	LIVING	EVENT
BS_QT3NZ2YZ	PT_NESAQHB1	PBTA	CBTN	C923484	PT_NESAQHB1_7316-3689_Solid Tissue_Initial CNS Tumor	7316-3689	Tumor	Initial CNS Tumor	Solid Tissue	NA	Embryonal tumor	CNS neuroblastoma	CNS NB-FOXR2	CNS NB-FOXR2	Supratentorial or Spinal Cord PNET	cns embryonal tumor, nos (who grade iv)	Frontal Lobe;Temporal Lobe	Hemispheric	Biopsy only	stranded	729	More Than One Race	Not Hispanic or Latino	Male	Male	None documented	Other CNS embryonal tumor	#b08ccf	No	AMR	1784	Not Applicable	1784	LIVING	NO EVENT
BS_QTMN8HYC	PT_JTWBNX91	PBTA	PBTA-X01-FY22	C3222108	PT_JTWBNX91_7316-6375_Solid Tissue_Initial CNS Tumor	7316-6375	Tumor	Initial CNS Tumor	Solid Tissue	NA	Low-grade astrocytic tumor	Low-grade glioma	LGG, NF1-germline, CDKN2A/B	NA	Low-grade glioma/astrocytoma (WHO grade I/II)	pilocytic astrocytoma who grade i	Cerebellum/Posterior Fossa	Posterior fossa	Gross/Near total resection	poly-A stranded	2894	White	Not Hispanic or Latino	Female	Female	Neurofibromatosis, Type 1 (NF-1)	Low-grade glioma	#8f8fbf	Yes	EUR	512	Not Applicable	512	LIVING	NO EVENT
BS_QTSXW7DA	PT_ZD9AYB6F	PBTA	CBTN	C874161	PT_ZD9AYB6F_7316-3323_Solid Tissue_Initial CNS Tumor	7316-3323	Tumor	Initial CNS Tumor	Solid Tissue	NA	Low-grade astrocytic tumor	Low-grade glioma	LGG, KIAA1549-BRAF	NA	Low-grade glioma/astrocytoma (WHO grade I/II)	pilocytic astrocytoma who grade i	Cerebellum/Posterior Fossa	Posterior fossa	Gross/Near total resection	stranded	1850	White	Not Hispanic or Latino	Female	Female	None documented	Low-grade glioma	#8f8fbf	Yes	EUR	2753	Not Applicable	2753	LIVING	NO EVENT
BS_QV51J756	PT_CWD717Q0	PBTA	CBTN	C23862	PT_CWD717Q0_7316-101_Solid Tissue_Initial CNS Tumor	7316-101	Tumor	Initial CNS Tumor	Solid Tissue	NA	Low-grade astrocytic tumor	Ganglioglioma	GNG, other MAPK	GNT, MAPK	Ganglioglioma	ganglioglioma (who grade i)	Temporal Lobe	Hemispheric	Gross/Near total resection	stranded	3472	Black or African American	Not Hispanic or Latino	Male	Male	None documented	Mixed neuronal-glial tumor	#685815	Yes	AFR	536	Not Applicable	536	LIVING	NO EVENT
BS_QW60M0FE	PT_7M2PGCBV	PBTA	CBTN	C51906	PT_7M2PGCBV_7316-331_Solid Tissue_Initial CNS Tumor	7316-331	Tumor	Initial CNS Tumor	Solid Tissue	NA	Meningioma	Meningioma	NA	NA	Meningioma	anaplastic meningioma (who grade ii)	Meninges/Dura	Other	Gross/Near total resection	stranded	3895	Black or African American	Not Hispanic or Latino	Male	Male	None documented	Meningioma	#2db398	Yes	AFR	2427	Recurrence	3885	LIVING	EVENT
BS_QWNBZ9RJ	PT_00G007DM	PBTA	CBTN	C27429	PT_00G007DM_7316-272_Solid Tissue_Initial CNS Tumor	7316-272	Tumor	Initial CNS Tumor	Solid Tissue	NA	Embryonal tumor	Embryonal tumor with multilayer rosettes	ETMR, C19MC-altered	NA	Embryonal Tumor with Multilayered Rosettes (ETMR)	embryonal tumor with abundant neuropil and true rosettes (pnet)	Cerebellum/Posterior Fossa	Posterior fossa	Gross/Near total resection	stranded	464	White	Not Hispanic or Latino	Male	Male	None documented	Other CNS embryonal tumor	#b08ccf	Yes	EUR	202	Recurrence	4583	LIVING	EVENT
BS_QWNNFXHA	PT_GD2XQW0A	PBTA	PBTA-X01-FY22	C3559251	PT_GD2XQW0A_7316-8730_Solid Tissue_Initial CNS Tumor	7316-8730	Tumor	Initial CNS Tumor	Solid Tissue	NA	Pre-cancerous lesion	NA	NA	NA	Dysplasia/Gliosis	fibrous dysplasia	Skull	Other	Gross/Near total resection	poly-A stranded	4657	White	Hispanic or Latino	Male	Male	None documented	Non-neoplastic tumor	#FFF5EB	Yes	EUR	59	Not Applicable	59	LIVING	NO EVENT
BS_QWTE1CWR	PT_1H2REHT2	PBTA	CBTN	C53013	PT_1H2REHT2_7316-3022_Solid Tissue_Progressive	7316-3022	Tumor	Progressive	Solid Tissue	NA	Diffuse astrocytic and oligodendroglial tumor	High-grade glioma	HGG, H3 wildtype, TP53	HGG, H3 wildtype	High-grade glioma/astrocytoma (WHO grade III/IV)	anaplastic pleomorphic xanthoastrocytoma, who grade iii	Basal Ganglia;Thalamus	Midline	Partial resection	stranded	8774	White	Not Hispanic or Latino	Male	Male	Neurofibromatosis, Type 1 (NF-1)	Other high-grade glioma	#ffccf5	No	EUR	955	Progressive	3295	DECEASED	EVENT
BS_QX12J6W1	PT_XRQHMBHB	PBTA	CBTN	C964566	PT_XRQHMBHB_7316-3937_Solid Tissue_Initial CNS Tumor	7316-3937	Tumor	Initial CNS Tumor	Solid Tissue	NA	Embryonal tumor	Atypical Teratoid Rhabdoid Tumor	ATRT, MYC	ATRT, MYC	Atypical Teratoid Rhabdoid Tumor (ATRT)	atrt	Cerebellum/Posterior Fossa	Posterior fossa	Gross/Near total resection	stranded	2841	Black or African American	Not Hispanic or Latino	Male	Male	None documented	Atypical Teratoid Rhabdoid Tumor	#4d0d85	Yes	AFR	2393	Not Applicable	2393	LIVING	NO EVENT
BS_QXKRN6CR	PT_RM5S859Q	PBTA	CBTN	C30381	PT_RM5S859Q_7316-111_Solid Tissue_Initial CNS Tumor	7316-111	Tumor	Initial CNS Tumor	Solid Tissue	NA	Ependymal tumor	Ependymoma	EPN, ST ZFTA	EPN, ST ZFTA	Ependymoma	ependymoma, anaplastic who iii	Occipital Lobe	Hemispheric	Gross/Near total resection	stranded	4519	White	Not Hispanic or Latino	Female	Female	None documented	Ependymoma	#2200ff	Yes	EUR	1701	Not Applicable	1701	LIVING	NO EVENT
BS_QYA4TQXX	PT_B2KF59PQ	PBTA	PBTA-X01-FY22	C1279077	PT_B2KF59PQ_7316-6581_Solid Tissue_Deceased	7316-6581	Tumor	Deceased	Solid Tissue	NA	Diffuse astrocytic and oligodendroglial tumor	Diffuse hemispheric glioma	DHG, H3 G35, TP53	DHG, H3 G35	High-grade glioma/astrocytoma (WHO grade III/IV)	glioblastoma	Parietal Lobe	Hemispheric	NA	poly-A stranded	5734	Reported Unknown	Not Available	Male	Male	None documented	Other high-grade glioma	#ffccf5	No	AMR	586	Recurrence	833	DECEASED	EVENT
BS_QYP4GD7N	PT_Z98NR1YQ	PBTA	CBTN	C144033	PT_Z98NR1YQ_7316-801_Solid Tissue_Initial CNS Tumor	7316-801	Tumor	Initial CNS Tumor	Solid Tissue	NA	Embryonal tumor	Atypical Teratoid Rhabdoid Tumor	ATRT, SHH	ATRT, SHH	Atypical Teratoid Rhabdoid Tumor (ATRT)	malignant rhabdoid tumor	Other locations NOS	Other	Gross/Near total resection	poly-A stranded	785	Reported Unknown	Not Available	Female	NA	None documented	Atypical Teratoid Rhabdoid Tumor	#4d0d85	Yes	NA	209	Deceased-due to disease	209	DECEASED	EVENT
BS_QYPHA40N	PT_3AWKWXEV	PBTA	CBTN	C28290	PT_3AWKWXEV_7316-85_Derived Cell Line_Initial CNS Tumor_Serum-free_0	7316-85	Tumor	Initial CNS Tumor	Derived Cell Line	Serum-free	Diffuse astrocytic and oligodendroglial tumor	High-grade glioma	HGG, H3 wildtype	NA	High-grade glioma/astrocytoma (WHO grade III/IV)	glioblastoma multiforme	Temporal Lobe	Hemispheric	Gross/Near total resection	stranded	919	White	Not Available	Male	Male	None documented	Other high-grade glioma	#ffccf5	No	EUR	515	Deceased-due to disease	515	DECEASED	EVENT
BS_QZFEB94Q	PT_25Z2NX27	PBTA	CBTN	C74784	PT_25Z2NX27_7316-355_Solid Tissue_Progressive	7316-355	Tumor	Progressive	Solid Tissue	NA	Benign tumor	NA	NA	NA	Other	fibroma	Other locations NOS	Other	Partial resection	stranded	3674	Black or African American	Not Hispanic or Latino	Female	Female	None documented	Non-neoplastic tumor	#FFF5EB	No	AFR	1579	Progressive	1579	LIVING	EVENT
BS_R03J6WRV	PT_9GPYYYB2	PBTA	PBTA-X01-FY22	C3579546	PT_9GPYYYB2_7316-8742_Solid Tissue_Initial CNS Tumor	7316-8742	Tumor	Initial CNS Tumor	Solid Tissue	NA	Mesenchymal non-meningothelial tumor	Hemangioblastoma	NA	NA	Hemangioblastoma	hemangioblastoma, who grade i	Cerebellum/Posterior Fossa	Posterior fossa	Gross/Near total resection	poly-A stranded	5585	Reported Unknown	Hispanic or Latino	Male	Male	Other inherited conditions NOS	Mesenchymal tumor	#7fbf00	Yes	AMR	1054	Not Applicable	1054	LIVING	NO EVENT
BS_R13X6TMW	PT_J0SZ1SX5	PBTA	CBTN	C806019	PT_J0SZ1SX5_7316-2589_Solid Tissue_Initial CNS Tumor	7316-2589	Tumor	Initial CNS Tumor	Solid Tissue	NA	Low-grade astrocytic tumor	Low-grade glioma	LGG, KIAA1549-BRAF	NA	Low-grade glioma/astrocytoma (WHO grade I/II)	pilomyxoid astrocytoma	Suprasellar/Hypothalamic/Pituitary	Suprasellar	Partial resection	stranded	210	Reported Unknown	Hispanic or Latino	Female	Female	None documented	Low-grade glioma	#8f8fbf	Yes	AMR	450	Progressive - Metastatic	3269	LIVING	EVENT
BS_R244Z0WX	PT_JPWVCTAJ	PBTA	CBTN	C597042	PT_JPWVCTAJ_7316-1953_Solid Tissue_Initial CNS Tumor	7316-1953	Tumor	Initial CNS Tumor	Solid Tissue	NA	Low-grade astrocytic tumor	Low-grade glioma	LGG, KIAA1549-BRAF	NA	Low-grade glioma/astrocytoma (WHO grade I/II)	pilocytic astrocytoma	Suprasellar/Hypothalamic/Pituitary	Suprasellar	Partial resection	stranded	7587	White	Not Hispanic or Latino	Female	Female	None documented	Low-grade glioma	#8f8fbf	Yes	EUR	Not Reported	Not Applicable	Not Reported	LIVING	NO EVENT
BS_R34ZYJR8	PT_G4HD4QTK	PBTA	PBTA-X01-FY22	C3422475	PT_G4HD4QTK_7316-7943_Derived Cell Line_Initial CNS Tumor_Serum-based_7	7316-7943	Tumor	Initial CNS Tumor	Derived Cell Line	Serum-based	Ependymal tumor	Ependymoma	EPN, To be classified	NA	Ependymoma	myxopapillary ependymoma	Spinal Cord- Lumbar/Thecal Sac	Spine	Gross/Near total resection	poly-A stranded	6813	White	Not Hispanic or Latino	Male	Male	None documented	Ependymoma	#2200ff	No	EUR	620	Not Applicable	620	LIVING	NO EVENT
BS_R3AJB6VS	PT_2V5GJG0F	PBTA	PBTA-X01-FY22	C2639211	PT_2V5GJG0F_7316-6077_Solid Tissue_Progressive	7316-6077	Tumor	Progressive	Solid Tissue	NA	Low-grade astrocytic tumor	Low-grade glioma	LGG, KIAA1549-BRAF	NA	Low-grade glioma/astrocytoma (WHO grade I/II)	pilocytic astrocytoma, who grade i	Cerebellum/Posterior Fossa	Posterior fossa	Gross/Near total resection	poly-A stranded	4108	White	Not Hispanic or Latino	Male	Male	None documented	Low-grade glioma	#8f8fbf	No	EUR	1638	Progressive	2529	LIVING	EVENT
BS_R439VVPK	PT_26V72ZXB	PBTA	CBTN	C914505	PT_26V72ZXB_7316-3576_Solid Tissue_Initial CNS Tumor	7316-3576	Tumor	Initial CNS Tumor	Solid Tissue	NA	Embryonal tumor	Medulloblastoma	MB, Group3	NA	Medulloblastoma	medulloblastoma non-wnt/non-shh, who grade iv	Cerebellum/Posterior Fossa;Meninges/Dura	Mixed	Biopsy only	stranded	4170	White	Not Hispanic or Latino	Male	Male	None documented	Medulloblastoma	#a340ff	Yes	EUR	9	Progressive - Metastatic	824	DECEASED	EVENT
BS_R4Y180DM	PT_NBSRQAMS	PBTA	CBTN	C410451	PT_NBSRQAMS_7316-1079_Solid Tissue_Initial CNS Tumor	7316-1079	Tumor	Initial CNS Tumor	Solid Tissue	NA	Mesenchymal non-meningothelial tumor	Ewing sarcoma	EWS	EWS	Ewings Sarcoma	ewing's sarcoma	Spine NOS	Spine	Biopsy only	stranded	4589	Reported Unknown	Not Available	Male	Male	None documented	Mesenchymal tumor	#7fbf00	Yes	EUR	Not Reported	Not Applicable	Not Reported	LIVING	NO EVENT
BS_R5JQE0VJ	PT_HERXR7FX	PBTA	PBTA-X01-FY22	C2667870	PT_HERXR7FX_7316-6039_Solid Tissue_Recurrence	7316-6039	Tumor	Recurrence	Solid Tissue	NA	Diffuse astrocytic and oligodendroglial tumor	High-grade glioma	HGG, H3 wildtype	NA	High-grade glioma/astrocytoma (WHO grade III/IV)	high grade glioma	Frontal Lobe	Hemispheric	Gross/Near total resection	poly-A stranded	1999	White	Not Hispanic or Latino	Female	Female	None documented	Other high-grade glioma	#ffccf5	No	EUR	167	Recurrence - Metastatic	306	DECEASED	EVENT
BS_R5SNFB5B	PT_C2D4JXS1	PBTA	HOPE	C337143	PT_C2D4JXS1_7316-1746_Solid Tissue_Initial CNS Tumor	7316-1746	Tumor	Initial CNS Tumor	Solid Tissue	NA	Diffuse astrocytic and oligodendroglial tumor	High-grade glioma	HGG, H3 wildtype, TP53	NA	High-grade glioma/astrocytoma (WHO grade III/IV)	high grade glioma	Cerebellum/Posterior Fossa	Posterior fossa	Partial resection	stranded	2307	Reported Unknown	Hispanic or Latino	Female	Female	None documented	Other high-grade glioma	#ffccf5	Yes	AMR	23	Progressive	132	DECEASED	EVENT
BS_R634WKN7	PT_7JQ24F35	PBTA	CBTN	C411189	PT_7JQ24F35_7316-1681_Solid Tissue_Initial CNS Tumor	7316-1681	Tumor	Initial CNS Tumor	Solid Tissue	NA	Low-grade astrocytic tumor	Subependymal Giant Cell Astrocytoma	SEGA, To be classified	NA	Low-grade glioma/astrocytoma (WHO grade I/II)	sega	Basal Ganglia;Ventricles	Mixed	Gross/Near total resection	stranded	341	White	Not Hispanic or Latino	Male	Male	Tuberous Sclerosis (TSC1, TSC2)	Low-grade glioma	#8f8fbf	Yes	EUR	574	Not Applicable	574	LIVING	NO EVENT
BS_R6WNEEE4	PT_EGGY1XC0	PBTA	CBTN	C820287	PT_EGGY1XC0_7316-2865_Solid Tissue_Initial CNS Tumor	7316-2865	Tumor	Initial CNS Tumor	Solid Tissue	NA	Embryonal tumor	Medulloblastoma	MB, SHH	NA	Medulloblastoma	medulloblastoma, classic type	Cerebellum/Posterior Fossa	Posterior fossa	Gross/Near total resection	stranded	1475	White	Not Hispanic or Latino	Female	Female	None documented	Medulloblastoma	#a340ff	Yes	AMR	1684	Not Applicable	1684	LIVING	NO EVENT
BS_R7HZCZ8B	PT_0CRPE7YP	PBTA	CBTN	C564693	PT_0CRPE7YP_7316-2158_Solid Tissue_Initial CNS Tumor	7316-2158	Tumor	Initial CNS Tumor	Solid Tissue	NA	Tumors of sellar region	Craniopharyngioma	CRANIO, To be classified	NA	Craniopharyngioma	craniopharyngioma who i	Suprasellar/Hypothalamic/Pituitary	Suprasellar	Gross/Near total resection	stranded	3004	White	Not Hispanic or Latino	Male	Male	None documented	Craniopharyngioma	#b2502d	Yes	EUR	1483	Not Applicable	1483	LIVING	NO EVENT
BS_R7NTZR4C	PT_0MXPTTM3	PBTA	PNOC	C3080535	PT_0MXPTTM3_A09410_Solid Tissue_Initial CNS Tumor	A09410	Tumor	Initial CNS Tumor	Solid Tissue	NA	Diffuse astrocytic and oligodendroglial tumor	High-grade glioma	HGG, IDH, TP53	NA	Brainstem glioma- Diffuse intrinsic pontine glioma	Anaplastic Astrocytoma	Pons/Brainstem	Midline	NA	poly-A	9425	White	Not Hispanic or Latino	Male	Male	None documented	Other high-grade glioma	#ffccf5	Yes	EUR	NA	NA	1311	DECEASED	NO EVENT
BS_R7V8BC98	PT_SJ9PJ1D0	PBTA	PBTA-X01-FY22	C2572299	PT_SJ9PJ1D0_7316-6037_Solid Tissue_Initial CNS Tumor	7316-6037	Tumor	Initial CNS Tumor	Solid Tissue	NA	Low-grade astrocytic tumor	Low-grade glioma	LGG, other MAPK	NA	Low-grade glioma/astrocytoma (WHO grade I/II)	pleomorphic xanthoastrocytoma, who grade ii	Frontal Lobe	Hemispheric	Gross/Near total resection	poly-A stranded	5047	White	Not Hispanic or Latino	Female	Female	None documented	Low-grade glioma	#8f8fbf	Yes	EUR	1172	Not Applicable	1172	LIVING	NO EVENT
BS_R81XA0F9	PT_AR01XWM3	PBTA	PBTA-X01-FY22	C3706605	PT_AR01XWM3_7316-8070_Solid Tissue_Initial CNS Tumor	7316-8070	Tumor	Initial CNS Tumor	Solid Tissue	NA	Low-grade astrocytic tumor	Low-grade glioma	LGG, wildtype	NA	Low-grade glioma/astrocytoma (WHO grade I/II)	juvenile pilocytic astrocytoma	Cerebellum/Posterior Fossa	Posterior fossa	Gross/Near total resection	poly-A stranded	4752	White	Not Available	Female	Female	None documented	Low-grade glioma	#8f8fbf	Yes	EAS	264	Not Applicable	264	LIVING	NO EVENT
BS_R8ZAB797	PT_YP8FN6MS	PBTA	PBTA-X01-FY22	C3724809	PT_YP8FN6MS_7316-8459_Solid Tissue_Progressive	7316-8459	Tumor	Progressive	Solid Tissue	NA	Diffuse astrocytic and oligodendroglial tumor	High-grade glioma	HGG, To be classified, TP53	NA	High-grade glioma/astrocytoma (WHO grade III/IV)	glioblastoma	Temporal Lobe	Hemispheric	Biopsy only	poly-A stranded	4820	White	Hispanic or Latino	Male	Male	Li-Fraumeni syndrome (TP53)	Other high-grade glioma	#ffccf5	No	NA	4671	Second Malignancy	5376	DECEASED	EVENT
BS_R9B92M75	PT_1YQH5NSH	PBTA	PNOC	C3093819	PT_1YQH5NSH_A20091_Solid Tissue_Initial CNS Tumor	A20091	Tumor	Initial CNS Tumor	Solid Tissue	NA	Diffuse astrocytic and oligodendroglial tumor	Diffuse midline glioma	DMG, H3 K28	NA	Brainstem glioma- Diffuse intrinsic pontine glioma	Diffuse midline glioma, H3K27M mutant, WHO grade IV	Pons/Brainstem	Midline	NA	poly-A	2520	White	Not Hispanic or Latino	Male	Female	None documented	DIPG or DMG	#ff40d9	Yes	EUR	NA	NA	336	DECEASED	NO EVENT
BS_R9CKW9DY	PT_WW0M48CT	PBTA	PBTA-X01-FY22	C887445	PT_WW0M48CT_7316-3671_Solid Tissue_Initial CNS Tumor	7316-3671	Tumor	Initial CNS Tumor	Solid Tissue	NA	Low-grade astrocytic tumor	Low-grade glioma	LGG, KIAA1549-BRAF, RTK	NA	Low-grade glioma/astrocytoma (WHO grade I/II)	pilocytic astrocytoma (who grade i)	Optic Pathway	Optic pathway	Biopsy only	poly-A stranded	2124	White	Not Hispanic or Latino	Male	Male	None documented	Low-grade glioma	#8f8fbf	Yes	EUR	1637	Not Applicable	1637	LIVING	NO EVENT
BS_RAQFEB0S	PT_HXV713W6	PBTA	PBTA-X01-FY22	C3940920	PT_HXV713W6_7316-9815_Solid Tissue_Recurrence	7316-9815	Tumor	Recurrence	Solid Tissue	NA	Low-grade astrocytic tumor	Low-grade glioma	LGG, KIAA1549-BRAF	NA	Low-grade glioma/astrocytoma (WHO grade I/II)	pilocytic astrocytoma with kiaa1549 - braf fusion	Cerebellum/Posterior Fossa	Posterior fossa	Gross/Near total resection	poly-A stranded	1595	Reported Unknown	Not Hispanic or Latino	Female	Female	None documented	Low-grade glioma	#8f8fbf	No	EUR	125	Recurrence	125	LIVING	EVENT
BS_RARBBY7C	PT_56SWR1FM	PBTA	PBTA-X01-FY22	C1199004	PT_56SWR1FM_7316-4742_Solid Tissue_Initial CNS Tumor	7316-4742	Tumor	Initial CNS Tumor	Solid Tissue	NA	Low-grade astrocytic tumor	Low-grade glioma	LGG, KIAA1549-BRAF	NA	Low-grade glioma/astrocytoma (WHO grade I/II)	pilocytic astrocytoma who grade i	Cerebellum/Posterior Fossa	Posterior fossa	Gross/Near total resection	poly-A stranded	3409	White	Hispanic or Latino	Male	Male	None documented	Low-grade glioma	#8f8fbf	Yes	AMR	1888	Not Applicable	1888	LIVING	NO EVENT
BS_RB2S0KDF	PT_A9YAZJNN	PBTA	CBTN	C33948	PT_A9YAZJNN_7316-263_Solid Tissue_Recurrence	7316-263	Tumor	Recurrence	Solid Tissue	NA	Meningioma	Meningioma	NA	NA	Meningioma	meningioma	Other locations NOS	Other	Partial resection	stranded	8517	White	Not Hispanic or Latino	Male	Male	None documented	Meningioma	#2db398	No	EUR	6503	Second Malignancy	7996	LIVING	EVENT
BS_RC8E5TVQ	PT_KN62VZM6	PBTA	PBTA-X01-FY22	C3476595	PT_KN62VZM6_7316-6790_Solid Tissue_Initial CNS Tumor	7316-6790	Tumor	Initial CNS Tumor	Solid Tissue	NA	Low-grade astrocytic tumor	Low-grade glioma	LGG, wildtype	NA	Low-grade glioma/astrocytoma (WHO grade I/II)	pilocytic astrocytoma	Other locations NOS	Other	Gross/Near total resection	poly-A stranded	1349	Reported Unknown	Not Available	Male	Male	None documented	Low-grade glioma	#8f8fbf	Yes	EUR	243	Recurrence	243	LIVING	EVENT
BS_RCC8BXVE	PT_WWZ2Q14R	PBTA	CBTN	C944886	PT_WWZ2Q14R_7316-3138_Solid Tissue_Initial CNS Tumor	7316-3138	Tumor	Initial CNS Tumor	Solid Tissue	NA	Embryonal tumor	Medulloblastoma	MB, SHH	MB, SHH	Medulloblastoma	medulloblastoma with extensive nodularity	Cerebellum/Posterior Fossa	Posterior fossa	Partial resection	stranded	306	White	Not Hispanic or Latino	Male	Male	Gorlin Syndrome (PTCH1, SUFU)	Medulloblastoma	#a340ff	Yes	EUR	2303	Not Applicable	2303	LIVING	NO EVENT
BS_RCCN63K6	PT_RPC00TAJ	PBTA	HOPE	C41943	PT_RPC00TAJ_7316-231_Solid Tissue_Progressive	7316-231	Tumor	Progressive	Solid Tissue	NA	Diffuse astrocytic and oligodendroglial tumor	Diffuse midline glioma	DMG, H3 K28	NA	High-grade glioma/astrocytoma (WHO grade III/IV)	anaplastic astrocytoma	Cerebellum/Posterior Fossa;Frontal Lobe;Other locations NOS;Thalamus	Mixed	Partial resection	stranded	6660	White	Not Available	Female	NA	None documented	DIPG or DMG	#ff40d9	No	NA	1011	Progressive - Metastatic	1536	DECEASED	EVENT
BS_RCFQ31XF	PT_3R0P995B	PBTA	CBTN	C140343	PT_3R0P995B_7316-873_Solid Tissue_Initial CNS Tumor	7316-873	Tumor	Initial CNS Tumor	Solid Tissue	NA	Ependymal tumor	Ependymoma	EPN, PF A	EPN, PF A	Ependymoma	residual ependymoma who ii	Cerebellum/Posterior Fossa;Suprasellar/Hypothalamic/Pituitary	Mixed	Partial resection	stranded	442	White	Not Hispanic or Latino	Male	Male	None documented	Ependymoma	#2200ff	Yes	EUR	134	Progressive	3483	LIVING	EVENT
BS_RCX5628Q	PT_5V6PRZX4	PBTA	PBTA-X01-FY22	C3991596	PT_5V6PRZX4_7316-8979_Solid Tissue_Initial CNS Tumor	7316-8979	Tumor	Initial CNS Tumor	Solid Tissue	NA	Embryonal tumor	Medulloblastoma	MB, Group4	NA	Medulloblastoma	medulloblastoma who grade 4	Cerebellum/Posterior Fossa	Posterior fossa	Gross/Near total resection	poly-A stranded	4675	White	Not Hispanic or Latino	Male	Male	None documented	Medulloblastoma	#a340ff	Yes	EUR	782	Not Applicable	782	LIVING	NO EVENT
BS_RD4D5F9F	PT_NTEKMKTX	PBTA	CBTN	C823608	PT_NTEKMKTX_7316-1650_Solid Tissue_Initial CNS Tumor	7316-1650	Tumor	Initial CNS Tumor	Solid Tissue	NA	Embryonal tumor	Medulloblastoma	MB, SHH	MB, SHH	Medulloblastoma	medulloblastoma	Cerebellum/Posterior Fossa	Posterior fossa	Gross/Near total resection	stranded	167	White	Not Hispanic or Latino	Male	Male	Other inherited conditions NOS	Medulloblastoma	#a340ff	Yes	EUR	Not Reported	Not Applicable	Not Reported	LIVING	NO EVENT
BS_REF8ARH1	PT_C0ME1J0G	PBTA	PBTA-X01-FY22	C2337492	PT_C0ME1J0G_7316-4857_Solid Tissue_Initial CNS Tumor	7316-4857	Tumor	Initial CNS Tumor	Solid Tissue	NA	Tumor of cranial and paraspinal nerves	Schwannoma	NA	NA	Schwannoma	schwannoma, who grade i	Spinal Cord- Lumbar/Thecal Sac	Spine	Gross/Near total resection	poly-A stranded	2466	White	Not Hispanic or Latino	Male	Male	None documented	Schwannoma	#ab7200	Yes	EUR	904	Not Applicable	904	LIVING	NO EVENT
BS_REVS37G8	PT_RWF4AB4X	PBTA	PBTA-X01-FY22	C2358033	PT_RWF4AB4X_7316-4836_Solid Tissue_Initial CNS Tumor	7316-4836	Tumor	Initial CNS Tumor	Solid Tissue	NA	Embryonal tumor	Atypical Teratoid Rhabdoid Tumor	ATRT, SHH	ATRT, SHH	Atypical Teratoid Rhabdoid Tumor (ATRT)	atypical teratoid/rhabdoid tumor, who grade iv	Thalamus;Ventricles	Mixed	Partial resection	poly-A stranded	769	White	Not Hispanic or Latino	Male	Male	None documented	Atypical Teratoid Rhabdoid Tumor	#4d0d85	Yes	EUR	547	Recurrence	1127	LIVING	EVENT
BS_RFC6CATQ	PT_E3WNEDD4	PBTA	PBTA-X01-FY22	C3606852	PT_E3WNEDD4_7316-8023_Solid Tissue_Deceased	7316-8023	Tumor	Deceased	Solid Tissue	NA	Diffuse astrocytic and oligodendroglial tumor	Diffuse midline glioma	DMG, H3 K28, TP53	NA	Brainstem glioma- Diffuse intrinsic pontine glioma	dipg who grade iv, h3k27m mutant	Brain Stem- Pons	Midline	NA	poly-A stranded	865	White	Not Hispanic or Latino	Male	Male	None documented	DIPG or DMG	#ff40d9	No	EUR	1198	Progressive	1316	DECEASED	EVENT
BS_RFMQ7T0T	PT_E3Y5BBSF	PBTA	CBTN	C774162	PT_E3Y5BBSF_7316-3071_Solid Tissue_Recurrence	7316-3071	Tumor	Recurrence	Solid Tissue	NA	Tumors of sellar region	Adamantinomatous Craniopharyngioma	CRANIO, ADAM	CRANIO, ADAM	Craniopharyngioma	craniopharyngioma	Suprasellar/Hypothalamic/Pituitary	Suprasellar	Partial resection	stranded	1555	White	Not Hispanic or Latino	Female	Female	None documented	Craniopharyngioma	#b2502d	No	EUR	154	Recurrence	154	LIVING	EVENT
BS_RGPSEMHC	PT_3A2Q62RD	PBTA	CBTN	C607128	PT_3A2Q62RD_7316-2243_Solid Tissue_Initial CNS Tumor	7316-2243	Tumor	Initial CNS Tumor	Solid Tissue	NA	Ependymal tumor	Ependymoma	EPN, PF A	EPN, PF A	Ependymoma	anaplastic ependymoma, who grade 3	Cerebellum/Posterior Fossa	Posterior fossa	Gross/Near total resection	stranded	2184	White	Not Hispanic or Latino	Female	Female	None documented	Ependymoma	#2200ff	Yes	EUR	888	Progressive - Metastatic	1892	DECEASED	EVENT
BS_RGQH7K0C	PT_WH5PD8ZK	PBTA	PBTA-X01-FY22	C3572043	PT_WH5PD8ZK_7316-6808_Solid Tissue_Initial CNS Tumor	7316-6808	Tumor	Initial CNS Tumor	Solid Tissue	NA	Embryonal tumor	Medulloblastoma	MB, Group4	NA	Medulloblastoma	anaplastic medulloblastoma (no shh no wnt)	Cerebellum/Posterior Fossa	Posterior fossa	Gross/Near total resection	poly-A stranded	3163	Reported Unknown	Not Available	Male	Male	None documented	Medulloblastoma	#a340ff	Yes	EUR	Not Reported	Not Applicable	Not Reported	LIVING	NO EVENT
BS_RGSMX7QD	PT_4EDBZRM2	PBTA	CBTN	C596673	PT_4EDBZRM2_7316-1952_Solid Tissue_Initial CNS Tumor	7316-1952	Tumor	Initial CNS Tumor	Solid Tissue	NA	Low-grade astrocytic tumor	Ganglioglioma	GNG, KIAA1549-BRAF	LGG, BRAF/MAPK	Ganglioglioma	ganglioglioma	Cerebellum/Posterior Fossa	Posterior fossa	Gross/Near total resection	stranded	3940	White	Not Hispanic or Latino	Male	Male	None documented	Mixed neuronal-glial tumor	#685815	Yes	EUR	Not Reported	Not Applicable	Not Reported	LIVING	NO EVENT
BS_RHD7XPNP	PT_JN3EN2HR	PBTA	CBTN	C885969	PT_JN3EN2HR_7316-2267_Solid Tissue_Initial CNS Tumor	7316-2267	Tumor	Initial CNS Tumor	Solid Tissue	NA	Ependymal tumor	Ependymoma	EPN, PF A	EPN, PF A	Ependymoma	anaplastic ependymoma, who grade iii	Brain Stem- Pons;Cerebellum/Posterior Fossa;Cranial Nerves NOS	Mixed	Gross/Near total resection	stranded	3887	White	Not Hispanic or Latino	Male	Male	None documented	Ependymoma	#2200ff	Yes	EUR	461	Recurrence	2456	LIVING	EVENT
BS_RHM60031	PT_2KN2TFJP	PBTA	PBTA-X01-FY22	C3340188	PT_2KN2TFJP_7316-7680_Solid Tissue_Deceased	7316-7680	Tumor	Deceased	Solid Tissue	NA	Diffuse astrocytic and oligodendroglial tumor	High-grade glioma	HGG, H3 wildtype	NA	High-grade glioma/astrocytoma (WHO grade III/IV)	anaplastic astrocytoma	Frontal Lobe;Temporal Lobe	Hemispheric	NA	poly-A stranded	6117	White	Not Hispanic or Latino	Female	Female	None documented	Other high-grade glioma	#ffccf5	No	EUR	271	Deceased-due to disease	271	DECEASED	EVENT
BS_RJC3WDD6	PT_6VD8J6FB	PBTA	PNOC	C3071064	PT_6VD8J6FB_7316-8032_Solid Tissue_Initial CNS Tumor	7316-8032	Tumor	Initial CNS Tumor	Solid Tissue	NA	Diffuse astrocytic and oligodendroglial tumor	Diffuse hemispheric glioma	DHG, H3 G35, TP53	NA	High-grade glioma/astrocytoma (WHO grade III/IV)	High Grade Glioma	right occipital	Hemispheric	NA	stranded	6784	Asian	Not Hispanic or Latino	Female	Female	None documented	Other high-grade glioma	#ffccf5	Yes	NA	NA	NA	NA	NA	NO EVENT
BS_RJMJ935A	PT_FP4DEZDQ	PBTA	CBTN	C165189	PT_FP4DEZDQ_7316-1306_Solid Tissue_Initial CNS Tumor	7316-1306	Tumor	Initial CNS Tumor	Solid Tissue	NA	Diffuse astrocytic and oligodendroglial tumor	Pleomorphic xanthoastrocytoma	HGG, PXA	HGG, PXA	High-grade glioma/astrocytoma (WHO grade III/IV)	high-grade glioma/astrocytoma (who grade iii/iv)	Temporal Lobe	Hemispheric	Partial resection	poly-A stranded	2831	Black or African American	Not Available	Male	NA	None documented	Other high-grade glioma	#ffccf5	Yes	NA	168	Deceased-due to disease	168	DECEASED	EVENT
BS_RKRWCBJT	PT_23NZGSRJ	PBTA	PBTA-X01-FY22	C698517	PT_23NZGSRJ_7316-4509_Solid Tissue_Deceased	7316-4509	Tumor	Deceased	Solid Tissue	NA	Embryonal tumor	Medulloblastoma	MB, Group3	MB, Group3	Medulloblastoma	medulloblastoma who grade iv	Cerebellum/Posterior Fossa;Meninges/Dura;Occipital Lobe;Parietal Lobe;Spinal Cord- Cervical;Spinal Cord- Thoracic	Mixed	NA	poly-A stranded	1484	White	Not Hispanic or Latino	Female	Female	None documented	Medulloblastoma	#a340ff	No	EUR	384	Progressive - Metastatic	599	DECEASED	EVENT
BS_RMT7ABN6	PT_08M919BH	PBTA	PBTA-X01-FY22	C2409078	PT_08M919BH_7316-5334_Solid Tissue_Initial CNS Tumor	7316-5334	Tumor	Initial CNS Tumor	Solid Tissue	NA	Low-grade astrocytic tumor	Low-grade glioma	LGG, KIAA1549-BRAF	NA	Low-grade glioma/astrocytoma (WHO grade I/II)	pilocytic astrocytoma who grade i	Optic Pathway;Suprasellar/Hypothalamic/Pituitary;Ventricles	Mixed	Partial resection	poly-A stranded	4232	White	Not Hispanic or Latino	Male	Male	None documented	Low-grade glioma	#8f8fbf	Yes	EUR	1889	Not Applicable	1889	LIVING	NO EVENT
BS_RN36XFYH	PT_2N647SBA	PBTA	PBTA-X01-FY22	C2596407	PT_2N647SBA_7316-6685_Solid Tissue_Initial CNS Tumor	7316-6685	Tumor	Initial CNS Tumor	Solid Tissue	NA	Embryonal tumor	Medulloblastoma	MB, SHH	MB, SHH	Medulloblastoma	desmoplastic/nodular medulloblastoma, who grade 4.	Cerebellum/Posterior Fossa	Posterior fossa	Gross/Near total resection	poly-A stranded	7566	Reported Unknown	Hispanic or Latino	Female	Female	None documented	Medulloblastoma	#a340ff	Yes	EAS	1906	Not Applicable	1906	LIVING	NO EVENT
BS_RNANA568	PT_XPS6EJCM	PBTA	PBTA-X01-FY22	C1191378	PT_XPS6EJCM_7316-4727_Solid Tissue_Initial CNS Tumor	7316-4727	Tumor	Initial CNS Tumor	Solid Tissue	NA	Low-grade astrocytic tumor	Low-grade glioma	LGG, KIAA1549-BRAF	NA	Low-grade glioma/astrocytoma (WHO grade I/II)	pilocytic astrocytoma who grade i	Cerebellum/Posterior Fossa	Posterior fossa	Gross/Near total resection	poly-A stranded	4669	Reported Unknown	Not Hispanic or Latino	Male	Male	None documented	Low-grade glioma	#8f8fbf	Yes	EUR	1484	Not Applicable	1484	LIVING	NO EVENT
BS_RPF3Z9P9	PT_MKZ7ESSF	PBTA	PBTA-X01-FY22	C3638586	PT_MKZ7ESSF_7316-7753_Solid Tissue_Initial CNS Tumor	7316-7753	Tumor	Initial CNS Tumor	Solid Tissue	NA	Embryonal tumor	Medulloblastoma	MB, Group4	MB, Group4	Medulloblastoma	medulloblastoma, classic subtype, non-wnt/non-shh, who grade 4	Cerebellum/Posterior Fossa;Ventricles	Mixed	Gross/Near total resection	poly-A stranded	2334	White	Not Hispanic or Latino	Male	Male	None documented	Medulloblastoma	#a340ff	Yes	EUR	Not Reported	Not Applicable	Not Reported	LIVING	NO EVENT
BS_RPH4DCMK	PT_MVZ9K5VC	PBTA	PBTA-X01-FY22	C874284	PT_MVZ9K5VC_7316-3324_Solid Tissue_Initial CNS Tumor	7316-3324	Tumor	Initial CNS Tumor	Solid Tissue	NA	Diffuse astrocytic and oligodendroglial tumor	Diffuse intrinsic pontine glioma	DIPG, To be classified	NA	Brainstem glioma- Diffuse intrinsic pontine glioma	astrocytoma consistent with diffuse infiltrating pontine glioma	Brain Stem- Pons	Midline	Biopsy only	poly-A stranded	2947	White	Not Hispanic or Latino	Female	Female	None documented	DIPG or DMG	#ff40d9	Yes	NA	266	Deceased-due to disease	266	DECEASED	EVENT
BS_RPJ1EPHA	PT_WS6JY9KY	PBTA	PBTA-X01-FY22	C2386938	PT_WS6JY9KY_7316-4964_Solid Tissue_Initial CNS Tumor	7316-4964	Tumor	Initial CNS Tumor	Solid Tissue	NA	Low-grade astrocytic tumor	Low-grade glioma	LGG, KIAA1549-BRAF	NA	Low-grade glioma/astrocytoma (WHO grade I/II)	pilocytic astrocytoma, who grade i	Cerebellum/Posterior Fossa	Posterior fossa	Gross/Near total resection	poly-A stranded	1887	More Than One Race	Not Hispanic or Latino	Female	Female	None documented	Low-grade glioma	#8f8fbf	Yes	EAS	737	Not Applicable	737	LIVING	NO EVENT
BS_RPKA4GF9	PT_DDMD7JFV	PBTA	PBTA-X01-FY22	C2734782	PT_DDMD7JFV_7316-6770_Solid Tissue_Initial CNS Tumor	7316-6770	Tumor	Initial CNS Tumor	Solid Tissue	NA	Low-grade astrocytic tumor	Ganglioglioma	GNG, RTK	NA	Ganglioglioma	ganglioglioma with trim24-ntrk2 fusion, who grade i	Occipital Lobe;Parietal Lobe	Hemispheric	Gross/Near total resection	poly-A stranded	3540	White	Not Hispanic or Latino	Male	Male	None documented	Mixed neuronal-glial tumor	#685815	Yes	EUR	1531	Not Applicable	1531	LIVING	NO EVENT
BS_RPMPW9QA	PT_8S943DXT	PBTA	PBTA-X01-FY22	C2505756	PT_8S943DXT_7316-6208_Solid Tissue_Initial CNS Tumor	7316-6208	Tumor	Initial CNS Tumor	Solid Tissue	NA	Choroid plexus tumor	Choroid plexus tumor	NA	NA	Choroid plexus carcinoma	choroid plexus carcinoma,who grade iii	Other locations NOS;Parietal Lobe	Mixed	Gross/Near total resection	poly-A stranded	1353	Asian	Not Hispanic or Latino	Male	Male	Li-Fraumeni syndrome (TP53)	Choroid plexus tumor	#00441B	Yes	EAS	1746	Not Applicable	1746	LIVING	NO EVENT
BS_RPZQQM2D	PT_FH7XEKS2	PBTA	PBTA-X01-FY22	C3472536	PT_FH7XEKS2_7316-6797_Solid Tissue_Initial CNS Tumor	7316-6797	Tumor	Initial CNS Tumor	Solid Tissue	NA	Low-grade astrocytic tumor	Low-grade glioma	LGG, wildtype	NA	Low-grade glioma/astrocytoma (WHO grade I/II)	pilocytic astrocytoma	Other locations NOS	Other	Partial resection	poly-A stranded	662	Reported Unknown	Not Available	Male	Male	None documented	Low-grade glioma	#8f8fbf	Yes	EUR	Not Reported	Not Applicable	Not Reported	LIVING	NO EVENT
BS_RQ9W1EQ7	PT_2BTC5TEN	PBTA	PBTA-X01-FY22	C625947	PT_2BTC5TEN_7316-2183_Derived Cell Line_Initial CNS Tumor_Serum-based_6	7316-2183	Tumor	Initial CNS Tumor	Derived Cell Line	Serum-based	Tumors of sellar region	Craniopharyngioma	CRANIO, To be classified	NA	Craniopharyngioma	craniopharyngioma	Suprasellar/Hypothalamic/Pituitary	Suprasellar	Gross/Near total resection	poly-A stranded	3529	Asian	Not Hispanic or Latino	Female	Female	None documented	Craniopharyngioma	#b2502d	No	SAS	609	Recurrence	2089	LIVING	EVENT
BS_RQSKD7PN	PT_2E552BAR	PBTA	CBTN	C723978	PT_2E552BAR_7316-3066_Solid Tissue_Initial CNS Tumor	7316-3066	Tumor	Initial CNS Tumor	Solid Tissue	NA	Tumor of cranial and paraspinal nerves	Neurofibroma/Plexiform	NA	NA	Malignant peripheral nerve sheath tumor (MPNST)	malignant peripheral nerve sheath tumor/ neurofibroma/plexiform	Other locations NOS	Other	Partial resection	stranded	7209	White	Not Hispanic or Latino	Male	Male	Neurofibromatosis, Type 1 (NF-1)	Neurofibroma plexiform	#e6ac39	Yes	EUR	5138	Progressive	5890	DECEASED	EVENT
BS_RQTTCJ29	PT_EWNAWYKB	PBTA	PBTA-X01-FY22	C3398244	PT_EWNAWYKB_7316-6389_Solid Tissue_Recurrence	7316-6389	Tumor	Recurrence	Solid Tissue	NA	Diffuse astrocytic and oligodendroglial tumor	High-grade glioma	HGG, IDH, TP53	NA	High-grade glioma/astrocytoma (WHO grade III/IV)	anaplastic astrocytoma, idh mutated,  who grade 3	Temporal Lobe	Hemispheric	Gross/Near total resection	poly-A stranded	7335	White	Not Hispanic or Latino	Male	Male	None documented	Other high-grade glioma	#ffccf5	No	EUR	2420	Recurrence	2420	LIVING	EVENT
BS_RR12T74P	PT_DTP4MMRA	PBTA	CBTN	C88437	PT_DTP4MMRA_7316-1463_Solid Tissue_Initial CNS Tumor	7316-1463	Tumor	Initial CNS Tumor	Solid Tissue	NA	Tumor of cranial and paraspinal nerves	Schwannoma	NA	NA	Schwannoma	schwannoma	Spinal Cord- Lumbar/Thecal Sac	Spine	Partial resection	stranded	4834	White	Hispanic or Latino	Female	Female	Neurofibromatosis, Type 2 (NF-2)	Schwannoma	#ab7200	No	AMR	664	Progressive	5399	LIVING	EVENT
BS_RRAEQZ97	PT_FXPJM0MW	PBTA	CBTN	C58056	PT_FXPJM0MW_7316-207_Solid Tissue_Initial CNS Tumor	7316-207	Tumor	Initial CNS Tumor	Solid Tissue	NA	Low-grade astrocytic tumor	Low-grade glioma	LGG, RTK	NA	Low-grade glioma/astrocytoma (WHO grade I/II)	juvenile pilocytic astrocytoma	Cerebellum/Posterior Fossa	Posterior fossa	Gross/Near total resection	stranded	1857	Reported Unknown	Not Hispanic or Latino	Female	Female	None documented	Low-grade glioma	#8f8fbf	Yes	EUR	2876	Not Applicable	2876	LIVING	NO EVENT
BS_RSRPX3S8	PT_GR8P8NY5	PBTA	CBTN	C39729	PT_GR8P8NY5_7316-178_Solid Tissue_Initial CNS Tumor	7316-178	Tumor	Initial CNS Tumor	Solid Tissue	NA	Embryonal tumor	Medulloblastoma	MB, SHH	NA	Medulloblastoma	medulloblastoma	Cerebellum/Posterior Fossa	Posterior fossa	Gross/Near total resection	stranded	1235	White	Not Hispanic or Latino	Female	Female	None documented	Medulloblastoma	#a340ff	Yes	EUR	1434	Not Applicable	1434	LIVING	NO EVENT
BS_RSTH763S	PT_0Q0CX0GS	PBTA	PBTA-X01-FY22	C3776100	PT_0Q0CX0GS_7316-6530_Solid Tissue_Initial CNS Tumor	7316-6530	Tumor	Initial CNS Tumor	Solid Tissue	NA	Embryonal tumor	Medulloblastoma	MB, Group4	MB, Group4	Medulloblastoma	medulloblastoma, non-wnt/non-shh, subclass group 4, who grade 4	Cerebellum/Posterior Fossa	Posterior fossa	Gross/Near total resection	poly-A stranded	1865	White	Not Hispanic or Latino	Male	Male	None documented	Medulloblastoma	#a340ff	Yes	EUR	698	Not Applicable	698	LIVING	NO EVENT
BS_RVSEDNJ4	PT_HGHV85PZ	PBTA	CBTN	C601470	PT_HGHV85PZ_7316-2300_Solid Tissue_Initial CNS Tumor	7316-2300	Tumor	Initial CNS Tumor	Solid Tissue	NA	Low-grade astrocytic tumor	Ganglioglioma	GNG, KIAA1549-BRAF	NA	Ganglioglioma	ganglioglioma, who grade i	Ventricles	Ventricles	Gross/Near total resection	stranded	5209	White	Not Hispanic or Latino	Male	Male	None documented	Mixed neuronal-glial tumor	#685815	Yes	EUR	971	Not Applicable	971	LIVING	NO EVENT
BS_RWJZFTP9	PT_S0PBN4M7	PBTA	CBTN	C479700	PT_S0PBN4M7_7316-1805_Solid Tissue_Initial CNS Tumor	7316-1805	Tumor	Initial CNS Tumor	Solid Tissue	NA	Low-grade astrocytic tumor	Low-grade glioma	LGG, KIAA1549-BRAF	NA	Low-grade glioma/astrocytoma (WHO grade I/II)	low grade glioma with pilomyxoid features who grade i-ii/iv	Ventricles	Ventricles	Partial resection	stranded	392	White	Not Hispanic or Latino	Male	Male	None documented	Low-grade glioma	#8f8fbf	Yes	EUR	316	Progressive	3508	LIVING	EVENT
BS_RX1YTZ7F	PT_4XB3YTJM	PBTA	HOPE	C340710	PT_4XB3YTJM_7316-388_Solid Tissue_Initial CNS Tumor	7316-388	Tumor	Initial CNS Tumor	Solid Tissue	NA	Diffuse astrocytic and oligodendroglial tumor	Diffuse midline glioma	DMG, H3 K28, TP53	DMG, H3 K28	High-grade glioma/astrocytoma (WHO grade III/IV)	anaplastic astrocytoma	Thalamus	Midline	Gross/Near total resection	poly-A stranded	1897	White	Not Hispanic or Latino	Female	Female	None documented	DIPG or DMG	#ff40d9	Yes	AMR	215	Recurrence - Metastatic	294	DECEASED	EVENT
BS_RX8WXX35	PT_VPAXYBS7	PBTA	PBTA-X01-FY22	C942549	PT_VPAXYBS7_7316-3620_Solid Tissue_Initial CNS Tumor	7316-3620	Tumor	Initial CNS Tumor	Solid Tissue	NA	Low-grade astrocytic tumor	Low-grade glioma	LGG, NF1-somatic	NA	Low-grade glioma/astrocytoma (WHO grade I/II)	pilocytic astrocytoma	Cerebellum/Posterior Fossa	Posterior fossa	Partial resection	poly-A stranded	4891	Reported Unknown	Not Available	Male	Male	None documented	Low-grade glioma	#8f8fbf	Yes	EUR	Not Reported	Not Applicable	Not Reported	LIVING	NO EVENT
BS_RXN5T5YT	PT_PR4YBBH3	PBTA	CBTN	C29274	PT_PR4YBBH3_7316-116_Solid Tissue_Initial CNS Tumor	7316-116	Tumor	Initial CNS Tumor	Solid Tissue	NA	Diffuse astrocytic and oligodendroglial tumor	Diffuse midline glioma	DMG, H3 K28, TP53	DMG, H3 K28	Brainstem glioma- Diffuse intrinsic pontine glioma	malignant astrocytoma iv	Brain Stem- Midbrain/Tectum;Brain Stem- Pons	Midline	Biopsy only	stranded	3739	White	Not Available	Female	Female	None documented	DIPG or DMG	#ff40d9	Yes	EUR	39	Deceased-due to disease	39	DECEASED	EVENT
BS_RYRWBV7K	PT_G9XKWA3N	PBTA	PBTA-X01-FY22	C2556555	PT_G9XKWA3N_7316-5463_Solid Tissue_Initial CNS Tumor	7316-5463	Tumor	Initial CNS Tumor	Solid Tissue	NA	Embryonal tumor	Medulloblastoma	MB, Group4	MB, Group4	Medulloblastoma	medulloblastoma non-wnt/non-shh, favor group iv, who grade iv	Cerebellum/Posterior Fossa;Ventricles	Mixed	Gross/Near total resection	poly-A stranded	5448	White	Not Hispanic or Latino	Female	Female	None documented	Medulloblastoma	#a340ff	Yes	EUR	923	Second Malignancy	1767	LIVING	EVENT
BS_RYW3WZJP	PT_E3WNEDD4	PBTA	PBTA-X01-FY22	C3606852	PT_E3WNEDD4_7316-8023_Solid Tissue_Deceased	7316-8023	Tumor	Deceased	Solid Tissue	NA	Diffuse astrocytic and oligodendroglial tumor	Diffuse midline glioma	DMG, H3 K28, TP53	NA	Brainstem glioma- Diffuse intrinsic pontine glioma	dipg who grade iv, h3k27m mutant	Brain Stem- Pons	Midline	NA	poly-A stranded	865	White	Not Hispanic or Latino	Male	Male	None documented	DIPG or DMG	#ff40d9	No	EUR	1198	Progressive	1316	DECEASED	EVENT
BS_RYZG8SPC	PT_DH968NQY	PBTA	PBTA-X01-FY22	C3291603	PT_DH968NQY_7316-7202_Solid Tissue_Initial CNS Tumor	7316-7202	Tumor	Initial CNS Tumor	Solid Tissue	NA	Low-grade astrocytic tumor	Pilocytic astrocytoma	LGG, To be classified	NA	Low-grade glioma/astrocytoma (WHO grade I/II)	pilocytic astrocytoma (who grade i)	Cerebellum/Posterior Fossa	Posterior fossa	Gross/Near total resection	poly-A stranded	2418	White	Not Hispanic or Latino	Female	NA	None documented	Low-grade glioma	#8f8fbf	Yes	NA	1091	Not Applicable	1091	LIVING	NO EVENT
BS_RZBFH1QF	PT_K1YK24PP	PBTA	HOPE	C1060383	PT_K1YK24PP_7316-5928_Solid Tissue_Deceased	7316-5928	Tumor	Deceased	Solid Tissue	NA	Diffuse astrocytic and oligodendroglial tumor	Diffuse midline glioma	DMG, H3 K28, TP53	DMG, H3 K28	High-grade glioma/astrocytoma (WHO grade III/IV)	diffuse midline glioma, h3 k27m-mutant, grade iv	Basal Ganglia;Brain Stem- Midbrain/Tectum;Thalamus;Ventricles	Mixed	NA	stranded	1734	White	Not Hispanic or Latino	Female	Female	None documented	DIPG or DMG	#ff40d9	No	EUR	32	Progressive	367	DECEASED	EVENT
BS_RZMRE785	PT_71SJ26YX	PBTA	PBTA-X01-FY22	C1193592	PT_71SJ26YX_7316-3503_Solid Tissue_Initial CNS Tumor	7316-3503	Tumor	Initial CNS Tumor	Solid Tissue	NA	Neuronal and mixed neuronal-glial tumor	Rosette-forming glioneuronal tumor	GNT, FGFR	GNT, FGFR	Glial-neuronal tumor NOS	rosette forming glioneuronal tumor, who grade 1	Pineal Gland	Midline	Gross/Near total resection	poly-A stranded	4981	White	Not Hispanic or Latino	Male	Male	None documented	Mixed neuronal-glial tumor	#685815	Yes	EUR	1445	Not Applicable	1445	LIVING	NO EVENT
BS_S0175QKX	PT_0NY38X3W	PBTA	CBTN	C276381	PT_0NY38X3W_7316-1706_Solid Tissue_Progressive	7316-1706	Tumor	Progressive	Solid Tissue	NA	Ependymal tumor	Ependymoma	EPN, PF A	EPN, PF A	Ependymoma	recurrent/residual ependymoma	Cerebellum/Posterior Fossa;Ventricles	Mixed	Gross/Near total resection	stranded	492	White	Not Hispanic or Latino	Male	Male	None documented	Ependymoma	#2200ff	No	EUR	71	Progressive	1438	LIVING	EVENT
BS_S1KK7XRH	PT_YJBPEF4V	PBTA	CBTN	C311559	PT_YJBPEF4V_7316-938_Solid Tissue_Initial CNS Tumor	7316-938	Tumor	Initial CNS Tumor	Solid Tissue	NA	Low-grade astrocytic tumor	Low-grade glioma	LGG, KIAA1549-BRAF	LGG, BRAF/MAPK	Low-grade glioma/astrocytoma (WHO grade I/II)	low grade glioma	Cerebellum/Posterior Fossa	Posterior fossa	Gross/Near total resection	stranded	7149	White	Not Hispanic or Latino	Male	Male	None documented	Low-grade glioma	#8f8fbf	Yes	EUR	783	Not Applicable	783	LIVING	NO EVENT
BS_S1M423AB	PT_BRTVGGRK	PBTA	CBTN	C377979	PT_BRTVGGRK_7316-2893_Solid Tissue_Initial CNS Tumor	7316-2893	Tumor	Initial CNS Tumor	Solid Tissue	NA	Embryonal tumor	Medulloblastoma	MB, Group4	MB, Group4	Medulloblastoma	pnet	Ventricles	Ventricles	Gross/Near total resection	stranded	3424	White	Not Hispanic or Latino	Male	Male	None documented	Medulloblastoma	#a340ff	Yes	EUR	3282	Recurrence	7751	LIVING	EVENT
BS_S1W53RNW	PT_VC7WZMC4	PBTA	PBTA-X01-FY22	C2405142	PT_VC7WZMC4_7316-3652_Solid Tissue_Initial CNS Tumor	7316-3652	Tumor	Initial CNS Tumor	Solid Tissue	NA	Tumors of sellar region	Adamantinomatous Craniopharyngioma	CRANIO, ADAM	CRANIO, PAP	Craniopharyngioma	craniopharyngioma	Suprasellar/Hypothalamic/Pituitary	Suprasellar	Gross/Near total resection	poly-A stranded	1481	White	Not Hispanic or Latino	Male	Male	None documented	Craniopharyngioma	#b2502d	Yes	EUR	Not Reported	Not Applicable	Not Reported	LIVING	NO EVENT
BS_S2TA8R29	PT_4A2H0KNR	PBTA	HOPE	C634803	PT_4A2H0KNR_7316-2599_Solid Tissue_Recurrence	7316-2599	Tumor	Recurrence	Solid Tissue	NA	Diffuse astrocytic and oligodendroglial tumor	Infant-type hemispheric glioma	IHG, ROS1-altered	HGG, IHG	High-grade glioma/astrocytoma (WHO grade III/IV)	glioneuronal tumor with focal high grade glial component	Parietal Lobe;Temporal Lobe	Hemispheric	Unavailable	stranded	34	White	Hispanic or Latino	Male	NA	None documented	Other high-grade glioma	#ffccf5	No	NA	168	Progressive	1915	DECEASED	EVENT
BS_S3C2PZAH	PT_QWN0G1GH	PBTA	CBTN	C3558267	PT_QWN0G1GH_7316-8047_Solid Tissue_Deceased	7316-8047	Tumor	Deceased	Solid Tissue	NA	Diffuse astrocytic and oligodendroglial tumor	High-grade glioma	HGG, H3 wildtype, TP53	NA	High-grade glioma/astrocytoma (WHO grade III/IV)	anaplastic astrocytoma	Parietal Lobe	Hemispheric	NA	poly-A stranded	5156	White	Not Hispanic or Latino	Male	Unknown	None documented	Other high-grade glioma	#ffccf5	No	EUR	165	Progressive	704	DECEASED	EVENT
BS_S3MET0JZ	PT_R0R6VWX9	PBTA	PNOC	C3507099	PT_R0R6VWX9_7316-9343_Solid Tissue_Initial CNS Tumor	7316-9343	Tumor	Initial CNS Tumor	Solid Tissue	NA	Diffuse astrocytic and oligodendroglial tumor	Diffuse midline glioma	DMG, H3 K28, TP53	NA	High-grade glioma/astrocytoma (WHO grade III/IV)	diffuse midline glioma	right pons and cerebellopontine angle	NA	NA	stranded	NA	Reported Unknown	Not Hispanic or Latino	Male	Male	None documented	DIPG or DMG	#ff40d9	Yes	AFR	NA	NA	NA	NA	NO EVENT
BS_S458NMKH	PT_S2SQJVGK	PBTA	CBTN	C74292	PT_S2SQJVGK_7316-442_Solid Tissue_Recurrence	7316-442	Tumor	Recurrence	Solid Tissue	NA	Low-grade astrocytic tumor	Low-grade glioma	LGG, RTK	NA	Low-grade glioma/astrocytoma (WHO grade I/II)	recurrent pilocytic astrocytoma with myxoid features	Ventricles	Ventricles	Gross/Near total resection	stranded	2659	White	Not Hispanic or Latino	Female	Female	None documented	Low-grade glioma	#8f8fbf	No	EUR	128	Progressive	4913	LIVING	EVENT
BS_S4V9E1XJ	PT_Y572BRC1	PBTA	CBTN	C136161	PT_Y572BRC1_7316-2193_Solid Tissue_Progressive	7316-2193	Tumor	Progressive	Solid Tissue	NA	Low-grade astrocytic tumor	Low-grade glioma	LGG, KIAA1549-BRAF	NA	Low-grade glioma/astrocytoma (WHO grade I/II)	pilocytic astrocytoma	Optic Pathway;Suprasellar/Hypothalamic/Pituitary;Temporal Lobe;Thalamus;Ventricles	Mixed	Partial resection	stranded	150	White	Not Hispanic or Latino	Male	Male	None documented	Low-grade glioma	#8f8fbf	No	EUR	268	Progressive - Metastatic	7408	DECEASED	EVENT
BS_S50KQEXV	PT_MPRBGGEJ	PBTA	CBTN	C584742	PT_MPRBGGEJ_7316-2172_Solid Tissue_Initial CNS Tumor	7316-2172	Tumor	Initial CNS Tumor	Solid Tissue	NA	Low-grade astrocytic tumor	Low-grade glioma	LGG, KIAA1549-BRAF	LGG, BRAF/MAPK	Low-grade glioma/astrocytoma (WHO grade I/II)	low grade glioma	Cerebellum/Posterior Fossa	Posterior fossa	Gross/Near total resection	stranded	5937	Black or African American	Not Hispanic or Latino	Male	Male	None documented	Low-grade glioma	#8f8fbf	Yes	AFR	Not Reported	Not Applicable	Not Reported	LIVING	NO EVENT
BS_S5P8VTN5	PT_858H7ABM	PBTA	CBTN	C182409	PT_858H7ABM_7316-903_Solid Tissue_Recurrence	7316-903	Tumor	Recurrence	Solid Tissue	NA	Diffuse astrocytic and oligodendroglial tumor	Diffuse midline glioma	DMG, H3 K28	DMG, H3 K28	High-grade glioma/astrocytoma (WHO grade III/IV)	anaplastic  astrocytoma who iii	Thalamus	Midline	Biopsy only	stranded	6704	White	Not Hispanic or Latino	Female	Female	None documented	DIPG or DMG	#ff40d9	No	EUR	598	Progressive	705	DECEASED	EVENT
BS_S69QZAJR	PT_5JA1N2H4	PBTA	CBTN	C129273	PT_5JA1N2H4_7316-839_Solid Tissue_Deceased	7316-839	Tumor	Deceased	Solid Tissue	NA	Embryonal tumor	Medulloblastoma	MB, SHH	NA	Medulloblastoma	medulloblastoma	Basal Ganglia;Brain Stem-Medulla;Brain Stem- Midbrain/Tectum;Brain Stem- Pons;Cerebellum/Posterior Fossa;Hippocampus;Spinal Cord- Cervical;Thalamus	Mixed	NA	stranded	1788	Reported Unknown	Not Available	Male	NA	None documented	Medulloblastoma	#a340ff	No	NA	Not Reported	Progressive - Metastatic	Not Reported	NA	EVENT
BS_S6NJRR5W	PT_VTF65Y63	PBTA	CBTN	C943779	PT_VTF65Y63_7316-3513_Solid Tissue_Initial CNS Tumor	7316-3513	Tumor	Initial CNS Tumor	Solid Tissue	NA	Tumors of sellar region	Craniopharyngioma	CRANIO, To be classified	NA	Craniopharyngioma	craniopharyngioma	Suprasellar/Hypothalamic/Pituitary	Suprasellar	Partial resection	stranded	3195	White	Not Hispanic or Latino	Female	Female	None documented	Craniopharyngioma	#b2502d	Yes	EUR	Not Reported	Not Applicable	Not Reported	NA	NO EVENT
BS_S6Q7NKA3	PT_9S6WMQ92	PBTA	CBTN	C25830	PT_9S6WMQ92_7316-333_Solid Tissue_Progressive	7316-333	Tumor	Progressive	Solid Tissue	NA	Embryonal tumor	Medulloblastoma	MB, SHH	NA	Medulloblastoma	medulloblastoma	Basal Ganglia;Cerebellum/Posterior Fossa;Occipital Lobe;Other locations NOS;Parietal Lobe;Temporal Lobe;Thalamus	Mixed	Partial resection	poly-A stranded	5534	White	Not Hispanic or Latino	Female	Female	None documented	Medulloblastoma	#a340ff	No	EUR	1021	Progressive - Metastatic	1508	DECEASED	EVENT
BS_S6S7SK3P	PT_37B5JRP1	PBTA	CBTN	C578469	PT_37B5JRP1_7316-2554_Solid Tissue_Deceased	7316-2554	Tumor	Deceased	Solid Tissue	NA	Diffuse astrocytic and oligodendroglial tumor	High-grade glioma	HGG, H3 wildtype, TP53	HGG, H3 wildtype	High-grade glioma/astrocytoma (WHO grade III/IV)	glioblastoma	Basal Ganglia;Brain Stem-Medulla;Brain Stem- Midbrain/Tectum;Brain Stem- Pons;Optic Pathway;Suprasellar/Hypothalamic/Pituitary;Thalamus	Mixed	NA	stranded	5324	Black or African American	Not Hispanic or Latino	Male	Male	None documented	Other high-grade glioma	#ffccf5	No	AFR	304	Progressive	422	DECEASED	EVENT
BS_S71RJ8DH	PT_E6FTW238	PBTA	CBTN	C1010445	PT_E6FTW238_7316-3890_Solid Tissue_Initial CNS Tumor	7316-3890	Tumor	Initial CNS Tumor	Solid Tissue	NA	Embryonal tumor	Atypical Teratoid Rhabdoid Tumor	ATRT, MYC	ATRT, MYC	Atypical Teratoid Rhabdoid Tumor (ATRT)	atypical teratoid/rhabdoid tumor, who grade iv	Cerebellum/Posterior Fossa	Posterior fossa	Gross/Near total resection	stranded	557	Reported Unknown	Hispanic or Latino	Female	Female	None documented	Atypical Teratoid Rhabdoid Tumor	#4d0d85	Yes	AMR	118	Progressive	199	DECEASED	EVENT
BS_S7CZY2CH	PT_BXXZE0CQ	PBTA	CBTN	C83640	PT_BXXZE0CQ_7316-381_Solid Tissue_Initial CNS Tumor	7316-381	Tumor	Initial CNS Tumor	Solid Tissue	NA	Low-grade astrocytic tumor	Low-grade glioma	LGG, NF1-germline	NA	Low-grade glioma/astrocytoma (WHO grade I/II)	low grade astrocytoma	Frontal Lobe	Hemispheric	Biopsy only	stranded	3153	White	Not Hispanic or Latino	Male	Male	Neurofibromatosis, Type 1 (NF-1)	Low-grade glioma	#8f8fbf	No	EUR	2275	Progressive	3830	LIVING	EVENT
BS_S9929Z8B	PT_AWMZ12NP	PBTA	CBTN	C534804	PT_AWMZ12NP_7316-2216_Solid Tissue_Progressive	7316-2216	Tumor	Progressive	Solid Tissue	NA	Low-grade astrocytic tumor	Ganglioglioma	GNG, BRAF V600E	NA	Ganglioglioma	ganglioglioma, who grade i	Brain Stem-Medulla	Midline	Partial resection	stranded	1702	Reported Unknown	Hispanic or Latino	Male	Male	Not Reported	Mixed neuronal-glial tumor	#685815	No	EUR	339	Progressive	4352	LIVING	EVENT
BS_SA8BT7AR	PT_HB3CXEX6	PBTA	PBTA-X01-FY22	C3471675	PT_HB3CXEX6_7316-6794_Solid Tissue_Initial CNS Tumor	7316-6794	Tumor	Initial CNS Tumor	Solid Tissue	NA	Embryonal tumor	Medulloblastoma	MB, Group3	NA	Medulloblastoma	medulloblastoma, non-wnt/non-shh	Cerebellum/Posterior Fossa	Posterior fossa	Gross/Near total resection	poly-A stranded	5025	Reported Unknown	Not Available	Female	Female	None documented	Medulloblastoma	#a340ff	Yes	EAS	Not Reported	Not Applicable	Not Reported	LIVING	NO EVENT
BS_SAA624A4	PT_EG7PH32E	PBTA	CBTN	C476010	PT_EG7PH32E_7316-2144_Solid Tissue_Initial CNS Tumor	7316-2144	Tumor	Initial CNS Tumor	Solid Tissue	NA	Ependymal tumor	Ependymoma	EPN, SP	EPN, SP	Ependymoma	ependymoma who grade ii	Spinal Cord- Lumbar/Thecal Sac	Spine	Gross/Near total resection	stranded	4357	White	Not Hispanic or Latino	Male	Male	Neurofibromatosis, Type 2 (NF-2)	Ependymoma	#2200ff	Yes	EUR	1154	Progressive	2910	LIVING	EVENT
BS_SAQGQ09J	PT_TJJF9JT8	PBTA	CBTN	C148215	PT_TJJF9JT8_7316-685_Solid Tissue_Initial CNS Tumor	7316-685	Tumor	Initial CNS Tumor	Solid Tissue	NA	Embryonal tumor	Atypical Teratoid Rhabdoid Tumor	ATRT, To be classified	NA	Atypical Teratoid Rhabdoid Tumor (ATRT)	atrt	Frontal Lobe;Parietal Lobe	Hemispheric	Partial resection	poly-A stranded	202	White	Not Hispanic or Latino	Female	NA	None documented	Atypical Teratoid Rhabdoid Tumor	#4d0d85	Yes	NA	3302	Not Applicable	3302	LIVING	NO EVENT
BS_SB0GXSZA	PT_ZZRBX5JT	PBTA	PBTA-X01-FY22	C121647	PT_ZZRBX5JT_7316-4423_Solid Tissue_Progressive	7316-4423	Tumor	Progressive	Solid Tissue	NA	Ependymal tumor	Ependymoma	EPN, PF A	EPN, PF A	Ependymoma	metastatic ependymoma	Spinal Cord- Lumbar/Thecal Sac;Temporal Lobe	Mixed	Partial resection	poly-A stranded	1878	White	Not Hispanic or Latino	Female	Female	None documented	Ependymoma	#2200ff	No	EUR	789	Recurrence	1963	LIVING	EVENT
BS_SB12W1XT	PT_3AWKWXEV	PBTA	HOPE	C28290	PT_3AWKWXEV_7316-85_Solid Tissue_Initial CNS Tumor	7316-85	Tumor	Initial CNS Tumor	Solid Tissue	NA	Diffuse astrocytic and oligodendroglial tumor	Pleomorphic xanthoastrocytoma	HGG, PXA	HGG, PXA	High-grade glioma/astrocytoma (WHO grade III/IV)	glioblastoma multiforme	Temporal Lobe	Hemispheric	Gross/Near total resection	stranded	919	White	Not Available	Male	Male	None documented	Other high-grade glioma	#ffccf5	No	EUR	515	Deceased-due to disease	515	DECEASED	EVENT
BS_SBFNFZ8B	PT_1EB5KHZX	PBTA	CBTN	C291387	PT_1EB5KHZX_7316-1076_Solid Tissue_Initial CNS Tumor	7316-1076	Tumor	Initial CNS Tumor	Solid Tissue	NA	Pre-cancerous lesion	NA	NA	NA	Dysplasia/Gliosis	cortical dysplasia	Temporal Lobe	Hemispheric	Unavailable	stranded	666	White	Not Hispanic or Latino	Female	Female	None documented	Non-neoplastic tumor	#FFF5EB	Yes	EUR	Not Reported	Not Applicable	Not Reported	LIVING	NO EVENT
BS_SBMCD7XZ	PT_C9AY9KQF	PBTA	PBTA-X01-FY22	C2476974	PT_C9AY9KQF_7316-5329_Solid Tissue_Progressive	7316-5329	Tumor	Progressive	Solid Tissue	NA	Diffuse astrocytic and oligodendroglial tumor	High-grade glioma	HGG, H3 wildtype	NA	High-grade glioma/astrocytoma (WHO grade III/IV)	recurrent/residual glioma with trim24 - met (nm_000245.3) fusion and gain of chromosome 7, who grade iii	Frontal Lobe;Parietal Lobe;Ventricles	Mixed	Gross/Near total resection	poly-A stranded	154	White	Not Hispanic or Latino	Female	Female	None documented	Other high-grade glioma	#ffccf5	No	EUR	Not Reported	Progressive	1483	LIVING	EVENT
BS_SC3JDTD9	PT_HFQNKP5X	PBTA	PBTA-X01-FY22	C182778	PT_HFQNKP5X_7316-4062_Solid Tissue_Deceased	7316-4062	Tumor	Deceased	Solid Tissue	NA	Chordoma	Chordoma	CHDM, poorly differentiated	NA	Chordoma	clivus chordoma	Skull	Other	NA	poly-A stranded	1625	Reported Unknown	Hispanic or Latino	Female	Female	None documented	Mesenchymal tumor	#7fbf00	No	EUR	28	Progressive	1155	DECEASED	EVENT
BS_SD4SNCCX	PT_0DWRY9ZX	PBTA	PBTA-X01-FY22	C960999	PT_0DWRY9ZX_7316-1017_Solid Tissue_Recurrence	7316-1017	Tumor	Recurrence	Solid Tissue	NA	Embryonal tumor	Medulloblastoma	MB, Group4	MB, Group4	Medulloblastoma	anaplastic/large cell medulloblastoma who grade iv	Frontal Lobe	Hemispheric	Gross/Near total resection	poly-A stranded	3804	White	Not Hispanic or Latino	Male	Male	None documented	Medulloblastoma	#a340ff	No	EUR	1049	Recurrence - Metastatic	3293	DECEASED	EVENT
BS_SD8YBRBR	PT_TPDB1WC8	PBTA	HOPE	C799746	PT_TPDB1WC8_7316-2777_Solid Tissue_Initial CNS Tumor	7316-2777	Tumor	Initial CNS Tumor	Solid Tissue	NA	Diffuse astrocytic and oligodendroglial tumor	High-grade glioma	HGG, H3 wildtype	NA	High-grade glioma/astrocytoma (WHO grade III/IV)	glioblastoma who grade iv	Occipital Lobe;Parietal Lobe;Temporal Lobe	Hemispheric	Partial resection	stranded	1693	Black or African American	Not Hispanic or Latino	Male	NA	None documented	Other high-grade glioma	#ffccf5	Yes	NA	398	Progressive - Metastatic	403	DECEASED	EVENT
BS_SDA4RMMG	PT_EW604JB3	PBTA	CBTN	C149322	PT_EW604JB3_7316-1134_Solid Tissue_Initial CNS Tumor	7316-1134	Tumor	Initial CNS Tumor	Solid Tissue	NA	Low-grade astrocytic tumor	Low-grade glioma	LGG, KIAA1549-BRAF	NA	Low-grade glioma/astrocytoma (WHO grade I/II)	pilocytic astrocytoma, who grade i	Cerebellum/Posterior Fossa	Posterior fossa	Gross/Near total resection	stranded	1244	White	Not Hispanic or Latino	Female	Female	None documented	Low-grade glioma	#8f8fbf	Yes	EUR	Not Reported	Not Applicable	Not Reported	LIVING	NO EVENT
BS_SDCNP7MW	PT_3KWSRWZN	PBTA	CBTN	C686955	PT_3KWSRWZN_7316-2648_Solid Tissue_Initial CNS Tumor	7316-2648	Tumor	Initial CNS Tumor	Solid Tissue	NA	Ependymal tumor	Ependymoma	EPN, PF B	EPN, PF B	Ependymoma	ependymoma	Ventricles	Ventricles	Gross/Near total resection	stranded	4590	White	Not Hispanic or Latino	Male	Male	None documented	Ependymoma	#2200ff	Yes	EUR	1875	Not Applicable	1875	LIVING	NO EVENT
BS_SDZY6RZ3	PT_5GQ76YZJ	PBTA	CBTN	C37638	PT_5GQ76YZJ_7316-168_Solid Tissue_Initial CNS Tumor	7316-168	Tumor	Initial CNS Tumor	Solid Tissue	NA	Low-grade astrocytic tumor	Low-grade glioma	LGG, KIAA1549-BRAF	NA	Low-grade glioma/astrocytoma (WHO grade I/II)	pilocytic astrocytoma	Cerebellum/Posterior Fossa	Posterior fossa	Gross/Near total resection	stranded	1933	White	Not Hispanic or Latino	Male	Male	None documented	Low-grade glioma	#8f8fbf	Yes	EUR	1100	Not Applicable	1100	LIVING	NO EVENT
BS_SES41DAX	PT_GKSABESN	PBTA	CBTN	C970716	PT_GKSABESN_7316-3485_Solid Tissue_Initial CNS Tumor	7316-3485	Tumor	Initial CNS Tumor	Solid Tissue	NA	Choroid plexus tumor	Choroid plexus tumor	NA	NA	Choroid plexus papilloma	chroid plexus papillomia, who grade 1	Ventricles	Ventricles	Gross/Near total resection	stranded	108	Reported Unknown	Not Available	Male	Male	None documented	Choroid plexus tumor	#00441B	Yes	EUR	1584	Not Applicable	1584	LIVING	NO EVENT
BS_SFKZSJN1	PT_409Y4N1N	PBTA	CBTN	C28659	PT_409Y4N1N_7316-84_Solid Tissue_Initial CNS Tumor	7316-84	Tumor	Initial CNS Tumor	Solid Tissue	NA	Low-grade astrocytic tumor	Low-grade glioma	LGG, KIAA1549-BRAF	NA	Low-grade glioma/astrocytoma (WHO grade I/II)	astrocytoma with fibrillary and pilocytic features who ii fields and focal calcification ih	Cerebellum/Posterior Fossa	Posterior fossa	Gross/Near total resection	stranded	4334	White	Not Hispanic or Latino	Male	Male	None documented	Low-grade glioma	#8f8fbf	Yes	EUR	968	Not Applicable	968	LIVING	NO EVENT
BS_SFRQXM76	PT_DPVW4M1W	PBTA	CBTN	C855711	PT_DPVW4M1W_7316-2271_Solid Tissue_Recurrence	7316-2271	Tumor	Recurrence	Solid Tissue	NA	Mesenchymal non-meningothelial tumor	Sarcoma	NA	NA	Sarcoma	osteoblastic osteosarcoma	Temporal Lobe	Hemispheric	Gross/Near total resection	stranded	4110	White	Not Hispanic or Latino	Female	Female	Li-Fraumeni syndrome (TP53)	Mesenchymal tumor	#7fbf00	No	EAS	3707	Second Malignancy	6397	DECEASED	EVENT
BS_SH2S6SFN	PT_M1PAR2KC	PBTA	PBTA-X01-FY22	C2498130	PT_M1PAR2KC_7316-5460_Solid Tissue_Recurrence	7316-5460	Tumor	Recurrence	Solid Tissue	NA	Low-grade astrocytic tumor	Low-grade glioma	LGG, FGFR	NA	Low-grade glioma/astrocytoma (WHO grade I/II)	low-grade glioma	Spinal Cord- Cervical	Spine	Unavailable	poly-A stranded	1487	Reported Unknown	Not Hispanic or Latino	Female	Female	None documented	Low-grade glioma	#8f8fbf	No	EUR	350	Recurrence	350	LIVING	EVENT
BS_SHJA4MR0	PT_Z4BF2NSB	PBTA	HOPE	C34809	PT_Z4BF2NSB_7316-161_Solid Tissue_Initial CNS Tumor	7316-161	Tumor	Initial CNS Tumor	Solid Tissue	NA	Diffuse astrocytic and oligodendroglial tumor	High-grade glioma	HGG, H3 wildtype, TP53	NA	High-grade glioma/astrocytoma (WHO grade III/IV)	glioblastome multiforme who iv	Temporal Lobe	Hemispheric	Gross/Near total resection	stranded	5908	Reported Unknown	Hispanic or Latino	Male	Male	None documented	Other high-grade glioma	#ffccf5	No	AMR	2369	Recurrence	2561	DECEASED	EVENT
BS_SHKBM12T	PT_CYBYN18G	PBTA	PBTA-X01-FY22	C743412	PT_CYBYN18G_7316-3502_Solid Tissue_Recurrence	7316-3502	Tumor	Recurrence	Solid Tissue	NA	Ependymal tumor	Ependymoma	EPN, ST ZFTA	EPN, ST ZFTA	Ependymoma	recurrent rela-fusion positive ependymoma, who grade 3	Parietal Lobe	Hemispheric	Gross/Near total resection	poly-A stranded	3474	White	Not Hispanic or Latino	Male	Male	Neurofibromatosis, Type 1 (NF-1)	Ependymoma	#2200ff	No	EUR	Not Reported	Recurrence	Not Reported	NA	EVENT
BS_SHMC4902	PT_TPSMT960	PBTA	CBTN	C78966	PT_TPSMT960_7316-400_Solid Tissue_Initial CNS Tumor	7316-400	Tumor	Initial CNS Tumor	Solid Tissue	NA	Low-grade astrocytic tumor	Low-grade glioma	LGG, KIAA1549-BRAF	NA	Low-grade glioma/astrocytoma (WHO grade I/II)	astrocytoma, pilocytic type	Cerebellum/Posterior Fossa	Posterior fossa	Partial resection	stranded	637	White	Not Hispanic or Latino	Female	Female	None documented	Low-grade glioma	#8f8fbf	Yes	EUR	1522	Not Applicable	1522	LIVING	NO EVENT
BS_SJ0HXCD0	PT_KPRN3JFV	PBTA	PBTA-X01-FY22	C2666271	PT_KPRN3JFV_7316-6141_Solid Tissue_Initial CNS Tumor	7316-6141	Tumor	Initial CNS Tumor	Solid Tissue	NA	Low-grade astrocytic tumor	Low-grade glioma	LGG, FGFR	NA	Low-grade glioma/astrocytoma (WHO grade I/II)	pilocytic astrocytoma with elevated proliferation	Temporal Lobe	Hemispheric	Gross/Near total resection	poly-A stranded	5131	White	Not Hispanic or Latino	Male	Male	None documented	Low-grade glioma	#8f8fbf	Yes	EUR	584	Not Applicable	584	LIVING	NO EVENT
BS_SJVTZ5TH	PT_E1PVSFZR	PBTA	CBTN	C122754	PT_E1PVSFZR_7316-543_Solid Tissue_Initial CNS Tumor	7316-543	Tumor	Initial CNS Tumor	Solid Tissue	NA	Diffuse astrocytic and oligodendroglial tumor	Diffuse midline glioma	DMG, H3 K28	DMG, H3 K28	Brainstem glioma- Diffuse intrinsic pontine glioma	high grade astrocytoma, who gr 3-4	Brain Stem- Pons;Cerebellum/Posterior Fossa	Mixed	Biopsy only	poly-A stranded	2104	White	Not Hispanic or Latino	Female	NA	None documented	DIPG or DMG	#ff40d9	Yes	NA	1056	Deceased-due to disease	1056	DECEASED	EVENT
BS_SK70BMS6	PT_HJMP6PH2	PBTA	PBTA-X01-FY22	C42804	PT_HJMP6PH2_7316-4768_Solid Tissue_Deceased	7316-4768	Tumor	Deceased	Solid Tissue	NA	Mesenchymal non-meningothelial tumor	Ewing sarcoma	EWS	NA	Ewings Sarcoma	ewing's sarcoma	Brain Stem-Medulla;Brain Stem- Pons;Cerebellum/Posterior Fossa;Hippocampus;Spinal Cord- Cervical;Spinal Cord- Lumbar/Thecal Sac;Spinal Cord- Thoracic	Mixed	NA	poly-A stranded	880	White	Not Hispanic or Latino	Male	Male	None documented	Mesenchymal tumor	#7fbf00	No	EUR	1710	Recurrence	1997	DECEASED	EVENT
BS_SKGJ5SY9	PT_D1WJ3BJX	PBTA	CBTN	C75399	PT_D1WJ3BJX_7316-358_Solid Tissue_Initial CNS Tumor	7316-358	Tumor	Initial CNS Tumor	Solid Tissue	NA	Embryonal tumor	Medulloblastoma	MB, Group3	NA	Medulloblastoma	medulloblastoma	Cerebellum/Posterior Fossa	Posterior fossa	Gross/Near total resection	stranded	5620	Reported Unknown	Hispanic or Latino	Male	Male	None documented	Medulloblastoma	#a340ff	Yes	AMR	398	Recurrence - Metastatic	580	DECEASED	EVENT
BS_SM8VQFPD	PT_5KP2E0DS	PBTA	CBTN	C975267	PT_5KP2E0DS_7316-3936_Solid Tissue_Initial CNS Tumor	7316-3936	Tumor	Initial CNS Tumor	Solid Tissue	NA	Neuronal and mixed neuronal-glial tumor	Dysembryoplastic neuroepithelial tumor	NA	NA	Dysembryoplastic neuroepithelial tumor (DNET)	dnet	Frontal Lobe	Hemispheric	Gross/Near total resection	stranded	5871	Black or African American	Not Hispanic or Latino	Male	Male	None documented	Mixed neuronal-glial tumor	#685815	Yes	AFR	1720	Not Applicable	1720	LIVING	NO EVENT
BS_SMWQR2F1	PT_DA92GG3W	PBTA	CBTN	C885354	PT_DA92GG3W_7316-3200_Solid Tissue_Deceased	7316-3200	Tumor	Deceased	Solid Tissue	NA	Diffuse astrocytic and oligodendroglial tumor	Diffuse midline glioma	DMG, H3 K28	DMG, H3 K28	Brainstem glioma- Diffuse intrinsic pontine glioma	dipg	Brain Stem- Pons	Midline	NA	poly-A stranded	3109	White	Not Hispanic or Latino	Male	NA	None documented	DIPG or DMG	#ff40d9	No	NA	121	Progressive	367	DECEASED	EVENT
BS_SN3HBR1A	PT_D7FS86D8	PBTA	PBTA-X01-FY22	C573918	PT_D7FS86D8_7316-1862_Solid Tissue_Initial CNS Tumor	7316-1862	Tumor	Initial CNS Tumor	Solid Tissue	NA	Benign tumor	NA	NA	NA	Other	epidermoid cyst	Cerebellum/Posterior Fossa	Posterior fossa	Gross/Near total resection	poly-A stranded	5410	White	Not Available	Female	Female	None documented	Non-neoplastic tumor	#FFF5EB	Yes	EUR	Not Reported	Not Applicable	Not Reported	LIVING	NO EVENT
BS_SNVM7CZT	PT_H2HT2WQX	PBTA	HOPE	C119310	PT_H2HT2WQX_7316-619_Solid Tissue_Initial CNS Tumor	7316-619	Tumor	Initial CNS Tumor	Solid Tissue	NA	Diffuse astrocytic and oligodendroglial tumor	High-grade glioma	HGG, H3 wildtype	NA	High-grade glioma/astrocytoma (WHO grade III/IV)	gbm	Frontal Lobe	Hemispheric	Unavailable	poly-A stranded	1292	Reported Unknown	Not Available	Female	NA	None documented	Other high-grade glioma	#ffccf5	Yes	NA	Not Reported	Not Applicable	Not Reported	LIVING	NO EVENT
BS_SNWRBH0J	PT_FH0TJ5P2	PBTA	PBTA-X01-FY22	C60393	PT_FH0TJ5P2_7316-212_Derived Cell Line_Recurrence_Serum-based_6	7316-212	Tumor	Recurrence	Derived Cell Line	Serum-based	Diffuse astrocytic and oligodendroglial tumor	High-grade glioma	HGG, H3 wildtype	NA	High-grade glioma/astrocytoma (WHO grade III/IV)	gbm (who grade iv)	Frontal Lobe	Hemispheric	Partial resection	poly-A stranded	3154	White	Not Hispanic or Latino	Female	Female	None documented	Other high-grade glioma	#ffccf5	No	EUR	3542	Recurrence	5274	DECEASED	EVENT
BS_SQ6ZN982	PT_7G7G1B27	PBTA	Oligo	C2439828	PT_7G7G1B27_7316UP-3249_Solid Tissue_Recurrence	7316UP-3249	Tumor	Recurrence	Solid Tissue	NA	Diffuse astrocytic and oligodendroglial tumor	Oligodendroglioma	NA	NA	Oligodendroglioma	NA	Cerebrum	Hemispheric	NA	stranded	11742	White	Hispanic or Latino	Male	Male	None documented	Oligodendroglioma	tan	No	AMR	NA	NA	NA	NA	NO EVENT
BS_SQERZ97M	PT_WDC7N2SE	PBTA	PBTA-X01-FY22	C3544860	PT_WDC7N2SE_7316-6597_Solid Tissue_Initial CNS Tumor	7316-6597	Tumor	Initial CNS Tumor	Solid Tissue	NA	Low-grade astrocytic tumor	Low-grade glioma	LGG, wildtype	NA	Low-grade glioma/astrocytoma (WHO grade I/II)	low grade glioma	Brain Stem-Medulla;Brain Stem- Pons	Midline	Biopsy only	poly-A stranded	3038	White	Not Hispanic or Latino	Female	Female	None documented	Low-grade glioma	#8f8fbf	Yes	EUR	454	Not Applicable	454	LIVING	NO EVENT
BS_SQX5E15Z	PT_1N6ATKJS	PBTA	CBTN	C735540	PT_1N6ATKJS_7316-2725_Solid Tissue_Progressive	7316-2725	Tumor	Progressive	Solid Tissue	NA	Low-grade astrocytic tumor	Low-grade glioma	LGG, BRAF V600E	NA	Low-grade glioma/astrocytoma (WHO grade I/II)	pilomyxoid astrocytoma	Parietal Lobe;Temporal Lobe	Hemispheric	Partial resection	stranded	4275	White	Not Hispanic or Latino	Female	Female	None documented	Low-grade glioma	#8f8fbf	No	EUR	665	Progressive	3353	LIVING	EVENT
BS_SR2M85RQ	PT_K2FGJ1X7	PBTA	PBTA-X01-FY22	C2568609	PT_K2FGJ1X7_7316-3726_Solid Tissue_Initial CNS Tumor	7316-3726	Tumor	Initial CNS Tumor	Solid Tissue	NA	Embryonal tumor	Medulloblastoma	MB, Group4	MB, Group4	Medulloblastoma	classic medulloblastoma who grade iv	Cerebellum/Posterior Fossa	Posterior fossa	Gross/Near total resection	poly-A stranded	3061	White	Not Available	Male	Male	None documented	Medulloblastoma	#a340ff	Yes	EAS	1190	Not Applicable	1190	LIVING	NO EVENT
BS_SR2RGDXJ	PT_DKMVGV69	PBTA	PBTA-X01-FY22	C3986799	PT_DKMVGV69_7316-9845_Solid Tissue_Deceased	7316-9845	Tumor	Deceased	Solid Tissue	NA	Diffuse astrocytic and oligodendroglial tumor	Diffuse midline glioma	DMG, H3 K28	DMG, H3 K28	Brainstem glioma- Diffuse intrinsic pontine glioma	dipg (unbiopsied)	Brain Stem- Pons	Midline	NA	poly-A stranded	2379	Reported Unknown	Not Available	Unknown	Male	Not Reported	DIPG or DMG	#ff40d9	No	AFR	Not Reported	Deceased-due to disease	Not Reported	NA	EVENT
BS_SSDK1WW1	PT_FH0TD11J	PBTA	PBTA-X01-FY22	C2898741	PT_FH0TD11J_7316-6978_Solid Tissue_Recurrence	7316-6978	Tumor	Recurrence	Solid Tissue	NA	Tumors of sellar region	Adamantinomatous Craniopharyngioma	CRANIO, ADAM	NA	Craniopharyngioma	adamantinomatous craniopharyngioma, who grade i	Suprasellar/Hypothalamic/Pituitary	Suprasellar	Gross/Near total resection	poly-A stranded	2023	Reported Unknown	Hispanic or Latino	Male	Male	None documented	Craniopharyngioma	#b2502d	No	AMR	487	Recurrence	1867	LIVING	EVENT
BS_ST8N3JBX	PT_504RJTMZ	PBTA	PBTA-X01-FY22	C1205892	PT_504RJTMZ_7316-4519_Solid Tissue_Initial CNS Tumor	7316-4519	Tumor	Initial CNS Tumor	Solid Tissue	NA	Benign tumor	NA	NA	NA	Other	giant cell tumor of bone	Skull	Other	Partial resection	poly-A stranded	4704	White	Not Hispanic or Latino	Female	Female	None documented	Non-neoplastic tumor	#FFF5EB	Yes	SAS	Not Reported	Not Applicable	Not Reported	LIVING	NO EVENT
BS_SV3YAAC1	PT_765TC2XG	PBTA	PBTA-X01-FY22	C654606	PT_765TC2XG_7316-1964_Solid Tissue_Initial CNS Tumor	7316-1964	Tumor	Initial CNS Tumor	Solid Tissue	NA	Ependymal tumor	Ependymoma	EPN, SP	EPN, SP	Ependymoma	ependymoma, grade ii	Spine NOS	Spine	Unavailable	poly-A stranded	4990	White	Not Hispanic or Latino	Female	Female	None documented	Ependymoma	#2200ff	Yes	EUR	Not Reported	Not Applicable	Not Reported	LIVING	NO EVENT
BS_SVAPR74G	PT_DY2GNA83	PBTA	PBTA-X01-FY22	C3474996	PT_DY2GNA83_7316-8419_Solid Tissue_Deceased	7316-8419	Tumor	Deceased	Solid Tissue	NA	Embryonal tumor	Medulloblastoma	MB, SHH	MB, SHH	Medulloblastoma	recurrent medulloblastoma	Cerebellum/Posterior Fossa;Skull	Mixed	NA	poly-A stranded	6821	White	Not Hispanic or Latino	Male	Male	None documented	Medulloblastoma	#a340ff	No	EUR	1045	Progressive	2486	DECEASED	EVENT
BS_SVBQN72V	PT_D6AJHDST	PBTA	PBTA-X01-FY22	C2314122	PT_D6AJHDST_7316-9039_Solid Tissue_Progressive	7316-9039	Tumor	Progressive	Solid Tissue	NA	Ependymal tumor	Ependymoma	EPN, PF A	EPN, PF A	Ependymoma	posterior fossa ependymoma group pfa, residual recurrent	Cerebellum/Posterior Fossa;Meninges/Dura	Mixed	Partial resection	poly-A stranded	215	White	Not Hispanic or Latino	Male	Male	None documented	Ependymoma	#2200ff	No	EUR	514	Recurrence	2037	DECEASED	EVENT
BS_SW8C9Y5Y	PT_8THZRP0B	PBTA	PBTA-X01-FY22	C2424822	PT_8THZRP0B_7316-4275_Solid Tissue_Initial CNS Tumor	7316-4275	Tumor	Initial CNS Tumor	Solid Tissue	NA	Low-grade astrocytic tumor	Ganglioglioma	GNG, BRAF V600E	NA	Ganglioglioma	ganglioglioma who grade i/ii	Cerebellum/Posterior Fossa	Posterior fossa	Partial resection	poly-A stranded	3142	White	Not Hispanic or Latino	Female	Female	None documented	Mixed neuronal-glial tumor	#685815	Yes	EUR	1955	Not Applicable	1955	LIVING	NO EVENT
BS_SW9Z10F9	PT_9Z1FS69W	PBTA	PBTA-X01-FY22	C965919	PT_9Z1FS69W_7316-3155_Solid Tissue_Initial CNS Tumor	7316-3155	Tumor	Initial CNS Tumor	Solid Tissue	NA	Diffuse astrocytic and oligodendroglial tumor	Diffuse midline glioma	DMG, H3 K28, TP53	NA	High-grade glioma/astrocytoma (WHO grade III/IV)	diffuse midline glioma, h3 k27 mutant, who grade iv	Brain Stem- Midbrain/Tectum	Midline	Gross/Near total resection	poly-A stranded	2340	Asian	Not Hispanic or Latino	Female	Female	None documented	DIPG or DMG	#ff40d9	Yes	EAS	693	Deceased-due to disease	693	DECEASED	EVENT
BS_SWRH6FKE	PT_6XT5HH0S	PBTA	PBTA-X01-FY22	C3860232	PT_6XT5HH0S_7316-9450_Solid Tissue_Initial CNS Tumor	7316-9450	Tumor	Initial CNS Tumor	Solid Tissue	NA	Embryonal tumor	Medulloblastoma	MB, SHH	NA	Medulloblastoma	medulloblastoma, shh subgroup (by ihc)	Cerebellum/Posterior Fossa	Posterior fossa	Gross/Near total resection	poly-A stranded	1366	White	Not Hispanic or Latino	Male	Male	None documented	Medulloblastoma	#a340ff	Yes	EUR	1210	Recurrence	1210	LIVING	EVENT
BS_SXCZ3CXN	PT_CMB6TASJ	PBTA	CBTN	C104673	PT_CMB6TASJ_7316-505_Solid Tissue_Progressive	7316-505	Tumor	Progressive	Solid Tissue	NA	Embryonal tumor	CNS Embryonal tumor	CNS Embryonal, NOS	NA	Supratentorial or Spinal Cord PNET	residual primitive neuroectodermal tumor (pnet), who grade iv	Parietal Lobe;Temporal Lobe;Ventricles	Mixed	Gross/Near total resection	stranded	702	More Than One Race	Not Hispanic or Latino	Female	Female	None documented	Other CNS embryonal tumor	#b08ccf	No	AMR	70	Progressive	435	LIVING	EVENT
BS_SXM30B9W	PT_3AWKWXEV	PBTA	PBTA-X01-FY22	C28290	PT_3AWKWXEV_7316-85_Derived Cell Line_Initial CNS Tumor_Serum-free_14	7316-85	Tumor	Initial CNS Tumor	Derived Cell Line	Serum-free	Diffuse astrocytic and oligodendroglial tumor	High-grade glioma	HGG, H3 wildtype, TP53	NA	High-grade glioma/astrocytoma (WHO grade III/IV)	glioblastoma multiforme	Temporal Lobe	Hemispheric	Gross/Near total resection	poly-A stranded	919	White	Not Available	Male	Male	None documented	Other high-grade glioma	#ffccf5	No	EUR	515	Deceased-due to disease	515	DECEASED	EVENT
BS_SXRS2P6T	PT_7YGZ526E	PBTA	CBTN	C704544	PT_7YGZ526E_7316-1978_Solid Tissue_Initial CNS Tumor	7316-1978	Tumor	Initial CNS Tumor	Solid Tissue	NA	Low-grade astrocytic tumor	Low-grade glioma	LGG, KIAA1549-BRAF, RTK	NA	Low-grade glioma/astrocytoma (WHO grade I/II)	pilocytic astrocytoma (who ii)	Cerebellum/Posterior Fossa	Posterior fossa	Gross/Near total resection	stranded	1168	White	Not Hispanic or Latino	Female	Female	None documented	Low-grade glioma	#8f8fbf	Yes	EUR	Not Reported	Not Applicable	Not Reported	LIVING	NO EVENT
BS_SYC1C6GN	PT_7KN71GBN	PBTA	CBTN	C3521244	PT_7KN71GBN_7316-8550_Solid Tissue_Initial CNS Tumor	7316-8550	Tumor	Initial CNS Tumor	Solid Tissue	NA	Embryonal tumor	Atypical Teratoid Rhabdoid Tumor	ATRT, SHH	ATRT, SHH	Atypical Teratoid Rhabdoid Tumor (ATRT)	atypical teratoid rhabdoid tumor, who grade iv	Cerebellum/Posterior Fossa	Posterior fossa	Biopsy only	poly-A stranded	68	Black or African American	Not Hispanic or Latino	Female	NA	None documented	Atypical Teratoid Rhabdoid Tumor	#4d0d85	Yes	NA	185	Progressive - Metastatic	185	LIVING	EVENT
BS_T0MXH2CA	PT_WESDNVM3	PBTA	PBTA-X01-FY22	C753744	PT_WESDNVM3_7316-2786_Solid Tissue_Initial CNS Tumor	7316-2786	Tumor	Initial CNS Tumor	Solid Tissue	NA	Low-grade astrocytic tumor	Low-grade glioma	LGG, KIAA1549-BRAF	NA	Low-grade glioma/astrocytoma (WHO grade I/II)	pilomyxoid astrocytoma (who grade 2)	Optic Pathway	Optic pathway	Biopsy only	poly-A stranded	173	White	Hispanic or Latino	Female	Female	None documented	Low-grade glioma	#8f8fbf	Yes	AMR	749	Progressive	3739	LIVING	EVENT
BS_T0RKFEKR	PT_AYVKQZRB	PBTA	CBTN	C118449	PT_AYVKQZRB_7316-612_Solid Tissue_Initial CNS Tumor	7316-612	Tumor	Initial CNS Tumor	Solid Tissue	NA	Low-grade astrocytic tumor	Low-grade glioma	LGG, KIAA1549-BRAF	NA	Low-grade glioma/astrocytoma (WHO grade I/II)	juvenile pilocytic astrocytoma	Cerebellum/Posterior Fossa	Posterior fossa	Unavailable	stranded	5247	Reported Unknown	Not Available	Male	NA	None documented	Low-grade glioma	#8f8fbf	Yes	NA	Not Reported	Not Applicable	Not Reported	LIVING	NO EVENT
BS_T11NFKSD	PT_DJE2JDYR	PBTA	PBTA-X01-FY22	C2581893	PT_DJE2JDYR_7316-4541_Solid Tissue_Initial CNS Tumor	7316-4541	Tumor	Initial CNS Tumor	Solid Tissue	NA	Low-grade astrocytic tumor	Subependymal Giant Cell Astrocytoma	SEGA, wildtype	NA	Subependymal Giant Cell Astrocytoma (SEGA)	sega	Ventricles	Ventricles	Gross/Near total resection	poly-A stranded	4198	Reported Unknown	Not Available	Female	Female	None documented	Low-grade glioma	#8f8fbf	Yes	EUR	Not Reported	Not Applicable	Not Reported	LIVING	NO EVENT
BS_T1DVKKJB	PT_JP1FDKN9	PBTA	CBTN	C253872	PT_JP1FDKN9_7316-2959_Solid Tissue_Initial CNS Tumor	7316-2959	Tumor	Initial CNS Tumor	Solid Tissue	NA	Ependymal tumor	Ependymoma	EPN, ST ZFTA	EPN, ST ZFTA	Ependymoma	ependymoma	Frontal Lobe	Hemispheric	Gross/Near total resection	stranded	3143	White	Not Hispanic or Latino	Female	Female	None documented	Ependymoma	#2200ff	Yes	EUR	4163	Recurrence	4285	LIVING	EVENT
BS_T1E7SHBZ	PT_5N73426S	PBTA	CBTN	C2482017	PT_5N73426S_7316-6182_Solid Tissue_Progressive	7316-6182	Tumor	Progressive	Solid Tissue	NA	Diffuse astrocytic and oligodendroglial tumor	High-grade glioma	HGG, To be classified	NA	High-grade glioma/astrocytoma (WHO grade III/IV);Oligodendroglioma	mixed malignant glioma, oligodendroglioma,  type b and moderately anaplastic astrocytoma	Spinal Cord- Lumbar/Thecal Sac;Spinal Cord- Thoracic	Spine	Gross/Near total resection	poly-A stranded	5639	White	Not Hispanic or Latino	Female	NA	None documented	Other high-grade glioma	#ffccf5	No	NA	87	Progressive	87	LIVING	EVENT
BS_T1QMEH1N	PT_EXJAEW1M	PBTA	CBTN	C43050	PT_EXJAEW1M_7316-188_Solid Tissue_Initial CNS Tumor	7316-188	Tumor	Initial CNS Tumor	Solid Tissue	NA	Tumors of sellar region	Craniopharyngioma	CRANIO, To be classified	NA	Craniopharyngioma	xanthogranuloma	Suprasellar/Hypothalamic/Pituitary	Suprasellar	Gross/Near total resection	stranded	5448	White	Not Hispanic or Latino	Male	Male	None documented	Craniopharyngioma	#b2502d	Yes	EUR	1473	Not Applicable	1473	LIVING	NO EVENT
BS_T1W4JA94	PT_QT9T89S5	PBTA	CBTN	C18204	PT_QT9T89S5_7316-297_Solid Tissue_Initial CNS Tumor	7316-297	Tumor	Initial CNS Tumor	Solid Tissue	NA	Low-grade astrocytic tumor	Low-grade glioma	LGG, KIAA1549-BRAF	NA	Low-grade glioma/astrocytoma (WHO grade I/II)	pilocytic astrocytoma (who grade i)	Suprasellar/Hypothalamic/Pituitary	Suprasellar	Partial resection	stranded	480	Reported Unknown	Not Available	Female	Female	None documented	Low-grade glioma	#8f8fbf	Yes	SAS	864	Progressive	3861	LIVING	EVENT
BS_T1YHK6B7	PT_DNH1VP67	PBTA	CBTN	C191265	PT_DNH1VP67_7316-1062_Solid Tissue_Deceased	7316-1062	Tumor	Deceased	Solid Tissue	NA	Diffuse astrocytic and oligodendroglial tumor	Diffuse midline glioma	DMG, H3 K28	DMG, H3 K28	High-grade glioma/astrocytoma (WHO grade III/IV)	not reported	Brain Stem-Medulla;Brain Stem- Midbrain/Tectum;Brain Stem- Pons;Cerebellum/Posterior Fossa	Mixed	NA	stranded	1976	Reported Unknown	Not Available	Male	NA	None documented	DIPG or DMG	#ff40d9	No	NA	248	Deceased-due to disease	248	DECEASED	EVENT
BS_T289QKBV	PT_YSYNKHAE	PBTA	HOPE	C2337123	PT_YSYNKHAE_7316-4466_Solid Tissue_Initial CNS Tumor	7316-4466	Tumor	Initial CNS Tumor	Solid Tissue	NA	Diffuse astrocytic and oligodendroglial tumor	Pleomorphic xanthoastrocytoma	HGG, PXA	HGG, PXA	High-grade glioma/astrocytoma (WHO grade III/IV)	anaplastic pleomorphic xanthoastrocytoma, who grade 3	Temporal Lobe	Hemispheric	Gross/Near total resection	poly-A stranded	3838	White	Not Hispanic or Latino	Male	Male	None documented	Other high-grade glioma	#ffccf5	Yes	EUR	2042	Recurrence	2133	LIVING	EVENT
BS_T2F48Z4E	PT_1FQFJ0V1	PBTA	HOPE	C1274034	PT_1FQFJ0V1_7316-5087_Solid Tissue_Initial CNS Tumor	7316-5087	Tumor	Initial CNS Tumor	Solid Tissue	NA	Diffuse astrocytic and oligodendroglial tumor	High-grade glioma	HGG, H3 wildtype	NA	High-grade glioma/astrocytoma (WHO grade III/IV)	malignant glioma with focal giant cell features, compatible with glioblastoma (who grade iv).	Basal Ganglia;Brain Stem- Midbrain/Tectum;Cerebellum/Posterior Fossa;Suprasellar/Hypothalamic/Pituitary;Thalamus	Mixed	Partial resection	stranded	3795	White	Not Hispanic or Latino	Male	Male	None documented	Other high-grade glioma	#ffccf5	Yes	EUR	269	Progressive	1303	LIVING	EVENT
BS_T2QPMZCM	PT_6VJ5PNKS	PBTA	CBTN	C584865	PT_6VJ5PNKS_7316-2174_Solid Tissue_Initial CNS Tumor	7316-2174	Tumor	Initial CNS Tumor	Solid Tissue	NA	Low-grade astrocytic tumor	Low-grade glioma	LGG, KIAA1549-BRAF	NA	Low-grade glioma/astrocytoma (WHO grade I/II)	low grade glioma	Cerebellum/Posterior Fossa	Posterior fossa	Gross/Near total resection	stranded	3979	White	Not Hispanic or Latino	Female	Female	None documented	Low-grade glioma	#8f8fbf	Yes	EUR	1874	Not Applicable	1874	LIVING	NO EVENT
BS_T2X8ZD79	PT_48WWMAAG	PBTA	PBTA-X01-FY22	C3400212	PT_48WWMAAG_7316-6662_Solid Tissue_Initial CNS Tumor	7316-6662	Tumor	Initial CNS Tumor	Solid Tissue	NA	Neuronal and mixed neuronal-glial tumor	Glial-neuronal tumor NOS	GNT, BRAF V600E	NA	Low-grade glioma/astrocytoma (WHO grade I/II)	low grade glial/glioneuronal tumor with braf v600e mutation	Hippocampus;Temporal Lobe	Mixed	Gross/Near total resection	poly-A stranded	760	Reported Unknown	Not Hispanic or Latino	Male	Male	None documented	Mixed neuronal-glial tumor	#685815	No	EUR	1707	Not Applicable	1707	LIVING	NO EVENT
BS_T3DGY9J9	PT_JSFBMK5V	PBTA	CBTN	C88806	PT_JSFBMK5V_7316-392_Solid Tissue_Initial CNS Tumor	7316-392	Tumor	Initial CNS Tumor	Solid Tissue	NA	Diffuse astrocytic and oligodendroglial tumor	Diffuse midline glioma	DMG, H3 K28	DMG, H3 K28	High-grade glioma/astrocytoma (WHO grade III/IV)	glioblastoma multiforme who iv	Thalamus	Midline	Partial resection	poly-A stranded	5653	White	Not Hispanic or Latino	Male	Male	None documented	DIPG or DMG	#ff40d9	Yes	EUR	581	Progressive - Metastatic	638	DECEASED	EVENT
BS_T3H5AY8A	PT_KMHGNCNR	PBTA	CBTN	C73062	PT_KMHGNCNR_7316-350_Solid Tissue_Initial CNS Tumor	7316-350	Tumor	Initial CNS Tumor	Solid Tissue	NA	Low-grade astrocytic tumor	Low-grade glioma	LGG, RTK, BRAF V600E	LGG, MAPK	Low-grade glioma/astrocytoma (WHO grade I/II)	low-grade glioma	Optic Pathway;Suprasellar/Hypothalamic/Pituitary	Mixed	Partial resection	stranded	95	Reported Unknown	Not Hispanic or Latino	Male	Male	None documented	Low-grade glioma	#8f8fbf	Yes	AMR	211	Progressive	1342	LIVING	EVENT
BS_T3ZJ9R2G	PT_4MQT24P4	PBTA	PBTA-X01-FY22	C3398367	PT_4MQT24P4_7316-6981_Solid Tissue_Initial CNS Tumor	7316-6981	Tumor	Initial CNS Tumor	Solid Tissue	NA	Tumor of pineal region	Pineoblastoma	PB, Group 2	PB, Group 2	Pineoblastoma	pineoblastoma, who grade iv	Suprasellar/Hypothalamic/Pituitary	Suprasellar	Gross/Near total resection	poly-A stranded	7559	White	Not Hispanic or Latino	Female	Female	Other inherited conditions NOS	#220040	5	Yes	EUR	356	Not Applicable	356	LIVING	NO EVENT
BS_T4JFN54G	PT_8XZY6MM1	PBTA	CBTN	C187083	PT_8XZY6MM1_7316-957_Solid Tissue_Initial CNS Tumor	7316-957	Tumor	Initial CNS Tumor	Solid Tissue	NA	Low-grade astrocytic tumor	Low-grade glioma	LGG, KIAA1549-BRAF, other MAPK	LGG, BRAF/MAPK	Low-grade glioma/astrocytoma (WHO grade I/II)	low-grade glioma	Cerebellum/Posterior Fossa	Posterior fossa	Gross/Near total resection	stranded	2810	White	Not Hispanic or Latino	Female	Female	None documented	Low-grade glioma	#8f8fbf	Yes	EUR	280	Not Applicable	280	LIVING	NO EVENT
BS_T4P3J13C	PT_N9KYV4WB	PBTA	CBTN	C406884	PT_N9KYV4WB_7316-749_Solid Tissue_Initial CNS Tumor	7316-749	Tumor	Initial CNS Tumor	Solid Tissue	NA	Ependymal tumor	Ependymoma	EPN, PF A	EPN, PF A	Ependymoma	ependymoma, who grade ii	Cerebellum/Posterior Fossa	Posterior fossa	Gross/Near total resection	stranded	334	White	Not Hispanic or Latino	Female	Female	None documented	Ependymoma	#2200ff	Yes	EUR	530	Recurrence	2495	LIVING	EVENT
BS_T55Y4Z0Y	PT_VBNP6JFB	PBTA	CBTN	C409098	PT_VBNP6JFB_7316-1095_Solid Tissue_Initial CNS Tumor	7316-1095	Tumor	Initial CNS Tumor	Solid Tissue	NA	Low-grade astrocytic tumor	Low-grade glioma	LGG, wildtype	NA	Low-grade glioma/astrocytoma (WHO grade I/II)	low-grade glioma/astrocytoma (who grade i/ii)	Cerebellum/Posterior Fossa	Posterior fossa	Gross/Near total resection	stranded	371	White	Not Hispanic or Latino	Male	Male	None documented	Low-grade glioma	#8f8fbf	Yes	EUR	Not Reported	Not Applicable	Not Reported	LIVING	NO EVENT
BS_T5AP9EEQ	PT_CWXSP19D	PBTA	PBTA-X01-FY22	C2465904	PT_CWXSP19D_7316-5491_Solid Tissue_Initial CNS Tumor	7316-5491	Tumor	Initial CNS Tumor	Solid Tissue	NA	Tumor of cranial and paraspinal nerves	Schwannoma	NA	NA	Schwannoma	neoplasm in keeping with schwannoma	Spinal Cord- Thoracic	Spine	Partial resection	poly-A stranded	4024	White	Not Hispanic or Latino	Male	Male	None documented	Schwannoma	#ab7200	Yes	EUR	756	Recurrence	1772	LIVING	EVENT
BS_T5N6GWXH	PT_BAH54SVM	PBTA	PBTA-X01-FY22	C3519645	PT_BAH54SVM_7316-7965_Derived Cell Line_Initial CNS Tumor_Serum-based_10	7316-7965	Tumor	Initial CNS Tumor	Derived Cell Line	Serum-based	Embryonal tumor	Medulloblastoma	MB, SHH	NA	Medulloblastoma	medulloblastoma non-wnt/non-shh-activated, tp53 wild type,   amplification of 8q including myc who grade iv	Cerebellum/Posterior Fossa	Posterior fossa	Gross/Near total resection	poly-A stranded	953	White	Not Hispanic or Latino	Male	Male	None documented	Medulloblastoma	#a340ff	No	EUR	410	Progressive - Metastatic	476	DECEASED	EVENT
BS_T5P5ME9M	PT_YDFPMXAR	PBTA	PBTA-X01-FY22	C1277724	PT_YDFPMXAR_7316-5152_Solid Tissue_Initial CNS Tumor	7316-5152	Tumor	Initial CNS Tumor	Solid Tissue	NA	Low-grade astrocytic tumor	Low-grade glioma	LGG, KIAA1549-BRAF	NA	Low-grade glioma/astrocytoma (WHO grade I/II)	pilocytic astrocytoma who grade i	Cerebellum/Posterior Fossa	Posterior fossa	Partial resection	poly-A stranded	4763	White	Not Hispanic or Latino	Female	Female	None documented	Low-grade glioma	#8f8fbf	Yes	EUR	332	Progressive	2072	LIVING	EVENT
BS_T80VQKVE	PT_JRJDTP25	PBTA	CBTN	C2480664	PT_JRJDTP25_7316-5139_Solid Tissue_Initial CNS Tumor	7316-5139	Tumor	Initial CNS Tumor	Solid Tissue	NA	Diffuse astrocytic and oligodendroglial tumor	High-grade glioma	HGG, To be classified	NA	High-grade glioma/astrocytoma (WHO grade III/IV)	anaplastic astrocytoma, who grade iii	Temporal Lobe	Hemispheric	Gross/Near total resection	poly-A stranded	7335	White	Not Hispanic or Latino	Female	NA	None documented	Other high-grade glioma	#ffccf5	Yes	NA	Not Reported	Not Applicable	Not Reported	LIVING	NO EVENT
BS_T8N8KQHZ	PT_B5DQ8FF0	PBTA	PBTA-X01-FY22	C1207614	PT_B5DQ8FF0_7316-5902_Solid Tissue_Progressive	7316-5902	Tumor	Progressive	Solid Tissue	NA	Ependymal tumor	Ependymoma	EPN, PF A	EPN, PF A	Ependymoma	anaplastic ependymoma	Cerebellum/Posterior Fossa	Posterior fossa	Partial resection	poly-A stranded	1057	White	Not Hispanic or Latino	Male	Male	None documented	Ependymoma	#2200ff	No	EUR	871	Progressive	871	LIVING	EVENT
BS_TA4657N3	PT_PZCA1VVR	PBTA	PBTA-X01-FY22	C3572289	PT_PZCA1VVR_7316-6787_Solid Tissue_Initial CNS Tumor	7316-6787	Tumor	Initial CNS Tumor	Solid Tissue	NA	Tumors of sellar region	Craniopharyngioma	CRANIO, To be classified	NA	Craniopharyngioma	craniopharyngioma	Suprasellar/Hypothalamic/Pituitary	Suprasellar	Partial resection	poly-A stranded	3057	Reported Unknown	Not Available	Male	Male	None documented	Craniopharyngioma	#b2502d	Yes	EAS	Not Reported	Not Applicable	Not Reported	LIVING	NO EVENT
BS_TA4JQD4N	PT_WWZWD4KC	PBTA	PBTA-X01-FY22	C2582139	PT_WWZWD4KC_7316-3533_Solid Tissue_Progressive	7316-3533	Tumor	Progressive	Solid Tissue	NA	Tumors of sellar region	Adamantinomatous Craniopharyngioma	CRANIO, ADAM	NA	Craniopharyngioma	craniopharyngioma	Other locations NOS	Other	Partial resection	poly-A stranded	6421	Reported Unknown	Not Available	Male	Male	None documented	Craniopharyngioma	#b2502d	No	EUR	170	Progressive	170	LIVING	EVENT
BS_TA9WP4TH	PT_B7QRTN72	PBTA	CBTN	C477240	PT_B7QRTN72_7316-1802_Solid Tissue_Initial CNS Tumor	7316-1802	Tumor	Initial CNS Tumor	Solid Tissue	NA	Embryonal tumor	Medulloblastoma	MB, Group4	NA	Medulloblastoma	medulloblastoma, who grade iv	Cerebellum/Posterior Fossa	Posterior fossa	Partial resection	stranded	1694	White	Not Hispanic or Latino	Male	Male	None documented	Medulloblastoma	#a340ff	Yes	EUR	2292	Not Applicable	2292	LIVING	NO EVENT
BS_TAHV8N04	PT_KCTZZA3G	PBTA	CBTN	C65067	PT_KCTZZA3G_7316-216_Solid Tissue_Initial CNS Tumor	7316-216	Tumor	Initial CNS Tumor	Solid Tissue	NA	Tumor of cranial and paraspinal nerves	Neurofibroma/Plexiform	NA	NA	Neurofibroma/Plexiform	plexiform neurofibroma	Spinal Cord- Thoracic	Spine	Partial resection	stranded	6344	Black or African American	Not Hispanic or Latino	Male	Male	Neurofibromatosis, Type 1 (NF-1)	Neurofibroma plexiform	#e6ac39	Yes	AFR	1787	Not Applicable	1787	LIVING	NO EVENT
BS_TASG32Z2	PT_FBP5QAT5	PBTA	CBTN	C547227	PT_FBP5QAT5_7316-2948_Solid Tissue_Deceased	7316-2948	Tumor	Deceased	Solid Tissue	NA	Diffuse astrocytic and oligodendroglial tumor	Diffuse midline glioma	DMG, H3 K28	DMG, H3 K28	High-grade glioma/astrocytoma (WHO grade III/IV)	pontine glioma	Brain Stem- Pons	Midline	NA	poly-A stranded	4141	White	Not Hispanic or Latino	Female	NA	None documented	DIPG or DMG	#ff40d9	No	NA	242	Deceased-due to disease	242	DECEASED	EVENT
BS_TBRW63QW	PT_PMEXVDFJ	PBTA	PBTA-X01-FY22	C1174773	PT_PMEXVDFJ_7316-4800_Solid Tissue_Deceased	7316-4800	Tumor	Deceased	Solid Tissue	NA	Diffuse astrocytic and oligodendroglial tumor	Infant-type hemispheric glioma	IHG, NTRK-altered	HGG, IHG	High-grade glioma/astrocytoma (WHO grade III/IV)	tumor has the morphological and immunohistochemical features of a high-grade glial neoplasm with etv6-ntrk3 fusion and is most consistent with a congenital glioblastoma, who grade iv	Occipital Lobe;Parietal Lobe;Temporal Lobe	Hemispheric	NA	poly-A stranded	105	White	Not Hispanic or Latino	Female	Female	None documented	Other high-grade glioma	#ffccf5	No	EUR	105	Deceased-due to disease	105	DECEASED	EVENT
BS_TBWYAFSM	PT_625X34JX	PBTA	CBTN	C584496	PT_625X34JX_7316-2170_Solid Tissue_Initial CNS Tumor	7316-2170	Tumor	Initial CNS Tumor	Solid Tissue	NA	Ependymal tumor	Ependymoma	EPN, MPE	EPN, MPE	Ependymoma	myxopapillary ependymoma	Spinal Cord- Lumbar/Thecal Sac;Spinal Cord- Thoracic	Spine	Gross/Near total resection	stranded	6152	Reported Unknown	Not Available	Male	Male	None documented	Ependymoma	#2200ff	Yes	AMR	1539	Not Applicable	1539	LIVING	NO EVENT
BS_TCGEZJ5F	PT_W17NV5YG	PBTA	CBTN	C452271	PT_W17NV5YG_7316-2106_Solid Tissue_Initial CNS Tumor	7316-2106	Tumor	Initial CNS Tumor	Solid Tissue	NA	Ependymal tumor	Ependymoma	EPN, To be classified	NA	Ependymoma	treated anaplastic ependymoma	Parietal Lobe	Hemispheric	Partial resection	stranded	102	White	Hispanic or Latino	Female	Female	None documented	Ependymoma	#2200ff	No	AMR	2202	Second Malignancy	2462	LIVING	EVENT
BS_TCWW2GSK	PT_TP6GS00H	PBTA	PBTA-X01-FY22	C2488290	PT_TP6GS00H_7316-7540_Solid Tissue_Progressive	7316-7540	Tumor	Progressive	Solid Tissue	NA	Ependymal tumor	Ependymoma	EPN, ST ZFTA	EPN, ST ZFTA	Ependymoma	metastatic anaplastic ependymoma, who grade iii	Parietal Lobe;Spinal Cord- Cervical;Ventricles	Mixed	Partial resection	poly-A stranded	1182	Black or African American	Not Hispanic or Latino	Male	Male	None documented	Ependymoma	#2200ff	No	AFR	373	Recurrence	890	DECEASED	EVENT
BS_TDEFAPNH	PT_GYJ97915	PBTA	CBTN	C364818	PT_GYJ97915_7316-1093_Solid Tissue_Initial CNS Tumor	7316-1093	Tumor	Initial CNS Tumor	Solid Tissue	NA	Neuronal and mixed neuronal-glial tumor	Dysembryoplastic neuroepithelial tumor	NA	NA	Dysembryoplastic neuroepithelial tumor (DNET)	dysembryoplastic neuroepithelial tumor	Frontal Lobe	Hemispheric	Gross/Near total resection	stranded	4024	White	Not Hispanic or Latino	Male	Male	None documented	Mixed neuronal-glial tumor	#685815	Yes	EUR	Not Reported	Not Applicable	Not Reported	LIVING	NO EVENT
BS_TDJXQBVY	PT_D9HXS4CK	PBTA	PBTA-X01-FY22	C2662212	PT_D9HXS4CK_7316-6085_Solid Tissue_Initial CNS Tumor	7316-6085	Tumor	Initial CNS Tumor	Solid Tissue	NA	Low-grade astrocytic tumor	Low-grade glioma	LGG, KIAA1549-BRAF	NA	Low-grade glioma/astrocytoma (WHO grade I/II)	pilocytic astrocytoma, who grade i	Cerebellum/Posterior Fossa	Posterior fossa	Gross/Near total resection	poly-A stranded	4573	White	Not Hispanic or Latino	Female	Female	None documented	Low-grade glioma	#8f8fbf	Yes	EUR	1065	Not Applicable	1065	LIVING	NO EVENT
BS_TE0GVDNG	PT_2FK75B27	PBTA	CBTN	C371583	PT_2FK75B27_7316-1700_Solid Tissue_Initial CNS Tumor	7316-1700	Tumor	Initial CNS Tumor	Solid Tissue	NA	Embryonal tumor	Medulloblastoma	MB, Group4	MB, Group4	Medulloblastoma	medulloblastoma, who grade iv	Cerebellum/Posterior Fossa	Posterior fossa	Gross/Near total resection	stranded	2538	White	Not Hispanic or Latino	Female	Female	None documented	Medulloblastoma	#a340ff	Yes	EUR	2259	Not Applicable	2259	LIVING	NO EVENT
BS_TF8R864V	PT_JXH1NWTR	PBTA	PBTA-X01-FY22	C51783	PT_JXH1NWTR_7316-328_Solid Tissue_Initial CNS Tumor	7316-328	Tumor	Initial CNS Tumor	Solid Tissue	NA	Ependymal tumor	Ependymoma	EPN, PF A	EPN, PF A	Ependymoma	ependymoma	Ventricles	Ventricles	Gross/Near total resection	poly-A stranded	921	Reported Unknown	Not Hispanic or Latino	Male	Male	None documented	Ependymoma	#2200ff	Yes	EUR	3425	Not Applicable	3425	LIVING	NO EVENT
BS_TG93XC55	PT_DDFAZ345	PBTA	CBTN	C50553	PT_DDFAZ345_7316-321_Solid Tissue_Initial CNS Tumor	7316-321	Tumor	Initial CNS Tumor	Solid Tissue	NA	Low-grade astrocytic tumor	Ganglioglioma	GNG, other MAPK	GNG, MAPK	Ganglioglioma	ganglioglioma (who grade 1)	Temporal Lobe	Hemispheric	Partial resection	stranded	1441	White	Not Hispanic or Latino	Female	Female	None documented	Mixed neuronal-glial tumor	#685815	Yes	EUR	3263	Not Applicable	3263	LIVING	NO EVENT
BS_TGS109T3	PT_18QG3Z4H	PBTA	HOPE	C177120	PT_18QG3Z4H_7316-1052_Solid Tissue_Initial CNS Tumor	7316-1052	Tumor	Initial CNS Tumor	Solid Tissue	NA	Diffuse astrocytic and oligodendroglial tumor	Diffuse midline glioma	DMG, H3 K28, TP53	DMG, H3 K28	High-grade glioma/astrocytoma (WHO grade III/IV)	high-grade glioma/astrocytoma (who grade iii/iv)	Cerebellum/Posterior Fossa	Posterior fossa	Unavailable	stranded	3828	White	Not Hispanic or Latino	Female	NA	None documented	DIPG or DMG	#ff40d9	Yes	NA	502	Deceased-due to disease	502	DECEASED	EVENT
BS_TGSXGXM7	PT_Z4PJA6KT	PBTA	PBTA-X01-FY22	C377856	PT_Z4PJA6KT_7316-1763_Derived Cell Line_Initial CNS Tumor_Serum-free_8	7316-1763	Tumor	Initial CNS Tumor	Derived Cell Line	Serum-free	Diffuse astrocytic and oligodendroglial tumor	Diffuse midline glioma	DMG, H3 K28, TP53	NA	High-grade glioma/astrocytoma (WHO grade III/IV)	glioblastoma (gbm) who grade iv	Temporal Lobe;Thalamus;Ventricles	Midline	Partial resection	poly-A stranded	3810	White	Not Hispanic or Latino	Female	Female	None documented	DIPG or DMG	#ff40d9	No	EUR	17	Progressive - Metastatic	225	DECEASED	EVENT
BS_TGW6HC4X	PT_X0FPPTMT	PBTA	CBTN	C41205	PT_X0FPPTMT_7316-280_Solid Tissue_Initial CNS Tumor	7316-280	Tumor	Initial CNS Tumor	Solid Tissue	NA	Neuronal and mixed neuronal-glial tumor	Central neurocytoma	CNC	NA	Neurocytoma	central neurocytoma	Ventricles	Ventricles	Gross/Near total resection	stranded	6412	Black or African American	Not Hispanic or Latino	Female	Female	None documented	Mixed neuronal-glial tumor	#685815	Yes	AFR	4579	Not Applicable	4579	LIVING	NO EVENT
BS_THSPSG2Z	PT_M0FVZ88D	PBTA	CBTN	C705036	PT_M0FVZ88D_7316-1986_Solid Tissue_Initial CNS Tumor	7316-1986	Tumor	Initial CNS Tumor	Solid Tissue	NA	Meningioma	Meningioma	NA	NA	Meningioma	atypical meningioma (who ii)	Cerebellum/Posterior Fossa	Posterior fossa	Gross/Near total resection	stranded	8389	White	Not Hispanic or Latino	Male	Male	None documented	Meningioma	#2db398	Yes	EUR	7358	Not Applicable	7358	LIVING	NO EVENT
BS_TJTEF70D	PT_MDWPRDBT	PBTA	HOPE	C271092	PT_MDWPRDBT_7316-895_Solid Tissue_Recurrence	7316-895	Tumor	Recurrence	Solid Tissue	NA	Diffuse astrocytic and oligodendroglial tumor	High-grade glioma	HGG, H3 wildtype	HGG, H3 wildtype	High-grade glioma/astrocytoma (WHO grade III/IV)	high grade glioma	Brain Stem- Pons;Cerebellum/Posterior Fossa;Frontal Lobe;Parietal Lobe	Mixed	Biopsy only	stranded	980	White	Not Hispanic or Latino	Female	Female	None documented	Other high-grade glioma	#ffccf5	No	EUR	547	Recurrence - Metastatic	1250	DECEASED	EVENT
BS_TK84K675	PT_MDWPRDBT	PBTA	CBTN	C271092	PT_MDWPRDBT_7316-2751_Solid Tissue_Deceased	7316-2751	Tumor	Deceased	Solid Tissue	NA	Diffuse astrocytic and oligodendroglial tumor	High-grade glioma	HGG, H3 wildtype	HGG, H3 wildtype	High-grade glioma/astrocytoma (WHO grade III/IV)	high-grade glioma	Cerebellum/Posterior Fossa;Hippocampus;Meninges/Dura;Other locations NOS;Spinal Cord- Thoracic;Temporal Lobe;Thalamus	Hemispheric	NA	stranded	980	White	Not Hispanic or Latino	Female	Female	None documented	Other high-grade glioma	#ffccf5	No	EUR	547	Recurrence - Metastatic	1250	DECEASED	EVENT
BS_TM9MH0RP	PT_59D00MBQ	PBTA	CBTN	C384990	PT_59D00MBQ_7316-1937_Solid Tissue_Initial CNS Tumor	7316-1937	Tumor	Initial CNS Tumor	Solid Tissue	NA	Diffuse astrocytic and oligodendroglial tumor	Diffuse midline glioma	DMG, H3 K28, TP53	DMG, H3 K28	High-grade glioma/astrocytoma (WHO grade III/IV)	residual anaplastic astrocytoma (who grade iii)	Thalamus	Midline	Partial resection	stranded	3283	Asian	Not Hispanic or Latino	Male	Male	None documented	DIPG or DMG	#ff40d9	No	AMR	419	Deceased-due to disease	419	DECEASED	EVENT
BS_TMTV769C	PT_8FWP7BR3	PBTA	CBTN	C112422	PT_8FWP7BR3_7316-449_Solid Tissue_Progressive	7316-449	Tumor	Progressive	Solid Tissue	NA	Low-grade astrocytic tumor	Low-grade glioma	LGG, wildtype	NA	Low-grade glioma/astrocytoma (WHO grade I/II)	low-grade glioma/astrocytoma (who grade i/ii)	Cerebellum/Posterior Fossa	Posterior fossa	Gross/Near total resection	stranded	1839	White	Not Hispanic or Latino	Female	Female	None documented	Low-grade glioma	#8f8fbf	No	EUR	2050	Recurrence	5980	LIVING	EVENT
BS_TNDYEP8Z	PT_4N0FTRQS	PBTA	PBTA-X01-FY22	C2360616	PT_4N0FTRQS_7316-5314_Solid Tissue_Initial CNS Tumor	7316-5314	Tumor	Initial CNS Tumor	Solid Tissue	NA	Tumors of sellar region	Adamantinomatous Craniopharyngioma	CRANIO, ADAM	NA	Craniopharyngioma	craniopharyngioma who grade i	Suprasellar/Hypothalamic/Pituitary	Suprasellar	Gross/Near total resection	poly-A stranded	1548	White	Not Hispanic or Latino	Female	Female	None documented	Craniopharyngioma	#b2502d	Yes	EUR	1868	Not Applicable	1868	LIVING	NO EVENT
BS_TNRHHYNC	PT_S8E3281G	PBTA	CBTN	C466416	PT_S8E3281G_7316-2138_Solid Tissue_Initial CNS Tumor	7316-2138	Tumor	Initial CNS Tumor	Solid Tissue	NA	Ependymal tumor	Ependymoma	EPN, SP	EPN, SP	Ependymoma	ependymoma	Spinal Cord- Cervical	Spine	Partial resection	stranded	6592	Black or African American	Not Hispanic or Latino	Male	Male	None documented	Ependymoma	#2200ff	Yes	AFR	960	Not Applicable	960	LIVING	NO EVENT
BS_TPB6WVF4	PT_GBCZ0RW3	PBTA	PNOC	C3507345	PT_GBCZ0RW3_7316-9642_Solid Tissue_Initial CNS Tumor	7316-9642	Tumor	Initial CNS Tumor	Solid Tissue	NA	Diffuse astrocytic and oligodendroglial tumor	High-grade glioma	HGG, H3 wildtype	NA	High-grade glioma/astrocytoma (WHO grade III/IV)	high grade glioma	left frontal/temporal	NA	NA	stranded	NA	White	Not Available	Female	Female	None documented	Other high-grade glioma	#ffccf5	Yes	EUR	NA	NA	NA	NA	NO EVENT
BS_TQ5QHR17	PT_M7NFAC5G	PBTA	CBTN	C525210	PT_M7NFAC5G_7316-2329_Solid Tissue_Initial CNS Tumor	7316-2329	Tumor	Initial CNS Tumor	Solid Tissue	NA	Tumor of cranial and paraspinal nerves	Neurofibroma/Plexiform	NA	NA	Neurofibroma/Plexiform	neurofibroma	Spinal Cord- Cervical	Spine	Partial resection	stranded	212	White	Not Available	Male	NA	Neurofibromatosis, Type 1 (NF-1)	Neurofibroma plexiform	#e6ac39	Yes	NA	305	Deceased-due to unknown causes	305	DECEASED	NO EVENT
BS_TRKH2SPE	PT_RA6AGBA7	PBTA	CBTN	C96432	PT_RA6AGBA7_7316-461_Solid Tissue_Progressive	7316-461	Tumor	Progressive	Solid Tissue	NA	Diffuse astrocytic and oligodendroglial tumor	Diffuse midline glioma	DMG, H3 K28, TP53	DMG, H3 K28	High-grade glioma/astrocytoma (WHO grade III/IV)	high-grade glioma3, who grade iii	Thalamus	Midline	Partial resection	stranded	3209	Black or African American	Not Hispanic or Latino	Female	Female	None documented	DIPG or DMG	#ff40d9	No	AFR	382	Progressive	524	DECEASED	EVENT
BS_TRPXB3AV	PT_9PDE9KSB	PBTA	HOPE	C1174527	PT_9PDE9KSB_7316-4723_Solid Tissue_Initial CNS Tumor	7316-4723	Tumor	Initial CNS Tumor	Solid Tissue	NA	Diffuse astrocytic and oligodendroglial tumor	Diffuse hemispheric glioma	DHG, H3 G35, TP53	DHG, H3 G35	High-grade glioma/astrocytoma (WHO grade III/IV)	diffuse astrocytoma who grade iv, h3f3a mutation	Parietal Lobe	Hemispheric	Biopsy only	stranded	5844	White	Not Hispanic or Latino	Female	Female	None documented	Other high-grade glioma	#ffccf5	Yes	EUR	586	Progressive	641	DECEASED	EVENT
BS_TRZZRYKF	PT_8EX2R1RB	PBTA	PBTA-X01-FY22	C2335155	PT_8EX2R1RB_7316-5277_Solid Tissue_Initial CNS Tumor	7316-5277	Tumor	Initial CNS Tumor	Solid Tissue	NA	Low-grade astrocytic tumor	Low-grade glioma	LGG, FGFR	NA	Low-grade glioma/astrocytoma (WHO grade I/II)	pilocytic/pilomyxoid astrocytoma , who grade i	Spinal Cord- Cervical;Spinal Cord- Thoracic	Spine	Gross/Near total resection	poly-A stranded	927	White	Not Hispanic or Latino	Female	Female	None documented	Low-grade glioma	#8f8fbf	Yes	EUR	194	Recurrence	1445	LIVING	EVENT
BS_TTDNZTZ0	PT_WPQF0B3M	PBTA	PBTA-X01-FY22	C2402190	PT_WPQF0B3M_7316-5328_Solid Tissue_Initial CNS Tumor	7316-5328	Tumor	Initial CNS Tumor	Solid Tissue	NA	Diffuse astrocytic and oligodendroglial tumor	High-grade glioma	HGG, H3 wildtype	NA	High-grade glioma/astrocytoma (WHO grade III/IV)	malignant glial neoplasm favor anaplasttic pilocytic astrocytoma, who grade iii/iv	Parietal Lobe	Hemispheric	Gross/Near total resection	poly-A stranded	4464	Black or African American	Not Hispanic or Latino	Male	Male	None documented	Other high-grade glioma	#ffccf5	Yes	AFR	1309	Not Applicable	1309	LIVING	NO EVENT
BS_TTFXH10A	PT_Y98Q8XKV	PBTA	PBTA-X01-FY22	C1181784	PT_Y98Q8XKV_7316-7219_Solid Tissue_Progressive	7316-7219	Tumor	Progressive	Solid Tissue	NA	Neuronal and mixed neuronal-glial tumor	Dysembryoplastic neuroepithelial tumor	NA	NA	Dysembryoplastic neuroepithelial tumor (DNET)	dnet	Parietal Lobe	Hemispheric	Biopsy only	poly-A stranded	3769	White	Not Hispanic or Latino	Female	Female	None documented	Mixed neuronal-glial tumor	#685815	No	EUR	987	Progressive	1266	LIVING	EVENT
BS_TV5B86ZD	PT_9BZETM0M	PBTA	CBTN	C36285	PT_9BZETM0M_7316-158_Solid Tissue_Initial CNS Tumor	7316-158	Tumor	Initial CNS Tumor	Solid Tissue	NA	Diffuse astrocytic and oligodendroglial tumor	Diffuse hemispheric glioma	DHG, H3 G35	DHG, H3 G35	Supratentorial or Spinal Cord PNET	pnet with glial and neuronal differentiation and subarachnoid growth	Frontal Lobe	Hemispheric	Gross/Near total resection	stranded	6523	White	Not Hispanic or Latino	Male	Male	None documented	Other high-grade glioma	#ffccf5	Yes	EUR	2305	Recurrence - Metastatic	2681	DECEASED	EVENT
BS_TV80600R	PT_MDJXRAB5	PBTA	PBTA-X01-FY22	C701100	PT_MDJXRAB5_7316-2679_Solid Tissue_Initial CNS Tumor	7316-2679	Tumor	Initial CNS Tumor	Solid Tissue	NA	Low-grade astrocytic tumor	Low-grade glioma	LGG, KIAA1549-BRAF	NA	Low-grade glioma/astrocytoma (WHO grade I/II)	pilocytic astrocytoma, who grade i	Cerebellum/Posterior Fossa	Posterior fossa	Gross/Near total resection	poly-A stranded	6459	Reported Unknown	Hispanic or Latino	Male	Male	None documented	Low-grade glioma	#8f8fbf	Yes	AMR	476	Not Applicable	476	LIVING	NO EVENT
BS_TVH2VMKK	PT_9PAXAEBT	PBTA	PBTA-X01-FY22	C1206015	PT_9PAXAEBT_7316-3645_Solid Tissue_Initial CNS Tumor	7316-3645	Tumor	Initial CNS Tumor	Solid Tissue	NA	Benign tumor	NA	NA	NA	Adenoma	pituitary adenoma	Other locations NOS;Suprasellar/Hypothalamic/Pituitary	Mixed	Gross/Near total resection	poly-A stranded	5261	White	Not Hispanic or Latino	Female	Female	None documented	Non-neoplastic tumor	#FFF5EB	Yes	EUR	Not Reported	Not Applicable	Not Reported	LIVING	NO EVENT
BS_TVPE8AMP	PT_23NZGSRJ	PBTA	PBTA-X01-FY22	C698517	PT_23NZGSRJ_7316-4509_Solid Tissue_Deceased	7316-4509	Tumor	Deceased	Solid Tissue	NA	Embryonal tumor	Medulloblastoma	MB, Group3	MB, Group3	Medulloblastoma	medulloblastoma who grade iv	Cerebellum/Posterior Fossa;Meninges/Dura;Occipital Lobe;Parietal Lobe;Spinal Cord- Cervical;Spinal Cord- Thoracic	Mixed	NA	poly-A stranded	1484	White	Not Hispanic or Latino	Female	Female	None documented	Medulloblastoma	#a340ff	No	EUR	384	Progressive - Metastatic	599	DECEASED	EVENT
BS_TVV122JG	PT_SCTH1RQ0	PBTA	PBTA-X01-FY22	C3778806	PT_SCTH1RQ0_7316-7760_Solid Tissue_Initial CNS Tumor	7316-7760	Tumor	Initial CNS Tumor	Solid Tissue	NA	Low-grade astrocytic tumor	Low-grade glioma	LGG, KIAA1549-BRAF	NA	Low-grade glioma/astrocytoma (WHO grade I/II)	pilocytic astrocytoma, who grade 1	Cerebellum/Posterior Fossa	Posterior fossa	Gross/Near total resection	poly-A stranded	412	More Than One Race	Not Hispanic or Latino	Male	Female	None documented	Low-grade glioma	#8f8fbf	Yes	AMR	Not Reported	Not Applicable	Not Reported	LIVING	NO EVENT
BS_TW8DQH8J	PT_9S6WMQ92	PBTA	CBTN	C25830	PT_9S6WMQ92_7316-278_Solid Tissue_Initial CNS Tumor	7316-278	Tumor	Initial CNS Tumor	Solid Tissue	NA	Embryonal tumor	Medulloblastoma	MB, SHH	NA	Medulloblastoma	medulloblastoma	Cerebellum/Posterior Fossa	Posterior fossa	Gross/Near total resection	stranded	5534	White	Not Hispanic or Latino	Female	Female	None documented	Medulloblastoma	#a340ff	Yes	EUR	1021	Progressive - Metastatic	1508	DECEASED	EVENT
BS_TWFDEMBZ	PT_T6GV8TBX	PBTA	PBTA-X01-FY22	C1063089	PT_T6GV8TBX_7316-3637_Solid Tissue_Initial CNS Tumor	7316-3637	Tumor	Initial CNS Tumor	Solid Tissue	NA	Low-grade astrocytic tumor	Low-grade glioma	LGG, RTK	NA	Low-grade glioma/astrocytoma (WHO grade I/II)	pilomyxoid astrocytoma	Cerebellum/Posterior Fossa	Posterior fossa	Partial resection	poly-A stranded	899	White	Not Hispanic or Latino	Male	Male	None documented	Low-grade glioma	#8f8fbf	Yes	EUR	147	Progressive	147	LIVING	EVENT
BS_TX31A8Z9	PT_F5EG8TK5	PBTA	PBTA-X01-FY22	C1207860	PT_F5EG8TK5_7316-4515_Solid Tissue_Initial CNS Tumor	7316-4515	Tumor	Initial CNS Tumor	Solid Tissue	NA	Tumors of sellar region	Adamantinomatous Craniopharyngioma	CRANIO, ADAM	CRANIO, ADAM	Craniopharyngioma	craniopharyngioma	Other locations NOS;Suprasellar/Hypothalamic/Pituitary	Mixed	Gross/Near total resection	poly-A stranded	1290	White	Not Hispanic or Latino	Female	Female	None documented	Craniopharyngioma	#b2502d	Yes	EUR	Not Reported	Not Applicable	Not Reported	LIVING	NO EVENT
BS_TXY8QYWA	PT_H876VB6R	PBTA	CBTN	C513402	PT_H876VB6R_7316-1806_Solid Tissue_Initial CNS Tumor	7316-1806	Tumor	Initial CNS Tumor	Solid Tissue	NA	Ependymal tumor	Ependymoma	EPN, PF A	EPN, PF A	Ependymoma	ependymoma, who grade ii	Cerebellum/Posterior Fossa	Posterior fossa	Partial resection	stranded	362	Reported Unknown	Hispanic or Latino	Female	Female	None documented	Ependymoma	#2200ff	Yes	AMR	1029	Progressive	1403	DECEASED	EVENT
BS_TXZ7KHTQ	PT_VWZZTK38	PBTA	HOPE	C54858	PT_VWZZTK38_7316-1844_Solid Tissue_Initial CNS Tumor	7316-1844	Tumor	Initial CNS Tumor	Solid Tissue	NA	Diffuse astrocytic and oligodendroglial tumor	Diffuse midline glioma	DMG, H3 K28, TP53	NA	High-grade glioma/astrocytoma (WHO grade III/IV)	glioblastoma multiforme	Brain Stem- Midbrain/Tectum;Occipital Lobe;Temporal Lobe;Thalamus	Mixed	Partial resection	stranded	4231	Reported Unknown	Hispanic or Latino	Male	NA	None documented	DIPG or DMG	#ff40d9	Yes	NA	143	Progressive	284	DECEASED	EVENT
BS_TYAYZ9ZW	PT_NV584F7Q	PBTA	CBTN	C833202	PT_NV584F7Q_7316-3192_Solid Tissue_Initial CNS Tumor	7316-3192	Tumor	Initial CNS Tumor	Solid Tissue	NA	Embryonal tumor	Medulloblastoma	MB, Group4	MB, Group4	Medulloblastoma	classic medulloblastoma, non-wnt/non-shh, who grade iv	Cerebellum/Posterior Fossa	Posterior fossa	Gross/Near total resection	stranded	2066	White	Not Hispanic or Latino	Female	Female	None documented	Medulloblastoma	#a340ff	Yes	EAS	1938	Not Applicable	1938	LIVING	NO EVENT
BS_TYKJ8G2G	PT_EYWDFKA7	PBTA	CBTN	C23985	PT_EYWDFKA7_7316-30_Solid Tissue_Initial CNS Tumor	7316-30	Tumor	Initial CNS Tumor	Solid Tissue	NA	Tumor of cranial and paraspinal nerves	Schwannoma	NA	NA	Schwannoma	schwannoma	Spinal Cord- Thoracic	Spine	Biopsy only	stranded	3609	White	Not Hispanic or Latino	Female	Female	Schwannomatosis (LZTR1)	Schwannoma	#ab7200	Yes	EUR	276	Progressive	3635	LIVING	EVENT
BS_TYQ0N4YP	PT_7Y81E8DQ	PBTA	Oligo	C915120	PT_7Y81E8DQ_7316UP-2013_Solid Tissue_Primary Tumor	7316UP-2013	Tumor	Primary Tumor	Solid Tissue	NA	Diffuse astrocytic and oligodendroglial tumor	Oligodendroglioma	NA	NA	Oligodendroglioma	NA	Cerebrum	Hemispheric	NA	stranded	12407	White	Not Hispanic or Latino	Male	Male	None documented	Oligodendroglioma	tan	Yes	EUR	NA	NA	NA	NA	NO EVENT
BS_TZ5D0A7R	PT_8SDJXNFR	PBTA	CBTN	C974529	PT_8SDJXNFR_7316-3755_Solid Tissue_Recurrence	7316-3755	Tumor	Recurrence	Solid Tissue	NA	Ependymal tumor	Ependymoma	EPN, ST ZFTA	EPN, ST ZFTA	Ependymoma	anaplastic ependymoma	Occipital Lobe;Parietal Lobe	Hemispheric	Gross/Near total resection	stranded	1525	Reported Unknown	Not Hispanic or Latino	Female	Female	None documented	Ependymoma	#2200ff	No	AMR	55	Recurrence	964	DECEASED	EVENT
BS_TZVFR600	PT_RFB07MZS	PBTA	CBTN	C602700	PT_RFB07MZS_7316-2107_Solid Tissue_Initial CNS Tumor	7316-2107	Tumor	Initial CNS Tumor	Solid Tissue	NA	Embryonal tumor	Medulloblastoma	MB, Group3	MB, Group3	Medulloblastoma	large cell / anaplastic medulloblastoma, who grade iv	Cerebellum/Posterior Fossa;Ventricles	Mixed	Partial resection	stranded	1385	Reported Unknown	Hispanic or Latino	Male	Male	None documented	Medulloblastoma	#a340ff	Yes	AMR	2578	Second Malignancy	3249	LIVING	EVENT
BS_V0DQFC75	PT_SD4RJ57T	PBTA	PBTA-X01-FY22	C3986430	PT_SD4RJ57T_7316-9842_Solid Tissue_Deceased	7316-9842	Tumor	Deceased	Solid Tissue	NA	Diffuse astrocytic and oligodendroglial tumor	Diffuse midline glioma	DMG, H3 K28, TP53	HGG, IDH	High-grade glioma/astrocytoma (WHO grade III/IV)	dmg, h3k27m mutant, who gr iv	Thalamus	Midline	NA	poly-A stranded	5005	Reported Unknown	Not Available	Male	Male	None documented	DIPG or DMG	#ff40d9	No	SAS	180	Progressive	306	DECEASED	EVENT
BS_V0JFAS12	PT_8KSGR8MY	PBTA	Oligo	C3531945	PT_8KSGR8MY_16510-6_Solid Tissue_Initial CNS Tumor	16510-6	Tumor	Initial CNS Tumor	Solid Tissue	NA	Diffuse astrocytic and oligodendroglial tumor	Oligodendroglioma	NA	NA	Oligodendroglioma	NA	Parietal Lobe	Hemispheric	NA	stranded	10592	NA	NA	NA	Female	None documented	Oligodendroglioma	tan	Yes	EUR	NA	NA	NA	NA	NO EVENT
BS_V0Q1G94N	PT_Y572BRC1	PBTA	CBTN	C136161	PT_Y572BRC1_7316-485_Solid Tissue_Progressive	7316-485	Tumor	Progressive	Solid Tissue	NA	Low-grade astrocytic tumor	Low-grade glioma	LGG, KIAA1549-BRAF	LGG, MAPK	Low-grade glioma/astrocytoma (WHO grade I/II)	low-grade glioma	Optic Pathway;Suprasellar/Hypothalamic/Pituitary;Temporal Lobe;Ventricles	Mixed	Partial resection	stranded	150	White	Not Hispanic or Latino	Male	Male	None documented	Low-grade glioma	#8f8fbf	No	EUR	268	Progressive - Metastatic	7408	DECEASED	EVENT
BS_V11VZZH8	PT_1HSDA31B	PBTA	PBTA-X01-FY22	C2403420	PT_1HSDA31B_7316-4537_Solid Tissue_Initial CNS Tumor	7316-4537	Tumor	Initial CNS Tumor	Solid Tissue	NA	Low-grade astrocytic tumor	Low-grade glioma	LGG, wildtype	NA	Low-grade glioma/astrocytoma (WHO grade I/II)	low-grade astrocytoma	Cerebellum/Posterior Fossa	Posterior fossa	Gross/Near total resection	poly-A stranded	2833	White	Not Hispanic or Latino	Female	Female	None documented	Low-grade glioma	#8f8fbf	Yes	EUR	Not Reported	Not Applicable	Not Reported	LIVING	NO EVENT
BS_V1J03963	PT_KZG2CZ95	PBTA	PBTA-X01-FY22	C21156	PT_KZG2CZ95_7316-21_Solid Tissue_Recurrence	7316-21	Tumor	Recurrence	Solid Tissue	NA	Low-grade astrocytic tumor	Ganglioglioma	GNG, wildtype	NA	Ganglioglioma	ganglioglioma	Ventricles	Ventricles	Gross/Near total resection	poly-A stranded	3452	White	Not Hispanic or Latino	Male	Male	None documented	Mixed neuronal-glial tumor	#685815	No	EUR	2350	Recurrence	2862	LIVING	EVENT
BS_V2G1YE8R	PT_1RYJXGCY	PBTA	PBTA-X01-FY22	C3291111	PT_1RYJXGCY_7316-7520_Solid Tissue_Initial CNS Tumor	7316-7520	Tumor	Initial CNS Tumor	Solid Tissue	NA	Low-grade astrocytic tumor	Low-grade glioma	LGG, KIAA1549-BRAF	NA	Low-grade glioma/astrocytoma (WHO grade I/II)	pilocytic astrocytoma who grade 1 kiaa:braf fusion	Cerebellum/Posterior Fossa	Posterior fossa	Gross/Near total resection	poly-A stranded	3688	White	Not Hispanic or Latino	Female	Female	None documented	Low-grade glioma	#8f8fbf	Yes	EUR	661	Not Applicable	661	LIVING	NO EVENT
BS_V33RCK1Y	PT_CRWTNE04	PBTA	PBTA-X01-FY22	C2719407	PT_CRWTNE04_7316-6963_Solid Tissue_Initial CNS Tumor	7316-6963	Tumor	Initial CNS Tumor	Solid Tissue	NA	Low-grade astrocytic tumor	Low-grade glioma	LGG, KIAA1549-BRAF	NA	Low-grade glioma/astrocytoma (WHO grade I/II)	pilomyxoid astrocytoma	Cerebellum/Posterior Fossa	Posterior fossa	Gross/Near total resection	poly-A stranded	749	Asian	Not Hispanic or Latino	Male	Male	None documented	Low-grade glioma	#8f8fbf	Yes	SAS	955	Not Applicable	955	LIVING	NO EVENT
BS_V3REENH9	PT_P9RT6693	PBTA	CBTN	C743289	PT_P9RT6693_7316-2566_Solid Tissue_Recurrence	7316-2566	Tumor	Recurrence	Solid Tissue	NA	Low-grade astrocytic tumor	Low-grade glioma	LGG, KIAA1549-BRAF	NA	Low-grade glioma/astrocytoma (WHO grade I/II)	juvenile pilocytic astrocytoma	Optic Pathway	Optic pathway	Partial resection	stranded	3260	White	Not Hispanic or Latino	Female	Female	None documented	Low-grade glioma	#8f8fbf	No	EUR	Not Reported	Recurrence	1843	LIVING	EVENT
BS_V3Z3DB4N	PT_PF9EC93Q	PBTA	HOPE	C952635	PT_PF9EC93Q_7316-3765_Solid Tissue_Initial CNS Tumor	7316-3765	Tumor	Initial CNS Tumor	Solid Tissue	NA	Diffuse astrocytic and oligodendroglial tumor	High-grade glioma	HGG, H3 wildtype, TP53	HGG, H3 wildtype	High-grade glioma/astrocytoma (WHO grade III/IV)	glioblastoma who grade iv	Temporal Lobe	Hemispheric	Gross/Near total resection	stranded	2446	White	Not Hispanic or Latino	Female	Female	Li-Fraumeni syndrome (TP53)	Other high-grade glioma	#ffccf5	Yes	EUR	104	Recurrence - Metastatic	349	DECEASED	EVENT
BS_V4D4YPV1	PT_BNARR0N6	PBTA	PBTA-X01-FY22	C596919	PT_BNARR0N6_7316-5903_Solid Tissue_Progressive	7316-5903	Tumor	Progressive	Solid Tissue	NA	Ependymal tumor	Ependymoma	EPN, To be classified	NA	Ependymoma	anaplastic ependymoma	Cerebellum/Posterior Fossa	Posterior fossa	Partial resection	poly-A stranded	376	White	Not Hispanic or Latino	Male	Male	None documented	Ependymoma	#2200ff	No	EUR	Not Reported	Progressive	Not Reported	NA	EVENT
BS_V4W81SFC	PT_W17NV5YG	PBTA	CBTN	C452271	PT_W17NV5YG_7316-2079_Solid Tissue_Initial CNS Tumor	7316-2079	Tumor	Initial CNS Tumor	Solid Tissue	NA	Ependymal tumor	Ependymoma	EPN, ST YAP1	NA	Ependymoma	anaplastic ependymoma, who grade iii	Parietal Lobe	Hemispheric	Gross/Near total resection	stranded	102	White	Hispanic or Latino	Female	Female	None documented	Ependymoma	#2200ff	Yes	AMR	2202	Second Malignancy	2462	LIVING	EVENT
BS_V4XCTG09	PT_ME32NQFX	PBTA	PBTA-X01-FY22	C2488905	PT_ME32NQFX_7316-4863_Solid Tissue_Initial CNS Tumor	7316-4863	Tumor	Initial CNS Tumor	Solid Tissue	NA	Low-grade astrocytic tumor	Ganglioglioma	GNG, To be classified	NA	Ganglioglioma	ganglioglioma, who grade i	Temporal Lobe	Hemispheric	Gross/Near total resection	poly-A stranded	4649	Asian	Not Hispanic or Latino	Male	Male	None documented	Mixed neuronal-glial tumor	#685815	Yes	NA	315	Not Applicable	315	LIVING	NO EVENT
BS_V6RSB5HQ	PT_ESWK06KQ	PBTA	PBTA-X01-FY22	C2381403	PT_ESWK06KQ_7316-6755_Solid Tissue_Deceased	7316-6755	Tumor	Deceased	Solid Tissue	NA	Diffuse astrocytic and oligodendroglial tumor	Diffuse midline glioma	DMG, H3 K28	DMG, H3 K28	High-grade glioma/astrocytoma (WHO grade III/IV)	diffuse midline glioma, h3 k27m-mutant (by immunohistochemistry), who grade iv	Brain Stem-Medulla;Brain Stem- Midbrain/Tectum;Brain Stem- Pons	Midline	NA	poly-A stranded	1056	White	Not Hispanic or Latino	Male	Male	None documented	DIPG or DMG	#ff40d9	No	EUR	241	Progressive	426	DECEASED	EVENT
BS_V72GX2AZ	PT_V07ZH5JS	PBTA	CBTN	C96186	PT_V07ZH5JS_7316-472_Solid Tissue_Initial CNS Tumor	7316-472	Tumor	Initial CNS Tumor	Solid Tissue	NA	Low-grade astrocytic tumor	Low-grade glioma	LGG, KIAA1549-BRAF	LGG, MAPK	Low-grade glioma/astrocytoma (WHO grade I/II)	low-grade glioma	Suprasellar/Hypothalamic/Pituitary	Suprasellar	Partial resection	stranded	5399	White	Hispanic or Latino	Female	Female	None documented	Low-grade glioma	#8f8fbf	Yes	AMR	1000	Not Applicable	1000	LIVING	NO EVENT
BS_V72H4RQS	PT_KN25EYMG	PBTA	CBTN	C622257	PT_KN25EYMG_7316-2309_Solid Tissue_Initial CNS Tumor	7316-2309	Tumor	Initial CNS Tumor	Solid Tissue	NA	Embryonal tumor	Medulloblastoma	MB, Group3	MB, Group3	Medulloblastoma	medulloblastoma, who grade iv	Ventricles	Ventricles	Gross/Near total resection	stranded	1750	White	Not Hispanic or Latino	Female	Female	None documented	Medulloblastoma	#a340ff	Yes	EUR	248	Progressive - Metastatic	281	DECEASED	EVENT
BS_V7BJM89K	PT_94EHCMXA	PBTA	CBTN	C66420	PT_94EHCMXA_7316-217_Solid Tissue_Progressive	7316-217	Tumor	Progressive	Solid Tissue	NA	Low-grade astrocytic tumor	Low-grade glioma	LGG, NF1-germline	NA	Low-grade glioma/astrocytoma (WHO grade I/II)	low-grade glioma	Temporal Lobe	Hemispheric	Partial resection	stranded	1277	White	Not Hispanic or Latino	Male	Male	Neurofibromatosis, Type 1 (NF-1)	Low-grade glioma	#8f8fbf	No	EUR	578	Progressive	1066	LIVING	EVENT
BS_V7BZ049H	PT_TTQ3KXDH	PBTA	PBTA-X01-FY22	C2421747	PT_TTQ3KXDH_7316-5336_Solid Tissue_Initial CNS Tumor	7316-5336	Tumor	Initial CNS Tumor	Solid Tissue	NA	Low-grade astrocytic tumor	Low-grade glioma	LGG, KIAA1549-BRAF	NA	Low-grade glioma/astrocytoma (WHO grade I/II)	pilocytic astrocytoma who grade i	Cerebellum/Posterior Fossa	Posterior fossa	Gross/Near total resection	poly-A stranded	4563	White	Not Hispanic or Latino	Female	Female	None documented	Low-grade glioma	#8f8fbf	Yes	EUR	1022	Not Applicable	1022	LIVING	NO EVENT
BS_V7ZQ4AM7	PT_3D74J8RZ	PBTA	PBTA-X01-FY22	C127305	PT_3D74J8RZ_7316-8830_Solid Tissue_Progressive	7316-8830	Tumor	Progressive	Solid Tissue	NA	Tumor of cranial and paraspinal nerves	Schwannoma	NA	NA	Schwannoma	spine schwannoma	Cranial Nerves NOS;Frontal Lobe;Other locations NOS;Parietal Lobe;Spine NOS;Temporal Lobe	Mixed	Gross/Near total resection	poly-A stranded	5667	White	Not Hispanic or Latino	Male	Male	Neurofibromatosis, Type 2 (NF-2)	Schwannoma	#ab7200	No	EUR	236	Progressive	6726	DECEASED	EVENT
BS_V86F5SDJ	PT_42KS3NMS	PBTA	PBTA-X01-FY22	C2847942	PT_42KS3NMS_7316-7089_Solid Tissue_Progressive	7316-7089	Tumor	Progressive	Solid Tissue	NA	Tumors of sellar region	Adamantinomatous Craniopharyngioma	CRANIO, ADAM	NA	Craniopharyngioma	craniopharyngioma, adamantinomatous type residual/recurrent with ctnnb1 mutation, who grade i	Suprasellar/Hypothalamic/Pituitary	Suprasellar	Partial resection	poly-A stranded	5810	Reported Unknown	Not Hispanic or Latino	Male	Male	None documented	Craniopharyngioma	#b2502d	No	EUR	411	Progressive	546	LIVING	EVENT
BS_V89HGTET	PT_N9CGVG02	PBTA	CBTN	C551532	PT_N9CGVG02_7316-2197_Solid Tissue_Initial CNS Tumor	7316-2197	Tumor	Initial CNS Tumor	Solid Tissue	NA	Low-grade astrocytic tumor	Low-grade glioma	LGG, KIAA1549-BRAF, RTK	NA	Low-grade glioma/astrocytoma (WHO grade I/II)	pilocytic astrocytoma, who grade i	Brain Stem-Medulla;Spinal Cord- Cervical	Mixed	Gross/Near total resection	stranded	4114	White	Not Hispanic or Latino	Male	Male	None documented	Low-grade glioma	#8f8fbf	Yes	AFR	3207	Not Applicable	3207	LIVING	NO EVENT
BS_V8QWBVS3	PT_M72FHJXN	PBTA	PBTA-X01-FY22	C2617440	PT_M72FHJXN_7316-6756_Solid Tissue_Deceased	7316-6756	Tumor	Deceased	Solid Tissue	NA	Diffuse astrocytic and oligodendroglial tumor	Diffuse midline glioma	DMG, H3 K28	DMG, H3 K28	Brainstem glioma- Diffuse intrinsic pontine glioma	diffuse midline glioma, h3k27m- mutant by ihc, correspond to who grade iv	Brain Stem-Medulla;Brain Stem- Midbrain/Tectum;Brain Stem- Pons;Cerebellum/Posterior Fossa	Mixed	NA	poly-A stranded	6542	White	Not Hispanic or Latino	Female	Female	None documented	DIPG or DMG	#ff40d9	No	EUR	355	Progressive	499	DECEASED	EVENT
BS_V96WVE3Z	PT_H3WWDMW9	PBTA	CBTN	C300612	PT_H3WWDMW9_7316-2118_Solid Tissue_Deceased	7316-2118	Tumor	Deceased	Solid Tissue	NA	Embryonal tumor	Medulloblastoma	MB, SHH	MB, SHH	Medulloblastoma	medulloblastoma, who grade iv	Ventricles	Ventricles	NA	stranded	222	White	Not Hispanic or Latino	Male	NA	None documented	Medulloblastoma	#a340ff	No	NA	187	Recurrence	264	DECEASED	EVENT
BS_V9HVBBDW	PT_CTSQ5FHH	PBTA	CBTN	C105042	PT_CTSQ5FHH_7316-438_Solid Tissue_Initial CNS Tumor	7316-438	Tumor	Initial CNS Tumor	Solid Tissue	NA	Embryonal tumor	Medulloblastoma	MB, Group3	MB, Group3	Medulloblastoma	medulloblastoma, who grade iv	Cerebellum/Posterior Fossa;Ventricles	Mixed	Gross/Near total resection	stranded	1663	White	Hispanic or Latino	Male	Male	None documented	Medulloblastoma	#a340ff	Yes	AMR	2580	Not Applicable	2580	LIVING	NO EVENT
BS_V9Y9HSGQ	PT_HFQNKP5X	PBTA	PBTA-X01-FY22	C182778	PT_HFQNKP5X_7316-4062_Derived Cell Line_Deceased_Serum-based_5	7316-4062	Tumor	Deceased	Derived Cell Line	Serum-based	Chordoma	Chordoma	CHDM, poorly differentiated	NA	Chordoma	clivus chordoma	Skull	Other	NA	poly-A stranded	1625	Reported Unknown	Hispanic or Latino	Female	Female	None documented	Mesenchymal tumor	#7fbf00	No	EUR	28	Progressive	1155	DECEASED	EVENT
BS_VA5T4KAA	PT_2ZTXV44P	PBTA	CBTN	C44403	PT_2ZTXV44P_7316-310_Solid Tissue_Initial CNS Tumor	7316-310	Tumor	Initial CNS Tumor	Solid Tissue	NA	Embryonal tumor	Medulloblastoma	MB, Group3	NA	Medulloblastoma	medulloblastoma	Cerebellum/Posterior Fossa;Spinal Cord- Lumbar/Thecal Sac;Spinal Cord- Thoracic	Mixed	Partial resection	stranded	1888	White	Not Available	Male	NA	None documented	Medulloblastoma	#a340ff	Yes	NA	457	Not Applicable	457	LIVING	NO EVENT
BS_VAAHBH60	PT_GH27VJBD	PBTA	CBTN	C820779	PT_GH27VJBD_7316-2266_Solid Tissue_Progressive	7316-2266	Tumor	Progressive	Solid Tissue	NA	Ependymal tumor	Ependymoma	EPN, ST ZFTA	EPN, ST ZFTA	Ependymoma	anaplastic ependymoma grade iii	Brain Stem- Midbrain/Tectum;Cerebellum/Posterior Fossa	Mixed	Gross/Near total resection	stranded	2471	White	Not Hispanic or Latino	Female	Female	Other inherited conditions NOS	Ependymoma	#2200ff	No	EUR	136	Progressive	2705	LIVING	EVENT
BS_VARR255N	PT_W3FSA7NH	PBTA	CBTN	C773916	PT_W3FSA7NH_7316-3522_Solid Tissue_Progressive	7316-3522	Tumor	Progressive	Solid Tissue	NA	Low-grade astrocytic tumor	Low-grade glioma	LGG, KIAA1549-BRAF	NA	Low-grade glioma/astrocytoma (WHO grade I/II)	pilocytic astrocytoma	Cerebellum/Posterior Fossa	Posterior fossa	Partial resection	stranded	2940	White	Not Hispanic or Latino	Female	Female	None documented	Low-grade glioma	#8f8fbf	No	EUR	331	Progressive	331	LIVING	EVENT
BS_VBEY9DVY	PT_W5T878YK	PBTA	PBTA-X01-FY22	C725085	PT_W5T878YK_7316-2709_Solid Tissue_Progressive	7316-2709	Tumor	Progressive	Solid Tissue	NA	Low-grade astrocytic tumor	Low-grade glioma	LGG, wildtype	NA	Low-grade glioma/astrocytoma (WHO grade I/II)	low grade glioma consistent with diffuse astrocytoma (who grade 2)	Temporal Lobe	Hemispheric	Gross/Near total resection	poly-A stranded	481	American Indian or Alaska Native	Not Hispanic or Latino	Female	Female	None documented	Low-grade glioma	#8f8fbf	No	AMR	4367	Progressive	5192	LIVING	EVENT
BS_VBFKFYAP	PT_G2CH3Z17	PBTA	PBTA-X01-FY22	C2851140	PT_G2CH3Z17_7316-3085_Solid Tissue_Initial CNS Tumor	7316-3085	Tumor	Initial CNS Tumor	Solid Tissue	NA	Tumors of sellar region	Craniopharyngioma	CRANIO, To be classified	NA	Craniopharyngioma	craniopharyngioma	Other locations NOS	Other	Gross/Near total resection	poly-A stranded	4517	Reported Unknown	Not Available	Female	Female	None documented	Craniopharyngioma	#b2502d	Yes	EUR	Not Reported	Not Applicable	Not Reported	LIVING	NO EVENT
BS_VDFXXMEX	PT_XA8R9716	PBTA	CBTN	C2447454	PT_XA8R9716_7316-5044_Solid Tissue_Deceased	7316-5044	Tumor	Deceased	Solid Tissue	NA	Diffuse astrocytic and oligodendroglial tumor	Diffuse midline glioma	DMG, H3 K28	DMG, H3 K28	Brainstem glioma- Diffuse intrinsic pontine glioma	diffuse intrinsic pontine glioma	Brain Stem- Pons	Midline	NA	poly-A stranded	4079	White	Not Available	Female	NA	None documented	DIPG or DMG	#ff40d9	No	NA	213	Progressive	457	DECEASED	EVENT
BS_VF5XWFXD	PT_JNEV57VK	PBTA	HOPE	C714384	PT_JNEV57VK_7316-2594_Solid Tissue_Initial CNS Tumor	7316-2594	Tumor	Initial CNS Tumor	Solid Tissue	NA	Diffuse astrocytic and oligodendroglial tumor	Diffuse midline glioma	DMG, H3 K28, TP53	DMG, H3 K28	High-grade glioma/astrocytoma (WHO grade III/IV)	anaplastic astrocytoma who grade iii	Thalamus	Midline	Partial resection	stranded	2869	White	Not Hispanic or Latino	Male	Male	Other inherited conditions NOS	DIPG or DMG	#ff40d9	Yes	EUR	92	Progressive	273	DECEASED	EVENT
BS_VFDXFG3N	PT_YJSMJHWR	PBTA	PBTA-X01-FY22	C2421870	PT_YJSMJHWR_7316-5259_Solid Tissue_Initial CNS Tumor	7316-5259	Tumor	Initial CNS Tumor	Solid Tissue	NA	Pre-cancerous lesion	NA	NA	NA	Dysplasia/Gliosis	focal cortical dysplasia	Temporal Lobe	Hemispheric	Gross/Near total resection	poly-A stranded	3058	White	Not Hispanic or Latino	Male	Male	None documented	Non-neoplastic tumor	#FFF5EB	Yes	EUR	674	Not Applicable	674	LIVING	NO EVENT
BS_VJ2S5DVS	PT_MT27S7S4	PBTA	CBTN	C655098	PT_MT27S7S4_7316-1969_Solid Tissue_Initial CNS Tumor	7316-1969	Tumor	Initial CNS Tumor	Solid Tissue	NA	Ependymal tumor	Ependymoma	EPN, To be classified	NA	Ependymoma	anaplastic ependymoma	Thalamus;Ventricles	Mixed	Partial resection	stranded	7177	White	Not Hispanic or Latino	Male	Male	None documented	Ependymoma	#2200ff	Yes	EUR	Not Reported	Not Applicable	Not Reported	LIVING	NO EVENT
BS_VJAC9H58	PT_SABHZ7XX	PBTA	CBTN	C809094	PT_SABHZ7XX_7316-3029_Solid Tissue_Initial CNS Tumor	7316-3029	Tumor	Initial CNS Tumor	Solid Tissue	NA	Tumor of cranial and paraspinal nerves	Schwannoma	NA	NA	Schwannoma	schwannoma	Spinal Cord- Lumbar/Thecal Sac	Spine	Gross/Near total resection	stranded	7122	Black or African American	Not Hispanic or Latino	Male	Male	None documented	Schwannoma	#ab7200	Yes	AFR	525	Not Applicable	525	LIVING	NO EVENT
BS_VJVDJABP	PT_XX2VW3D9	PBTA	CBTN	C25092	PT_XX2VW3D9_7316-96_Solid Tissue_Initial CNS Tumor	7316-96	Tumor	Initial CNS Tumor	Solid Tissue	NA	Embryonal tumor	Medulloblastoma	MB, Group3	MB, MYO	Medulloblastoma	pnet with neuronal and glial differentiation, who grade 4	Cerebellum/Posterior Fossa	Posterior fossa	Gross/Near total resection	stranded	2038	White	Not Hispanic or Latino	Female	Female	None documented	Medulloblastoma	#a340ff	Yes	EUR	1101	Not Applicable	1101	LIVING	NO EVENT
BS_VKGX1F8Z	PT_7MZRW1DH	PBTA	PBTA-X01-FY22	C663708	PT_7MZRW1DH_7316-2582_Derived Cell Line_Initial CNS Tumor_Serum-based_6	7316-2582	Tumor	Initial CNS Tumor	Derived Cell Line	Serum-based	Embryonal tumor	Atypical Teratoid Rhabdoid Tumor	ATRT, To be classified	NA	Atypical Teratoid Rhabdoid Tumor (ATRT)	atrt	Frontal Lobe	Hemispheric	Gross/Near total resection	poly-A stranded	5688	White	Not Hispanic or Latino	Female	Female	None documented	Atypical Teratoid Rhabdoid Tumor	#4d0d85	No	EUR	591	Recurrence	706	DECEASED	EVENT
BS_VKH87DD2	PT_ZM1JVWAZ	PBTA	CBTN	C3600579	PT_ZM1JVWAZ_7316-8061_Solid Tissue_Deceased	7316-8061	Tumor	Deceased	Solid Tissue	NA	Diffuse astrocytic and oligodendroglial tumor	Diffuse midline glioma	DMG, H3 K28	DMG, H3 K28	Brainstem glioma- Diffuse intrinsic pontine glioma	diffuse midline glioma, h3k27m mutant	Brain Stem- Pons;Cerebellum/Posterior Fossa;Spinal Cord- Cervical;Spinal Cord- Thoracic	Mixed	NA	poly-A stranded	1577	White	Not Hispanic or Latino	Female	NA	None documented	DIPG or DMG	#ff40d9	No	NA	244	Progressive	439	DECEASED	EVENT
BS_VKYEM67A	PT_V482NWB8	PBTA	PNOC	C3077583	PT_V482NWB8_7316-8037_Solid Tissue_Initial CNS Tumor	7316-8037	Tumor	Initial CNS Tumor	Solid Tissue	NA	Diffuse astrocytic and oligodendroglial tumor	Diffuse midline glioma	DMG, H3 K28, TP53	NA	High-grade glioma/astrocytoma (WHO grade III/IV)	High Grade Glioma	Thalamus	Midline	NA	stranded	4049	Other	Not Available	Female	Female	None documented	DIPG or DMG	#ff40d9	Yes	NA	NA	NA	NA	NA	NO EVENT
BS_VMEX27TN	PT_5AF1501D	PBTA	CBTN	C56088	PT_5AF1501D_7316-309_Solid Tissue_Initial CNS Tumor	7316-309	Tumor	Initial CNS Tumor	Solid Tissue	NA	Embryonal tumor	Medulloblastoma	MB, Group4	MB, Group4	Medulloblastoma	medulloblastoma	Cerebellum/Posterior Fossa	Posterior fossa	Partial resection	stranded	4869	White	Not Available	Male	NA	None documented	Medulloblastoma	#a340ff	Yes	NA	748	Recurrence - Metastatic	790	DECEASED	EVENT
BS_VMMJYN8Z	PT_WY8REZ3P	PBTA	CBTN	C313035	PT_WY8REZ3P_7316-1783_Solid Tissue_Initial CNS Tumor	7316-1783	Tumor	Initial CNS Tumor	Solid Tissue	NA	Low-grade astrocytic tumor	Ganglioglioma	GNG, BRAF V600E	GNG, MAPK	Ganglioglioma	ganglioglioma	Temporal Lobe	Hemispheric	Gross/Near total resection	stranded	5210	White	Not Hispanic or Latino	Female	Female	None documented	Mixed neuronal-glial tumor	#685815	Yes	EUR	3288	Not Applicable	3288	LIVING	NO EVENT
BS_VMQMGSJY	PT_63F63QY0	PBTA	HOPE	C944025	PT_63F63QY0_7316-3521_Solid Tissue_Progressive	7316-3521	Tumor	Progressive	Solid Tissue	NA	Diffuse astrocytic and oligodendroglial tumor	Diffuse midline glioma	DMG, H3 K28	NA	High-grade glioma/astrocytoma (WHO grade III/IV)	glioma h3.3k27m mutant	Thalamus	Midline	Partial resection	stranded	4188	White	Not Hispanic or Latino	Female	Female	None documented	DIPG or DMG	#ff40d9	No	EUR	1017	Progressive	1017	LIVING	EVENT
BS_VNE0ZPBS	PT_F9F3E8YR	PBTA	CBTN	C943287	PT_F9F3E8YR_7316-3519_Solid Tissue_Initial CNS Tumor	7316-3519	Tumor	Initial CNS Tumor	Solid Tissue	NA	Pre-cancerous lesion	NA	NA	NA	Dysplasia/Gliosis	focal cortical dysplasia vs.cortical tuber	Frontal Lobe	Hemispheric	Gross/Near total resection	stranded	932	White	Not Hispanic or Latino	Female	Female	None documented	Non-neoplastic tumor	#FFF5EB	Yes	EUR	Not Reported	Not Applicable	Not Reported	LIVING	NO EVENT
BS_VNK9XYV9	PT_WYR1DVHX	PBTA	CBTN	C596796	PT_WYR1DVHX_7316-1950_Solid Tissue_Initial CNS Tumor	7316-1950	Tumor	Initial CNS Tumor	Solid Tissue	NA	Tumors of sellar region	Adamantinomatous Craniopharyngioma	CRANIO, ADAM	NA	Craniopharyngioma	adamantinomatous craniopharyngioma	Suprasellar/Hypothalamic/Pituitary	Suprasellar	Gross/Near total resection	stranded	2537	White	Not Hispanic or Latino	Male	Male	None documented	Craniopharyngioma	#b2502d	Yes	EUR	Not Reported	Not Applicable	Not Reported	LIVING	NO EVENT
BS_VP3C8WZT	PT_962TCBVR	PBTA	CBTN	C88683	PT_962TCBVR_7316-391_Solid Tissue_Initial CNS Tumor	7316-391	Tumor	Initial CNS Tumor	Solid Tissue	NA	Low-grade astrocytic tumor	Low-grade glioma	LGG, KIAA1549-BRAF	NA	Low-grade glioma/astrocytoma (WHO grade I/II)	pilocytic astrocytoma who1	Ventricles	Ventricles	Partial resection	stranded	1359	American Indian or Alaska Native	Not Hispanic or Latino	Male	Male	None documented	Low-grade glioma	#8f8fbf	Yes	SAS	358	Recurrence	2866	LIVING	EVENT
BS_VP5Y45Z7	PT_YMN5GV47	PBTA	CBTN	C385359	PT_YMN5GV47_7316-658_Solid Tissue_Progressive	7316-658	Tumor	Progressive	Solid Tissue	NA	Low-grade astrocytic tumor	Low-grade glioma	LGG, NF1-somatic	NA	Low-grade glioma/astrocytoma (WHO grade I/II)	pilocytic astrocytoma, who grade 1	Optic Pathway	Optic pathway	Gross/Near total resection	stranded	1455	Black or African American	Not Hispanic or Latino	Female	Female	None documented	Low-grade glioma	#8f8fbf	No	AFR	827	Progressive	902	LIVING	EVENT
BS_VPBMDMQX	PT_STRDJQ01	PBTA	CBTN	C180687	PT_STRDJQ01_7316-1038_Solid Tissue_Initial CNS Tumor	7316-1038	Tumor	Initial CNS Tumor	Solid Tissue	NA	Embryonal tumor	Medulloblastoma	MB, SHH	MB, SHH	Medulloblastoma	medulloblastoma	Cerebellum/Posterior Fossa	Posterior fossa	Gross/Near total resection	stranded	475	Reported Unknown	Hispanic or Latino	Female	NA	None documented	Medulloblastoma	#a340ff	Yes	NA	21	Recurrence	21	LIVING	EVENT
BS_VPMKHW9X	PT_WPYCXMDA	PBTA	CBTN	C1010322	PT_WPYCXMDA_7316-3891_Solid Tissue_Progressive	7316-3891	Tumor	Progressive	Solid Tissue	NA	Tumors of sellar region	Adamantinomatous Craniopharyngioma	CRANIO, ADAM	NA	Craniopharyngioma	adamantinomatous craniopharyngioma	Suprasellar/Hypothalamic/Pituitary	Suprasellar	Gross/Near total resection	stranded	3304	Reported Unknown	Hispanic or Latino	Female	Female	None documented	Craniopharyngioma	#b2502d	No	AMR	512	Progressive	2324	LIVING	EVENT
BS_VPNXJE2S	PT_V5ASTHRH	PBTA	CBTN	C1028157	PT_V5ASTHRH_7316-3892_Solid Tissue_Progressive	7316-3892	Tumor	Progressive	Solid Tissue	NA	Germ cell tumor	Mixed germ cell tumor	NA	NA	Mixed germ cell tumor	Germinoma;Teratoma	Pineal Gland	Midline	Gross/Near total resection	stranded	6116	Reported Unknown	Not Hispanic or Latino	Male	Male	None documented	Germ cell tumor	#0074d9	No	EAS	80	Progressive	1851	LIVING	EVENT
BS_VQCCYTM5	PT_H0PXZWJ6	PBTA	PBTA-X01-FY22	C3418416	PT_H0PXZWJ6_7316-7930_Solid Tissue_Initial CNS Tumor	7316-7930	Tumor	Initial CNS Tumor	Solid Tissue	NA	Embryonal tumor	Medulloblastoma	MB, Group3	MB, Group3	Medulloblastoma	medulloblastoma non-wnt/non-shh-activated, tp53- wildtype, no amplification of myc or nmyc	Cerebellum/Posterior Fossa;Ventricles	Mixed	Gross/Near total resection	poly-A stranded	479	White	Not Hispanic or Latino	Male	Male	None documented	Medulloblastoma	#a340ff	Yes	EUR	1000	Not Applicable	1000	LIVING	NO EVENT
BS_VR7FR1NE	PT_6MWPJ96F	PBTA	CBTN	C226566	PT_6MWPJ96F_7316-1928_Solid Tissue_Initial CNS Tumor	7316-1928	Tumor	Initial CNS Tumor	Solid Tissue	NA	Low-grade astrocytic tumor	Low-grade glioma	LGG, KIAA1549-BRAF	NA	Low-grade glioma/astrocytoma (WHO grade I/II)	residual pilocytic astrocytoma	Cerebellum/Posterior Fossa	Posterior fossa	Gross/Near total resection	stranded	2889	White	Not Hispanic or Latino	Female	Female	None documented	Low-grade glioma	#8f8fbf	No	EUR	2420	Not Applicable	2420	LIVING	NO EVENT
BS_VSSBS981	PT_HXV713W6	PBTA	PBTA-X01-FY22	C3940920	PT_HXV713W6_7316-9439_Solid Tissue_Initial CNS Tumor	7316-9439	Tumor	Initial CNS Tumor	Solid Tissue	NA	Low-grade astrocytic tumor	Low-grade glioma	LGG, KIAA1549-BRAF	NA	Low-grade glioma/astrocytoma (WHO grade I/II)	pilocytic astrocytoma with kiaa1549 - braf fusion	Cerebellum/Posterior Fossa	Posterior fossa	Gross/Near total resection	poly-A stranded	1595	Reported Unknown	Not Hispanic or Latino	Female	Female	None documented	Low-grade glioma	#8f8fbf	Yes	EUR	125	Recurrence	125	LIVING	EVENT
BS_VSSVV6VY	PT_YM51XZH0	PBTA	PBTA-X01-FY22	C2446962	PT_YM51XZH0_7316-5929_Solid Tissue_Deceased	7316-5929	Tumor	Deceased	Solid Tissue	NA	Ependymal tumor	Ependymoma	EPN, PF A	EPN, PF A	Ependymoma	recurrent malignant ependymoma	Basal Ganglia;Cerebellum/Posterior Fossa;Spine NOS;Ventricles	Mixed	NA	poly-A stranded	1996	Reported Unknown	Not Available	Female	Female	None documented	Ependymoma	#2200ff	No	EUR	1453	Recurrence	4695	DECEASED	EVENT
BS_VT2YFZNB	PT_E99F32RF	PBTA	PBTA-X01-FY22	C3407346	PT_E99F32RF_7316-8121_Derived Cell Line_Initial CNS Tumor_Serum-free-1_6	7316-8121	Tumor	Initial CNS Tumor	Derived Cell Line	Serum-free-1	Diffuse astrocytic and oligodendroglial tumor	High-grade glioma	HGG, H3 wildtype	NA	High-grade glioma/astrocytoma (WHO grade III/IV)	residual/recurrent pediatric high grade diffuse glioma, tp53 mutant	Basal Ganglia;Hippocampus;Temporal Lobe	Mixed	Partial resection	poly-A stranded	2838	White	Not Hispanic or Latino	Male	Male	None documented	Other high-grade glioma	#ffccf5	No	EUR	321	Progressive - Metastatic	353	DECEASED	EVENT
BS_VT6C6N6K	PT_1NZGDP3P	PBTA	CBTN	C292371	PT_1NZGDP3P_7316-1104_Solid Tissue_Initial CNS Tumor	7316-1104	Tumor	Initial CNS Tumor	Solid Tissue	NA	Embryonal tumor	Medulloblastoma	MB, SHH	NA	Medulloblastoma	medulloblastoma	Cerebellum/Posterior Fossa	Posterior fossa	Gross/Near total resection	stranded	882	White	Not Hispanic or Latino	Female	Female	None documented	Medulloblastoma	#a340ff	Yes	NA	Not Reported	Not Applicable	Not Reported	LIVING	NO EVENT
BS_VTJ9ESSV	PT_MA0J8DSN	PBTA	CBTN	C23001	PT_MA0J8DSN_7316-39_Solid Tissue_Initial CNS Tumor	7316-39	Tumor	Initial CNS Tumor	Solid Tissue	NA	Neuronal and mixed neuronal-glial tumor	Dysembryoplastic neuroepithelial tumor	NA	NA	Dysembryoplastic neuroepithelial tumor (DNET)	dysembryoplastic neuroepithelial tumor i	Frontal Lobe	Hemispheric	Gross/Near total resection	stranded	1817	White	Not Hispanic or Latino	Male	Male	None documented	Mixed neuronal-glial tumor	#685815	Yes	EUR	1417	Not Applicable	1417	LIVING	NO EVENT
BS_VTYNWK05	PT_TRZ1N1HQ	PBTA	PBTA-X01-FY22	C1046730	PT_TRZ1N1HQ_7316-6354_Solid Tissue_Progressive	7316-6354	Tumor	Progressive	Solid Tissue	NA	Low-grade astrocytic tumor	Low-grade glioma	LGG, KIAA1549-BRAF, BRAF V600E	NA	Low-grade glioma/astrocytoma (WHO grade I/II)	recurrent/residual pilocytic astrocytoma (who i)	Cerebellum/Posterior Fossa	Posterior fossa	Partial resection	poly-A stranded	2386	White	Not Hispanic or Latino	Male	Male	None documented	Low-grade glioma	#8f8fbf	No	EUR	463	Progressive	2514	LIVING	EVENT
BS_VVFBW0YH	PT_7QKGGMKV	PBTA	CBTN	C72570	PT_7QKGGMKV_7316-347_Solid Tissue_Initial CNS Tumor	7316-347	Tumor	Initial CNS Tumor	Solid Tissue	NA	Embryonal tumor	Medulloblastoma	MB, Group4	MB, Group4	Medulloblastoma	medulloblastoma	Cerebellum/Posterior Fossa;Meninges/Dura;Spinal Cord- Cervical;Spinal Cord- Thoracic;Ventricles	Mixed	Partial resection	stranded	3557	Reported Unknown	Not Hispanic or Latino	Female	Female	None documented	Medulloblastoma	#a340ff	Yes	SAS	405	Recurrence	623	DECEASED	EVENT
BS_VVP8QQX8	PT_JV9G8MFD	PBTA	PBTA-X01-FY22	C886092	PT_JV9G8MFD_7316-4292_Solid Tissue_Recurrence	7316-4292	Tumor	Recurrence	Solid Tissue	NA	Embryonal tumor	Atypical Teratoid Rhabdoid Tumor	ATRT, SHH	ATRT, SHH	Atypical Teratoid Rhabdoid Tumor (ATRT)	recurrent atypical teratoid/rhabdoid tumor (at/rt).	Frontal Lobe;Parietal Lobe	Hemispheric	Gross/Near total resection	poly-A stranded	362	White	Not Hispanic or Latino	Female	Female	None documented	Atypical Teratoid Rhabdoid Tumor	#4d0d85	No	EUR	300	Recurrence	1581	DECEASED	EVENT
BS_VVTHDRBD	PT_Y76A7PBA	PBTA	CBTN	C608112	PT_Y76A7PBA_7316-2288_Solid Tissue_Recurrence	7316-2288	Tumor	Recurrence	Solid Tissue	NA	Diffuse astrocytic and oligodendroglial tumor	High-grade glioma	HGG, H3 wildtype	NA	High-grade glioma/astrocytoma (WHO grade III/IV)	glioblastoma, who grade iv	Frontal Lobe	Hemispheric	Gross/Near total resection	stranded	3288	White	Not Hispanic or Latino	Female	Female	None documented	Other high-grade glioma	#ffccf5	No	EUR	878	Recurrence	1508	DECEASED	EVENT
BS_VW85Q4XJ	PT_2YT37G8P	PBTA	CBTN	C77613	PT_2YT37G8P_7316-2962_Solid Tissue_Recurrence	7316-2962	Tumor	Recurrence	Solid Tissue	NA	Low-grade astrocytic tumor	Low-grade glioma	LGG, KIAA1549-BRAF	NA	Low-grade glioma/astrocytoma (WHO grade I/II)	fibrillary astrocytoma	Suprasellar/Hypothalamic/Pituitary	Suprasellar	Partial resection	stranded	245	White	Not Hispanic or Latino	Female	Female	None documented	Low-grade glioma	#8f8fbf	No	EUR	146	Progressive	8212	LIVING	EVENT
BS_VWH0HPVF	PT_HJMP6PH2	PBTA	PBTA-X01-FY22	C42804	PT_HJMP6PH2_7316-4768_Solid Tissue_Deceased	7316-4768	Tumor	Deceased	Solid Tissue	NA	Mesenchymal non-meningothelial tumor	Ewing sarcoma	EWS	NA	Ewings Sarcoma	ewing's sarcoma	Brain Stem-Medulla;Brain Stem- Pons;Cerebellum/Posterior Fossa;Hippocampus;Spinal Cord- Cervical;Spinal Cord- Lumbar/Thecal Sac;Spinal Cord- Thoracic	Mixed	NA	poly-A stranded	880	White	Not Hispanic or Latino	Male	Male	None documented	Mesenchymal tumor	#7fbf00	No	EUR	1710	Recurrence	1997	DECEASED	EVENT
BS_VXEFKW5P	PT_S4YNE17X	PBTA	CBTN	C15744	PT_S4YNE17X_7316-234_Solid Tissue_Initial CNS Tumor	7316-234	Tumor	Initial CNS Tumor	Solid Tissue	NA	Tumor of cranial and paraspinal nerves	Neurofibroma/Plexiform	NA	NA	Neurofibroma/Plexiform	neurofibroma	Spinal Cord- Cervical	Spine	Partial resection	stranded	4546	White	Not Hispanic or Latino	Female	Female	Neurofibromatosis, Type 2 (NF-2)	Neurofibroma plexiform	#e6ac39	Yes	EUR	3685	Progressive - Metastatic	7607	DECEASED	EVENT
BS_VXHWZJDC	PT_5X061J42	PBTA	CBTN	C520782	PT_5X061J42_7316-2149_Solid Tissue_Initial CNS Tumor	7316-2149	Tumor	Initial CNS Tumor	Solid Tissue	NA	Germ cell tumor	Germinoma	NA	NA	Germinoma	germinoma	Optic Pathway;Pineal Gland;Suprasellar/Hypothalamic/Pituitary	Mixed	Biopsy only	stranded	2813	White	Not Hispanic or Latino	Male	Male	None documented	Germ cell tumor	#0074d9	Yes	EUR	1743	Not Applicable	1743	LIVING	NO EVENT
BS_VXMYES3W	PT_A0V7V4N0	PBTA	PBTA-X01-FY22	C3198492	PT_A0V7V4N0_7316-7495_Solid Tissue_Initial CNS Tumor	7316-7495	Tumor	Initial CNS Tumor	Solid Tissue	NA	Embryonal tumor	Medulloblastoma	MB, Group4	MB, Group4	Medulloblastoma	medulloblastoma non-wnt/non-shh with myc amplification, who grade iv	Cerebellum/Posterior Fossa;Ventricles	Mixed	Partial resection	poly-A stranded	3453	White	Not Hispanic or Latino	Female	Female	None documented	Medulloblastoma	#a340ff	Yes	EUR	730	Not Applicable	730	LIVING	NO EVENT
BS_VYGCBBWB	PT_40N7BXSQ	PBTA	PBTA-X01-FY22	C111561	PT_40N7BXSQ_7316-599_Derived Cell Line_Initial CNS Tumor_Serum-based_8	7316-599	Tumor	Initial CNS Tumor	Derived Cell Line	Serum-based	Diffuse astrocytic and oligodendroglial tumor	Diffuse midline glioma	DMG, H3 K28	NA	High-grade glioma/astrocytoma (WHO grade III/IV)	anaplastic astrocytoma, who grade iii	Thalamus	Midline	Biopsy only	poly-A stranded	444	Reported Unknown	Not Available	Female	Female	None documented	DIPG or DMG	#ff40d9	No	AMR	99	Progressive	884	DECEASED	EVENT
BS_VZWXGYT2	PT_5KVV6ZZJ	PBTA	PBTA-X01-FY22	C2408586	PT_5KVV6ZZJ_7316-4269_Solid Tissue_Initial CNS Tumor	7316-4269	Tumor	Initial CNS Tumor	Solid Tissue	NA	Low-grade astrocytic tumor	Low-grade glioma	LGG, BRAF V600E	NA	Low-grade glioma/astrocytoma (WHO grade I/II)	low grade glioma who grade i/integrated diagnosis: pilocytic astrocytoma	Suprasellar/Hypothalamic/Pituitary	Suprasellar	Gross/Near total resection	poly-A stranded	2422	White	Not Hispanic or Latino	Female	Female	None documented	Low-grade glioma	#8f8fbf	Yes	EUR	134	Progressive	2511	LIVING	EVENT
BS_W0FZ9YCY	PT_DFR8928F	PBTA	PBTA-X01-FY22	C797655	PT_DFR8928F_7316-3032_Solid Tissue_Initial CNS Tumor	7316-3032	Tumor	Initial CNS Tumor	Solid Tissue	NA	Embryonal tumor	Medulloblastoma	MB, Group3	MB, Group3	Medulloblastoma	medulloblastoma who grade iv	Cerebellum/Posterior Fossa	Posterior fossa	Gross/Near total resection	poly-A stranded	2186	Reported Unknown	Hispanic or Latino	Female	Female	None documented	Medulloblastoma	#a340ff	Yes	AMR	2886	Not Applicable	2886	LIVING	NO EVENT
BS_W1385R8Y	PT_Y585X1BS	PBTA	HOPE	C119679	PT_Y585X1BS_7316-622_Solid Tissue_Recurrence	7316-622	Tumor	Recurrence	Solid Tissue	NA	Diffuse astrocytic and oligodendroglial tumor	High-grade glioma	HGG, H3 wildtype, TP53	NA	High-grade glioma/astrocytoma (WHO grade III/IV)	gbm	Temporal Lobe	Hemispheric	Unavailable	poly-A stranded	3215	Reported Unknown	Not Available	Male	NA	None documented	Other high-grade glioma	#ffccf5	No	NA	Not Reported	Recurrence	Not Reported	LIVING	EVENT
BS_W18SF91A	PT_HBT0C66Y	PBTA	CBTN	C959646	PT_HBT0C66Y_7316-3149_Solid Tissue_Initial CNS Tumor	7316-3149	Tumor	Initial CNS Tumor	Solid Tissue	NA	Pre-cancerous lesion	NA	NA	NA	Dysplasia/Gliosis	cortical dysplasia of tuberous sclerosis	Parietal Lobe	Hemispheric	Gross/Near total resection	stranded	1864	White	Not Hispanic or Latino	Male	Male	None documented	Non-neoplastic tumor	#FFF5EB	Yes	EUR	1493	Second Malignancy	1493	LIVING	EVENT
BS_W311713R	PT_JEA0AEMZ	PBTA	CBTN	C584619	PT_JEA0AEMZ_7316-2169_Solid Tissue_Initial CNS Tumor	7316-2169	Tumor	Initial CNS Tumor	Solid Tissue	NA	Embryonal tumor	Medulloblastoma	MB, Group4	MB, Group4	Medulloblastoma	medulloblastoma	Cerebellum/Posterior Fossa	Posterior fossa	Gross/Near total resection	stranded	2327	White	Not Hispanic or Latino	Male	Male	None documented	Medulloblastoma	#a340ff	Yes	EUR	1863	Not Applicable	1863	LIVING	NO EVENT
BS_W36RZSFA	PT_7TRGHZBK	PBTA	CBTN	C97539	PT_7TRGHZBK_7316-431_Solid Tissue_Initial CNS Tumor	7316-431	Tumor	Initial CNS Tumor	Solid Tissue	NA	Choroid plexus tumor	Choroid plexus tumor	NA	NA	Choroid plexus carcinoma	choroid plexus carcinoma	Parietal Lobe	Hemispheric	Partial resection	stranded	1098	White	Not Hispanic or Latino	Female	Female	Li-Fraumeni syndrome (TP53)	Choroid plexus tumor	#00441B	Yes	EUR	89	Recurrence	2649	LIVING	EVENT
BS_W3R88RFP	PT_2ECVKTTQ	PBTA	CBTN	C38868	PT_2ECVKTTQ_7316-173_Solid Tissue_Second Malignancy	7316-173	Tumor	Second Malignancy	Solid Tissue	NA	Low-grade astrocytic tumor	Low-grade glioma	LGG, NF1-germline, CDKN2A/B	NA	Low-grade glioma/astrocytoma (WHO grade I/II)	pilocytic astrocytoma	Temporal Lobe	Hemispheric	Gross/Near total resection	stranded	1099	White	Not Hispanic or Latino	Female	Female	Neurofibromatosis, Type 1 (NF-1)	Low-grade glioma	#8f8fbf	No	EUR	3838	Second Malignancy	8013	LIVING	EVENT
BS_W41S7B55	PT_NGDW8WVP	PBTA	CBTN	C277242	PT_NGDW8WVP_7316-1704_Solid Tissue_Initial CNS Tumor	7316-1704	Tumor	Initial CNS Tumor	Solid Tissue	NA	Mesenchymal non-meningothelial tumor	Hemangioblastoma	NA	NA	Hemangioblastoma	hemangioblastoma	Cerebellum/Posterior Fossa	Posterior fossa	Gross/Near total resection	stranded	6429	White	Not Hispanic or Latino	Male	Male	Other inherited conditions NOS	Mesenchymal tumor	#7fbf00	Yes	EUR	Not Reported	Not Applicable	Not Reported	LIVING	NO EVENT
BS_W4DB5RP1	PT_XKVFVBY4	PBTA	CBTN	C123615	PT_XKVFVBY4_7316-550_Solid Tissue_Deceased	7316-550	Tumor	Deceased	Solid Tissue	NA	Diffuse astrocytic and oligodendroglial tumor	Diffuse midline glioma	DMG, H3 K28	DMG, H3 K28	Brainstem glioma- Diffuse intrinsic pontine glioma	dipg	Brain Stem-Medulla;Brain Stem- Midbrain/Tectum;Brain Stem- Pons;Cerebellum/Posterior Fossa	Mixed	NA	stranded	2032	White	Not Hispanic or Latino	Female	NA	None documented	DIPG or DMG	#ff40d9	No	NA	340	Deceased-due to disease	340	DECEASED	EVENT
BS_W4H1D4Y6	PT_X7HC5YCY	PBTA	CBTN	C42066	PT_X7HC5YCY_7316-255_Solid Tissue_Initial CNS Tumor	7316-255	Tumor	Initial CNS Tumor	Solid Tissue	NA	Diffuse astrocytic and oligodendroglial tumor	High-grade glioma	HGG, H3 wildtype	NA	High-grade glioma/astrocytoma (WHO grade III/IV)	glioblastoma multiforme with scherer s secondary structures	Parietal Lobe	Hemispheric	NA	poly-A stranded	6120	White	Not Available	Female	NA	None documented	Other high-grade glioma	#ffccf5	Yes	NA	60	Progressive - Metastatic	151	DECEASED	EVENT
BS_W4HGV6E7	PT_2C63FJAM	PBTA	CBTN	C797532	PT_2C63FJAM_7316-3040_Solid Tissue_Initial CNS Tumor	7316-3040	Tumor	Initial CNS Tumor	Solid Tissue	NA	Low-grade astrocytic tumor	Low-grade glioma	LGG, MYB/MYBL1	LGG, MYB/MYBL1	Low-grade glioma/astrocytoma (WHO grade I/II)	angiocentric glioma	Parietal Lobe	Hemispheric	Gross/Near total resection	stranded	3825	White	Not Hispanic or Latino	Female	Female	None documented	Low-grade glioma	#8f8fbf	Yes	EUR	1922	Not Applicable	1922	LIVING	NO EVENT
BS_W568T9CS	PT_YDGG20RS	PBTA	PBTA-X01-FY22	C4647801	PT_YDGG20RS_7316-6038_Solid Tissue_Initial CNS Tumor	7316-6038	Tumor	Initial CNS Tumor	Solid Tissue	NA	Ependymal tumor	Ependymoma	EPN, PF A	EPN, PF A	Ependymoma	anaplastic ependymoma, who grade iii	Cerebellum/Posterior Fossa	Posterior fossa	Gross/Near total resection	poly-A stranded	1677	Black or African American	Not Hispanic or Latino	Female	Female	None documented	Ependymoma	#2200ff	Yes	AFR	1063	Recurrence	2011	LIVING	EVENT
BS_W60RQAKK	PT_CSZ9QA1N	PBTA	HOPE	C15498	PT_CSZ9QA1N_7316-371_Solid Tissue_Deceased	7316-371	Tumor	Deceased	Solid Tissue	NA	Diffuse astrocytic and oligodendroglial tumor	High-grade glioma	HGG, H3 wildtype, TP53	NA	High-grade glioma/astrocytoma (WHO grade III/IV)	high grade glioma	Brain Stem- Midbrain/Tectum;Brain Stem- Pons;Cerebellum/Posterior Fossa	Midline	NA	stranded	1886	White	Not Hispanic or Latino	Female	Female	None documented	Other high-grade glioma	#ffccf5	No	EUR	1002	Progressive	1747	DECEASED	EVENT
BS_W644VEVE	PT_XA98HG1C	PBTA	CBTN	C270723	PT_XA98HG1C_7316-3023_Solid Tissue_Progressive	7316-3023	Tumor	Progressive	Solid Tissue	NA	Embryonal tumor	Medulloblastoma	MB, SHH	NA	Medulloblastoma	medulloblastoma	Cerebellum/Posterior Fossa;Meninges/Dura	Mixed	Partial resection	stranded	3312	White	Not Hispanic or Latino	Male	Male	None documented	Medulloblastoma	#a340ff	No	EUR	565	Recurrence	971	DECEASED	EVENT
BS_W6AC5J3C	PT_16EJ7BZ9	PBTA	CBTN	C385236	PT_16EJ7BZ9_7316-1938_Solid Tissue_Initial CNS Tumor	7316-1938	Tumor	Initial CNS Tumor	Solid Tissue	NA	Meningioma	Meningioma	NA	NA	Other	meningioangiomatosis	Temporal Lobe;Ventricles	Mixed	Gross/Near total resection	stranded	3708	White	Not Hispanic or Latino	Male	Male	None documented	Meningioma	#2db398	Yes	EUR	489	Not Applicable	489	LIVING	NO EVENT
BS_W6F1C2J8	PT_CWXSP19D	PBTA	PBTA-X01-FY22	C2465904	PT_CWXSP19D_7316-7950_Solid Tissue_Recurrence	7316-7950	Tumor	Recurrence	Solid Tissue	NA	Tumor of cranial and paraspinal nerves	Schwannoma	NA	NA	Schwannoma	schwannoma	Spinal Cord- Thoracic	Spine	Gross/Near total resection	poly-A stranded	4024	White	Not Hispanic or Latino	Male	Male	None documented	Schwannoma	#ab7200	No	EUR	756	Recurrence	1772	LIVING	EVENT
BS_W72364MN	PT_PKCTFSV2	PBTA	CBTN	C752883	PT_PKCTFSV2_7316-242_Solid Tissue_Second Malignancy	7316-242	Tumor	Second Malignancy	Solid Tissue	NA	Meningioma	Meningioma	NA	NA	Meningioma	meningioma	Frontal Lobe	Hemispheric	Gross/Near total resection	stranded	11609	White	Not Hispanic or Latino	Male	NA	None documented	Meningioma	#2db398	No	NA	7379	Second Malignancy	8766	LIVING	EVENT
BS_W7FP2G3F	PT_GERCQ0JG	PBTA	CBTN	C944271	PT_GERCQ0JG_7316-3520_Solid Tissue_Initial CNS Tumor	7316-3520	Tumor	Initial CNS Tumor	Solid Tissue	NA	Neuronal and mixed neuronal-glial tumor	Dysembryoplastic neuroepithelial tumor	NA	NA	Dysembryoplastic neuroepithelial tumor (DNET)	dnet	Frontal Lobe;Parietal Lobe	Hemispheric	Gross/Near total resection	stranded	3022	Reported Unknown	Not Available	Female	Female	None documented	Mixed neuronal-glial tumor	#685815	Yes	EUR	Not Reported	Not Applicable	Not Reported	LIVING	NO EVENT
BS_W7MFJZ5A	PT_C5FKRB1P	PBTA	PNOC	C3079059	PT_C5FKRB1P_A14565_Solid Tissue_Initial CNS Tumor	A14565	Tumor	Initial CNS Tumor	Solid Tissue	NA	Diffuse astrocytic and oligodendroglial tumor	Diffuse intrinsic pontine glioma	DIPG, H3 wildtype	NA	Brainstem glioma- Diffuse intrinsic pontine glioma	Diffuse Astrocytoma	Pons/Brainstem	Midline	NA	poly-A	4529	White	Not Available	Male	Male	None documented	DIPG or DMG	#ff40d9	Yes	AMR	NA	NA	NA	NA	NO EVENT
BS_W80TJC27	PT_R6WWH1QX	PBTA	CBTN	C105903	PT_R6WWH1QX_7316-423_Solid Tissue_Initial CNS Tumor	7316-423	Tumor	Initial CNS Tumor	Solid Tissue	NA	Ependymal tumor	Ependymoma	EPN, ST ZFTA	EPN, ST ZFTA	Ependymoma	anaplastic ependymoma, who gr 2	Frontal Lobe;Parietal Lobe	Hemispheric	Gross/Near total resection	stranded	2896	White	Not Hispanic or Latino	Female	Female	None documented	Ependymoma	#2200ff	Yes	EUR	3603	Not Applicable	3603	LIVING	NO EVENT
BS_W97QQYKQ	PT_GKWWWJ0X	PBTA	CBTN	C333084	PT_GKWWWJ0X_7316-1071_Solid Tissue_Recurrence	7316-1071	Tumor	Recurrence	Solid Tissue	NA	Low-grade astrocytic tumor	Ganglioglioma	GNG, KIAA1549-BRAF	NA	Ganglioglioma	ganglioglioma	Spinal Cord- Cervical;Spinal Cord- Thoracic	Spine	Gross/Near total resection	stranded	432	White	Not Hispanic or Latino	Female	Female	None documented	Mixed neuronal-glial tumor	#685815	No	EUR	104	Recurrence	104	LIVING	EVENT
BS_W9AT0MR7	PT_8RB3EKNP	PBTA	CBTN	C1002081	PT_8RB3EKNP_7316-4028_Solid Tissue_Initial CNS Tumor	7316-4028	Tumor	Initial CNS Tumor	Solid Tissue	NA	Embryonal tumor	Medulloblastoma	MB, Group4	MB, Group4	Medulloblastoma	medulloblastoma	Cerebellum/Posterior Fossa;Ventricles	Mixed	Gross/Near total resection	stranded	2059	Black or African American	Not Hispanic or Latino	Male	Male	None documented	Medulloblastoma	#a340ff	Yes	AFR	581	Deceased-due to disease	581	DECEASED	EVENT
BS_W9N9844Q	PT_3CHB9PK5	PBTA	CBTN	C102951	PT_3CHB9PK5_7316-515_Solid Tissue_Initial CNS Tumor	7316-515	Tumor	Initial CNS Tumor	Solid Tissue	NA	Diffuse astrocytic and oligodendroglial tumor	High-grade glioma	HGG, H3 wildtype, TP53	HGG, H3 wildtype	High-grade glioma/astrocytoma (WHO grade III/IV)	high grade glioma with pilocytic astrocytoma features	Frontal Lobe	Hemispheric	Partial resection	stranded	2908	White	Not Hispanic or Latino	Female	Female	Neurofibromatosis, Type 1 (NF-1)	Other high-grade glioma	#ffccf5	Yes	EUR	499	Progressive - Metastatic	547	DECEASED	EVENT
BS_WAXJY4XQ	PT_8GN3TQRM	PBTA	HOPE	C417831	PT_8GN3TQRM_7316-2069_Solid Tissue_Recurrence	7316-2069	Tumor	Recurrence	Solid Tissue	NA	Diffuse astrocytic and oligodendroglial tumor	High-grade glioma	HGG, H3 wildtype, TP53	HGG, H3 wildtype	High-grade glioma/astrocytoma (WHO grade III/IV)	glioblastoma, who grade iv	Parietal Lobe	Hemispheric	Gross/Near total resection	stranded	1885	Asian	Not Hispanic or Latino	Male	Male	None documented	Other high-grade glioma	#ffccf5	No	EAS	630	Recurrence	957	DECEASED	EVENT
BS_WBPTY8NH	PT_394ZA6P7	PBTA	PBTA-X01-FY22	C2399853	PT_394ZA6P7_7316-5741_Solid Tissue_Initial CNS Tumor	7316-5741	Tumor	Initial CNS Tumor	Solid Tissue	NA	Diffuse astrocytic and oligodendroglial tumor	High-grade glioma	HGG, H3 wildtype, TP53	NA	High-grade glioma/astrocytoma (WHO grade III/IV)	high grade glioma	Cerebellum/Posterior Fossa	Posterior fossa	Gross/Near total resection	poly-A stranded	2963	Asian	Not Hispanic or Latino	Male	Male	None documented	Other high-grade glioma	#ffccf5	Yes	SAS	245	Progressive - Metastatic	294	DECEASED	EVENT
BS_WCRKYV0T	PT_GVDMG7KC	PBTA	CBTN	C37269	PT_GVDMG7KC_7316-152_Solid Tissue_Initial CNS Tumor	7316-152	Tumor	Initial CNS Tumor	Solid Tissue	NA	Low-grade astrocytic tumor	Low-grade glioma	LGG, wildtype	NA	Low-grade glioma/astrocytoma (WHO grade I/II)	oligodendroglioma who ii	Parietal Lobe	Hemispheric	Partial resection	stranded	8384	White	Not Hispanic or Latino	Male	Male	None documented	Low-grade glioma	#8f8fbf	Yes	EUR	1125	Not Applicable	1125	LIVING	NO EVENT
BS_WCVVAHS9	PT_FH9B37E1	PBTA	PBTA-X01-FY22	C2703294	PT_FH9B37E1_7316-3507_Solid Tissue_Initial CNS Tumor	7316-3507	Tumor	Initial CNS Tumor	Solid Tissue	NA	Meningioma	Meningioma	NA	NA	Meningioma	atypical meningioma, who grade ii	Other locations NOS	Other	Gross/Near total resection	poly-A stranded	9444	Reported Unknown	Not Available	Male	Male	None documented	Meningioma	#2db398	Yes	AMR	Not Reported	Not Applicable	Not Reported	LIVING	NO EVENT
BS_WE3Q8A73	PT_GY99ZJHV	PBTA	CBTN	C409590	PT_GY99ZJHV_7316-1654_Solid Tissue_Initial CNS Tumor	7316-1654	Tumor	Initial CNS Tumor	Solid Tissue	NA	Choroid plexus tumor	Choroid plexus tumor	NA	NA	Choroid plexus papilloma	atypical choroid plexus papilloma	Ventricles	Ventricles	Gross/Near total resection	stranded	670	White	Not Hispanic or Latino	Male	Male	None documented	Choroid plexus tumor	#00441B	Yes	EUR	Not Reported	Not Applicable	Not Reported	LIVING	NO EVENT
BS_WE4C1XN1	PT_0J07HTRF	PBTA	PBTA-X01-FY22	C1032339	PT_0J07HTRF_7316-6475_Derived Cell Line_Deceased_Serum-free_5	7316-6475	Tumor	Deceased	Derived Cell Line	Serum-free	Diffuse astrocytic and oligodendroglial tumor	Diffuse midline glioma	DMG, H3 K28	NA	High-grade glioma/astrocytoma (WHO grade III/IV)	diffuse midline glioma, h3 k27m-mutant, who grade iv	Basal Ganglia;Brain Stem-Medulla;Brain Stem- Midbrain/Tectum;Brain Stem- Pons;Cerebellum/Posterior Fossa;Thalamus	Mixed	NA	poly-A stranded	1913	White	Not Hispanic or Latino	Female	Female	None documented	DIPG or DMG	#ff40d9	No	EUR	266	Progressive	560	DECEASED	EVENT
BS_WE4E4GEX	PT_XG4CJ0GM	PBTA	PBTA-X01-FY22	C3480285	PT_XG4CJ0GM_7316-8473_Solid Tissue_Initial CNS Tumor	7316-8473	Tumor	Initial CNS Tumor	Solid Tissue	NA	Tumor of cranial and paraspinal nerves	Schwannoma	NA	NA	Schwannoma	schwannoma	Cranial Nerves NOS;Other locations NOS	Other	Unavailable	poly-A stranded	6650	White	Not Available	Female	Female	Neurofibromatosis, Type 2 (NF-2)	Schwannoma	#ab7200	Yes	EUR	1182	Not Applicable	1182	LIVING	NO EVENT
BS_WEKK6SHP	PT_440E1XW5	PBTA	PBTA-X01-FY22	C3897378	PT_440E1XW5_7316-9068_Solid Tissue_Deceased	7316-9068	Tumor	Deceased	Solid Tissue	NA	Diffuse astrocytic and oligodendroglial tumor	Diffuse midline glioma	DMG, H3 K28	DMG, H3 K28	Brainstem glioma- Diffuse intrinsic pontine glioma	diffused intrinsic pontine glioma	Brain Stem- Pons;Cerebellum/Posterior Fossa;Thalamus	Mixed	NA	poly-A stranded	3612	White	Not Hispanic or Latino	Female	Female	None documented	DIPG or DMG	#ff40d9	No	EUR	340	Deceased-due to disease	340	DECEASED	EVENT
BS_WETH5SAH	PT_E0QNEXZ8	PBTA	PBTA-X01-FY22	C798024	PT_E0QNEXZ8_7316-2160_Solid Tissue_Initial CNS Tumor	7316-2160	Tumor	Initial CNS Tumor	Solid Tissue	NA	Ependymal tumor	Ependymoma	EPN, PF A	EPN, PF A	Ependymoma	ependymoma	Spinal Cord- Cervical;Spinal Cord- Thoracic	Spine	Gross/Near total resection	poly-A stranded	6431	White	Not Hispanic or Latino	Male	Male	None documented	Ependymoma	#2200ff	Yes	EUR	777	Not Applicable	777	LIVING	NO EVENT
BS_WF04GGTX	PT_SBSXK3XB	PBTA	PBTA-X01-FY22	C3631698	PT_SBSXK3XB_7316-8430_Solid Tissue_Initial CNS Tumor	7316-8430	Tumor	Initial CNS Tumor	Solid Tissue	NA	Embryonal tumor	Medulloblastoma	MB, SHH	MB, SHH	Medulloblastoma	recurrent/residual medulloblastoma, who grade iv	Cerebellum/Posterior Fossa	Posterior fossa	Gross/Near total resection	poly-A stranded	9216	White	Not Hispanic or Latino	Male	Male	None documented	Medulloblastoma	#a340ff	Yes	EUR	94	Not Applicable	94	LIVING	NO EVENT
BS_WF90N975	PT_89XRZBSG	PBTA	PBTA-X01-FY22	C94956	PT_89XRZBSG_7316-445_Derived Cell Line_Initial CNS Tumor_Serum-free_12	7316-445	Tumor	Initial CNS Tumor	Derived Cell Line	Serum-free	Diffuse astrocytic and oligodendroglial tumor	High-grade glioma	HGG, H3 wildtype, TP53	NA	High-grade glioma/astrocytoma (WHO grade III/IV)	anaplastic astrocytoma	Temporal Lobe	Hemispheric	Partial resection	poly-A stranded	6690	White	Not Hispanic or Latino	Male	Male	Li-Fraumeni syndrome (TP53)	Other high-grade glioma	#ffccf5	No	EUR	5100	Recurrence	5100	LIVING	EVENT
BS_WFD0GE5X	PT_WKNKNYHH	PBTA	CBTN	C334191	PT_WKNKNYHH_7316-1107_Solid Tissue_Initial CNS Tumor	7316-1107	Tumor	Initial CNS Tumor	Solid Tissue	NA	Ependymal tumor	Ependymoma	EPN, PF A	EPN, PF A	Ependymoma	anaplastic ependymoma grade iii who	Cerebellum/Posterior Fossa	Posterior fossa	Unavailable	stranded	888	White	Not Hispanic or Latino	Male	Male	None documented	Ependymoma	#2200ff	Yes	EUR	504	Not Applicable	504	LIVING	NO EVENT
BS_WFQT9J8Q	PT_PB4Q0ZX1	PBTA	PBTA-X01-FY22	C1049559	PT_PB4Q0ZX1_7316-3902_Solid Tissue_Initial CNS Tumor	7316-3902	Tumor	Initial CNS Tumor	Solid Tissue	NA	Ependymal tumor	Ependymoma	EPN, To be classified	NA	Ependymoma	ependymoma who grad ii	Cerebellum/Posterior Fossa;Ventricles	Mixed	Gross/Near total resection	poly-A stranded	4907	Black or African American	Hispanic or Latino	Male	Male	None documented	Ependymoma	#2200ff	Yes	AMR	437	Not Applicable	437	LIVING	NO EVENT
BS_WG203ECV	PT_962TCBVR	PBTA	CBTN	C88683	PT_962TCBVR_7316-896_Solid Tissue_Recurrence	7316-896	Tumor	Recurrence	Solid Tissue	NA	Low-grade astrocytic tumor	Low-grade glioma	LGG, KIAA1549-BRAF	NA	Low-grade glioma/astrocytoma (WHO grade I/II)	pilocytic astrocytoma of cerebellum	Cerebellum/Posterior Fossa	Posterior fossa	Partial resection	stranded	1359	American Indian or Alaska Native	Not Hispanic or Latino	Male	Male	None documented	Low-grade glioma	#8f8fbf	No	SAS	358	Recurrence	2866	LIVING	EVENT
BS_WGK8ZMVA	PT_DNAJYFZT	PBTA	CBTN	C1027296	PT_DNAJYFZT_7316-4035_Solid Tissue_Recurrence	7316-4035	Tumor	Recurrence	Solid Tissue	NA	Ependymal tumor	Ependymoma	EPN, To be classified	NA	Ependymoma	anaplastic ependymoma who grade iii	Occipital Lobe	Hemispheric	Gross/Near total resection	stranded	4330	White	Not Hispanic or Latino	Male	Male	None documented	Ependymoma	#2200ff	No	EUR	753	Recurrence	1367	DECEASED	EVENT
BS_WH5HDE0A	PT_H3WWDMW9	PBTA	CBTN	C300612	PT_H3WWDMW9_7316-737_Solid Tissue_Initial CNS Tumor	7316-737	Tumor	Initial CNS Tumor	Solid Tissue	NA	Embryonal tumor	Medulloblastoma	MB, SHH	MB, SHH	Medulloblastoma	medulloblastoma, who grade iv	Ventricles	Ventricles	Gross/Near total resection	stranded	222	White	Not Hispanic or Latino	Male	NA	None documented	Medulloblastoma	#a340ff	Yes	NA	187	Recurrence	264	DECEASED	EVENT
BS_WH8G4VFB	PT_R4T1V1K4	PBTA	CBTN	C832956	PT_R4T1V1K4_7316-3206_Solid Tissue_Deceased	7316-3206	Tumor	Deceased	Solid Tissue	NA	Diffuse astrocytic and oligodendroglial tumor	Diffuse midline glioma	DMG, H3 K28, TP53	DMG, H3 K28	Brainstem glioma- Diffuse intrinsic pontine glioma	diffuse midline glioma, h3k27m mutant who grade iv	Brain Stem- Pons	Midline	NA	stranded	3578	Asian	Not Hispanic or Latino	Male	Male	None documented	DIPG or DMG	#ff40d9	No	EAS	139	Deceased-due to disease	139	DECEASED	EVENT
BS_WHAW7FQM	PT_F8MJBBJJ	PBTA	PBTA-X01-FY22	C3723948	PT_F8MJBBJJ_7316-9021_Solid Tissue_Initial CNS Tumor	7316-9021	Tumor	Initial CNS Tumor	Solid Tissue	NA	Meningioma	Meningioma	NA	NA	Meningioma	meningioma with loss of chromosome 22 and one germline variant associated with hereditary cancer predisposition nf2, c.592c>t (p.arg198*)	Skull	Other	Gross/Near total resection	poly-A stranded	1877	White	Not Hispanic or Latino	Female	Female	Neurofibromatosis, Type 2 (NF-2)	Meningioma	#2db398	Yes	EUR	1037	Not Applicable	1037	LIVING	NO EVENT
BS_WHBEXD5H	PT_PEHEAEVT	PBTA	HOPE	C2582754	PT_PEHEAEVT_7316-4552_Solid Tissue_Initial CNS Tumor	7316-4552	Tumor	Initial CNS Tumor	Solid Tissue	NA	Diffuse astrocytic and oligodendroglial tumor	High-grade glioma	HGG, H3 wildtype	NA	High-grade glioma/astrocytoma (WHO grade III/IV)	high-grade astrocytoma	Parietal Lobe	Hemispheric	Gross/Near total resection	stranded	337	Reported Unknown	Not Available	Male	Male	None documented	Other high-grade glioma	#ffccf5	Yes	EUR	Not Reported	Not Applicable	Not Reported	LIVING	NO EVENT
BS_WJ9H4NZZ	PT_8GN3TQRM	PBTA	CBTN	C417831	PT_8GN3TQRM_7316-2091_Solid Tissue_Progressive	7316-2091	Tumor	Progressive	Solid Tissue	NA	Diffuse astrocytic and oligodendroglial tumor	High-grade glioma	HGG, H3 wildtype	NA	High-grade glioma/astrocytoma (WHO grade III/IV)	glioblastoma, who grade iv	Parietal Lobe;Temporal Lobe	Hemispheric	Partial resection	stranded	1885	Asian	Not Hispanic or Latino	Male	Male	None documented	Other high-grade glioma	#ffccf5	No	EAS	630	Recurrence	957	DECEASED	EVENT
BS_WJGFDRWK	PT_PJFTMJ6H	PBTA	CBTN	C581175	PT_PJFTMJ6H_7316-2150_Solid Tissue_Initial CNS Tumor	7316-2150	Tumor	Initial CNS Tumor	Solid Tissue	NA	Mesenchymal non-meningothelial tumor	Ewing sarcoma	EWS	EWS	Ewings Sarcoma	ewing's sarcoma	Cerebellum/Posterior Fossa	Posterior fossa	Gross/Near total resection	stranded	3256	Reported Unknown	Not Hispanic or Latino	Female	Female	None documented	Mesenchymal tumor	#7fbf00	Yes	SAS	830	Deceased-due to other causes	830	DECEASED	NO EVENT
BS_WJMR3X7P	PT_K71TQSF4	PBTA	PBTA-X01-FY22	C3461835	PT_K71TQSF4_7316-8046_Solid Tissue_Deceased	7316-8046	Tumor	Deceased	Solid Tissue	NA	Embryonal tumor	Medulloblastoma	MB, Group4	NA	Medulloblastoma	medulloblastoma	Brain Stem- Pons;Cerebellum/Posterior Fossa;Spinal Cord- Cervical	Mixed	NA	poly-A stranded	3706	White	Not Hispanic or Latino	Male	Male	None documented	Medulloblastoma	#a340ff	No	EUR	373	Recurrence - Metastatic	612	DECEASED	EVENT
BS_WK0FA4W7	PT_VCD0W8HG	PBTA	PBTA-X01-FY22	C760140	PT_VCD0W8HG_7316-4702_Solid Tissue_Deceased	7316-4702	Tumor	Deceased	Solid Tissue	NA	Diffuse astrocytic and oligodendroglial tumor	Diffuse midline glioma	DMG, H3 K28	DMG, H3 K28	Brainstem glioma- Diffuse intrinsic pontine glioma	dipg	Brain Stem-Medulla;Brain Stem- Pons;Cerebellum/Posterior Fossa;Other locations NOS	Mixed	NA	poly-A stranded	4320	White	Not Hispanic or Latino	Female	Female	None documented	DIPG or DMG	#ff40d9	No	EUR	170	Progressive	536	DECEASED	EVENT
BS_WKESC3XN	PT_1H2REHT2	PBTA	HOPE	C53013	PT_1H2REHT2_7316-3303_Solid Tissue_Deceased	7316-3303	Tumor	Deceased	Solid Tissue	NA	Diffuse astrocytic and oligodendroglial tumor	High-grade glioma	HGG, H3 wildtype, TP53	HGG, H3 wildtype	High-grade glioma/astrocytoma (WHO grade III/IV)	pleomorphic xanthoastrocytoma	Basal Ganglia;Thalamus	Midline	NA	stranded	8774	White	Not Hispanic or Latino	Male	Male	Neurofibromatosis, Type 1 (NF-1)	Other high-grade glioma	#ffccf5	No	EUR	955	Progressive	3295	DECEASED	EVENT
BS_WKJZJYBG	PT_DY2GNA83	PBTA	PBTA-X01-FY22	C3474996	PT_DY2GNA83_7316-8419_Solid Tissue_Deceased	7316-8419	Tumor	Deceased	Solid Tissue	NA	Embryonal tumor	Medulloblastoma	MB, SHH	MB, SHH	Medulloblastoma	recurrent medulloblastoma	Cerebellum/Posterior Fossa;Skull	Mixed	NA	poly-A stranded	6821	White	Not Hispanic or Latino	Male	Male	None documented	Medulloblastoma	#a340ff	No	EUR	1045	Progressive	2486	DECEASED	EVENT
BS_WMEHNDSK	PT_B54PH840	PBTA	CBTN	C684741	PT_B54PH840_7316-2707_Solid Tissue_Initial CNS Tumor	7316-2707	Tumor	Initial CNS Tumor	Solid Tissue	NA	Tumor of pineal region	Pineoblastoma	PB, MYC/FOXR2	PB, MYC/FOXR2	Pineoblastoma	pineoblastoma	Pineal Gland	Midline	Gross/Near total resection	stranded	577	White	Not Hispanic or Latino	Male	Male	None documented	#220040	5	Yes	EUR	243	Progressive - Metastatic	273	DECEASED	EVENT
BS_WNJ9Q829	PT_M6AHSC7C	PBTA	PBTA-X01-FY22	C2404404	PT_M6AHSC7C_7316-4531_Solid Tissue_Initial CNS Tumor	7316-4531	Tumor	Initial CNS Tumor	Solid Tissue	NA	Germ cell tumor	Teratoma	NA	NA	Teratoma	mature teratoma	Spine NOS	Spine	Gross/Near total resection	poly-A stranded	434	White	Not Hispanic or Latino	Female	Female	None documented	Germ cell tumor	#0074d9	Yes	EUR	Not Reported	Not Applicable	Not Reported	LIVING	NO EVENT
BS_WQ0K79EA	PT_NAYJ2G2E	PBTA	PBTA-X01-FY22	C3579423	PT_NAYJ2G2E_7316-8741_Solid Tissue_Initial CNS Tumor	7316-8741	Tumor	Initial CNS Tumor	Solid Tissue	NA	Ependymal tumor	Ependymoma	EPN, ST YAP1	EPN, ST YAP1	Ependymoma	supratentorial ependymoma, yap1 fusion-positive, loss of whole chromosome 22, grade 3	Frontal Lobe;Temporal Lobe	Hemispheric	Gross/Near total resection	poly-A stranded	414	White	Not Hispanic or Latino	Female	Female	None documented	Ependymoma	#2200ff	Yes	EUR	1148	Not Applicable	1148	LIVING	NO EVENT
BS_WQ1YRTAT	PT_WMWFCG6J	PBTA	PNOC	C3077706	PT_WMWFCG6J_7316-8038_Solid Tissue_Initial CNS Tumor	7316-8038	Tumor	Initial CNS Tumor	Solid Tissue	NA	Diffuse astrocytic and oligodendroglial tumor	High-grade glioma	HGG, H3 wildtype	NA	High-grade glioma/astrocytoma (WHO grade III/IV)	High Grade Glioma	Brain	Other	NA	stranded	5233	Other	Hispanic or Latino	Male	Unknown	None documented	Other high-grade glioma	#ffccf5	Yes	NA	NA	NA	NA	NA	NO EVENT
BS_WQ5FDHF8	PT_GBN55D2P	PBTA	PBTA-X01-FY22	C29766	PT_GBN55D2P_7316-5304_Solid Tissue_Progressive	7316-5304	Tumor	Progressive	Solid Tissue	NA	Ependymal tumor	Ependymoma	EPN, To be classified	NA	Ependymoma	ependymoma	Cerebellum/Posterior Fossa;Ventricles	Mixed	Partial resection	poly-A stranded	1441	White	Not Hispanic or Latino	Female	Female	None documented	Ependymoma	#2200ff	No	EUR	700	Recurrence - Metastatic	4856	LIVING	EVENT
BS_WQNXWJXE	PT_D835NGZW	PBTA	Oligo	C3531453	PT_D835NGZW_16510-5_Solid Tissue_Initial CNS Tumor	16510-5	Tumor	Initial CNS Tumor	Solid Tissue	NA	Diffuse astrocytic and oligodendroglial tumor	Oligodendroglioma	NA	NA	Oligodendroglioma	NA	Parietal Lobe	Hemispheric	NA	stranded	11688	NA	NA	NA	Female	None documented	Oligodendroglioma	tan	Yes	EUR	NA	NA	NA	NA	NO EVENT
BS_WRHDP7WF	PT_FHDZNN40	PBTA	CBTN	C91758	PT_FHDZNN40_7316-405_Solid Tissue_Initial CNS Tumor	7316-405	Tumor	Initial CNS Tumor	Solid Tissue	NA	Ependymal tumor	Ependymoma	EPN, PF A	EPN, PF A	Ependymoma	anaplastic ependymoma	Cerebellum/Posterior Fossa	Posterior fossa	Gross/Near total resection	stranded	130	White	Not Hispanic or Latino	Female	Female	None documented	Ependymoma	#2200ff	Yes	EUR	3276	Not Applicable	3276	LIVING	NO EVENT
BS_WRQHPSXQ	PT_4159VCJY	PBTA	CBTN	C88929	PT_4159VCJY_7316-389_Solid Tissue_Initial CNS Tumor	7316-389	Tumor	Initial CNS Tumor	Solid Tissue	NA	Low-grade astrocytic tumor	Ganglioglioma	GNG, BRAF V600E, CDKN2A/B	NA	Ganglioglioma	ganglioglioma	Temporal Lobe	Hemispheric	Partial resection	stranded	5094	White	Not Hispanic or Latino	Female	Female	None documented	Mixed neuronal-glial tumor	#685815	Yes	EUR	540	Not Applicable	540	LIVING	NO EVENT
BS_WRQM11XH	PT_R604JG6B	PBTA	PBTA-X01-FY22	C3552978	PT_R604JG6B_7316-8817_Solid Tissue_Deceased	7316-8817	Tumor	Deceased	Solid Tissue	NA	Embryonal tumor	Medulloblastoma	MB, Group4	MB, Group4	Medulloblastoma	recurrent/residual medulloblastoma, viable, status post treatment	Cerebellum/Posterior Fossa;Meninges/Dura;Other locations NOS;Spinal Cord- Cervical;Spinal Cord- Thoracic	Mixed	NA	poly-A stranded	3335	Reported Unknown	Hispanic or Latino	Male	Unknown	None documented	Medulloblastoma	#a340ff	No	AMR	468	Progressive - Metastatic	744	DECEASED	EVENT
BS_WSQMAA33	PT_92YX7KK9	PBTA	CBTN	C413280	PT_92YX7KK9_7316-1785_Solid Tissue_Initial CNS Tumor	7316-1785	Tumor	Initial CNS Tumor	Solid Tissue	NA	Germ cell tumor	Germinoma	NA	NA	Germinoma	germinoma	Basal Ganglia;Pineal Gland;Thalamus	Midline	Biopsy only	stranded	6013	White	Not Hispanic or Latino	Male	Male	None documented	Germ cell tumor	#0074d9	Yes	EUR	617	Not Applicable	617	LIVING	NO EVENT
BS_WT82FTQX	PT_9S6WMQ92	PBTA	PBTA-X01-FY22	C25830	PT_9S6WMQ92_7316-278_Solid Tissue_Initial CNS Tumor	7316-278	Tumor	Initial CNS Tumor	Solid Tissue	NA	Embryonal tumor	Medulloblastoma	MB, SHH	NA	Medulloblastoma	medulloblastoma	Cerebellum/Posterior Fossa	Posterior fossa	Gross/Near total resection	poly-A stranded	5534	White	Not Hispanic or Latino	Female	Female	None documented	Medulloblastoma	#a340ff	No	EUR	1021	Progressive - Metastatic	1508	DECEASED	EVENT
BS_WTJEDTZC	PT_45T6E38N	PBTA	PBTA-X01-FY22	C2490750	PT_45T6E38N_7316-5227_Solid Tissue_Initial CNS Tumor	7316-5227	Tumor	Initial CNS Tumor	Solid Tissue	NA	Diffuse astrocytic and oligodendroglial tumor	High-grade glioma	HGG, H3 wildtype, TP53	HGG, H3 wildtype	Brainstem glioma- Diffuse intrinsic pontine glioma	diffuse intrinsic pontine glioma	Brain Stem- Pons	Midline	Biopsy only	poly-A stranded	5009	Asian	Not Hispanic or Latino	Female	Female	Other inherited conditions NOS	Other high-grade glioma	#ffccf5	Yes	EAS	224	Deceased-due to disease	224	DECEASED	EVENT
BS_WTVQNPE4	PT_6FARAVJJ	PBTA	Oligo	C3533421	PT_6FARAVJJ_16510-20_Solid Tissue_Recurrence	16510-20	Tumor	Recurrence	Solid Tissue	NA	Diffuse astrocytic and oligodendroglial tumor	Oligodendroglioma	NA	NA	Oligodendroglioma	NA	Frontal Lobe	Hemispheric	NA	stranded	13515	NA	NA	NA	Female	None documented	Oligodendroglioma	tan	No	EUR	NA	NA	NA	NA	NO EVENT
BS_WV0S8N4M	PT_32J909WM	PBTA	CBTN	C743535	PT_32J909WM_7316-2688_Solid Tissue_Initial CNS Tumor	7316-2688	Tumor	Initial CNS Tumor	Solid Tissue	NA	Embryonal tumor	Atypical Teratoid Rhabdoid Tumor	ATRT, To be classified	NA	Atypical Teratoid Rhabdoid Tumor (ATRT)	atypical teratoid/rhabdoid tumor, who grade iv	Cerebellum/Posterior Fossa;Ventricles	Mixed	Gross/Near total resection	stranded	860	Reported Unknown	Hispanic or Latino	Male	Male	None documented	Atypical Teratoid Rhabdoid Tumor	#4d0d85	Yes	AMR	1061	Progressive - Metastatic	1713	LIVING	EVENT
BS_WVS02TZK	PT_NNZQ09SH	PBTA	CBTN	C292494	PT_NNZQ09SH_7316-1109_Solid Tissue_Recurrence	7316-1109	Tumor	Recurrence	Solid Tissue	NA	Neuronal and mixed neuronal-glial tumor	Rosette-forming glioneuronal tumor	GNT, other MAPK, FGFR	NA	Low-grade glioma/astrocytoma (WHO grade I/II)	rosette forming glioneuronal tumor	Cerebellum/Posterior Fossa	Posterior fossa	Gross/Near total resection	stranded	4683	White	Not Hispanic or Latino	Male	Male	None documented	Mixed neuronal-glial tumor	#685815	No	EUR	Not Reported	Recurrence	1240	LIVING	EVENT
BS_WVW3W6ZB	PT_M1RYN7B0	PBTA	CBTN	C406761	PT_M1RYN7B0_7316-1781_Solid Tissue_Initial CNS Tumor	7316-1781	Tumor	Initial CNS Tumor	Solid Tissue	NA	Embryonal tumor	Atypical Teratoid Rhabdoid Tumor	ATRT, To be classified	NA	Atypical Teratoid Rhabdoid Tumor (ATRT)	atypical teratoid rhabdoid tumor (atrt)	Frontal Lobe	Hemispheric	Gross/Near total resection	stranded	1038	Reported Unknown	Not Hispanic or Latino	Male	Male	None documented	Atypical Teratoid Rhabdoid Tumor	#4d0d85	Yes	AFR	194	Recurrence - Metastatic	433	DECEASED	EVENT
BS_WWKNJSJ5	PT_RJ1TJ2KH	PBTA	CBTN	C603069	PT_RJ1TJ2KH_7316-3680_Solid Tissue_Deceased	7316-3680	Tumor	Deceased	Solid Tissue	NA	Embryonal tumor	Atypical Teratoid Rhabdoid Tumor	ATRT, To be classified	NA	Atypical Teratoid Rhabdoid Tumor (ATRT)	atypical teratoid rhabdoid tumor	Cerebellum/Posterior Fossa	Posterior fossa	NA	stranded	218	White	Not Hispanic or Latino	Male	Male	Other inherited conditions NOS	Atypical Teratoid Rhabdoid Tumor	#4d0d85	No	EUR	220	Recurrence - Metastatic	408	DECEASED	EVENT
BS_WXT1VK25	PT_DYVAW1K2	PBTA	PBTA-X01-FY22	C292863	PT_DYVAW1K2_7316-1112_Solid Tissue_Initial CNS Tumor	7316-1112	Tumor	Initial CNS Tumor	Solid Tissue	NA	Neuronal and mixed neuronal-glial tumor	Glial-neuronal tumor NOS	GNT, RTK	LGG, BRAF/MAPK	Low-grade glioma/astrocytoma (WHO grade I/II)	glioneuronal tumor	Ventricles	Ventricles	Partial resection	poly-A stranded	27	White	Not Hispanic or Latino	Male	Male	None documented	Mixed neuronal-glial tumor	#685815	Yes	NA	Not Reported	Not Applicable	Not Reported	LIVING	NO EVENT
BS_WYERXS4G	PT_46F28BFH	PBTA	CBTN	C475764	PT_46F28BFH_7316-1799_Solid Tissue_Initial CNS Tumor	7316-1799	Tumor	Initial CNS Tumor	Solid Tissue	NA	Ependymal tumor	Ependymoma	EPN, ST YAP1	EPN, ST YAP1	Ependymoma	ependymoma with clear cell features, who grade ii	Occipital Lobe	Hemispheric	Gross/Near total resection	stranded	6091	White	Not Hispanic or Latino	Female	Female	Not Reported	Ependymoma	#2200ff	Yes	EUR	1646	Not Applicable	1646	LIVING	NO EVENT
BS_WYG77VVP	PT_DH8A0SNQ	PBTA	CBTN	C73554	PT_DH8A0SNQ_7316-3057_Solid Tissue_Progressive	7316-3057	Tumor	Progressive	Solid Tissue	NA	Germ cell tumor	Teratoma	NA	NA	Teratoma	teratoma	Suprasellar/Hypothalamic/Pituitary	Suprasellar	Gross/Near total resection	stranded	15	White	Not Hispanic or Latino	Female	Female	None documented	Germ cell tumor	#0074d9	No	EUR	194	Progressive	3241	LIVING	EVENT
BS_WYMX429C	PT_VBJ02EY1	PBTA	PBTA-X01-FY22	C1031970	PT_VBJ02EY1_7316-4208_Solid Tissue_Progressive	7316-4208	Tumor	Progressive	Solid Tissue	NA	Low-grade astrocytic tumor	Low-grade glioma	LGG, other MAPK	NA	Low-grade glioma/astrocytoma (WHO grade I/II)	low grade glioma, gnai1-braf fusion	Cerebellum/Posterior Fossa	Posterior fossa	Partial resection	poly-A stranded	226	Reported Unknown	Hispanic or Latino	Male	Male	None documented	Low-grade glioma	#8f8fbf	No	AFR	158	Progressive	3134	LIVING	EVENT
BS_WZZN982T	PT_N1HWK3YS	PBTA	PBTA-X01-FY22	C652638	PT_N1HWK3YS_7316-2603_Solid Tissue_Initial CNS Tumor	7316-2603	Tumor	Initial CNS Tumor	Solid Tissue	NA	Embryonal tumor	Medulloblastoma	MB, WNT	MB, WNT	Medulloblastoma	classic wnt pathway medulloblastoma, who grade iv	Cerebellum/Posterior Fossa;Occipital Lobe	Mixed	Gross/Near total resection	poly-A stranded	2988	Reported Unknown	Not Hispanic or Latino	Female	Female	None documented	Medulloblastoma	#a340ff	Yes	EUR	2066	Not Applicable	2066	LIVING	NO EVENT
BS_X0F9AYEC	PT_Y8HSH496	PBTA	CBTN	C60024	PT_Y8HSH496_7316-196_Solid Tissue_Initial CNS Tumor	7316-196	Tumor	Initial CNS Tumor	Solid Tissue	NA	Low-grade astrocytic tumor	Low-grade glioma	LGG, wildtype	NA	Low-grade glioma/astrocytoma (WHO grade I/II)	pilocytic astrocytoma	Cerebellum/Posterior Fossa	Posterior fossa	Gross/Near total resection	stranded	3109	Black or African American	Not Hispanic or Latino	Male	Male	None documented	Low-grade glioma	#8f8fbf	Yes	AFR	1069	Not Applicable	1069	LIVING	NO EVENT
BS_X0XXN9BK	PT_Z4BF2NSB	PBTA	CBTN	C34809	PT_Z4BF2NSB_7316-161_Solid Tissue_Initial CNS Tumor	7316-161	Tumor	Initial CNS Tumor	Solid Tissue	NA	Diffuse astrocytic and oligodendroglial tumor	High-grade glioma	HGG, H3 wildtype, TP53	NA	High-grade glioma/astrocytoma (WHO grade III/IV)	glioblastome multiforme who iv	Temporal Lobe	Hemispheric	Gross/Near total resection	poly-A stranded	5908	Reported Unknown	Hispanic or Latino	Male	Male	None documented	Other high-grade glioma	#ffccf5	Yes	AMR	2369	Recurrence	2561	DECEASED	EVENT
BS_X16PENSA	PT_50ZFWMZE	PBTA	CBTN	C458175	PT_50ZFWMZE_7316-1942_Solid Tissue_Initial CNS Tumor	7316-1942	Tumor	Initial CNS Tumor	Solid Tissue	NA	Low-grade astrocytic tumor	Low-grade glioma	LGG, KIAA1549-BRAF	NA	Low-grade glioma/astrocytoma (WHO grade I/II)	pilocytic astrocytoma	Cerebellum/Posterior Fossa	Posterior fossa	Gross/Near total resection	stranded	1570	White	Not Hispanic or Latino	Male	Male	None documented	Low-grade glioma	#8f8fbf	Yes	EUR	Not Reported	Not Applicable	Not Reported	LIVING	NO EVENT
BS_X1G0TKP4	PT_BVYRTW4M	PBTA	CBTN	C2497392	PT_BVYRTW4M_7316-5143_Solid Tissue_Initial CNS Tumor	7316-5143	Tumor	Initial CNS Tumor	Solid Tissue	NA	Diffuse astrocytic and oligodendroglial tumor	High-grade glioma	HGG, H3 wildtype	HGG, H3 wildtype	High-grade glioma/astrocytoma (WHO grade III/IV)	who ii anaplastic  astrocytoma, grade 3	Frontal Lobe;Other locations NOS;Parietal Lobe;Temporal Lobe	Mixed	Partial resection	poly-A stranded	4260	Reported Unknown	Not Hispanic or Latino	Male	NA	None documented	Other high-grade glioma	#ffccf5	Yes	NA	915	Progressive	915	LIVING	EVENT
BS_X1S67ZEA	PT_FSR10RSN	PBTA	PBTA-X01-FY22	C2795175	PT_FSR10RSN_7316-7061_Solid Tissue_Initial CNS Tumor	7316-7061	Tumor	Initial CNS Tumor	Solid Tissue	NA	Ependymal tumor	Ependymoma	EPN, PF A	EPN, PF A	Ependymoma	anaplastic ependymoma with no somatic variant, epn-a by ihc, who grade iii	Ventricles	Ventricles	Gross/Near total resection	poly-A stranded	680	White	Not Hispanic or Latino	Female	Female	None documented	Ependymoma	#2200ff	Yes	EUR	1100	Not Applicable	1100	LIVING	NO EVENT
BS_X23724NJ	PT_Y8RNS9JE	PBTA	CBTN	C410082	PT_Y8RNS9JE_7316-1656_Solid Tissue_Recurrence	7316-1656	Tumor	Recurrence	Solid Tissue	NA	Diffuse astrocytic and oligodendroglial tumor	High-grade glioma	HGG, H3 wildtype, TP53	NA	High-grade glioma/astrocytoma (WHO grade III/IV)	glioblastoma	Temporal Lobe	Hemispheric	Gross/Near total resection	stranded	328	White	Not Hispanic or Latino	Male	Male	None documented	Other high-grade glioma	#ffccf5	No	EUR	Not Reported	Recurrence	Not Reported	NA	EVENT
BS_X2EDW2ZB	PT_F4DBSRRC	PBTA	PBTA-X01-FY22	C2819652	PT_F4DBSRRC_7316-7059_Solid Tissue_Initial CNS Tumor	7316-7059	Tumor	Initial CNS Tumor	Solid Tissue	NA	Low-grade astrocytic tumor	Ganglioglioma	GNG, BRAF V600E	NA	Ganglioglioma	ganglioglioma who grade i	Cerebellum/Posterior Fossa	Posterior fossa	Partial resection	poly-A stranded	3463	White	Not Hispanic or Latino	Male	Male	None documented	Mixed neuronal-glial tumor	#685815	Yes	EUR	286	Not Applicable	286	LIVING	NO EVENT
BS_X2QTK3QD	PT_T2M1338J	PBTA	CBTN	C52275	PT_T2M1338J_7316-2588_Solid Tissue_Second Malignancy	7316-2588	Tumor	Second Malignancy	Solid Tissue	NA	Meningioma	Meningioma	NA	NA	Meningioma	meningioma	Frontal Lobe	Hemispheric	Partial resection	stranded	7212	White	Not Hispanic or Latino	Female	Female	None documented	Meningioma	#2db398	No	EUR	941	Recurrence	3877	LIVING	EVENT
BS_X31DBRN7	PT_3TQ8EBZE	PBTA	PBTA-X01-FY22	C3778068	PT_3TQ8EBZE_7316-8910_Solid Tissue_Initial CNS Tumor	7316-8910	Tumor	Initial CNS Tumor	Solid Tissue	NA	Tumors of sellar region	Adamantinomatous Craniopharyngioma	CRANIO, ADAM	CRANIO, ADAM	Craniopharyngioma	residual/recurrent adamantinomatous craniopharyngioma, who  grade 1	Suprasellar/Hypothalamic/Pituitary	Suprasellar	Gross/Near total resection	poly-A stranded	2597	White	Not Hispanic or Latino	Female	Male	None documented	Craniopharyngioma	#b2502d	Yes	EUR	115	Not Applicable	115	LIVING	NO EVENT
BS_X3HR4Z21	PT_Q37KKTVP	PBTA	PBTA-X01-FY22	C3518661	PT_Q37KKTVP_7316-6985_Solid Tissue_Initial CNS Tumor	7316-6985	Tumor	Initial CNS Tumor	Solid Tissue	NA	Diffuse astrocytic and oligodendroglial tumor	Diffuse midline glioma	DMG, H3 K28	DMG, H3 K28	Brainstem glioma- Diffuse intrinsic pontine glioma	diffuse midline glioma, h3 k27m-mutant, who grade 4	Brain Stem- Pons	Midline	Biopsy only	poly-A stranded	1449	White	Not Hispanic or Latino	Male	Male	None documented	DIPG or DMG	#ff40d9	Yes	EUR	55	Deceased-due to disease	55	DECEASED	EVENT
BS_X4DD4KSZ	PT_A06JR0E5	PBTA	PNOC	C3092835	PT_A06JR0E5_A17096_Solid Tissue_Initial CNS Tumor	A17096	Tumor	Initial CNS Tumor	Solid Tissue	NA	Diffuse astrocytic and oligodendroglial tumor	Diffuse midline glioma	DMG, H3 K28, TP53	NA	Brainstem glioma- Diffuse intrinsic pontine glioma	Diffuse midline glioma, H3K27M mutant, WHO grade IV	Pons/Brainstem	Midline	NA	poly-A	2205	Black or African American	Not Hispanic or Latino	Male	Male	None documented	DIPG or DMG	#ff40d9	Yes	AMR	NA	NA	156	DECEASED	NO EVENT
BS_X4X1SFSE	PT_VVCN8DXT	PBTA	CBTN	C16359	PT_VVCN8DXT_7316-71_Solid Tissue_Initial CNS Tumor	7316-71	Tumor	Initial CNS Tumor	Solid Tissue	NA	Diffuse astrocytic and oligodendroglial tumor	High-grade glioma	HGG, H3 wildtype	HGG, H3 wildtype	Gliomatosis Cerebri	anaplastic gliomatosis cerebri (who grade 4)	Occipital Lobe;Parietal Lobe;Temporal Lobe	Hemispheric	Partial resection	stranded	2668	White	Not Hispanic or Latino	Male	Male	None documented	Other high-grade glioma	#ffccf5	Yes	EUR	57	Progressive	375	DECEASED	EVENT
BS_X59HSFGG	PT_CB1XPA3W	PBTA	CBTN	C393477	PT_CB1XPA3W_7316-1767_Solid Tissue_Initial CNS Tumor	7316-1767	Tumor	Initial CNS Tumor	Solid Tissue	NA	Low-grade astrocytic tumor	Low-grade glioma	LGG, NF1-somatic	NA	Low-grade glioma/astrocytoma (WHO grade I/II)	low-grade glioma	Temporal Lobe	Hemispheric	Gross/Near total resection	stranded	5083	White	Not Hispanic or Latino	Female	Female	None documented	Low-grade glioma	#8f8fbf	Yes	EUR	1756	Not Applicable	1756	LIVING	NO EVENT
BS_X5A5TNG1	PT_2JGWN6EA	PBTA	PBTA-X01-FY22	C2725434	PT_2JGWN6EA_7316-8051_Solid Tissue_Deceased	7316-8051	Tumor	Deceased	Solid Tissue	NA	Low-grade astrocytic tumor	Low-grade glioma	LGG, NF1-somatic, FGFR	NA	Low-grade glioma/astrocytoma (WHO grade I/II)	disseminated pilocytic astrocytoma	Cerebellum/Posterior Fossa;Spinal Cord- Cervical;Spinal Cord- Lumbar/Thecal Sac;Spinal Cord- Thoracic	Mixed	NA	poly-A stranded	1204	White	Not Hispanic or Latino	Male	Male	None documented	Low-grade glioma	#8f8fbf	No	EUR	1261	Progressive - Metastatic	4428	DECEASED	EVENT
BS_X5DFR216	PT_BHPBJNCP	PBTA	PBTA-X01-FY22	C1174281	PT_BHPBJNCP_7316-4675_Solid Tissue_Initial CNS Tumor	7316-4675	Tumor	Initial CNS Tumor	Solid Tissue	NA	Low-grade astrocytic tumor	Low-grade glioma	LGG, KIAA1549-BRAF	NA	Low-grade glioma/astrocytoma (WHO grade I/II)	pilocytic astrocytoma who grade i	Cerebellum/Posterior Fossa	Posterior fossa	Gross/Near total resection	poly-A stranded	875	Black or African American	Not Hispanic or Latino	Male	Male	None documented	Low-grade glioma	#8f8fbf	Yes	AFR	1745	Not Applicable	1745	LIVING	NO EVENT
BS_X67GTEM6	PT_F9G665B1	PBTA	CBTN	C53382	PT_F9G665B1_7316-1886_Solid Tissue_Initial CNS Tumor	7316-1886	Tumor	Initial CNS Tumor	Solid Tissue	NA	Ependymal tumor	Ependymoma	EPN, PF A	EPN, PF A	Ependymoma	anaplastic ependymoma (who grade iii)	Ventricles	Ventricles	Gross/Near total resection	stranded	660	White	Not Hispanic or Latino	Male	Male	None documented	Ependymoma	#2200ff	Yes	EUR	3329	Not Applicable	3329	LIVING	NO EVENT
BS_X67SWFPS	PT_GBDRTNTY	PBTA	PBTA-X01-FY22	C3778191	PT_GBDRTNTY_7316-8911_Solid Tissue_Initial CNS Tumor	7316-8911	Tumor	Initial CNS Tumor	Solid Tissue	NA	Neuronal and mixed neuronal-glial tumor	Dysembryoplastic neuroepithelial tumor	NA	NA	Dysembryoplastic neuroepithelial tumor (DNET)	dysembryoplastic neuroepithelial tumor (dnet), who grade 1	Temporal Lobe	Hemispheric	Gross/Near total resection	poly-A stranded	3619	White	Not Hispanic or Latino	Male	Male	None documented	Mixed neuronal-glial tumor	#685815	Yes	EUR	Not Reported	Not Applicable	Not Reported	LIVING	NO EVENT
BS_X6GFVDVA	PT_W5Z2VB5Z	PBTA	PBTA-X01-FY22	C3418785	PT_W5Z2VB5Z_7316-7932_Solid Tissue_Initial CNS Tumor	7316-7932	Tumor	Initial CNS Tumor	Solid Tissue	NA	Low-grade astrocytic tumor	Low-grade glioma	LGG, KIAA1549-BRAF	NA	Low-grade glioma/astrocytoma (WHO grade I/II)	low grade glioma morphologically c/w pilocytic astrocytoma with kiaa1549-braf fusion	Cerebellum/Posterior Fossa	Posterior fossa	Partial resection	poly-A stranded	3012	White	Not Hispanic or Latino	Female	Female	None documented	Low-grade glioma	#8f8fbf	Yes	EUR	203	Not Applicable	203	LIVING	NO EVENT
BS_X91K8KMG	PT_1TGKS073	PBTA	CBTN	C824100	PT_1TGKS073_7316-1659_Solid Tissue_Initial CNS Tumor	7316-1659	Tumor	Initial CNS Tumor	Solid Tissue	NA	Low-grade astrocytic tumor	Low-grade glioma	LGG, BRAF V600E	NA	Low-grade glioma/astrocytoma (WHO grade I/II)	pilocytic astrocytoma	Spinal Cord- Thoracic;Spine NOS	Spine	Gross/Near total resection	stranded	1314	White	Not Hispanic or Latino	Female	Female	None documented	Low-grade glioma	#8f8fbf	Yes	EUR	Not Reported	Not Applicable	Not Reported	LIVING	NO EVENT
BS_X9EGD530	PT_YGN06RPZ	PBTA	CBTN	C521274	PT_YGN06RPZ_7316-2204_Solid Tissue_Initial CNS Tumor	7316-2204	Tumor	Initial CNS Tumor	Solid Tissue	NA	Low-grade astrocytic tumor	Low-grade glioma	LGG, KIAA1549-BRAF	NA	Low-grade glioma/astrocytoma (WHO grade I/II)	consistent with pilomyxoid astrocytoma (who grade ii	Cerebellum/Posterior Fossa;Spinal Cord- Cervical;Spinal Cord- Lumbar/Thecal Sac;Spinal Cord- Thoracic	Mixed	Biopsy only	stranded	1383	White	Not Hispanic or Latino	Male	Male	None documented	Low-grade glioma	#8f8fbf	Yes	EUR	1118	Progressive - Metastatic	4704	LIVING	EVENT
BS_XC0PNBG2	PT_3GP5H8Z0	PBTA	PBTA-X01-FY22	C1014381	PT_3GP5H8Z0_7316-3170_Solid Tissue_Initial CNS Tumor	7316-3170	Tumor	Initial CNS Tumor	Solid Tissue	NA	Embryonal tumor	Medulloblastoma	MB, WNT	MB, WNT	Medulloblastoma	medulloblastoma	Cerebellum/Posterior Fossa	Posterior fossa	Gross/Near total resection	poly-A stranded	4758	White	Not Hispanic or Latino	Male	Male	None documented	Medulloblastoma	#a340ff	Yes	EUR	1495	Not Applicable	1495	LIVING	NO EVENT
BS_XF0ZX2B3	PT_GAM3E6M3	PBTA	CBTN	C138990	PT_GAM3E6M3_7316-872_Solid Tissue_Initial CNS Tumor	7316-872	Tumor	Initial CNS Tumor	Solid Tissue	NA	Ependymal tumor	Ependymoma	EPN, ST ZFTA	EPN, ST ZFTA	Ependymoma	ependymoma	Frontal Lobe;Parietal Lobe	Hemispheric	Gross/Near total resection	stranded	2365	White	Not Hispanic or Latino	Male	Male	None documented	Ependymoma	#2200ff	Yes	EUR	2979	Not Applicable	2979	LIVING	NO EVENT
BS_XFW6426N	PT_E99F32RF	PBTA	PBTA-X01-FY22	C3407346	PT_E99F32RF_7316-8121_Derived Cell Line_Initial CNS Tumor_Serum-free-2_6	7316-8121	Tumor	Initial CNS Tumor	Derived Cell Line	Serum-free-2	Diffuse astrocytic and oligodendroglial tumor	High-grade glioma	HGG, H3 wildtype	NA	High-grade glioma/astrocytoma (WHO grade III/IV)	residual/recurrent pediatric high grade diffuse glioma, tp53 mutant	Basal Ganglia;Hippocampus;Temporal Lobe	Mixed	Partial resection	poly-A stranded	2838	White	Not Hispanic or Latino	Male	Male	None documented	Other high-grade glioma	#ffccf5	No	EUR	321	Progressive - Metastatic	353	DECEASED	EVENT
BS_XG0DBWVT	PT_Y660CKCB	PBTA	CBTN	C837753	PT_Y660CKCB_7316-3122_Solid Tissue_Initial CNS Tumor	7316-3122	Tumor	Initial CNS Tumor	Solid Tissue	NA	Diffuse astrocytic and oligodendroglial tumor	Diffuse midline glioma	DMG, H3 K28, TP53	DMG, H3 K28	High-grade glioma/astrocytoma (WHO grade III/IV)	glioblastoma who grade iv	Thalamus	Midline	Biopsy only	stranded	5769	White	Not Hispanic or Latino	Male	Male	None documented	DIPG or DMG	#ff40d9	Yes	EUR	110	Progressive - Metastatic	232	DECEASED	EVENT
BS_XGDPK33A	PT_G16VK7FR	PBTA	PNOC	C3093696	PT_G16VK7FR_A19649_Solid Tissue_Initial CNS Tumor	A19649	Tumor	Initial CNS Tumor	Solid Tissue	NA	Diffuse astrocytic and oligodendroglial tumor	Diffuse midline glioma	DMG, H3 K28, TP53	NA	Brainstem glioma- Diffuse intrinsic pontine glioma	Diffuse midline glioma, H3K27M mutant, WHO grade IV	Pons/Brainstem	Midline	NA	poly-A	2021	Reported Unknown	Not Hispanic or Latino	Female	Female	None documented	DIPG or DMG	#ff40d9	Yes	EUR	NA	NA	150	DECEASED	NO EVENT
BS_XGSA3GQE	PT_HV6C0T34	PBTA	CBTN	C818688	PT_HV6C0T34_7316-3062_Solid Tissue_Initial CNS Tumor	7316-3062	Tumor	Initial CNS Tumor	Solid Tissue	NA	Low-grade astrocytic tumor	Low-grade glioma	LGG, KIAA1549-BRAF	NA	Low-grade glioma/astrocytoma (WHO grade I/II)	pilocytic astrocytoma	Cerebellum/Posterior Fossa	Posterior fossa	Gross/Near total resection	stranded	1612	Reported Unknown	Hispanic or Latino	Female	Female	None documented	Low-grade glioma	#8f8fbf	Yes	AMR	2934	Recurrence	2934	LIVING	EVENT
BS_XHCYEE2S	PT_NEB4WEAT	PBTA	CBTN	C798516	PT_NEB4WEAT_7316-3020_Solid Tissue_Initial CNS Tumor	7316-3020	Tumor	Initial CNS Tumor	Solid Tissue	NA	Tumors of sellar region	Adamantinomatous Craniopharyngioma	CRANIO, ADAM	CRANIO, ADAM	Craniopharyngioma	craniopharyngioma, who grade i	Suprasellar/Hypothalamic/Pituitary	Suprasellar	Gross/Near total resection	stranded	4116	White	Not Hispanic or Latino	Male	Male	None documented	Craniopharyngioma	#b2502d	Yes	EUR	1477	Not Applicable	1477	LIVING	NO EVENT
BS_XJTW0P8P	PT_6DB7B9WV	PBTA	CBTN	C880680	PT_6DB7B9WV_7316-3317_Solid Tissue_Initial CNS Tumor	7316-3317	Tumor	Initial CNS Tumor	Solid Tissue	NA	Pre-cancerous lesion	NA	NA	NA	Dysplasia/Gliosis	cortical dysplasia	Frontal Lobe	Hemispheric	Gross/Near total resection	stranded	52	Reported Unknown	Hispanic or Latino	Male	Male	None documented	Non-neoplastic tumor	#FFF5EB	Yes	AMR	Not Reported	Not Applicable	Not Reported	LIVING	NO EVENT
BS_XKKB4MZV	PT_RV0RDER2	PBTA	CBTN	C52521	PT_RV0RDER2_7316-262_Solid Tissue_Initial CNS Tumor	7316-262	Tumor	Initial CNS Tumor	Solid Tissue	NA	Low-grade astrocytic tumor	Low-grade glioma	LGG, KIAA1549-BRAF	NA	Low-grade glioma/astrocytoma (WHO grade I/II)	pilocytic astrocytoma	Cerebellum/Posterior Fossa	Posterior fossa	Gross/Near total resection	stranded	851	White	Not Hispanic or Latino	Male	NA	None documented	Low-grade glioma	#8f8fbf	Yes	NA	1902	Not Applicable	1902	LIVING	NO EVENT
BS_XM1AHBDJ	PT_7P6J57H3	PBTA	PNOC	C3078567	PT_7P6J57H3_A12911_Solid Tissue_Initial CNS Tumor	A12911	Tumor	Initial CNS Tumor	Solid Tissue	NA	Diffuse astrocytic and oligodendroglial tumor	Diffuse midline glioma	DMG, H3 K28, TP53	NA	Brainstem glioma- Diffuse intrinsic pontine glioma	Anaplastic Astrocytoma	Pons/Brainstem	Midline	NA	poly-A	1949	White	Not Hispanic or Latino	Male	Male	None documented	DIPG or DMG	#ff40d9	Yes	EUR	NA	NA	400	DECEASED	NO EVENT
BS_XNWNXKAD	PT_DFE9HK05	PBTA	PBTA-X01-FY22	C3224814	PT_DFE9HK05_7316-6382_Solid Tissue_Initial CNS Tumor	7316-6382	Tumor	Initial CNS Tumor	Solid Tissue	NA	Embryonal tumor	Medulloblastoma	MB, Group4	MB, Group4	Medulloblastoma	medulloblastoma, classic type, molecular subtyping pending  molecular characterization, who grade 4	Cerebellum/Posterior Fossa	Posterior fossa	Gross/Near total resection	poly-A stranded	1829	White	Not Hispanic or Latino	Female	Female	None documented	Medulloblastoma	#a340ff	Yes	NA	604	Not Applicable	604	LIVING	NO EVENT
BS_XQ5SFW35	PT_N32BYY8A	PBTA	HOPE	C25461	PT_N32BYY8A_7316-89_Solid Tissue_Progressive	7316-89	Tumor	Progressive	Solid Tissue	NA	Diffuse astrocytic and oligodendroglial tumor	High-grade glioma	HGG, H3 wildtype	NA	High-grade glioma/astrocytoma (WHO grade III/IV)	high-grade glioma	Occipital Lobe	Hemispheric	Gross/Near total resection	stranded	1461	White	Not Hispanic or Latino	Male	Male	Other inherited conditions NOS	Other high-grade glioma	#ffccf5	No	EUR	4873	Progressive	7111	LIVING	EVENT
BS_XQXXBWPD	PT_P71D2V8S	PBTA	CBTN	C3884832	PT_P71D2V8S_7316-9489_Solid Tissue_Initial CNS Tumor	7316-9489	Tumor	Initial CNS Tumor	Solid Tissue	NA	Diffuse astrocytic and oligodendroglial tumor	Diffuse midline glioma	DMG, H3 K28	DMG, H3 K28	High-grade glioma/astrocytoma (WHO grade III/IV)	diffuse midline glioma, h3 k27m-mutant	Thalamus	Midline	Biopsy only	poly-A stranded	6543	Asian	Not Hispanic or Latino	Male	NA	None documented	DIPG or DMG	#ff40d9	Yes	NA	Not Reported	Not Applicable	Not Reported	LIVING	NO EVENT
BS_XQYHPBFS	PT_AZQ230WT	PBTA	CBTN	C91881	PT_AZQ230WT_7316-443_Solid Tissue_Initial CNS Tumor	7316-443	Tumor	Initial CNS Tumor	Solid Tissue	NA	Ependymal tumor	Ependymoma	EPN, PF A	EPN, PF A	Ependymoma	anaplastic ependymoma	Ventricles	Ventricles	Gross/Near total resection	stranded	371	White	Not Hispanic or Latino	Male	Male	None documented	Ependymoma	#2200ff	Yes	EUR	992	Recurrence	4025	LIVING	EVENT
BS_XRQXGEXB	PT_BRVGRXQY	PBTA	PBTA-X01-FY22	C2818914	PT_BRVGRXQY_7316-7218_Solid Tissue_Recurrence	7316-7218	Tumor	Recurrence	Solid Tissue	NA	Embryonal tumor	CNS Embryonal tumor	CNS Embryonal, NOS	NA	Other	cns embryonal tumor, nos	Temporal Lobe	Hemispheric	Biopsy only	poly-A stranded	3277	White	Hispanic or Latino	Male	Male	None documented	Other CNS embryonal tumor	#b08ccf	No	AMR	390	Recurrence - Metastatic	671	DECEASED	EVENT
BS_XRWAC56Q	PT_BQFM8NH0	PBTA	PBTA-X01-FY22	C2722113	PT_BQFM8NH0_7316-6672_Solid Tissue_Initial CNS Tumor	7316-6672	Tumor	Initial CNS Tumor	Solid Tissue	NA	Benign tumor	NA	NA	NA	Other	fibrous-capped osteocartilagenous tissue with trilineage marrow, consistent with osteochondroma	Spinal Cord- Cervical	Spine	Gross/Near total resection	poly-A stranded	8021	White	Not Hispanic or Latino	Female	Female	None documented	Non-neoplastic tumor	#FFF5EB	Yes	EUR	150	Not Applicable	150	LIVING	NO EVENT
BS_XTR6VF89	PT_GQHNA6RE	PBTA	PBTA-X01-FY22	C3733665	PT_GQHNA6RE_7316-8050_Solid Tissue_Deceased	7316-8050	Tumor	Deceased	Solid Tissue	NA	Germ cell tumor	Mixed germ cell tumor	NA	NA	Other	mixed germ cell tumor	Frontal Lobe;Ventricles	Mixed	NA	poly-A stranded	16	White	Not Available	Male	Male	None documented	Germ cell tumor	#0074d9	No	EUR	202	Deceased-due to disease	202	DECEASED	EVENT
BS_XV4GV9Y9	PT_EQ5C5TEA	PBTA	PBTA-X01-FY22	C974898	PT_EQ5C5TEA_7316-7507_Solid Tissue_Second Malignancy	7316-7507	Tumor	Second Malignancy	Solid Tissue	NA	Non-tumor	NA	NA	NA	Other	brain parenchyma with changes consistent with  radiation therapy including focal, markedly hyalinized vessels (blocks a1 and  a4), macrophages and perivascular inflammation.  there is no histologic evidence of pilocytic astrocytoma.	Temporal Lobe	Hemispheric	Gross/Near total resection	poly-A stranded	5109	Reported Unknown	Hispanic or Latino	Male	Male	None documented	Non-neoplastic tumor	#FFF5EB	No	AMR	1066	Second Malignancy - Metastatic	1982	LIVING	EVENT
BS_XV5MXCGE	PT_T0MRCE9A	PBTA	PBTA-X01-FY22	C3811647	PT_T0MRCE9A_7316-8053_Solid Tissue_Deceased	7316-8053	Tumor	Deceased	Solid Tissue	NA	Embryonal tumor	Medulloblastoma	MB, SHH	NA	Medulloblastoma	medulloblastoma	Cerebellum/Posterior Fossa;Spinal Cord- Lumbar/Thecal Sac	Mixed	NA	poly-A stranded	6005	White	Not Hispanic or Latino	Male	Male	None documented	Medulloblastoma	#a340ff	No	EUR	2549	Recurrence	5827	DECEASED	EVENT
BS_XX39AH8F	PT_TETJ9DDR	PBTA	PBTA-X01-FY22	C2562459	PT_TETJ9DDR_7316-4873_Solid Tissue_Recurrence	7316-4873	Tumor	Recurrence	Solid Tissue	NA	Low-grade astrocytic tumor	Low-grade glioma	LGG, wildtype	NA	Low-grade glioma/astrocytoma (WHO grade I/II)	low-grade astrocytoma	Brain Stem- Midbrain/Tectum	Midline	Gross/Near total resection	poly-A stranded	685	White	Not Hispanic or Latino	Female	Female	None documented	Low-grade glioma	#8f8fbf	No	EUR	126	Progressive	1182	LIVING	EVENT
BS_XYVCMF4A	PT_FWWRWTV2	PBTA	PBTA-X01-FY22	C533082	PT_FWWRWTV2_7316-6886_Solid Tissue_Deceased	7316-6886	Tumor	Deceased	Solid Tissue	NA	Diffuse astrocytic and oligodendroglial tumor	High-grade glioma	HGG, H3 wildtype	NA	High-grade glioma/astrocytoma (WHO grade III/IV)	glioblastoma, idh-wildtype, who grade iv	Basal Ganglia;Cerebellum/Posterior Fossa;Occipital Lobe;Other locations NOS;Spine NOS;Temporal Lobe;Thalamus;Ventricles	Mixed	NA	poly-A stranded	5174	Black or African American	Not Hispanic or Latino	Male	Male	None documented	Other high-grade glioma	#ffccf5	No	AFR	4413	Second Malignancy	4474	DECEASED	EVENT
BS_XZM79E42	PT_2JDDX6TJ	PBTA	HOPE	C89052	PT_2JDDX6TJ_7316-409_Solid Tissue_Initial CNS Tumor	7316-409	Tumor	Initial CNS Tumor	Solid Tissue	NA	Diffuse astrocytic and oligodendroglial tumor	Diffuse midline glioma	DMG, H3 K28, TP53	DMG, H3 K28	High-grade glioma/astrocytoma (WHO grade III/IV)	gbm	Thalamus	Midline	Partial resection	poly-A stranded	4253	White	Not Hispanic or Latino	Female	Female	None documented	DIPG or DMG	#ff40d9	Yes	EUR	111	Progressive	611	DECEASED	EVENT
BS_XZTV0J8W	PT_HJMP6PH2	PBTA	CBTN	C42804	PT_HJMP6PH2_7316-185_Solid Tissue_Initial CNS Tumor	7316-185	Tumor	Initial CNS Tumor	Solid Tissue	NA	Mesenchymal non-meningothelial tumor	Ewing sarcoma	EWS	NA	Ewings Sarcoma	primary intracranial ewing's sarcoma	Cerebellum/Posterior Fossa	Posterior fossa	Gross/Near total resection	stranded	880	White	Not Hispanic or Latino	Male	Male	None documented	Mesenchymal tumor	#7fbf00	Yes	EUR	1710	Recurrence	1997	DECEASED	EVENT
BS_Y01A6PQC	PT_GQHNA6RE	PBTA	PBTA-X01-FY22	C3733665	PT_GQHNA6RE_7316-8050_Solid Tissue_Deceased	7316-8050	Tumor	Deceased	Solid Tissue	NA	Germ cell tumor	Mixed germ cell tumor	NA	NA	Other	mixed germ cell tumor	Frontal Lobe;Ventricles	Mixed	NA	poly-A stranded	16	White	Not Available	Male	Male	None documented	Germ cell tumor	#0074d9	No	EUR	202	Deceased-due to disease	202	DECEASED	EVENT
BS_Y08D5P8N	PT_H024RK87	PBTA	CBTN	C23124	PT_H024RK87_7316-104_Solid Tissue_Recurrence	7316-104	Tumor	Recurrence	Solid Tissue	NA	Germ cell tumor	NA	NA	NA	Non-germinomatous germ cell tumor;Teratoma	non-germinomatous germ cell tumor and teratoma	Brain Stem- Midbrain/Tectum;Pineal Gland;Thalamus;Ventricles	Mixed	Gross/Near total resection	stranded	6667	Asian	Not Hispanic or Latino	Male	Male	None documented	Germ cell tumor	#0074d9	No	EAS	793	Recurrence	4076	LIVING	EVENT
BS_Y0PCBNJV	PT_S2CXXZCF	PBTA	CBTN	C250551	PT_S2CXXZCF_7316-643_Solid Tissue_Initial CNS Tumor	7316-643	Tumor	Initial CNS Tumor	Solid Tissue	NA	Low-grade astrocytic tumor	Low-grade glioma	LGG, KIAA1549-BRAF	NA	Low-grade glioma/astrocytoma (WHO grade I/II)	pilocytic astrocytoma, who grade i	Cerebellum/Posterior Fossa	Posterior fossa	Gross/Near total resection	stranded	1373	White	Hispanic or Latino	Male	Male	None documented	Low-grade glioma	#8f8fbf	Yes	EUR	1835	Not Applicable	1835	LIVING	NO EVENT
BS_Y19MMT7Z	PT_R2N8T6CW	PBTA	PBTA-X01-FY22	C2580663	PT_R2N8T6CW_7316-3529_Solid Tissue_Initial CNS Tumor	7316-3529	Tumor	Initial CNS Tumor	Solid Tissue	NA	Other tumor	Other tumor	NA	NA	Other	reactive lesion	Spine NOS	Spine	Gross/Near total resection	poly-A stranded	4671	Reported Unknown	Not Available	Male	Male	None documented	Other tumor	#b5b5b5	Yes	EUR	Not Reported	Not Applicable	Not Reported	LIVING	NO EVENT
BS_Y1F4NTDB	PT_04V47WFC	PBTA	PBTA-X01-FY22	C1223727	PT_04V47WFC_7316-8116_Solid Tissue_Progressive	7316-8116	Tumor	Progressive	Solid Tissue	NA	Ependymal tumor	Ependymoma	EPN, To be classified	NA	Ependymoma	residual/recurrent anaplastic ependymoma	Brain Stem-Medulla;Brain Stem- Midbrain/Tectum;Brain Stem- Pons;Cerebellum/Posterior Fossa;Spinal Cord- Cervical;Spinal Cord- Lumbar/Thecal Sac;Spinal Cord- Thoracic;Ventricles	Mixed	Partial resection	poly-A stranded	5717	White	Not Hispanic or Latino	Male	Male	None documented	Ependymoma	#2200ff	No	EUR	385	Recurrence	1503	DECEASED	EVENT
BS_Y26EQ3QJ	PT_NQXV606T	PBTA	PBTA-X01-FY22	C4084584	PT_NQXV606T_7316-7763_Solid Tissue_Initial CNS Tumor	7316-7763	Tumor	Initial CNS Tumor	Solid Tissue	NA	Meningioma	Meningioma	NA	NA	Meningioma	meningioma, who grade 1	Meninges/Dura;Suprasellar/Hypothalamic/Pituitary	Mixed	Gross/Near total resection	poly-A stranded	1955	White	Not Hispanic or Latino	Male	Male	Not Reported	Meningioma	#2db398	Yes	EUR	Not Reported	Not Applicable	Not Reported	LIVING	NO EVENT
BS_Y274AC0H	PT_1395F243	PBTA	PBTA-X01-FY22	C2702556	PT_1395F243_7316-3077_Solid Tissue_Initial CNS Tumor	7316-3077	Tumor	Initial CNS Tumor	Solid Tissue	NA	Low-grade astrocytic tumor	Low-grade glioma	LGG, BRAF V600E, CDKN2A/B	NA	Low-grade glioma/astrocytoma (WHO grade I/II)	pleomorphic xanthoastrocytoma	Temporal Lobe	Hemispheric	Gross/Near total resection	poly-A stranded	2771	Reported Unknown	Not Available	Male	Male	None documented	Low-grade glioma	#8f8fbf	Yes	EUR	1103	Recurrence	1103	LIVING	EVENT
BS_Y35M458E	PT_KW94B4BJ	PBTA	PBTA-X01-FY22	C2603172	PT_KW94B4BJ_7316-3657_Solid Tissue_Initial CNS Tumor	7316-3657	Tumor	Initial CNS Tumor	Solid Tissue	NA	Benign tumor	NA	NA	NA	Adenoma	pituitary adenoma	Frontal Lobe	Hemispheric	Partial resection	poly-A stranded	6157	Reported Unknown	Not Available	Male	Male	None documented	Non-neoplastic tumor	#FFF5EB	Yes	EUR	Not Reported	Not Applicable	Not Reported	LIVING	NO EVENT
BS_Y3G1X98S	PT_7M2PGCBV	PBTA	CBTN	C51906	PT_7M2PGCBV_7316-3312_Solid Tissue_Recurrence	7316-3312	Tumor	Recurrence	Solid Tissue	NA	Meningioma	Meningioma	NA	NA	Meningioma	meningioma, recurrent with nf2 sequence variant c.114+1g>a and cnvs including loss of chromosome 22	Meninges/Dura	Other	Gross/Near total resection	stranded	3895	Black or African American	Not Hispanic or Latino	Male	Male	None documented	Meningioma	#2db398	No	AFR	2427	Recurrence	3885	LIVING	EVENT
BS_Y3GY1GSH	PT_ZG4J0EK0	PBTA	PBTA-X01-FY22	C972438	PT_ZG4J0EK0_7316-6664_Solid Tissue_Recurrence	7316-6664	Tumor	Recurrence	Solid Tissue	NA	Embryonal tumor	Medulloblastoma	MB, Group3	MB, Group3	Medulloblastoma	recurrent medulloblastoma	Ventricles	Ventricles	Gross/Near total resection	poly-A stranded	2050	Black or African American	Not Hispanic or Latino	Female	Female	None documented	Medulloblastoma	#a340ff	No	AFR	810	Recurrence	1139	DECEASED	EVENT
BS_Y4ZQEPPD	PT_6Q0NPVP3	PBTA	PBTA-X01-FY22	C731727	PT_6Q0NPVP3_7316-3497_Solid Tissue_Recurrence	7316-3497	Tumor	Recurrence	Solid Tissue	NA	Low-grade astrocytic tumor	Ganglioglioma	GNG, H3	NA	Ganglioglioma	recurrent ganglioglioma with extensive chondroid metaplasia	Temporal Lobe	Hemispheric	Gross/Near total resection	poly-A stranded	871	White	Not Hispanic or Latino	Female	Female	None documented	Mixed neuronal-glial tumor	#685815	No	EUR	136	Recurrence	801	LIVING	EVENT
BS_Y51PG31P	PT_JSB21KPJ	PBTA	PBTA-X01-FY22	C3550887	PT_JSB21KPJ_7316-6810_Solid Tissue_Initial CNS Tumor	7316-6810	Tumor	Initial CNS Tumor	Solid Tissue	NA	Choroid plexus tumor	Choroid plexus tumor	NA	NA	Choroid plexus papilloma	chorid plexus papilloma	Cerebellum/Posterior Fossa	Posterior fossa	Gross/Near total resection	poly-A stranded	6333	Reported Unknown	Not Available	Male	Male	None documented	Choroid plexus tumor	#00441B	Yes	EUR	Not Reported	Not Applicable	Not Reported	LIVING	NO EVENT
BS_Y5MKCBD1	PT_5JMNQAY8	PBTA	PBTA-X01-FY22	C1072437	PT_5JMNQAY8_7316-4217_Solid Tissue_Initial CNS Tumor	7316-4217	Tumor	Initial CNS Tumor	Solid Tissue	NA	Mesenchymal non-meningothelial tumor	Ewing sarcoma	EWS	EWS	Ewings Sarcoma	ewing's sarcoma	Skull	Other	Gross/Near total resection	poly-A stranded	5572	White	Not Hispanic or Latino	Male	Male	None documented	Mesenchymal tumor	#7fbf00	Yes	EUR	1806	Not Applicable	1806	LIVING	NO EVENT
BS_Y6D7QZM4	PT_DF8P04Y1	PBTA	PBTA-X01-FY22	C3838092	PT_DF8P04Y1_7316-9253_Solid Tissue_Initial CNS Tumor	7316-9253	Tumor	Initial CNS Tumor	Solid Tissue	NA	Diffuse astrocytic and oligodendroglial tumor	High-grade glioma	HGG, IDH, TP53	HGG, IDH	High-grade glioma/astrocytoma (WHO grade III/IV)	astrocytoma, idh-mutant, who grade 3	Frontal Lobe	Hemispheric	Biopsy only	poly-A stranded	7117	Reported Unknown	Hispanic or Latino	Female	Female	None documented	Other high-grade glioma	#ffccf5	Yes	AMR	139	Not Applicable	139	LIVING	NO EVENT
BS_Y7F9E2E9	PT_ZZTQQVCT	PBTA	CBTN	C720165	PT_ZZTQQVCT_7316-2723_Solid Tissue_Initial CNS Tumor	7316-2723	Tumor	Initial CNS Tumor	Solid Tissue	NA	Low-grade astrocytic tumor	Low-grade glioma	LGG, wildtype	NA	Low-grade glioma/astrocytoma (WHO grade I/II)	low-grade glioma	Cerebellum/Posterior Fossa	Posterior fossa	Gross/Near total resection	stranded	4326	Asian	Not Hispanic or Latino	Female	Female	None documented	Low-grade glioma	#8f8fbf	Yes	EAS	421	Not Applicable	421	LIVING	NO EVENT
BS_Y7H24JZG	PT_EX8W833S	PBTA	PBTA-X01-FY22	C3885324	PT_EX8W833S_7316-9493_Solid Tissue_Initial CNS Tumor	7316-9493	Tumor	Initial CNS Tumor	Solid Tissue	NA	Low-grade astrocytic tumor	Ganglioglioma	GNG, BRAF V600E	NA	Ganglioglioma	ganglioglioma	Hippocampus	Midline	Gross/Near total resection	poly-A stranded	1664	White	Not Hispanic or Latino	Male	Male	None documented	Mixed neuronal-glial tumor	#685815	Yes	EUR	1097	Not Applicable	1097	LIVING	NO EVENT
BS_Y7W8BR6B	PT_MFNW2QEB	PBTA	PBTA-X01-FY22	C3860355	PT_MFNW2QEB_7316-9448_Solid Tissue_Initial CNS Tumor	7316-9448	Tumor	Initial CNS Tumor	Solid Tissue	NA	Low-grade astrocytic tumor	Low-grade glioma	LGG, KIAA1549-BRAF, RTK	NA	Low-grade glioma/astrocytoma (WHO grade I/II)	pilocytic astrocytoma	Cerebellum/Posterior Fossa	Posterior fossa	Gross/Near total resection	poly-A stranded	3886	White	Not Hispanic or Latino	Male	Male	None documented	Low-grade glioma	#8f8fbf	Yes	EUR	559	Not Applicable	559	LIVING	NO EVENT
BS_Y89WNXXD	PT_VJZN69T9	PBTA	PBTA-X01-FY22	C979203	PT_VJZN69T9_7316-3669_Solid Tissue_Progressive	7316-3669	Tumor	Progressive	Solid Tissue	NA	Embryonal tumor	Medulloblastoma	MB, Group3	MB, Group3	Medulloblastoma	medulloblastoma	Cerebellum/Posterior Fossa	Posterior fossa	Gross/Near total resection	poly-A stranded	880	White	Not Hispanic or Latino	Male	Male	None documented	Medulloblastoma	#a340ff	No	EUR	128	Progressive	128	LIVING	EVENT
BS_Y8D1F5WW	PT_ABMAQYY2	PBTA	CBTN	C129519	PT_ABMAQYY2_7316-842_Solid Tissue_Recurrence	7316-842	Tumor	Recurrence	Solid Tissue	NA	Embryonal tumor	Medulloblastoma	MB, Group4	MB, Group4	Medulloblastoma	medulloblastoma	Cerebellum/Posterior Fossa	Posterior fossa	Unavailable	stranded	3683	Reported Unknown	Not Available	Male	NA	None documented	Medulloblastoma	#a340ff	No	NA	133	Recurrence	133	LIVING	EVENT
BS_YA0KMBRT	PT_MV5WXTQV	PBTA	PNOC	C3077460	PT_MV5WXTQV_7316-8036_Solid Tissue_Initial CNS Tumor	7316-8036	Tumor	Initial CNS Tumor	Solid Tissue	NA	Diffuse astrocytic and oligodendroglial tumor	High-grade glioma	HGG, H3 wildtype	NA	High-grade glioma/astrocytoma (WHO grade III/IV)	High Grade Glioma	Right Frontal	Hemispheric	NA	stranded	2288	White	Not Hispanic or Latino	Male	Unknown	None documented	Other high-grade glioma	#ffccf5	Yes	NA	NA	NA	NA	NA	NO EVENT
BS_YA8RBGD8	PT_F27SA15G	PBTA	CBTN	C824346	PT_F27SA15G_7316-1661_Solid Tissue_Recurrence	7316-1661	Tumor	Recurrence	Solid Tissue	NA	Low-grade astrocytic tumor	Low-grade glioma	LGG, NF1-germline	LGG, MAPK	Low-grade glioma/astrocytoma (WHO grade I/II)	low grade astrocytoma	Parietal Lobe	Hemispheric	Partial resection	stranded	1627	White	Not Hispanic or Latino	Female	Female	Neurofibromatosis, Type 1 (NF-1)	Low-grade glioma	#8f8fbf	No	EUR	1826	Recurrence	3014	LIVING	EVENT
BS_YASWHXJC	PT_VXZJDVCQ	PBTA	PBTA-X01-FY22	C1248081	PT_VXZJDVCQ_7316-4919_Solid Tissue_Initial CNS Tumor	7316-4919	Tumor	Initial CNS Tumor	Solid Tissue	NA	Low-grade astrocytic tumor	Low-grade glioma	LGG, NF1-germline, other MAPK	NA	Low-grade glioma/astrocytoma (WHO grade I/II)	low grade glioma who grade i	Temporal Lobe	Hemispheric	Gross/Near total resection	poly-A stranded	1179	White	Not Hispanic or Latino	Male	Male	Neurofibromatosis, Type 1 (NF-1)	Low-grade glioma	#8f8fbf	Yes	EUR	1828	Not Applicable	1828	LIVING	NO EVENT
BS_YAT7CTDK	PT_3KM9W8S8	PBTA	PBTA-X01-FY22	C374412	PT_3KM9W8S8_7316-3045_Derived Cell Line_Deceased_Serum-based_5	7316-3045	Tumor	Deceased	Derived Cell Line	Serum-based	Embryonal tumor	Atypical Teratoid Rhabdoid Tumor	ATRT, To be classified	NA	Atypical Teratoid Rhabdoid Tumor (ATRT)	atrt	Other locations NOS;Spinal Cord- Lumbar/Thecal Sac;Spinal Cord- Thoracic;Ventricles	Mixed	NA	poly-A stranded	190	White	Not Hispanic or Latino	Female	Female	None documented	Atypical Teratoid Rhabdoid Tumor	#4d0d85	No	EUR	335	Progressive - Metastatic	523	DECEASED	EVENT
BS_YB07VF1X	PT_HFQNKP5X	PBTA	CBTN	C182778	PT_HFQNKP5X_7316-2935_Solid Tissue_Progressive	7316-2935	Tumor	Progressive	Solid Tissue	NA	Chordoma	Chordoma	CHDM, poorly differentiated	NA	Chordoma	chordoma	Skull	Other	Partial resection	stranded	1625	Reported Unknown	Hispanic or Latino	Female	Female	None documented	Mesenchymal tumor	#7fbf00	No	EUR	28	Progressive	1155	DECEASED	EVENT
BS_YB2RXRHT	PT_H45M7M2T	PBTA	CBTN	C823854	PT_H45M7M2T_7316-3074_Solid Tissue_Initial CNS Tumor	7316-3074	Tumor	Initial CNS Tumor	Solid Tissue	NA	Low-grade astrocytic tumor	Low-grade glioma	LGG, other MAPK	NA	Low-grade glioma/astrocytoma (WHO grade I/II)	pilocytic astrocytoma	Temporal Lobe	Hemispheric	Gross/Near total resection	stranded	4420	White	Not Hispanic or Latino	Female	Female	None documented	Low-grade glioma	#8f8fbf	Yes	EUR	723	Recurrence	723	LIVING	EVENT
BS_YBCQ2NMN	PT_DBPKVB5P	PBTA	PBTA-X01-FY22	C2647452	PT_DBPKVB5P_7316-6644_Solid Tissue_Initial CNS Tumor	7316-6644	Tumor	Initial CNS Tumor	Solid Tissue	NA	Neuronal and mixed neuronal-glial tumor	Dysembryoplastic neuroepithelial tumor	NA	NA	Dysembryoplastic neuroepithelial tumor (DNET)	low grade glial/glioneuronal tumor, favor dysembryoplastic neuroepithelial tumor (dnet), who grade i	Parietal Lobe	Hemispheric	Gross/Near total resection	poly-A stranded	2945	Reported Unknown	Not Hispanic or Latino	Female	Female	None documented	Mixed neuronal-glial tumor	#685815	Yes	SAS	Not Reported	Not Applicable	Not Reported	LIVING	NO EVENT
BS_YBD8KGXQ	PT_MYNKT1TK	PBTA	PBTA-X01-FY22	C3941166	PT_MYNKT1TK_7316-9075_Solid Tissue_Deceased	7316-9075	Tumor	Deceased	Solid Tissue	NA	Embryonal tumor	Medulloblastoma	MB, SHH	NA	Medulloblastoma	medulloblastoma, who grade iv	Cerebellum/Posterior Fossa	Posterior fossa	NA	poly-A stranded	591	More Than One Race	Not Hispanic or Latino	Female	Female	None documented	Medulloblastoma	#a340ff	No	AFR	356	Recurrence	725	DECEASED	EVENT
BS_YBGXGEM3	PT_EAG38QHB	PBTA	PBTA-X01-FY22	C2353605	PT_EAG38QHB_7316-5306_Solid Tissue_Initial CNS Tumor	7316-5306	Tumor	Initial CNS Tumor	Solid Tissue	NA	Low-grade astrocytic tumor	Low-grade glioma	LGG, MYB/MYBL1	NA	Low-grade glioma/astrocytoma (WHO grade I/II)	angiocentric glioma who grade i	Other locations NOS	Other	Gross/Near total resection	poly-A stranded	855	White	Not Hispanic or Latino	Female	Female	None documented	Low-grade glioma	#8f8fbf	Yes	EUR	1576	Not Applicable	1576	LIVING	NO EVENT
BS_YBGZ4BRP	PT_6TY1F93J	PBTA	PBTA-X01-FY22	C3225060	PT_6TY1F93J_7316-6385_Solid Tissue_Initial CNS Tumor	7316-6385	Tumor	Initial CNS Tumor	Solid Tissue	NA	Low-grade astrocytic tumor	Ganglioglioma	GNG, RTK	NA	Ganglioglioma	low grade glioneuronal tumor, who grade i	Frontal Lobe	Hemispheric	Gross/Near total resection	poly-A stranded	2475	Reported Unknown	Not Hispanic or Latino	Male	Male	None documented	Mixed neuronal-glial tumor	#685815	Yes	EUR	588	Not Applicable	588	LIVING	NO EVENT
BS_YBJBSRHV	PT_9CSZBV2P	PBTA	CBTN	C135792	PT_9CSZBV2P_7316-1473_Solid Tissue_Recurrence	7316-1473	Tumor	Recurrence	Solid Tissue	NA	Embryonal tumor	CNS neuroblastoma	CNS NB-FOXR2	NA	Supratentorial or Spinal Cord PNET	pnet	Frontal Lobe	Hemispheric	Unavailable	stranded	4786	White	Not Hispanic or Latino	Male	NA	None documented	Other CNS embryonal tumor	#b08ccf	No	NA	371	Recurrence	614	DECEASED	EVENT
BS_YCREDZTJ	PT_N3HVMV06	PBTA	CBTN	C451533	PT_N3HVMV06_7316-2075_Solid Tissue_Initial CNS Tumor	7316-2075	Tumor	Initial CNS Tumor	Solid Tissue	NA	Low-grade astrocytic tumor	Low-grade glioma	LGG, BRAF V600E	NA	Low-grade glioma/astrocytoma (WHO grade I/II)	pleomorphic xanthoastrocytoma, who grade ii	Frontal Lobe	Hemispheric	Gross/Near total resection	stranded	5406	White	Not Hispanic or Latino	Female	Female	None documented	Low-grade glioma	#8f8fbf	Yes	EUR	291	Recurrence	1360	LIVING	EVENT
BS_YDEVMD24	PT_NK8A49X5	PBTA	PNOC	C3079428	PT_NK8A49X5_A08692_Solid Tissue_Initial CNS Tumor	A08692	Tumor	Initial CNS Tumor	Solid Tissue	NA	Diffuse astrocytic and oligodendroglial tumor	Diffuse midline glioma	DMG, H3 K28	NA	Brainstem glioma- Diffuse intrinsic pontine glioma	Diffuse Astrocytoma	Pons/Brainstem	Midline	NA	poly-A	4896	Reported Unknown	Hispanic or Latino	Male	Male	None documented	DIPG or DMG	#ff40d9	Yes	AMR	NA	NA	704	DECEASED	NO EVENT
BS_YE1MAQYJ	PT_ZZRBX5JT	PBTA	CBTN	C121647	PT_ZZRBX5JT_7316-3319_Solid Tissue_Recurrence	7316-3319	Tumor	Recurrence	Solid Tissue	NA	Ependymal tumor	Ependymoma	EPN, PF A	EPN, PF A	Ependymoma	ependymoma	Spinal Cord- Lumbar/Thecal Sac	Spine	Gross/Near total resection	stranded	1878	White	Not Hispanic or Latino	Female	Female	None documented	Ependymoma	#2200ff	No	EUR	789	Recurrence	1963	LIVING	EVENT
BS_YEB88D32	PT_N56EYD4Z	PBTA	CBTN	C991257	PT_N56EYD4Z_7316-3857_Solid Tissue_Initial CNS Tumor	7316-3857	Tumor	Initial CNS Tumor	Solid Tissue	NA	Embryonal tumor	Medulloblastoma	MB, Group3	MB, Group3	Medulloblastoma	medulloblastoma with prominent neuronal differentiation grade iv	Cerebellum/Posterior Fossa	Posterior fossa	Gross/Near total resection	stranded	3724	Reported Unknown	Hispanic or Latino	Male	Male	None documented	Medulloblastoma	#a340ff	Yes	AMR	944	Not Applicable	944	LIVING	NO EVENT
BS_YENTYVBV	PT_FNBPQD2C	PBTA	PBTA-X01-FY22	C4033908	PT_FNBPQD2C_7316-9503_Solid Tissue_Initial CNS Tumor	7316-9503	Tumor	Initial CNS Tumor	Solid Tissue	NA	Tumor of cranial and paraspinal nerves	Schwannoma	NA	NA	Schwannoma	schwannoma	Other locations NOS	Other	Biopsy only	poly-A stranded	2950	More Than One Race	Hispanic or Latino	Male	Male	Neurofibromatosis, Type 2 (NF-2)	Schwannoma	#ab7200	Yes	AMR	2693	Second Malignancy	2693	LIVING	EVENT
BS_YEQVW4ND	PT_NA8NZ0BN	PBTA	CBTN	C522627	PT_NA8NZ0BN_7316-2135_Solid Tissue_Initial CNS Tumor	7316-2135	Tumor	Initial CNS Tumor	Solid Tissue	NA	Low-grade astrocytic tumor	Low-grade glioma	LGG, RTK, CDKN2A/B	NA	Low-grade glioma/astrocytoma (WHO grade I/II)	pleomorphic xanthoastrocytoma (pxa), who grade ii	Frontal Lobe	Hemispheric	Partial resection	stranded	3641	White	Not Hispanic or Latino	Female	Female	None documented	Low-grade glioma	#8f8fbf	Yes	AMR	2304	Not Applicable	2304	LIVING	NO EVENT
BS_YETBN0RQ	PT_17NG0KW3	PBTA	CBTN	C457560	PT_17NG0KW3_7316-1945_Solid Tissue_Initial CNS Tumor	7316-1945	Tumor	Initial CNS Tumor	Solid Tissue	NA	Embryonal tumor	Medulloblastoma	MB, WNT	MB, WNT	Medulloblastoma	medulloblastoma	Cerebellum/Posterior Fossa	Posterior fossa	Gross/Near total resection	stranded	2513	White	Not Hispanic or Latino	Male	Male	None documented	Medulloblastoma	#a340ff	Yes	EUR	Not Reported	Not Applicable	Not Reported	LIVING	NO EVENT
BS_YEW22W35	PT_9N0SR1D7	PBTA	CBTN	C55227	PT_9N0SR1D7_7316-249_Solid Tissue_Initial CNS Tumor	7316-249	Tumor	Initial CNS Tumor	Solid Tissue	NA	Diffuse astrocytic and oligodendroglial tumor	High-grade glioma	HGG, To be classified	NA	High-grade glioma/astrocytoma (WHO grade III/IV)	high-grade glioma	Brain Stem- Midbrain/Tectum;Temporal Lobe;Thalamus	Mixed	Partial resection	stranded	5418	White	Not Available	Female	NA	None documented	Other high-grade glioma	#ffccf5	Yes	NA	438	Deceased-due to disease	438	DECEASED	EVENT
BS_YFKQYA50	PT_6RRWZ8CK	PBTA	PBTA-X01-FY22	C3638094	PT_6RRWZ8CK_7316-8929_Solid Tissue_Recurrence	7316-8929	Tumor	Recurrence	Solid Tissue	NA	Embryonal tumor	Atypical Teratoid Rhabdoid Tumor	ATRT, To be classified	NA	Atypical Teratoid Rhabdoid Tumor (ATRT)	residual/recurrent atypical teratoid/rhabdoid tumor, who grade 4	Spinal Cord- Cervical;Spinal Cord- Thoracic	Spine	Gross/Near total resection	poly-A stranded	373	Asian	Not Hispanic or Latino	Female	Female	Not Reported	Atypical Teratoid Rhabdoid Tumor	#4d0d85	No	EAS	304	Recurrence - Metastatic	354	LIVING	EVENT
BS_YFRB2HJJ	PT_V3QTEKTM	PBTA	CBTN	C1276494	PT_V3QTEKTM_7316-5111_Solid Tissue_Initial CNS Tumor	7316-5111	Tumor	Initial CNS Tumor	Solid Tissue	NA	Diffuse astrocytic and oligodendroglial tumor	High-grade glioma	HGG, To be classified	NA	Gliomatosis Cerebri;High-grade glioma/astrocytoma (WHO grade III/IV)	glioblastoma, who grade iv	Basal Ganglia;Brain Stem-Medulla;Brain Stem- Midbrain/Tectum;Brain Stem- Pons;Frontal Lobe;Temporal Lobe;Thalamus	Mixed	Partial resection	poly-A stranded	3692	White	Not Hispanic or Latino	Female	NA	None documented	Other high-grade glioma	#ffccf5	Yes	NA	286	Progressive	353	DECEASED	EVENT
BS_YG0A13JH	PT_2FVTD0WR	PBTA	CBTN	C270969	PT_2FVTD0WR_7316-2897_Solid Tissue_Initial CNS Tumor	7316-2897	Tumor	Initial CNS Tumor	Solid Tissue	NA	Low-grade astrocytic tumor	Low-grade glioma	LGG, MAPK	NA	Low-grade glioma/astrocytoma (WHO grade I/II)	pilocytic astrocytoma	Suprasellar/Hypothalamic/Pituitary	Suprasellar	Partial resection	stranded	1528	Reported Unknown	Hispanic or Latino	Male	Male	None documented	Low-grade glioma	#8f8fbf	Yes	AMR	5513	Progressive	8866	LIVING	EVENT
BS_YH05F9DB	PT_YVG4H0F1	PBTA	CBTN	C837261	PT_YVG4H0F1_7316-3070_Solid Tissue_Initial CNS Tumor	7316-3070	Tumor	Initial CNS Tumor	Solid Tissue	NA	Tumors of sellar region	Adamantinomatous Craniopharyngioma	CRANIO, ADAM	CRANIO, PAP	Craniopharyngioma	craniopharyngioma	Suprasellar/Hypothalamic/Pituitary	Suprasellar	Gross/Near total resection	stranded	5536	White	Not Hispanic or Latino	Female	Female	None documented	Craniopharyngioma	#b2502d	Yes	EUR	815	Not Applicable	815	LIVING	NO EVENT
BS_YH817HDT	PT_PXQN10A8	PBTA	PBTA-X01-FY22	C3291726	PT_PXQN10A8_7316-7521_Solid Tissue_Second Malignancy	7316-7521	Tumor	Second Malignancy	Solid Tissue	NA	Low-grade astrocytic tumor	Subependymal Giant Cell Astrocytoma	SEGA, wildtype	NA	Subependymal Giant Cell Astrocytoma (SEGA)	subependymal giant cell astrocytoma who grade i	Frontal Lobe;Ventricles	Mixed	Gross/Near total resection	poly-A stranded	4046	Asian	Not Hispanic or Latino	Female	Female	Tuberous Sclerosis (TSC1, TSC2)	Low-grade glioma	#8f8fbf	No	EAS	702	Progressive	3739	LIVING	EVENT
BS_YK6VQ9SJ	PT_57YP9ABV	PBTA	CBTN	C333330	PT_57YP9ABV_7316-1070_Solid Tissue_Progressive	7316-1070	Tumor	Progressive	Solid Tissue	NA	Neuronal and mixed neuronal-glial tumor	Dysembryoplastic neuroepithelial tumor	NA	NA	Dysembryoplastic neuroepithelial tumor (DNET)	residual/recurrent dnt	Other locations NOS	Other	Unavailable	stranded	8217	White	Not Hispanic or Latino	Female	Female	None documented	Mixed neuronal-glial tumor	#685815	No	EUR	Not Reported	Progressive	Not Reported	LIVING	EVENT
BS_YMAJC22S	PT_ZMKMKCFQ	PBTA	CBTN	C53505	PT_ZMKMKCFQ_7316-2753_Solid Tissue_Progressive	7316-2753	Tumor	Progressive	Solid Tissue	NA	Low-grade astrocytic tumor	Low-grade glioma	LGG, RTK	NA	Low-grade glioma/astrocytoma (WHO grade I/II)	residual/recurrent low grade glial tumor, idh-wild type, brafv600e negative, braf-kiaa1549 fusion product not detected. pdgfra and tp53 mutated	Basal Ganglia;Suprasellar/Hypothalamic/Pituitary;Thalamus	Mixed	Gross/Near total resection	stranded	3924	White	Not Hispanic or Latino	Female	Female	None documented	Low-grade glioma	#8f8fbf	No	EUR	2211	Progressive	2918	LIVING	EVENT
BS_YMKX1VP4	PT_9SWHWA5Q	PBTA	PBTA-X01-FY22	C1262718	PT_9SWHWA5Q_7316-4458_Solid Tissue_Initial CNS Tumor	7316-4458	Tumor	Initial CNS Tumor	Solid Tissue	NA	Embryonal tumor	Medulloblastoma	MB, Group4	MB, Group4	Medulloblastoma	medulpblastoma, who grade 4	Cerebellum/Posterior Fossa	Posterior fossa	Gross/Near total resection	poly-A stranded	3061	White	Not Hispanic or Latino	Female	Female	None documented	Medulloblastoma	#a340ff	Yes	EUR	1008	Deceased-due to disease	1008	DECEASED	EVENT
BS_YMN2NJ0Y	PT_M9KXGNY9	PBTA	PBTA-X01-FY22	C4097376	PT_M9KXGNY9_7316-8928_Solid Tissue_Initial CNS Tumor	7316-8928	Tumor	Initial CNS Tumor	Solid Tissue	NA	Tumor of cranial and paraspinal nerves	Schwannoma	NA	NA	Schwannoma	hybrid nerve sheath tumor, neurofibroma with schwannian nodules, who grade 1	Spinal Cord- Thoracic	Spine	Gross/Near total resection	poly-A stranded	7554	White	Not Hispanic or Latino	Male	Male	Neurofibromatosis, Type 2 (NF-2)	Schwannoma	#ab7200	Yes	EUR	1198	Recurrence	1198	LIVING	EVENT
BS_YNEQJ6AH	PT_NS1F6DT8	PBTA	CBTN	C798393	PT_NS1F6DT8_7316-3048_Solid Tissue_Initial CNS Tumor	7316-3048	Tumor	Initial CNS Tumor	Solid Tissue	NA	Neuronal and mixed neuronal-glial tumor	Dysembryoplastic neuroepithelial tumor	NA	NA	Dysembryoplastic neuroepithelial tumor (DNET)	dnet	Frontal Lobe	Hemispheric	Gross/Near total resection	stranded	5816	White	Not Hispanic or Latino	Male	Male	Neurofibromatosis, Type 1 (NF-1)	Mixed neuronal-glial tumor	#685815	Yes	EUR	395	Not Applicable	395	LIVING	NO EVENT
BS_YNG08H1N	PT_3ZYRD5J3	PBTA	PBTA-X01-FY22	C2851263	PT_3ZYRD5J3_7316-3084_Solid Tissue_Initial CNS Tumor	7316-3084	Tumor	Initial CNS Tumor	Solid Tissue	NA	Benign tumor	NA	NA	NA	Adenoma	pituitary adenoma	Other locations NOS	Other	Gross/Near total resection	poly-A stranded	5174	Reported Unknown	Not Available	Male	Male	None documented	Non-neoplastic tumor	#FFF5EB	Yes	EUR	Not Reported	Not Applicable	Not Reported	LIVING	NO EVENT
BS_YQFX2Y00	PT_TY3W122M	PBTA	PBTA-X01-FY22	C3272046	PT_TY3W122M_7316-5901_Solid Tissue_Initial CNS Tumor	7316-5901	Tumor	Initial CNS Tumor	Solid Tissue	NA	Ependymal tumor	Ependymoma	EPN, MPE	EPN, MPE	Ependymoma	anaplastic ependymoma	Spine NOS	Spine	Partial resection	poly-A stranded	2315	Reported Unknown	Not Available	Female	Female	None documented	Ependymoma	#2200ff	Yes	EUR	Not Reported	Not Applicable	Not Reported	LIVING	NO EVENT
BS_YR1XY6SF	PT_0324HWD5	PBTA	PBTA-X01-FY22	C2857659	PT_0324HWD5_7316-7091_Solid Tissue_Initial CNS Tumor	7316-7091	Tumor	Initial CNS Tumor	Solid Tissue	NA	Diffuse astrocytic and oligodendroglial tumor	Pleomorphic xanthoastrocytoma	HGG, PXA	NA	High-grade glioma/astrocytoma (WHO grade III/IV)	glioma with features of anaplastic pleomorphic xanthoastrocytoma (pxa) with braf v600 mutation and homozygous loss of cdkn2a/b, who grade iii	Temporal Lobe	Hemispheric	Gross/Near total resection	poly-A stranded	3121	White	Not Hispanic or Latino	Female	Female	None documented	Other high-grade glioma	#ffccf5	Yes	EUR	Not Reported	Not Applicable	Not Reported	LIVING	NO EVENT
BS_YS3ZJWN9	PT_4XB3YTJM	PBTA	PBTA-X01-FY22	C340710	PT_4XB3YTJM_7316-388_Derived Cell Line_Initial CNS Tumor_Serum-free_21	7316-388	Tumor	Initial CNS Tumor	Derived Cell Line	Serum-free	Diffuse astrocytic and oligodendroglial tumor	Diffuse midline glioma	DMG, H3 K28, TP53	NA	High-grade glioma/astrocytoma (WHO grade III/IV)	anaplastic astrocytoma	Thalamus	Midline	Gross/Near total resection	poly-A stranded	1897	White	Not Hispanic or Latino	Female	Female	None documented	DIPG or DMG	#ff40d9	No	AMR	215	Recurrence - Metastatic	294	DECEASED	EVENT
BS_YSZRQ95C	PT_89HXDTTW	PBTA	HOPE	C2442165	PT_89HXDTTW_7316-4842_Solid Tissue_Initial CNS Tumor	7316-4842	Tumor	Initial CNS Tumor	Solid Tissue	NA	Diffuse astrocytic and oligodendroglial tumor	Infant-type hemispheric glioma	IHG, NTRK-altered	HGG, IHG	High-grade glioma/astrocytoma (WHO grade III/IV)	desmoplastic infantile astrocytoma with abundant anaplastic glial component	Frontal Lobe	Hemispheric	Partial resection	poly-A stranded	264	White	Not Hispanic or Latino	Male	Male	None documented	Other high-grade glioma	#ffccf5	Yes	EUR	1738	Not Applicable	1738	LIVING	NO EVENT
BS_YT4E515V	PT_55CW8W22	PBTA	PBTA-X01-FY22	C3270570	PT_55CW8W22_7316-5889_Solid Tissue_Initial CNS Tumor	7316-5889	Tumor	Initial CNS Tumor	Solid Tissue	NA	Low-grade astrocytic tumor	Subependymal Giant Cell Astrocytoma	SEGA, wildtype	NA	Subependymal Giant Cell Astrocytoma (SEGA)	subependymal giant cell astrocytoma (sega)	Parietal Lobe	Hemispheric	Gross/Near total resection	poly-A stranded	3017	Reported Unknown	Not Available	Female	Female	Tuberous Sclerosis (TSC1, TSC2)	Low-grade glioma	#8f8fbf	Yes	EUR	Not Reported	Not Applicable	Not Reported	LIVING	NO EVENT
BS_YTTMKCBX	PT_YDQMJZJB	PBTA	PBTA-X01-FY22	C3525549	PT_YDQMJZJB_7316-8559_Solid Tissue_Initial CNS Tumor	7316-8559	Tumor	Initial CNS Tumor	Solid Tissue	NA	Ependymal tumor	Ependymoma	EPN, PF A	EPN, PF A	Ependymoma	anaplastic ependymoma	Cerebellum/Posterior Fossa	Posterior fossa	Unavailable	poly-A stranded	339	Black or African American	Not Hispanic or Latino	Male	Male	None documented	Ependymoma	#2200ff	Yes	AFR	Not Reported	Not Applicable	Not Reported	LIVING	NO EVENT
BS_YV1E1G58	PT_2JGWN6EA	PBTA	PBTA-X01-FY22	C2725434	PT_2JGWN6EA_7316-8051_Solid Tissue_Deceased	7316-8051	Tumor	Deceased	Solid Tissue	NA	Low-grade astrocytic tumor	Low-grade glioma	LGG, NF1-somatic, FGFR	NA	Low-grade glioma/astrocytoma (WHO grade I/II)	disseminated pilocytic astrocytoma	Cerebellum/Posterior Fossa;Spinal Cord- Cervical;Spinal Cord- Lumbar/Thecal Sac;Spinal Cord- Thoracic	Mixed	NA	poly-A stranded	1204	White	Not Hispanic or Latino	Male	Male	None documented	Low-grade glioma	#8f8fbf	No	EUR	1261	Progressive - Metastatic	4428	DECEASED	EVENT
BS_YVEEXAAT	PT_EQ0BRG88	PBTA	PBTA-X01-FY22	C2688165	PT_EQ0BRG88_7316-6663_Solid Tissue_Initial CNS Tumor	7316-6663	Tumor	Initial CNS Tumor	Solid Tissue	NA	Low-grade astrocytic tumor	Low-grade glioma	LGG, KIAA1549-BRAF	NA	Low-grade glioma/astrocytoma (WHO grade I/II)	pilocytic astrocytoma, with kiaa1549-braf fusion, who grade i	Cerebellum/Posterior Fossa	Posterior fossa	Gross/Near total resection	poly-A stranded	2277	Black or African American	Not Hispanic or Latino	Female	Female	None documented	Low-grade glioma	#8f8fbf	Yes	AFR	1065	Not Applicable	1065	LIVING	NO EVENT
BS_YVMEEBKC	PT_DMHFS0HX	PBTA	CBTN	C808110	PT_DMHFS0HX_7316-3055_Solid Tissue_Initial CNS Tumor	7316-3055	Tumor	Initial CNS Tumor	Solid Tissue	NA	Low-grade astrocytic tumor	Low-grade glioma	LGG, KIAA1549-BRAF	NA	Low-grade glioma/astrocytoma (WHO grade I/II)	pilocytic astrocytoma	Cerebellum/Posterior Fossa	Posterior fossa	Gross/Near total resection	stranded	3765	White	Not Hispanic or Latino	Female	Female	None documented	Low-grade glioma	#8f8fbf	Yes	EUR	1368	Not Applicable	1368	LIVING	NO EVENT
BS_YWJKHMXV	PT_8FP2770K	PBTA	PBTA-X01-FY22	C2819775	PT_8FP2770K_7316-7068_Solid Tissue_Initial CNS Tumor	7316-7068	Tumor	Initial CNS Tumor	Solid Tissue	NA	Low-grade astrocytic tumor	Low-grade glioma	LGG, BRAF V600E	NA	Low-grade glioma/astrocytoma (WHO grade I/II)	low grade glial tumor with associated braf duplication (braf, c.1794_1796dup (p.thr599dup)	Cerebellum/Posterior Fossa	Posterior fossa	Gross/Near total resection	poly-A stranded	2824	White	Not Hispanic or Latino	Female	Female	None documented	Low-grade glioma	#8f8fbf	Yes	EUR	234	Recurrence	1581	LIVING	EVENT
BS_YXP55JEG	PT_EYQS4J99	PBTA	PBTA-X01-FY22	C3651501	PT_EYQS4J99_7316-8850_Solid Tissue_Initial CNS Tumor	7316-8850	Tumor	Initial CNS Tumor	Solid Tissue	NA	Embryonal tumor	Medulloblastoma	MB, Group4	NA	Medulloblastoma	medulloblastoma, non-wnt/non-shh (by ihc), who grade iv	Ventricles	Ventricles	Gross/Near total resection	poly-A stranded	346	Reported Unknown	Not Hispanic or Latino	Male	Male	None documented	Medulloblastoma	#a340ff	Yes	EUR	734	Not Applicable	734	LIVING	NO EVENT
BS_YY5B2XDD	PT_1KEER2Q1	PBTA	CBTN	C98154	PT_1KEER2Q1_7316-460_Solid Tissue_Initial CNS Tumor	7316-460	Tumor	Initial CNS Tumor	Solid Tissue	NA	Low-grade astrocytic tumor	Low-grade glioma	LGG, KIAA1549-BRAF	NA	Low-grade glioma/astrocytoma (WHO grade I/II)	pilocytic astrocytoma who i	Cerebellum/Posterior Fossa	Posterior fossa	Gross/Near total resection	stranded	3826	White	Not Hispanic or Latino	Male	Male	None documented	Low-grade glioma	#8f8fbf	Yes	EUR	3344	Not Applicable	3344	LIVING	NO EVENT
BS_YZ2QFDAN	PT_2RKP2PQH	PBTA	PBTA-X01-FY22	C3389265	PT_2RKP2PQH_7316-7213_Solid Tissue_Initial CNS Tumor	7316-7213	Tumor	Initial CNS Tumor	Solid Tissue	NA	Diffuse astrocytic and oligodendroglial tumor	High-grade glioma	HGG, H3 wildtype	HGG, H3 wildtype	High-grade glioma/astrocytoma (WHO grade III/IV)	glioblastoma multiforme, who grade iv	Parietal Lobe	Hemispheric	Partial resection	poly-A stranded	4206	White	Not Hispanic or Latino	Female	Female	Other inherited conditions NOS	Other high-grade glioma	#ffccf5	Yes	NA	403	Deceased-due to disease	403	DECEASED	EVENT
BS_YZ2Z1Q6Y	PT_TH18S0JQ	PBTA	CBTN	C829512	PT_TH18S0JQ_7316-3068_Solid Tissue_Initial CNS Tumor	7316-3068	Tumor	Initial CNS Tumor	Solid Tissue	NA	Low-grade astrocytic tumor	Low-grade glioma	LGG, KIAA1549-BRAF	NA	Low-grade glioma/astrocytoma (WHO grade I/II)	pilocytic astrocytoma	Cerebellum/Posterior Fossa	Posterior fossa	Gross/Near total resection	stranded	4932	White	Not Hispanic or Latino	Female	Female	None documented	Low-grade glioma	#8f8fbf	Yes	EUR	1680	Not Applicable	1680	LIVING	NO EVENT
BS_Z0AVVB1V	PT_SJEG0MKD	PBTA	CBTN	C35916	PT_SJEG0MKD_7316-146_Solid Tissue_Initial CNS Tumor	7316-146	Tumor	Initial CNS Tumor	Solid Tissue	NA	Low-grade astrocytic tumor	Low-grade glioma	LGG, KIAA1549-BRAF	NA	Low-grade glioma/astrocytoma (WHO grade I/II)	pilocytic astrocytoma who i	Cerebellum/Posterior Fossa	Posterior fossa	Gross/Near total resection	stranded	2396	White	Not Hispanic or Latino	Female	Female	None documented	Low-grade glioma	#8f8fbf	Yes	EUR	483	Not Applicable	483	LIVING	NO EVENT
BS_Z0E26P1R	PT_Q6CGR1G6	PBTA	PBTA-X01-FY22	C2408217	PT_Q6CGR1G6_7316-4268_Solid Tissue_Progressive	7316-4268	Tumor	Progressive	Solid Tissue	NA	Low-grade astrocytic tumor	Low-grade glioma	LGG, KIAA1549-BRAF	NA	Low-grade glioma/astrocytoma (WHO grade I/II)	low grade glioma w/ pilomyxoid features	Suprasellar/Hypothalamic/Pituitary	Suprasellar	Partial resection	poly-A stranded	393	White	Not Hispanic or Latino	Male	Male	None documented	Low-grade glioma	#8f8fbf	No	EUR	629	Progressive	3229	DECEASED	EVENT
BS_Z0ZPD9S9	PT_5BFEWBGY	PBTA	PBTA-X01-FY22	C2639457	PT_5BFEWBGY_7316-6079_Solid Tissue_Initial CNS Tumor	7316-6079	Tumor	Initial CNS Tumor	Solid Tissue	NA	Diffuse astrocytic and oligodendroglial tumor	Diffuse midline glioma	DMG, H3 K28, TP53	NA	Brainstem glioma- Diffuse intrinsic pontine glioma	diffuse midline glioma, h3 k27m-mutant (who grade iv)	Brain Stem- Pons	Midline	Biopsy only	poly-A stranded	2262	Reported Unknown	Hispanic or Latino	Female	Female	None documented	DIPG or DMG	#ff40d9	Yes	AMR	288	Progressive	483	DECEASED	EVENT
BS_Z1A875MW	PT_D9NTSYSC	PBTA	CBTN	C829143	PT_D9NTSYSC_7316-3064_Solid Tissue_Initial CNS Tumor	7316-3064	Tumor	Initial CNS Tumor	Solid Tissue	NA	Neuronal and mixed neuronal-glial tumor	Glial-neuronal tumor NOS	GNT, other MAPK, CDKN2A/B	PXA	Glial-neuronal tumor NOS	glial tumor	Temporal Lobe	Hemispheric	Gross/Near total resection	stranded	1935	Reported Unknown	Not Hispanic or Latino	Male	Male	None documented	Mixed neuronal-glial tumor	#685815	Yes	SAS	1736	Not Applicable	1736	LIVING	NO EVENT
BS_Z28VKGNS	PT_GSSQYQKV	PBTA	CBTN	C829389	PT_GSSQYQKV_7316-3028_Solid Tissue_Initial CNS Tumor	7316-3028	Tumor	Initial CNS Tumor	Solid Tissue	NA	Tumor of cranial and paraspinal nerves	Neurofibroma/Plexiform	NA	NA	Neurofibroma/Plexiform	neurofibroma	Other locations NOS	Other	Partial resection	stranded	2412	Reported Unknown	Not Hispanic or Latino	Female	Female	Neurofibromatosis, Type 1 (NF-1)	Neurofibroma plexiform	#e6ac39	Yes	SAS	1939	Not Applicable	1939	LIVING	NO EVENT
BS_Z2NWPQKF	PT_YY7CRV21	PBTA	CBTN	C64944	PT_YY7CRV21_7316-215_Solid Tissue_Initial CNS Tumor	7316-215	Tumor	Initial CNS Tumor	Solid Tissue	NA	Pre-cancerous lesion	NA	NA	NA	Dysplasia/Gliosis	dysplasia/gliosis	Temporal Lobe	Hemispheric	Partial resection	stranded	4937	White	Not Hispanic or Latino	Male	Male	None documented	Non-neoplastic tumor	#FFF5EB	Yes	EUR	436	Not Applicable	436	LIVING	NO EVENT
BS_Z3RCA1T9	PT_C9YDTZPA	PBTA	PNOC	C3081273	PT_C9YDTZPA_A15726_Solid Tissue_Initial CNS Tumor	A15726	Tumor	Initial CNS Tumor	Solid Tissue	NA	Diffuse astrocytic and oligodendroglial tumor	Diffuse midline glioma	DMG, H3 K28	NA	Brainstem glioma- Diffuse intrinsic pontine glioma	Diffuse midline glioma, H3K27M mutant, WHO grade IV	Pons/Brainstem	Midline	NA	poly-A	1978	White	Not Hispanic or Latino	Male	Male	None documented	DIPG or DMG	#ff40d9	Yes	EUR	NA	NA	399	DECEASED	NO EVENT
BS_Z45HD492	PT_T3REPTTC	PBTA	CBTN	C1010076	PT_T3REPTTC_7316-3488_Solid Tissue_Initial CNS Tumor	7316-3488	Tumor	Initial CNS Tumor	Solid Tissue	NA	Embryonal tumor	Medulloblastoma	MB, Group3	MB, Group3	Medulloblastoma	medulloblastoma	Cerebellum/Posterior Fossa	Posterior fossa	Partial resection	stranded	754	White	Not Hispanic or Latino	Female	Female	None documented	Medulloblastoma	#a340ff	Yes	EUR	433	Deceased-due to other causes	433	DECEASED	NO EVENT
BS_Z4WYV1GP	PT_WMWVQ4HS	PBTA	CBTN	C2466396	PT_WMWVQ4HS_7316-6033_Solid Tissue_Initial CNS Tumor	7316-6033	Tumor	Initial CNS Tumor	Solid Tissue	NA	Diffuse astrocytic and oligodendroglial tumor	High-grade glioma	HGG, To be classified	NA	High-grade glioma/astrocytoma (WHO grade III/IV)	high grade glioma	Ventricles	Ventricles	Gross/Near total resection	poly-A stranded	416	White	Not Hispanic or Latino	Male	NA	None documented	Other high-grade glioma	#ffccf5	Yes	NA	1866	Not Applicable	1866	LIVING	NO EVENT
BS_Z5ATH1YR	PT_CV8DVTFT	PBTA	PBTA-X01-FY22	C1207491	PT_CV8DVTFT_7316-4520_Solid Tissue_Initial CNS Tumor	7316-4520	Tumor	Initial CNS Tumor	Solid Tissue	NA	Low-grade astrocytic tumor	Low-grade glioma	LGG, wildtype	NA	Low-grade glioma/astrocytoma (WHO grade I/II)	pilocytic astrocytoma	Cerebellum/Posterior Fossa	Posterior fossa	Partial resection	poly-A stranded	7746	White	Not Hispanic or Latino	Female	Female	None documented	Low-grade glioma	#8f8fbf	Yes	EUR	Not Reported	Not Applicable	Not Reported	LIVING	NO EVENT
BS_Z6BWR941	PT_YJGTKDV0	PBTA	CBTN	C410943	PT_YJGTKDV0_7316-1683_Solid Tissue_Initial CNS Tumor	7316-1683	Tumor	Initial CNS Tumor	Solid Tissue	NA	Low-grade astrocytic tumor	Low-grade glioma	LGG, KIAA1549-BRAF	LGG, BRAF/MAPK	Low-grade glioma/astrocytoma (WHO grade I/II)	low grade glioma	Cerebellum/Posterior Fossa	Posterior fossa	Biopsy only	stranded	2520	White	Not Hispanic or Latino	Female	Female	None documented	Low-grade glioma	#8f8fbf	Yes	EUR	Not Reported	Not Applicable	Not Reported	LIVING	NO EVENT
BS_Z6MC4N8D	PT_3PSG2DQT	PBTA	CBTN	C292740	PT_3PSG2DQT_7316-1111_Solid Tissue_Initial CNS Tumor	7316-1111	Tumor	Initial CNS Tumor	Solid Tissue	NA	Pre-cancerous lesion	NA	NA	NA	Dysplasia/Gliosis	focal dysplastic lesion of cb	Cerebellum/Posterior Fossa	Posterior fossa	Gross/Near total resection	stranded	5034	White	Not Hispanic or Latino	Female	Female	None documented	Non-neoplastic tumor	#FFF5EB	Yes	EUR	Not Reported	Not Applicable	Not Reported	LIVING	NO EVENT
BS_Z72QAZC7	PT_HJA1ZYS1	PBTA	CBTN	C788061	PT_HJA1ZYS1_7316-2939_Solid Tissue_Initial CNS Tumor	7316-2939	Tumor	Initial CNS Tumor	Solid Tissue	NA	Benign tumor	NA	NA	NA	Other	dermoid cyst	Spinal Cord- Lumbar/Thecal Sac	Spine	Partial resection	stranded	1282	White	Not Hispanic or Latino	Female	Female	None documented	Non-neoplastic tumor	#FFF5EB	Yes	EUR	506	Not Applicable	506	LIVING	NO EVENT
BS_Z7890YNR	PT_99S5BPE3	PBTA	CBTN	C20172	PT_99S5BPE3_7316-451_Solid Tissue_Recurrence	7316-451	Tumor	Recurrence	Solid Tissue	NA	Ependymal tumor	Ependymoma	EPN, ST ZFTA	EPN, ST ZFTA	Ependymoma	ependymoma	Frontal Lobe;Parietal Lobe;Temporal Lobe	Hemispheric	Partial resection	stranded	6695	White	Not Hispanic or Latino	Male	Male	None documented	Ependymoma	#2200ff	No	EUR	629	Recurrence	2066	DECEASED	EVENT
BS_Z7G68ZS2	PT_5SNX4PMK	PBTA	CBTN	C38745	PT_5SNX4PMK_7316-171_Solid Tissue_Initial CNS Tumor	7316-171	Tumor	Initial CNS Tumor	Solid Tissue	NA	Benign tumor	NA	NA	NA	Other	atypical lymphoid infiltrate	Parietal Lobe;Temporal Lobe	Hemispheric	Biopsy only	stranded	8710	White	Not Hispanic or Latino	Female	Female	Other inherited conditions NOS	Non-neoplastic tumor	#FFF5EB	Yes	EUR	152	Not Applicable	152	LIVING	NO EVENT
BS_Z7PKVY9J	PT_M0AP3Z15	PBTA	CBTN	C19803	PT_M0AP3Z15_7316-14_Solid Tissue_Initial CNS Tumor	7316-14	Tumor	Initial CNS Tumor	Solid Tissue	NA	Embryonal tumor	Medulloblastoma	MB, Group4	MB, Group4	Medulloblastoma	medulloblastoma	Cerebellum/Posterior Fossa;Suprasellar/Hypothalamic/Pituitary	Mixed	Biopsy only	stranded	5027	White	Not Hispanic or Latino	Male	Male	None documented	Medulloblastoma	#a340ff	No	EUR	2729	Not Applicable	2729	LIVING	NO EVENT
BS_Z7Y2466H	PT_9B6KWJT2	PBTA	CBTN	C155472	PT_9B6KWJT2_7316-1226_Solid Tissue_Initial CNS Tumor	7316-1226	Tumor	Initial CNS Tumor	Solid Tissue	NA	Low-grade astrocytic tumor	Low-grade glioma	LGG, KIAA1549-BRAF	NA	Low-grade glioma/astrocytoma (WHO grade I/II)	pilocytic astrocytoma gr1	Cerebellum/Posterior Fossa	Posterior fossa	Gross/Near total resection	stranded	4947	White	Not Hispanic or Latino	Female	Female	None documented	Low-grade glioma	#8f8fbf	Yes	EUR	Not Reported	Not Applicable	Not Reported	LIVING	NO EVENT
BS_Z85M2R3N	PT_QJ3144WH	PBTA	CBTN	C908724	PT_QJ3144WH_7316-3204_Solid Tissue_Initial CNS Tumor	7316-3204	Tumor	Initial CNS Tumor	Solid Tissue	NA	Choroid plexus tumor	Choroid plexus tumor	NA	NA	Choroid plexus papilloma	choroid plexus papilloma, who grade i	Ventricles	Ventricles	Gross/Near total resection	stranded	6330	Reported Unknown	Hispanic or Latino	Female	Female	None documented	Choroid plexus tumor	#00441B	Yes	AMR	1263	Not Applicable	1263	LIVING	NO EVENT
BS_Z8F3GM85	PT_FZP24XYK	PBTA	CBTN	C176628	PT_FZP24XYK_7316-1060_Solid Tissue_Initial CNS Tumor	7316-1060	Tumor	Initial CNS Tumor	Solid Tissue	NA	Diffuse astrocytic and oligodendroglial tumor	Diffuse hemispheric glioma	DHG, H3 G35	DHG, H3 G35	High-grade glioma/astrocytoma (WHO grade III/IV)	glioblastoma multiforme (who grade iv)	Occipital Lobe;Parietal Lobe	Hemispheric	Partial resection	stranded	6006	White	Not Hispanic or Latino	Female	NA	None documented	Other high-grade glioma	#ffccf5	Yes	NA	853	Deceased-due to disease	853	DECEASED	EVENT
BS_Z8YZ6QGS	PT_S0Q27J13	PBTA	CBTN	C621765	PT_S0Q27J13_7316-2307_Solid Tissue_Initial CNS Tumor	7316-2307	Tumor	Initial CNS Tumor	Solid Tissue	NA	Diffuse astrocytic and oligodendroglial tumor	High-grade glioma	HGG, H3 wildtype, TP53	HGG, H3 wildtype	High-grade glioma/astrocytoma (WHO grade III/IV)	anaplastic astrocytoma, who grade iii	Parietal Lobe	Hemispheric	Biopsy only	stranded	6258	White	Not Hispanic or Latino	Female	Female	None documented	Other high-grade glioma	#ffccf5	Yes	AMR	534	Progressive	1220	DECEASED	EVENT
BS_Z9ZS6ZS2	PT_QQ9JGEY9	PBTA	CBTN	C74538	PT_QQ9JGEY9_7316-356_Solid Tissue_Initial CNS Tumor	7316-356	Tumor	Initial CNS Tumor	Solid Tissue	NA	Tumor of cranial and paraspinal nerves	Malignant peripheral nerve sheath tumor	NA	NA	Malignant peripheral nerve sheath tumor (MPNST)	malignant peripheral nerve sheath tumor mpnst	Other locations NOS	Other	Partial resection	stranded	6349	Reported Unknown	Not Available	Female	Female	Neurofibromatosis, Type 1 (NF-1)	Other tumor	#b5b5b5	Yes	AMR	1428	Not Applicable	1428	LIVING	NO EVENT
BS_ZA9XT151	PT_WP871F5S	PBTA	CBTN	C100860	PT_WP871F5S_7316-1766_Solid Tissue_Progressive	7316-1766	Tumor	Progressive	Solid Tissue	NA	Mesenchymal non-meningothelial tumor	Hemangioblastoma	NA	NA	Hemangioblastoma	hemangioblastoma	Cerebellum/Posterior Fossa	Posterior fossa	Partial resection	stranded	5137	White	Not Hispanic or Latino	Male	Male	Other inherited conditions NOS	Mesenchymal tumor	#7fbf00	No	EUR	1291	Progressive - Metastatic	4522	LIVING	EVENT
BS_ZC1194Z8	PT_X7GTQR9N	PBTA	PBTA-X01-FY22	C3512757	PT_X7GTQR9N_7316-7959_Solid Tissue_Initial CNS Tumor	7316-7959	Tumor	Initial CNS Tumor	Solid Tissue	NA	Ependymal tumor	Ependymoma	EPN, PF A	EPN, PF A	Ependymoma	posterior fossa ependymoma group pfa (by ihc)	Cerebellum/Posterior Fossa;Ventricles	Mixed	Gross/Near total resection	poly-A stranded	1014	White	Not Hispanic or Latino	Female	Female	None documented	Ependymoma	#2200ff	Yes	EUR	1077	Not Applicable	1077	LIVING	NO EVENT
BS_ZD5HN296	PT_89XRZBSG	PBTA	HOPE	C94956	PT_89XRZBSG_7316-445_Solid Tissue_Initial CNS Tumor	7316-445	Tumor	Initial CNS Tumor	Solid Tissue	NA	Diffuse astrocytic and oligodendroglial tumor	High-grade glioma	HGG, H3 wildtype	HGG, H3 wildtype	High-grade glioma/astrocytoma (WHO grade III/IV)	anaplastic astrocytoma	Temporal Lobe	Hemispheric	Partial resection	poly-A stranded	6690	White	Not Hispanic or Latino	Male	Male	Li-Fraumeni syndrome (TP53)	Other high-grade glioma	#ffccf5	Yes	EUR	5100	Recurrence	5100	LIVING	EVENT
BS_ZDJEXPYG	PT_W4M7YD0J	PBTA	PBTA-X01-FY22	C3273768	PT_W4M7YD0J_7316-7598_Solid Tissue_Initial CNS Tumor	7316-7598	Tumor	Initial CNS Tumor	Solid Tissue	NA	Embryonal tumor	Medulloblastoma	MB, SHH	NA	Medulloblastoma	medulloblastoma, probable shh pathway, p53 mutated, who grade 4. classic morphology p53 mutation (r175h) and copy number loss. pten copy number loss ctnnb1 copy number loss	Cerebellum/Posterior Fossa	Posterior fossa	Gross/Near total resection	poly-A stranded	4159	White	Not Hispanic or Latino	Female	Female	None documented	Medulloblastoma	#a340ff	Yes	EUR	763	Not Applicable	763	LIVING	NO EVENT
BS_ZE4Y0X18	PT_KHABYTB0	PBTA	PBTA-X01-FY22	C4097253	PT_KHABYTB0_7316-8930_Solid Tissue_Initial CNS Tumor	7316-8930	Tumor	Initial CNS Tumor	Solid Tissue	NA	Meningioma	Meningioma	NA	NA	Meningioma	meningioma, who grade 1	Parietal Lobe	Hemispheric	Gross/Near total resection	poly-A stranded	5616	Reported Unknown	Hispanic or Latino	Female	Female	None documented	Meningioma	#2db398	Yes	AMR	Not Reported	Not Applicable	Not Reported	LIVING	NO EVENT
BS_ZEV0M416	PT_AW99VNWM	PBTA	PBTA-X01-FY22	C3816813	PT_AW99VNWM_7316-9053_Solid Tissue_Initial CNS Tumor	7316-9053	Tumor	Initial CNS Tumor	Solid Tissue	NA	Embryonal tumor	Atypical Teratoid Rhabdoid Tumor	ATRT, To be classified	NA	Atypical Teratoid Rhabdoid Tumor (ATRT)	atypical teratoid/rhabdoid tumor by immunohistochemistry, in1-1 not retained, who grade 4	Cerebellum/Posterior Fossa	Posterior fossa	Gross/Near total resection	poly-A stranded	637	Reported Unknown	Not Available	Male	Male	None documented	Atypical Teratoid Rhabdoid Tumor	#4d0d85	Yes	EUR	1383	Not Applicable	1383	LIVING	NO EVENT
BS_ZF34SJGN	PT_7KTAH3RD	PBTA	CBTN	C722502	PT_7KTAH3RD_7316-2671_Solid Tissue_Initial CNS Tumor	7316-2671	Tumor	Initial CNS Tumor	Solid Tissue	NA	Tumors of sellar region	Adamantinomatous Craniopharyngioma	CRANIO, ADAM	NA	Craniopharyngioma	craniopharyngioma	Suprasellar/Hypothalamic/Pituitary	Suprasellar	Gross/Near total resection	stranded	2834	White	Not Hispanic or Latino	Male	Male	None documented	Craniopharyngioma	#b2502d	Yes	EUR	1829	Not Applicable	1829	LIVING	NO EVENT
BS_ZF6BSFNF	PT_NWYSD53S	PBTA	PNOC	C3080412	PT_NWYSD53S_A15170_Solid Tissue_Initial CNS Tumor	A15170	Tumor	Initial CNS Tumor	Solid Tissue	NA	Diffuse astrocytic and oligodendroglial tumor	Diffuse midline glioma	DMG, H3 K28	NA	Brainstem glioma- Diffuse intrinsic pontine glioma	Diffuse midline glioma, H3K27M mutant, WHO grade IV	Pons/Brainstem	Midline	NA	poly-A	1544	White	Not Hispanic or Latino	Female	Female	None documented	DIPG or DMG	#ff40d9	Yes	EUR	NA	NA	854	DECEASED	NO EVENT
BS_ZH1FBX50	PT_7JQ24F35	PBTA	CBTN	C411189	PT_7JQ24F35_7316-1674_Solid Tissue_Initial CNS Tumor	7316-1674	Tumor	Initial CNS Tumor	Solid Tissue	NA	Pre-cancerous lesion	NA	NA	NA	Dysplasia/Gliosis	cortical tubers	Frontal Lobe	Hemispheric	Gross/Near total resection	stranded	915	White	Not Hispanic or Latino	Male	Male	Tuberous Sclerosis (TSC1, TSC2)	Non-neoplastic tumor	#FFF5EB	No	EUR	574	Not Applicable	574	LIVING	NO EVENT
BS_ZHHAM3AN	PT_J06X17XH	PBTA	CBTN	C879327	PT_J06X17XH_7316-3628_Solid Tissue_Recurrence	7316-3628	Tumor	Recurrence	Solid Tissue	NA	Mesenchymal non-meningothelial tumor	Sarcoma	NA	NA	Sarcoma	histiocytic sarcoma	Parietal Lobe	Hemispheric	Gross/Near total resection	stranded	5348	White	Not Hispanic or Latino	Male	Male	None documented	Mesenchymal tumor	#7fbf00	No	EUR	202	Recurrence	202	LIVING	EVENT
BS_ZHRGDRBW	PT_3A4ZR5FY	PBTA	PBTA-X01-FY22	C3860478	PT_3A4ZR5FY_7316-9447_Solid Tissue_Initial CNS Tumor	7316-9447	Tumor	Initial CNS Tumor	Solid Tissue	NA	Low-grade astrocytic tumor	Ganglioglioma	GNG, BRAF V600E	NA	Ganglioglioma	ganglioglioma, who grade i	Temporal Lobe	Hemispheric	Gross/Near total resection	poly-A stranded	2905	White	Not Hispanic or Latino	Male	Male	None documented	Mixed neuronal-glial tumor	#685815	Yes	EUR	573	Not Applicable	573	LIVING	NO EVENT
BS_ZJC7VQNA	PT_6N4TJ9G3	PBTA	PBTA-X01-FY22	C2694930	PT_6N4TJ9G3_7316-6143_Solid Tissue_Initial CNS Tumor	7316-6143	Tumor	Initial CNS Tumor	Solid Tissue	NA	Ependymal tumor	Ependymoma	EPN, PF B	EPN, PF B	Ependymoma	ependymoma, who grade ii	Ventricles	Ventricles	Gross/Near total resection	poly-A stranded	6673	White	Not Hispanic or Latino	Male	Male	Other inherited conditions NOS	Ependymoma	#2200ff	Yes	EUR	1470	Not Applicable	1470	LIVING	NO EVENT
BS_ZJXEZ4R6	PT_R604JG6B	PBTA	PBTA-X01-FY22	C3552978	PT_R604JG6B_7316-8817_Solid Tissue_Deceased	7316-8817	Tumor	Deceased	Solid Tissue	NA	Embryonal tumor	Medulloblastoma	MB, Group4	MB, Group4	Medulloblastoma	recurrent/residual medulloblastoma, viable, status post treatment	Cerebellum/Posterior Fossa;Meninges/Dura;Other locations NOS;Spinal Cord- Cervical;Spinal Cord- Thoracic	Mixed	NA	poly-A stranded	3335	Reported Unknown	Hispanic or Latino	Male	Unknown	None documented	Medulloblastoma	#a340ff	No	AMR	468	Progressive - Metastatic	744	DECEASED	EVENT
BS_ZJY7Y34M	PT_ER9J5A9E	PBTA	PBTA-X01-FY22	C3615216	PT_ER9J5A9E_7316-8833_Solid Tissue_Initial CNS Tumor	7316-8833	Tumor	Initial CNS Tumor	Solid Tissue	NA	Low-grade astrocytic tumor	Ganglioglioma	GNG, BRAF V600E	NA	Ganglioglioma	ganglioglioma, who grade i	Temporal Lobe	Hemispheric	Gross/Near total resection	poly-A stranded	4146	Asian	Not Hispanic or Latino	Female	Female	None documented	Mixed neuronal-glial tumor	#685815	Yes	SAS	666	Recurrence	1412	LIVING	EVENT
BS_ZJZXDPTP	PT_VREE80NP	PBTA	CBTN	C924714	PT_VREE80NP_7316-3776_Solid Tissue_Deceased	7316-3776	Tumor	Deceased	Solid Tissue	NA	Tumor of cranial and paraspinal nerves	Neurofibroma/Plexiform	NA	NA	Neurofibroma/Plexiform	neurofibromas, pheochromocytoma	Other locations NOS	Other	NA	stranded	1868	White	Not Hispanic or Latino	Male	Female	Neurofibromatosis, Type 1 (NF-1)	Neurofibroma plexiform	#e6ac39	No	EUR	2583	Progressive	8881	DECEASED	EVENT
BS_ZKCGX84F	PT_8RYR478R	PBTA	CBTN	C144648	PT_8RYR478R_7316-798_Solid Tissue_Initial CNS Tumor	7316-798	Tumor	Initial CNS Tumor	Solid Tissue	NA	Embryonal tumor	Atypical Teratoid Rhabdoid Tumor	ATRT, TYR	ATRT, TYR	Atypical Teratoid Rhabdoid Tumor (ATRT)	atypical teratoid rhabdoid tumor (atrt)	Cerebellum/Posterior Fossa	Posterior fossa	Gross/Near total resection	poly-A stranded	113	Reported Unknown	Hispanic or Latino	Female	NA	None documented	Atypical Teratoid Rhabdoid Tumor	#4d0d85	Yes	NA	86	Deceased-due to disease	86	DECEASED	EVENT
BS_ZM97KKXE	PT_TWF36J8K	PBTA	PBTA-X01-FY22	C2648928	PT_TWF36J8K_7316-6251_Solid Tissue_Initial CNS Tumor	7316-6251	Tumor	Initial CNS Tumor	Solid Tissue	NA	Diffuse astrocytic and oligodendroglial tumor	Diffuse midline glioma	DMG, H3 K28, TP53	NA	Brainstem glioma- Diffuse intrinsic pontine glioma	diffuse midline glioma,h3 k27m-mutant, who grade iv	Brain Stem- Midbrain/Tectum;Brain Stem- Pons;Cerebellum/Posterior Fossa	Mixed	Partial resection	poly-A stranded	2758	Asian	Not Hispanic or Latino	Male	Male	None documented	DIPG or DMG	#ff40d9	Yes	SAS	287	Progressive - Metastatic	316	DECEASED	EVENT
BS_ZMZTCQRM	PT_PTTBTPS6	PBTA	PBTA-X01-FY22	C2479926	PT_PTTBTPS6_7316-9028_Solid Tissue_Recurrence	7316-9028	Tumor	Recurrence	Solid Tissue	NA	Embryonal tumor	Medulloblastoma	MB, SHH	NA	Medulloblastoma	recurrent/residual medulloblastoma shh activated, tp53 mutant, status post treatment	Cerebellum/Posterior Fossa	Posterior fossa	Partial resection	poly-A stranded	3270	White	Not Hispanic or Latino	Female	Female	None documented	Medulloblastoma	#a340ff	No	EUR	557	Recurrence - Metastatic	1154	DECEASED	EVENT
BS_ZN2P8BKH	PT_E8XM8JFZ	PBTA	PBTA-X01-FY22	C16974	PT_E8XM8JFZ_7316-8729_Solid Tissue_Progressive	7316-8729	Tumor	Progressive	Solid Tissue	NA	Low-grade astrocytic tumor	Ganglioglioma	GNG, BRAF V600E	NA	Ganglioglioma	residual/recurrent ganglioglioma	Temporal Lobe	Hemispheric	Biopsy only	poly-A stranded	1302	White	Not Hispanic or Latino	Male	Male	None documented	Mixed neuronal-glial tumor	#685815	No	EUR	72	Progressive	4992	LIVING	EVENT
BS_ZN5A4MJ2	PT_9DN8FH3M	PBTA	PBTA-X01-FY22	C2851017	PT_9DN8FH3M_7316-3087_Solid Tissue_Initial CNS Tumor	7316-3087	Tumor	Initial CNS Tumor	Solid Tissue	NA	Benign tumor	NA	NA	NA	Other	osteoblastoma	Other locations NOS	Other	Gross/Near total resection	poly-A stranded	2780	Reported Unknown	Not Available	Male	Male	None documented	Non-neoplastic tumor	#FFF5EB	Yes	EUR	Not Reported	Not Applicable	Not Reported	LIVING	NO EVENT
BS_ZN8136D9	PT_AYZA2WCW	PBTA	CBTN	C57072	PT_AYZA2WCW_7316-197_Solid Tissue_Initial CNS Tumor	7316-197	Tumor	Initial CNS Tumor	Solid Tissue	NA	Choroid plexus tumor	Choroid plexus tumor	NA	NA	Choroid plexus papilloma	choroidplexus papilloma	Ventricles	Ventricles	Gross/Near total resection	stranded	3206	White	Not Hispanic or Latino	Female	Female	None documented	Choroid plexus tumor	#00441B	Yes	EUR	1796	Not Applicable	1796	LIVING	NO EVENT
BS_ZQ76ZBEX	PT_VJBVXB08	PBTA	CBTN	C36777	PT_VJBVXB08_7316-155_Solid Tissue_Initial CNS Tumor	7316-155	Tumor	Initial CNS Tumor	Solid Tissue	NA	Embryonal tumor	CNS Embryonal tumor	CNS Embryonal, NOS	NA	Supratentorial or Spinal Cord PNET	multifocal cerebral neuroblastoma with schererssecondary structures and prominent calcification ia	Temporal Lobe	Hemispheric	Partial resection	poly-A stranded	1039	Asian	Not Hispanic or Latino	Female	Female	None documented	Other CNS embryonal tumor	#b08ccf	Yes	SAS	1789	Not Applicable	1789	LIVING	NO EVENT
BS_ZQKGJD70	PT_VBG3Z18B	PBTA	CBTN	C109470	PT_VBG3Z18B_7316-512_Solid Tissue_Initial CNS Tumor	7316-512	Tumor	Initial CNS Tumor	Solid Tissue	NA	Embryonal tumor	CNS Embryonal tumor	CNS Embryonal, NOS	NA	Supratentorial or Spinal Cord PNET	supratentorial pnet with neuronal differentiation who gr 4	Frontal Lobe	Hemispheric	Gross/Near total resection	poly-A stranded	2784	White	Not Hispanic or Latino	Female	NA	None documented	Other CNS embryonal tumor	#b08ccf	Yes	NA	454	Recurrence	741	DECEASED	EVENT
BS_ZR96A4FH	PT_E546ZRXA	PBTA	CBTN	C115866	PT_E546ZRXA_7316-952_Solid Tissue_Initial CNS Tumor	7316-952	Tumor	Initial CNS Tumor	Solid Tissue	NA	Neuronal and mixed neuronal-glial tumor	Dysembryoplastic neuroepithelial tumor	NA	NA	Dysembryoplastic neuroepithelial tumor (DNET);Ganglioglioma	dysembryoplastic neuroepithelial tumors (dnets) and gangliogliomas	Hippocampus;Other locations NOS;Temporal Lobe	Mixed	Gross/Near total resection	stranded	1538	Black or African American	Not Hispanic or Latino	Female	Female	None documented	Mixed neuronal-glial tumor	#685815	Yes	AFR	Not Reported	Not Applicable	Not Reported	LIVING	NO EVENT
BS_ZRF3A49T	PT_YH8C6J90	PBTA	PBTA-X01-FY22	C2603049	PT_YH8C6J90_7316-3508_Solid Tissue_Initial CNS Tumor	7316-3508	Tumor	Initial CNS Tumor	Solid Tissue	NA	Low-grade astrocytic tumor	Low-grade glioma	LGG, wildtype	NA	Low-grade glioma/astrocytoma (WHO grade I/II)	pilocytic astrocytoma	Cerebellum/Posterior Fossa	Posterior fossa	Gross/Near total resection	poly-A stranded	2071	Reported Unknown	Not Available	Male	Male	None documented	Low-grade glioma	#8f8fbf	Yes	EUR	Not Reported	Not Applicable	Not Reported	LIVING	NO EVENT
BS_ZRM0W01M	PT_EYZ25B99	PBTA	CBTN	C136284	PT_EYZ25B99_7316-470_Solid Tissue_Initial CNS Tumor	7316-470	Tumor	Initial CNS Tumor	Solid Tissue	NA	Low-grade astrocytic tumor	Low-grade glioma	LGG, BRAF/MAPK	LGG, BRAF/MAPK	Low-grade glioma/astrocytoma (WHO grade I/II)	low-grade glioma	Cerebellum/Posterior Fossa	Posterior fossa	Gross/Near total resection	stranded	5738	White	Not Hispanic or Latino	Male	Male	None documented	Low-grade glioma	#8f8fbf	Yes	EUR	286	Not Applicable	286	LIVING	NO EVENT
BS_ZRSHXK63	PT_8D35V6HW	PBTA	PBTA-X01-FY22	C146001	PT_8D35V6HW_7316-963_Solid Tissue_Initial CNS Tumor	7316-963	Tumor	Initial CNS Tumor	Solid Tissue	NA	Neuronal and mixed neuronal-glial tumor	Dysembryoplastic neuroepithelial tumor	NA	NA	Dysembryoplastic neuroepithelial tumor (DNET)	dnet	Occipital Lobe	Hemispheric	Gross/Near total resection	poly-A stranded	4183	White	Not Hispanic or Latino	Male	Male	None documented	Mixed neuronal-glial tumor	#685815	Yes	EUR	1470	Not Applicable	1470	LIVING	NO EVENT
BS_ZTWGFWTX	PT_TEBD1SES	PBTA	CBTN	C808233	PT_TEBD1SES_7316-3054_Solid Tissue_Initial CNS Tumor	7316-3054	Tumor	Initial CNS Tumor	Solid Tissue	NA	Low-grade astrocytic tumor	Low-grade glioma	LGG, KIAA1549-BRAF	NA	Low-grade glioma/astrocytoma (WHO grade I/II)	pilocytic astrocytoma	Optic Pathway	Optic pathway	Partial resection	stranded	1038	White	Not Hispanic or Latino	Male	Male	None documented	Low-grade glioma	#8f8fbf	Yes	EUR	934	Progressive	2865	LIVING	EVENT
BS_ZV1P6W9C	PT_ZVYRFGEN	PBTA	CBTN	C191019	PT_ZVYRFGEN_7316-1068_Solid Tissue_Deceased	7316-1068	Tumor	Deceased	Solid Tissue	NA	Diffuse astrocytic and oligodendroglial tumor	Diffuse midline glioma	DMG, H3 K28	DMG, H3 K28	High-grade glioma/astrocytoma (WHO grade III/IV)	not reported	Brain Stem-Medulla;Brain Stem- Midbrain/Tectum;Brain Stem- Pons	Midline	NA	stranded	1252	White	Not Hispanic or Latino	Female	NA	None documented	DIPG or DMG	#ff40d9	No	NA	155	Deceased-due to disease	155	DECEASED	EVENT
BS_ZV68CES9	PT_F0N89D15	PBTA	CBTN	C973545	PT_F0N89D15_7316-3756_Solid Tissue_Initial CNS Tumor	7316-3756	Tumor	Initial CNS Tumor	Solid Tissue	NA	Embryonal tumor	Medulloblastoma	MB, Group3	NA	Medulloblastoma	medulloblastoma	Cerebellum/Posterior Fossa;Ventricles	Mixed	Gross/Near total resection	stranded	2031	White	Not Hispanic or Latino	Male	Male	None documented	Medulloblastoma	#a340ff	Yes	EUR	454	Recurrence - Metastatic	1317	DECEASED	EVENT
BS_ZV9Z3SY6	PT_S3FJSBJT	PBTA	CBTN	C427548	PT_S3FJSBJT_7316-1794_Solid Tissue_Progressive	7316-1794	Tumor	Progressive	Solid Tissue	NA	Low-grade astrocytic tumor	Low-grade glioma	LGG, KIAA1549-BRAF	NA	Low-grade glioma/astrocytoma (WHO grade I/II)	pilocytic astrocytoma, who grade i	Brain Stem- Midbrain/Tectum;Brain Stem- Pons	Midline	Partial resection	stranded	6156	White	Not Hispanic or Latino	Male	Male	None documented	Low-grade glioma	#8f8fbf	No	EUR	32	Progressive	2096	LIVING	EVENT
BS_ZVM8CAB0	PT_81N5VZGB	PBTA	CBTN	C1274157	PT_81N5VZGB_7316-5088_Solid Tissue_Initial CNS Tumor	7316-5088	Tumor	Initial CNS Tumor	Solid Tissue	NA	Diffuse astrocytic and oligodendroglial tumor	High-grade glioma	HGG, To be classified	NA	High-grade glioma/astrocytoma (WHO grade III/IV)	glioblastoma multiforme	Parietal Lobe	Hemispheric	Partial resection	poly-A stranded	369	Reported Unknown	Not Available	Female	NA	None documented	Other high-grade glioma	#ffccf5	Yes	NA	10	Progressive	3142	LIVING	EVENT
BS_ZVWE73JZ	PT_59D00MBQ	PBTA	CBTN	C384990	PT_59D00MBQ_7316-1936_Solid Tissue_Initial CNS Tumor	7316-1936	Tumor	Initial CNS Tumor	Solid Tissue	NA	Diffuse astrocytic and oligodendroglial tumor	Diffuse midline glioma	DMG, H3 K28, TP53	DMG, H3 K28	High-grade glioma/astrocytoma (WHO grade III/IV)	anaplastic astrocytoma (who grade iii)	Thalamus	Midline	Biopsy only	stranded	3283	Asian	Not Hispanic or Latino	Male	Male	None documented	DIPG or DMG	#ff40d9	Yes	AMR	419	Deceased-due to disease	419	DECEASED	EVENT
BS_ZVX2GRD6	PT_RKECV80K	PBTA	CBTN	C19188	PT_RKECV80K_7316-9_Solid Tissue_Initial CNS Tumor	7316-9	Tumor	Initial CNS Tumor	Solid Tissue	NA	Low-grade astrocytic tumor	Low-grade glioma	LGG, BRAF V600E	GNT, MAPK	Low-grade glioma/astrocytoma (WHO grade I/II)	low-grade glioma	Frontal Lobe;Parietal Lobe	Hemispheric	Gross/Near total resection	stranded	4138	Reported Unknown	Not Hispanic or Latino	Male	Male	None documented	Low-grade glioma	#8f8fbf	Yes	EUR	1961	Not Applicable	1961	LIVING	NO EVENT
BS_ZVZDDW2G	PT_E3ADF4ZB	PBTA	CBTN	C831849	PT_E3ADF4ZB_7316-2664_Solid Tissue_Initial CNS Tumor	7316-2664	Tumor	Initial CNS Tumor	Solid Tissue	NA	Low-grade astrocytic tumor	Low-grade glioma	LGG, wildtype	NA	Low-grade glioma/astrocytoma (WHO grade I/II)	pleomorphic xanthoastrocytoma	Frontal Lobe	Hemispheric	Gross/Near total resection	stranded	1352	Reported Unknown	Not Hispanic or Latino	Male	Male	None documented	Low-grade glioma	#8f8fbf	Yes	EUR	463	Not Applicable	463	LIVING	NO EVENT
BS_ZW4HD9ZS	PT_47YEHV75	PBTA	PBTA-X01-FY22	C1136151	PT_47YEHV75_7316-4294_Solid Tissue_Initial CNS Tumor	7316-4294	Tumor	Initial CNS Tumor	Solid Tissue	NA	Choroid plexus tumor	Choroid plexus tumor	NA	NA	Choroid plexus papilloma	choroid plexus papilloma, who grade i	Ventricles	Ventricles	Gross/Near total resection	poly-A stranded	641	Reported Unknown	Not Available	Female	Female	None documented	Choroid plexus tumor	#00441B	Yes	EAS	764	Not Applicable	764	LIVING	NO EVENT
BS_ZWR9W4FX	PT_4RJ2EATN	PBTA	CBTN	C823977	PT_4RJ2EATN_7316-1653_Solid Tissue_Initial CNS Tumor	7316-1653	Tumor	Initial CNS Tumor	Solid Tissue	NA	Tumors of sellar region	Craniopharyngioma	CRANIO, To be classified	NA	Craniopharyngioma	craniopharyngioma	Suprasellar/Hypothalamic/Pituitary	Suprasellar	Gross/Near total resection	stranded	1351	White	Not Hispanic or Latino	Female	Female	None documented	Craniopharyngioma	#b2502d	Yes	EUR	1349	Recurrence	1349	LIVING	EVENT
BS_ZXYDSBM9	PT_R63RHJWX	PBTA	CBTN	C300858	PT_R63RHJWX_7316-739_Solid Tissue_Initial CNS Tumor	7316-739	Tumor	Initial CNS Tumor	Solid Tissue	NA	Embryonal tumor	Medulloblastoma	MB, Group4	MB, Group4	Medulloblastoma	medulloblastoma, who grade iv	Cerebellum/Posterior Fossa;Ventricles	Mixed	Gross/Near total resection	stranded	4058	White	Not Hispanic or Latino	Male	Male	None documented	Medulloblastoma	#a340ff	Yes	EUR	2310	Not Applicable	2310	LIVING	NO EVENT
BS_ZYBZRQRC	PT_TTZFTYB5	PBTA	PBTA-X01-FY22	C3571674	PT_TTZFTYB5_7316-6806_Solid Tissue_Initial CNS Tumor	7316-6806	Tumor	Initial CNS Tumor	Solid Tissue	NA	Embryonal tumor	Medulloblastoma	MB, Group3	NA	Medulloblastoma	anaplastic medulloblastoma (no shh no wnt)	Cerebellum/Posterior Fossa	Posterior fossa	Gross/Near total resection	poly-A stranded	3918	Reported Unknown	Not Available	Female	Female	None documented	Medulloblastoma	#a340ff	Yes	EUR	Not Reported	Not Applicable	Not Reported	LIVING	NO EVENT
BS_ZYPMR035	PT_03K77G7N	PBTA	Oligo	C3531330	PT_03K77G7N_16510-19_Solid Tissue_Recurrence	16510-19	Tumor	Recurrence	Solid Tissue	NA	Diffuse astrocytic and oligodendroglial tumor	Oligodendroglioma	NA	NA	Oligodendroglioma	NA	Frontal Lobe	Hemispheric	NA	stranded	10227	NA	NA	NA	Male	None documented	Oligodendroglioma	tan	No	EUR	NA	NA	NA	NA	NO EVENT
BS_ZYVWSXNK	PT_VG6S9YQ9	PBTA	PBTA-X01-FY22	C2899233	PT_VG6S9YQ9_7316-6975_Solid Tissue_Recurrence	7316-6975	Tumor	Recurrence	Solid Tissue	NA	Ependymal tumor	Ependymoma	EPN, ST ZFTA	EPN, ST ZFTA	Ependymoma	ependymoma, rela fusion positive, who grade ii	Ventricles	Ventricles	Gross/Near total resection	poly-A stranded	592	Asian	Not Hispanic or Latino	Male	Male	None documented	Ependymoma	#2200ff	No	EAS	5134	Recurrence	5679	LIVING	EVENT
BS_ZZ87PZ8R	PT_9R8JW346	PBTA	PBTA-X01-FY22	C2402559	PT_9R8JW346_7316-5332_Solid Tissue_Initial CNS Tumor	7316-5332	Tumor	Initial CNS Tumor	Solid Tissue	NA	Neuronal and mixed neuronal-glial tumor	Dysembryoplastic neuroepithelial tumor	NA	NA	Dysembryoplastic neuroepithelial tumor (DNET)	dnet who grade i	Frontal Lobe	Hemispheric	Gross/Near total resection	poly-A stranded	3875	Reported Unknown	Hispanic or Latino	Male	Male	None documented	Mixed neuronal-glial tumor	#685815	Yes	AMR	1410	Not Applicable	1410	LIVING	NO EVENT
BS_ZZMYDZJW	PT_5M8A47WW	PBTA	CBTN	C95448	PT_5M8A47WW_7316-436_Solid Tissue_Initial CNS Tumor	7316-436	Tumor	Initial CNS Tumor	Solid Tissue	NA	Low-grade astrocytic tumor	Low-grade glioma	LGG, KIAA1549-BRAF	NA	Low-grade glioma/astrocytoma (WHO grade I/II)	pilocytic astrocytoma with focal pilomyxoid features who grade i	Cerebellum/Posterior Fossa	Posterior fossa	NA	stranded	603	Reported Unknown	Hispanic or Latino	Female	Female	None documented	Low-grade glioma	#8f8fbf	Yes	AMR	2815	Not Applicable	2815	LIVING	NO EVENT
BS_ZZPBANDD	PT_9YNQJZ5G	PBTA	CBTN	C458052	PT_9YNQJZ5G_7316-1941_Solid Tissue_Progressive	7316-1941	Tumor	Progressive	Solid Tissue	NA	Neuronal and mixed neuronal-glial tumor	Dysembryoplastic neuroepithelial tumor	NA	NA	Dysembryoplastic neuroepithelial tumor (DNET)	dnet	Temporal Lobe	Hemispheric	Partial resection	stranded	4039	White	Not Hispanic or Latino	Female	Female	None documented	Mixed neuronal-glial tumor	#685815	No	EUR	Not Reported	Progressive	Not Reported	LIVING	EVENT
BS_ZZWMD6FA	PT_RGX23JFP	PBTA	CBTN	C36408	PT_RGX23JFP_7316-2901_Solid Tissue_Progressive	7316-2901	Tumor	Progressive	Solid Tissue	NA	Low-grade astrocytic tumor	Ganglioglioma	GNG, RTK	NA	Ganglioglioma	desmoplastic ganglioglioma and anaplastic astrocytoma	Parietal Lobe;Temporal Lobe	Hemispheric	Partial resection	stranded	5	American Indian or Alaska Native	Not Hispanic or Latino	Female	Female	None documented	Mixed neuronal-glial tumor	#685815	No	SAS	150	Progressive	4771	LIVING	EVENT
