sample_prefix	predicted_ancestry	given_ancestry	EAS_prob	AFR_prob	AMR_prob	SAS_prob	EUR_prob	PC1	PC2	PC3	PC4	PC5	Kids_First_Biospecimen_ID_normal
1213262_D1	AMR	NA	1e-4	0.0407	0.9524	0	0.0068	-13.6073	3.9327	-3.3829	-2.5032	-3.2081	BS_EV5XCDD8
1213263_D1	AMR	NA	0.0013	0.0085	0.9682	1e-4	0.022	-8.8901	2.0824	-5.6913	-0.9872	-1.6505	BS_TFCFME3F
1213264_D1	EUR	NA	0	0	0.078	0	0.922	0.6149	11.0341	-5.7153	-6.6642	0.1068	BS_50HGKMFH
1213265_D1	AMR	NA	0	0.002	0.998	0	0	5.5621	-12.5095	-16.5463	22.6132	-1.2472	BS_VMJE9975
1213266_D1	EUR	NA	0	0	0.044	0	0.956	0.3615	12.962	-4.5858	-8.0155	-0.4215	BS_S7D0MZS7
1213267_D1	EUR	NA	0	0	0.103	0	0.897	-0.8948	9.5731	-4.6229	-8.1655	-2.5927	BS_H3TV25PF
1213268_D1	AMR	NA	0	0.0302	0.9625	0	0.0072	-16.1911	4.7563	-3.8563	-7.4756	-0.8331	BS_DZDN6XCP
1213269_D1	EUR	NA	0	0	0.0578	0	0.9422	-0.4706	12.8262	-3.9962	-6.937	-1.7355	BS_ERYT34PF
1213270_D1	EUR	NA	0	0	0.0771	0	0.9229	-2.0821	10.1103	-3.481	-9.3442	-1.9448	BS_9RDWD4K7
1213271_D1	EUR	NA	0	0	0.063	0	0.937	-1.7155	12.0218	-2.6921	-8.7853	-3.2802	BS_GGS3WZWF
1213272_D1	EUR	NA	0	0	0.0599	0	0.9401	0.1361	11.5905	-3.753	-8.6341	-1.5595	BS_BCFKH035
1213273_D1	EUR	NA	0	0	0.0725	0	0.9275	-0.5877	11.8661	-3.5277	-7.9853	-3.0395	BS_WE07JSG5
1213274_D1	EUR	NA	0	0	0.0973	0	0.9027	-2.7189	11.0655	-4.0084	-8.29	-3.7761	BS_BSBT9KK0
1213275_D1	AMR	NA	1e-4	0.0105	0.9849	0	0.0045	-11.0072	0.4466	-7.6979	-0.655	-1.2452	BS_4NFE8YZ6
1213276_D1	EUR	NA	0	0	0.0544	0	0.9456	-3.5041	13.3672	-3.9718	-9.4025	-2.0248	BS_HJXYSMG6
1213277_D1	EUR	NA	0	0	0.0256	0	0.9744	-1.4408	12.3529	-2.6439	-11.9872	-4.3135	BS_4BJ0T1YC
1213278_D1	EUR	NA	0	0	0.0655	0	0.9345	-0.4274	10.5689	-4.5653	-9.2692	-0.9016	BS_SPGHGA9C
1213279_D1	SAS	NA	0	0	0	1	0	-1.2806	-6.4795	15.3342	3.9423	-2.123	BS_9H9H04KQ
1213280_D1	EUR	NA	0	0	0.0369	0	0.9631	0.6386	12.5214	-5.1861	-10.1478	-1.039	BS_VJBG6E9B
1213281_D1	EUR	NA	0	0	0.0959	0	0.9041	-2.3932	12.0612	-3.7794	-7.341	-3.9763	BS_F4NGXHJ5
1213282_D1	EUR	NA	0	0	0.0515	0	0.9485	1.0448	12.632	-5.1586	-8.2556	-1.6492	BS_D4X3ATMH
1213283_D1	AMR	NA	3e-4	0.0125	0.9767	1e-4	0.0104	-7.662	-0.0681	-5.6093	0.1365	-1.4663	BS_9T4AR92C
1213284_D1	AMR	NA	0	0.086	0.9133	0	6e-4	-16.7634	1.8997	-5.279	-3.5396	-1.0934	BS_6BHZ0HJ8
1213285_D1	AFR	NA	0	0.794	0.206	0	0	-28.269	-3.0152	-2.6118	-4.7282	-2.4688	BS_SSKCPAAX
1213286_D1	AFR	NA	0	0.6436	0.3564	0	0	-25.3135	1.5705	-1.7536	-5.3453	-3.6843	BS_3A9F3FY0
1213287_D1	EUR	NA	0	0	0.0388	0	0.9612	-0.6212	13.3098	-6.7819	-9.1969	0.7241	BS_VD8SPXEF
1213288_D1	EUR	NA	0	0	0.0571	0	0.9429	-2.3656	12.7473	-4.2093	-9.2774	-1.5142	BS_R7T86BKY
1213289_D1	EUR	NA	0	1e-4	0.4103	1e-4	0.5895	-7.7519	8.1058	-0.2172	-5.8936	-2.9063	BS_E9TZBCV2
1213290_D1	AFR	NA	0	0.9269	0.0731	0	0	-33.5617	-6.604	-2.476	-3.4196	-2.1926	BS_V7R8WJG9
1213291_D1	EUR	NA	0	0	0.1418	0	0.8582	-3.0072	10.4874	-4.0965	-7.0914	-3.2134	BS_ZV4MZ8FC
1213292_D1	EUR	NA	0	0	0.065	0	0.935	0.3952	11.841	-4.7416	-6.8496	-0.5507	BS_DYDF7FZJ
1213293_D1	AMR	NA	0	0.187	0.8129	0	1e-4	-18.9281	-1.5603	-4.3124	-3.8294	-3.2153	BS_3FWGBMR7
1213294_D1	AFR	NA	0	0.9979	0.0021	0	0	-49.259	-11.4331	-0.8517	-2.235	-2.0443	BS_Z3EKFYQG
1213295_D1	EUR	NA	0	0	0.0377	0	0.9623	-0.7799	13.3091	-4.9191	-10.0795	-0.2092	BS_9HMZ39JM
1213296_D1	EUR	NA	0	0	0.0844	0	0.9156	-1.6601	12.13	-5.6608	-6.878	-2.2171	BS_6SA7CEMV
1213297_D1	SAS	NA	0	0	0	1	0	-3.5438	-6.9845	16.9773	3.3296	-1.9944	BS_MHB4G2HY
1213298_D1	EAS	NA	1	0	0	0	0	5.9874	-42.1329	-3.0141	-6.1844	-3.3318	BS_JMK8BBG8
1213299_D1	EUR	NA	0	0	0.0493	0	0.9507	-0.1583	11.8804	-4.9792	-9.6651	-1.9481	BS_YXCDS5S6
1213300_D1	EUR	NA	0	0	0.4208	0	0.5792	-1.3371	6.6289	-6.8013	-2.0743	-2.442	BS_XXMFCCSW
1213301_D1	EUR	NA	0	0	0.1147	0	0.8853	-2.9136	9.7581	-1.9297	-7.9016	-2.7099	BS_4S3K77FP
1213302_D1	EUR	NA	0	0	0.1011	0	0.8989	-1.655	10.6016	-2.247	-7.4779	-3.8757	BS_A5RS1REE
1213303_D1	EUR	NA	0	0	0.0652	0	0.9348	-3.8379	11.2616	-2.3735	-9.9479	-3.1782	BS_DJPHCJPN
1213304_D1	EUR	NA	0	0	0.1009	0	0.8991	-3.4054	11.3772	-2.8946	-8.028	-3.1886	BS_BW5KSY5A
1213305_D1	EUR	NA	0	0	0.0587	0	0.9413	-1.3739	11.988	-5.1144	-9.4931	-3.2282	BS_BPDEWRSY
1213306_D1	EUR	NA	0	0	0.0717	0	0.9283	-0.844	11.914	-3.7453	-8.1731	-3.5981	BS_Y4WTQ2T5
1213307_D1	EUR	NA	0	0	0.045	0	0.955	-1.4317	13.2719	-3.3867	-9.4965	-1.725	BS_FSJWTXKS
1213308_D1	EUR	NA	0	0	0.0885	0	0.9115	-3.069	12.0617	-3.363	-8.1586	-3.485	BS_RE2SYAN1
1213309_D1	EUR	NA	0	0	0.0785	1e-4	0.9214	-3.3722	7.2673	1.7022	-6.524	-3.2582	BS_ND8D06XH
1213310_D1	EUR	NA	0	0	0.0674	0	0.9326	-1.7976	12.1288	-3.5476	-8.7032	-2.1959	BS_Q0GTT07P
1213311_D1	EUR	NA	0	0	0.0476	0	0.9524	-0.5037	13.0356	-3.7738	-5.9133	0.4255	BS_ZZ65Y5NN
1213312_D1	EUR	NA	0	0	0.0978	0	0.9022	-2.2375	11.0177	-2.431	-7.4413	-2.0014	BS_7HM15SFP
1213313_D1	EUR	NA	0	0	0.0905	0	0.9095	-0.9195	10.7845	-2.9037	-7.6551	-4.1095	BS_KYPBT2T5
1213314_D1	EUR	NA	0	0	0.0934	0	0.9066	-1.4578	11.1082	-2.8794	-7.5945	-4.1279	BS_AJWE5687
1213315_D1	EUR	NA	0	0	0.0536	0	0.9464	-3.9084	13.2306	-2.8636	-9.8215	-3.2222	BS_3WWD1YJP
1213316_D1	EUR	NA	0	0	0.0048	0.0383	0.9569	-1.3439	6.0179	4.1016	-5.7383	-2.767	BS_FTS6H067
1213317_D1	EUR	NA	0	0	0.109	0	0.891	-4.6167	10.153	-3.4805	-9.0401	-3.9241	BS_0PCDB6J5
1213318_D1	EUR	NA	0	0	0.0848	0	0.9152	-2.88	12.5263	-5.7021	-7.6301	-2.9458	BS_0HV7YW6M
1213319_D1	EUR	NA	0	0	0.0754	0	0.9246	-1.3393	10.5863	-2.3454	-8.5733	-2.7456	BS_CHW3GFG4
1213320_D1	EUR	NA	0	0	0.0571	0	0.9429	-2.0807	14.1639	-4.2936	-8.5678	-6.0114	BS_EZA1EYWV
1213321_D1	EUR	NA	0	0	0.0758	0	0.9242	-1.5015	11.1595	-4.9513	-8.9428	-1.0562	BS_53HYMACN
1213322_D1	EUR	NA	0	0	0.0803	0	0.9197	-0.9085	11.492	-5.4609	-7.7244	-1.168	BS_CFVXFA8M
1213323_D1	EUR	NA	0	0	0.079	0	0.921	-1.5409	11.7242	-2.5105	-7.3658	-2.0891	BS_MH2ZN74N
1213324_D1	EUR	NA	0	0	0.0756	0	0.9244	-1.1904	11.0102	-3.0138	-8.423	-4.0054	BS_TVNKVH61
1213325_D1	EUR	NA	0	0	0.0624	0	0.9376	-0.5812	12.2807	-4.3269	-8.5577	-2.1257	BS_5NHJ45B1
1213326_D1	EUR	NA	0	0	0.048	0	0.952	-0.3542	10.1901	-4.3697	-10.61	-2.3082	BS_9E1K4HAW
1213327_D1	EUR	NA	0	0	0.0907	0	0.9093	-2.9382	11.8104	-4.3455	-8.357	-4.4831	BS_KV3BD9Q6
1213328_D1	EUR	NA	0	0	0.0596	0	0.9404	-1.5508	12.2628	-5.1717	-9.3784	-4.1689	BS_E97Y9EDF
1213329_D1	EUR	NA	0	0	0.0603	0	0.9397	-1.8428	11.4719	-3.9554	-9.6075	-3.1472	BS_E7T150HV
1213330_D1	EUR	NA	0	0	0.0878	0	0.9122	-3.4966	11.619	-2.2133	-8.1013	-2.0502	BS_G69V3ND5
1213331_D1	AFR	NA	0	0.8827	0.1173	0	0	-32.2466	-4.863	-4.0304	-2.9666	0.6286	BS_HJGW7Y65
1213332_D1	EUR	NA	0	0	0.0668	0	0.9332	-1.4803	11.9341	-5.8122	-8.8518	-0.6416	BS_926GCG0H
1213333_D1	AFR	NA	0	0.9985	0.0015	0	0	-50.7332	-12.7517	-1.1606	-2.3422	-1.7989	BS_XWK9F1F7
1213334_D1	EUR	NA	0	0	0.0651	0	0.9349	-1.1765	12.7537	-5.6624	-7.8757	-2.262	BS_RTM1YZWM
1213335_D1	AMR	NA	0	4e-4	0.67	0	0.3295	-12.4983	7.6864	-2.2768	-8.7473	-3.1054	BS_E8RZJMX6
1213336_D1	EUR	NA	0	0	0.0596	0	0.9404	-1.6327	12.1952	-5.8405	-8.3646	0.3442	BS_SDNEKXE7
1213337_D1	EUR	NA	0	0	0.0788	0	0.9212	-0.9303	11.4796	-5.2063	-8.4116	-2.0277	BS_1FNDZHF4
1213338_D1	EUR	NA	0	0	0.0736	0	0.9264	-1.2464	11.2302	-1.8417	-8.179	-1.6748	BS_EZADF9YN
1213339_D1	AMR	NA	0	0.0086	0.9914	0	0	0.3406	-10.0149	-11.5609	16.0841	-1.8281	BS_6WYB7E58
1213340_D1	EUR	NA	0	0	0.0557	0	0.9443	-0.1353	13.1618	-3.663	-6.8548	-2.6278	BS_01RFMJNT
1213341_D1	EUR	NA	0	0	0.0762	0	0.9238	-2.6959	11.2726	-3.1551	-8.9813	-2.1382	BS_HT17FHCX
1213342_D1	EAS	NA	0.972	0	0.028	0	0	3.545	-15.5961	-3.1636	-8.2147	-0.4384	BS_SAJM28ZX
1213343_D1	EUR	NA	0	0	0.0768	0	0.9232	-3.6615	11.8737	-6.6159	-9.865	-3.9156	BS_XNXE3886
1213344_D1	EUR	NA	0	0	0.068	0	0.932	-2.586	11.5103	-1.7876	-8.9356	-3.6325	BS_B1W9BHHN
1213345_D1	EUR	NA	0	0	0.0999	0	0.9001	-1.0888	11.4768	-3.8052	-7.1238	-3.6458	BS_KV9SAC3B
1213346_D1	EUR	NA	0	0	0.0601	0	0.9399	-1.7272	11.7832	-2.996	-9.2315	-1.2588	BS_0TMFT8TX
1213347_D1	EUR	NA	0	0	0.0555	0	0.9445	-1.8494	12.4303	-2.9448	-9.1978	-2.0646	BS_EZ5MKVF0
1213348_D1	EUR	NA	0	0	0.0897	0	0.9103	-2.0023	9.9786	-2.035	-8.4112	-3.991	BS_B5V6H9J7
1213349_D1	EUR	NA	0	0	0.0689	0	0.931	-0.7457	11.075	-5.0197	-9.0452	-0.5843	BS_DERFN73C
1213350_D1	EUR	NA	0	0	0.1071	0	0.8929	-3.3468	10.416	0.6072	-7.2237	-3.1023	BS_3M12XXCR
1213351_D1	EUR	NA	0	0	0.0697	0	0.9303	-1.2297	12.388	-5.449	-7.3293	-1.6141	BS_131RKH2X
1213352_D1	EUR	NA	0	0	0.0307	0	0.9693	-0.2353	13.0096	-3.711	-10.652	-1.7025	BS_QP5M880H
1213353_D1	EUR	NA	0	0	0.0336	0	0.9664	0.4492	13.6271	-4.11	-8.7798	-0.3078	BS_3FQRRV56
1213354_D1	EUR	NA	0	0	0.0888	0	0.9112	-1.4747	10.6623	-5.062	-8.1111	0.1011	BS_7SE2CXHP
1213355_D1	EUR	NA	0	0	0.0786	0	0.9214	-1.1796	12.2922	-6.0986	-7.3126	-2.4125	BS_F5HDEC3F
1213356_D1	EUR	NA	0	0	0.0923	0	0.9077	-1.8815	10.748	-3.6543	-8.2129	-3.675	BS_1DDZ6RC8
1213677_D1	AFR	NA	0	0.9991	9e-4	0	0	-52.8885	-15.4369	0.0759	-1.5261	-1.9123000000000001	BS_GPHSY5FR
1213678_D1	AFR	NA	0	0.8741	0.1259	0	0	-32.5983	-4.1404	-4.1131	-2.6363	-0.8789	BS_P94BYF5M
1213679_D1	EUR	NA	0	0	0.0721	0	0.9279	-1.86	10.9803	-4.1065	-9.3619	-0.2967	BS_T9XA5807
1213680_D1	EAS	NA	1	0	0	0	0	4.3945	-37.6535	1.1491	-5.6205	-0.4271	BS_922HG7C2
1213681_D1	EUR	NA	0	0	0.075	0	0.925	-0.4633	9.6365	-5.3851	-9.4177	-1.7045	BS_2WGC8HTM
1213682_D1	EUR	NA	0	0	0.0353	0	0.9647	0.7222	14.2805	-3.6964	-6.2799	-1.1948	BS_CFZQB1Y7
1213683_D1	EUR	NA	0	0	0.0694	0	0.9306	0.4442	11.002	-4.3198	-8.3541	-0.6278	BS_FG0CMQJ1
1213684_D1	AFR	NA	0	0.6484	0.3516	0	0	-23.0288	2.341	-2.3096	-7.3845	-0.0249	BS_CY92PJKS
1213685_D1	EUR	NA	0	0	0.0602	0	0.9398	1.0853	11.1647	-2.8897	-8.2124	-0.4533	BS_BCHZRVYV
1213686_D1	EUR	NA	0	0	0.1112	0	0.8888	-3.042	10.7337	-2.531	-7.7099	-3.4853	BS_17D8W86M
1213687_D1	EUR	NA	0	0	0.0629	0	0.9371	-1.4321	12.6372	-3.7622	-8.2696	-2.4196	BS_YHBGZBXC
1213688_D1	EUR	NA	0	0	0.0639	0	0.9361	-2.2344	12.0253	-1.9449	-8.7884	-3.0897	BS_QD39WFDP
1213689_D1	EUR	NA	0	0	0.2118	0	0.7882	-3.3014	8.6774	-4.738	-6.4336	-2.0456	BS_Q3QTZCT0
1213690_D1	EUR	NA	0	0	0.1184	0	0.8816	-2.5943	10.0603	-1.9706	-7.4601	-4.8023	BS_Z75MRT3F
1213691_D1	EUR	NA	0	0	0.1359	0	0.864	-4.6372	9.7628	-2.6138	-8.1136	-3.3484	BS_AHM1SAFT
1213692_D1	EUR	NA	0	0	0.0588	0	0.9412	-2.1693	11.1849	-5.9701	-10.4752	-3.7471	BS_B26N5FK9
1213693_D1	EUR	NA	0	0	0.0595	2e-4	0.9403	0.4008	7.0859	1.7204	-6.1803	-1.5901	BS_M21J87WB
1213694_D1	EUR	NA	0	0	0.0588	0	0.9412	-1.5148	10.8299	-6.0953	-10.4079	-1.5828	BS_5834KZF4
1213695_D1	EUR	NA	0	0	0.0853	0	0.9147	-2.166	10.1553	-1.008	-8.36	-3.9498	BS_HS104827
1213696_D1	EUR	NA	0	0	0.0663	0	0.9337	-1.0715	11.8643	-6.0842	-9.1777	-1.3672	BS_YSDQ3PXK
1213697_D1	AFR	NA	0	0.9983	0.0017	0	0	-49.0817	-12.0343	0.2984	-2.8876	-1.2835	BS_TH9TAETQ
1213698_D1	EUR	NA	0	0	0.0524	0	0.9476	-0.8025	13.4716	-5.395	-7.3004	-1.93	BS_J804JVD6
1213699_D1	AMR	NA	0.432	0.0013	0.5665	1e-4	1e-4	-0.0173	-11.6085	-1.1816	-6.9511	-1.1734	BS_BZA1RWTY
1213700_D1	EUR	NA	0	0	0.0472	0	0.9528	0.0933	12.676	-4.31	-7.855	-0.1465	BS_WE4NHYEX
1213701_D1	EUR	NA	0	0	0.0497	0	0.9503	-1.6374	13.07	-5.4501	-9.2821	-1.009	BS_GXJ70WTA
1213702_D1	AMR	NA	0	0.0158	0.9842	0	0	-0.3331	-11.3585	-14.6186	13.2439	-2.1157	BS_49N00R6R
1213703_D1	EUR	NA	0	0	0.0463	0	0.9537	-1.0481	13.5124	-4.9167	-8.0921	-1.3259	BS_877M0HVM
1213704_D1	EUR	NA	0	0	0.0695	0	0.9305	-0.8619	12.1107	-5.2924	-7.9997	-1.6449	BS_G6KR90NG
1213705_D1	AMR	NA	0	0.0136	0.9864	0	0	-1.6209	-7.9062	-10.6669	12.6766	-1.3444	BS_VR74JPGE
1213706_D1	EUR	NA	0	0	0.0491	0	0.9509	-1.1437	11.7484	-4.8889	-10.3648	0.1701	BS_MMD11XYS
1213707_D1	EUR	NA	0	0	0.0761	0	0.9239	-1.2148	12.2505	-4.214	-7.9759	-3.172	BS_E06CZ5MX
1213708_D1	AMR	NA	0	0.0019	0.9815	2e-4	0.0164	0.0028	1.579	-9.4192	0.5811	-4.3971	BS_1KB9QGGE
1213709_D1	EUR	NA	0	0	0.076	0	0.924	-2.2251	11.8094	-2.4968	-7.3506	-1.3674	BS_Q1JQ16CZ
1213710_D1	EUR	NA	0	0	0.0605	0	0.9395	-1.3447	12.4212	-3.7702	-8.5516	-1.6628	BS_PRP39704
1213711_D1	EUR	NA	0	0	0.0513	0	0.9487	-0.7529	12.3939	-5.7911	-9.7058	-0.4299	BS_MASK5Y10
1213712_D1	AMR	NA	0	0.0089	0.9911	0	0	0.5844	-13.0617	-14.4302	18.2729	-2.8914	BS_NAEBEA5X
1213713_D1	EUR	NA	0	0	0.0856	0	0.9144	-1.8917	10.2259	-4.1039	-8.9185	-1.9923	BS_7B0Y8P4K
1213714_D1	AMR	NA	0	0.0286	0.9709	0	5e-4	-5.0079	-4.2263	-8.2786	4.9111	-1.3509	BS_0BZKABDK
1213715_D1	EUR	NA	0	0	0.0881	0	0.9119	0.1144	10.6233	-5.7437	-8.0631	-1.6393	BS_HN3SFKKM
1213716_D1	EAS	NA	1	0	0	0	0	8.3476	-40.8361	-2.6605	-6.1259	-6.5165	BS_1QFYFF8X
1213717_D1	EUR	NA	0	0	0.0677	0	0.9323	0.0028	11.6181	-5.1914	-8.0164	-0.7187	BS_3WYSRM29
1213718_D1	EUR	NA	0	0	0.0535	0	0.9465	-0.712	12.246	-3.3585	-9.0001	-0.864	BS_2QKNR31W
1213719_D1	EUR	NA	0	0	0.0856	0	0.9144	0.7589	10.958	-3.8362	-6.6307	-1.5575	BS_B94ZE59E
1213720_D1	EUR	NA	0	0	0.0349	0	0.9651	0.5542	13.5379	-5.7184	-9.8362	-0.646	BS_26RMS9VV
1213721_D1	AMR	NA	0	0.0061	0.9939	0	0	-1.3582	-10.5025	-15.9185	19.166	-4.9173	BS_FC3BZY2G
1213722_D1	SAS	NA	0	0	0	1	0	-1.0292	-1.4785	11.7053	1.5268	-3.008	BS_TXDP4GJ9
1213723_D1	EUR	NA	0	0	0.1159	0	0.8841	-3.743	10.946	-2.6057	-7.7594	-3.3518	BS_G8XV49TM
1213724_D1	EUR	NA	0	0	0.0892	0	0.9108	-0.577	10.5238	-2.84	-7.693	-2.3171	BS_BN2E5KFQ
1213725_D1	EUR	NA	0	0	0.0673	0	0.9327	-2.5765	12.0437	-3.786	-9.1506	-4.1953	BS_BVMSF1TV
1213726_D1	AMR	NA	0	0.0099	0.9901	0	0	-1.3217	-6.8304	-12.3577	12.7507	-1.9164	BS_NV4QZDC8
1213727_D1	EUR	NA	0	0	0.0653	0	0.9347	0.8205	12.1851	-4.042	-6.8898	-2.2278	BS_V963TXT1
1213728_D1	EUR	NA	0	0	0.0922	0	0.9078	-3.162	11.9968	-3.713	-7.745	-3.0676	BS_S18M3M8M
1213729_D1	EUR	NA	0	0	0.0485	0	0.9515	0.0813	11.4992	-4.7614	-9.781	-1.0676	BS_4PTGZM4F
1213730_D1	EAS	NA	0.7517	0	0.2482	0	0	2.6174	-14.4537	-3.1119	-9.0184	-0.0536	BS_318X0DYM
1213731_D1	EUR	NA	0	0	0.1808	0	0.8192	-0.6274	3.9223	-4.1962	-8.6602	-4.7279	BS_DEXZTKT4
1213732_D1	AFR	NA	0	0.861	0.139	0	0	-29.2528	-2.0123	-2.5848	-5.0913	-0.712	BS_QFJ2N4GT
1213733_D1	AMR	NA	0	0.0177	0.9823	0	0	-2.9472	-10.9861	-11.9546	15.3193	-2.8567	BS_YVK92B5M
1213734_D1	AMR	NA	0	0.0225	0.9774	0	1e-4	-3.6764	-5.6578	-9.305	7.556	-3.7492	BS_SP1SNZZ2
1213735_D1	EUR	NA	0	0	0.2564	0	0.7436	-1.6723	8.0994	-6.0888	-5.1715	-2.7481	BS_VB14Q4V3
1213736_D1	EUR	NA	0	0	0.0737	0	0.9263	-3.8396	11.208	-3.0105	-9.6961	-2.3788	BS_3EBQ3XR8
1213737_D1	EUR	NA	0	0	0.054	0	0.946	-0.0932	11.2304	-3.9794	-9.5038	1.5758	BS_344NTSXQ
1213738_D1	EAS	NA	1	0	0	0	0	8.891	-43.3627	-2.6347	-8.8764	-2.0093	BS_Z6MXAZC9
1213739_D1	EUR	NA	0	0	0.0672	0	0.9328	-3.7493	12.1885	-3.8246000000000002	-9.6224	-4.3093	BS_9RCD56BA
1213740_D1	EUR	NA	0	0	0.0872	0	0.9128	-2.1851	11.0788	-3.2396	-7.4393	-0.4541	BS_2XH3T1FG
1213741_D1	EUR	NA	0	0	0.0755	0	0.9245	-1.5488	11.2732	-5.1797	-8.9613	-2.7757	BS_H4572G08
1213742_D1	EUR	NA	0	0	0.09	0	0.91	-3.1555	11.4527	-5.5039	-8.8155	-1.3205	BS_NP9TYWNW
1213743_D1	EUR	NA	0	0	0.3289	0	0.671	-4.6154	7.7583	-6.4996	-5.4388	-3.0293	BS_4412R6X4
1213744_D1	EUR	NA	0	0	0.0496	0	0.9504	-0.5015	12.8827	-4.2494	-8.6805	-1.4134	BS_8N35EM5V
1213745_D1	AMR	NA	0	0.0435	0.9564	0	2e-4	-8.9967	-4.9096	-8.1848	4.8244	-2.1068	BS_29FPFHAW
1213746_D1	AMR	NA	0	0.0077	0.9923	0	0	4.232	-13.2007	-12.9917	16.3823	-0.283	BS_7QM74ZQ5
1213747_D1	EUR	NA	0	0	0.0687	0	0.9313	-0.3581	11.6425	-3.9907	-7.2113	-0.5683	BS_2PVZE2AG
1213748_D1	EUR	NA	0	0	0.0667	0	0.9333	-0.5133	11.6154	-3.4981	-6.9108	-0.0225	BS_R3XEWNNV
1213749_D1	AMR	NA	0	0.2445	0.7555	0	0	-27.5235	-9.8194	-7.1439	4.2052	-1.9433	BS_MQ0QXYSR
1213750_D1	EUR	NA	0	0	0.0818	0	0.9182	-0.1517	10.9368	-5.1299	-8.1732	-2.4667	BS_XMMTGNX2
1213751_D1	EUR	NA	0	0	0.083	0	0.917	-0.3457	11.3455	-5.0282	-7.8007	-1.8116	BS_BFV6SJ95
1213752_D1	EUR	NA	0	0	0.0386	0	0.9614	-0.0276	12.3833	-2.9666	-9.8149	-3.6023	BS_5D1PMQ4C
1213753_D1	EUR	NA	0	0	0.0657	0	0.9343	-2.3917	10.6635	-3.5436	-9.8411	-4.2111	BS_X0KPY85M
1213754_D1	EUR	NA	0	0	0.1046	0	0.8954	-3.6467	9.7449	-3.9508	-9.0868	-5.6089	BS_JYR613VF
1213755_D1	EUR	NA	0	0	0.0569	0	0.9431	-1.6723	12.2775	-3.5143	-8.5243	-0.1668	BS_Z67GADKW
1213756_D1	AFR	NA	0	0.9981	0.0019	0	0	-50.2183	-10.9293	-0.0418	-1.5456	-0.7658	BS_MXAQHXHY
1213757_D1	EUR	NA	0	0	0.0833	0	0.9167	-1.5607	11.7022	-2.5899	-7.7248	-4.329	BS_SJVP6KY0
1213758_D1	EAS	NA	1	0	0	0	0	5.8267	-38.4343	-2.3554	-7.7976	0.9847	BS_Z70GSFKA
1213759_D1	EUR	NA	0	0	0.0793	0	0.9207	-1.2799	9.7726	-5.5914	-9.5394	-1.7511	BS_XNXTC66Y
1213760_D1	EUR	NA	0	0	0.0351	0	0.9649	0.8506	12.0156	-3.3417	-10.0893	-1.0662	BS_W9RHJJRP
1213761_D1	EAS	NA	1	0	0	0	0	2.8792	-36.561	2.7899	-3.9854	-2.9525	BS_V89PHCNY
1213762_D1	EUR	NA	0	0	0.0468	0	0.9532	1.0038	10.8659	-4.8413	-9.8573	-0.4439	BS_6GEDTXKM
1213763_D1	EUR	NA	0	0	0.0621	0	0.9379	-1.4447	12.2258	-5.3771	-9.0313	-1.0072	BS_M11EGJ84
1213764_D1	EUR	NA	0	0	0.053	0	0.947	-2.1902	12.7141	-6.3395	-9.2951	0.108	BS_B8SANSYV
1213765_D1	EUR	NA	0	0	0.0553	0	0.9447	-0.4631	12.5446	-4.5759	-8.1828	-1.1526	BS_78K87B22
1213766_D1	AMR	NA	0	0.0039	0.9961	0	0	4.9376	-23.4248	-19.5663	30.6334	-2.3529	BS_XH1FX2N2
1213767_D1	EUR	NA	0	0	0.0627	0	0.9373	-0.6333	11.9437	-3.492	-8.3979	-1.2764	BS_SYSYAEMY
1213768_D1	EUR	NA	0	0	0.0591	0	0.9409	-1.7548	11.5592	-3.4171	-9.472	-3.2446	BS_MCKY2RM2
1213769_D1	EUR	NA	0	0	0.067	0	0.933	0.9983	11.2202	-3.0966	-7.8282	-2.711	BS_BC25G7NN
1213770_D1	EUR	NA	0	0	0.0847	0	0.9152	-0.659	10.5007	-4.0253	-7.7086	0.4637	BS_V1HD4M79
1213771_D1	EUR	NA	0	0	0.0612	0	0.9388	0.4513	11.9468	-7.3636	-9.0533	-2.0519	BS_WB6YCDBE
1213772_D1	AMR	NA	1e-4	0.0559	0.9413	0	0.0028	-14.8621	1.6992	-4.1406	-1.9809	-4.3611	BS_T259DCJT
1213773_D1	EUR	NA	0	0	0.1174	0	0.8826	-0.0945	10.9061	-6.1976	-6.2509	-3.0386	BS_YD8JQAMH
1213774_D1	EAS	NA	0.9962	0	0.0038	0	0	3.2346	-15.9199	-2.68	-4.9411	-0.9991	BS_PG983Y5F
1213775_D1	EUR	NA	0	1e-4	0.0105	0.1224	0.867	-2.6235	3.8147	3.7488	-5.7595	-1.8652	BS_HDW3V0EC
1213776_D1	EUR	NA	0	0	0.1476	0	0.8524	-1.8228	9.5373	-0.2289	-6.0313	-4.0108	BS_FYKEZKRG
1213777_D1	EUR	NA	0	0	0.0515	0	0.9485	1.7372	11.6257	-3.1708	-8.3516	-1.0231	BS_GR4KBBJZ
1213778_D1	EUR	NA	0	0	0.1007	0	0.8993	-2.1513	11.4682	-3.9267	-7.6502	-4.504	BS_VNNHTWWD
1213779_D1	EUR	NA	0	0	0.0682	0	0.9318	-3.4102	10.9766	-3.0075	-9.8762	-2.6921	BS_BYMJCN1Y
1213780_D1	EUR	NA	0	0	0.1008	0	0.8992	2.0908	8.9422	-1.4945	-6.4987	-2.5399	BS_VQSYVKVV
1213781_D1	EUR	NA	0	0	0.0675	0	0.9325	2.4389	10.1677	-1.748	-7.394	-1.167	BS_FY5KW796
1213782_D1	EUR	NA	0	0	0.0337	0	0.9663	0.1689	12.3567	-2.8306	-10.2401	-2.9862	BS_N9H2RM59
1213783_D1	EUR	NA	0	0	0.0659	0	0.9341	-0.8837	12.2598	-3.1437	-7.6996	-2.1322	BS_NQ8EMYMC
1213784_D1	EUR	NA	0	0	0.3999	0	0.6001	-9.9908	9.2305	-4.6503	-8.4159	-3.7896	BS_SK65A1RA
1213785_D1	EUR	NA	0	0	0.0567	0	0.9433	-2.0941	12.2731	-3.269	-9.3716	-4.407	BS_6NEED5N0
1213786_D1	EUR	NA	0	0	0.0666	0	0.9334	-1.0711	11.0396	-2.5703	-8.7629	-3.1525	BS_SK0DXC83
1213787_D1	EUR	NA	0	0	0.0562	0	0.9438	-1.6938	12.8727	-1.8459	-8.5797	-3.9507	BS_C4K60JAZ
1213788_D1	EUR	NA	0	0	0.0452	0	0.9548	-0.7009	12.788	-2.8002	-9.2602	-2.0619	BS_E7TQ3ZPV
1213789_D1	EUR	NA	0	0	0.0699	0	0.9301	-1.7353	11.1983	-4.9252	-9.3464	-2.1292	BS_B69YME43
1213790_D1	EUR	NA	0	0	0.348	1e-4	0.6519	-1.6171	6.8338	-4.9485	-1.4367	-1.0943	BS_EYGEY9A8
1213791_D1	EUR	NA	0	0	0.1298	0	0.8702	0.4905	7.0698	-6.0122	-8.2051	-2.737	BS_R0SRSMH6
1213792_D1	EUR	NA	0	0	0.0444	0	0.9556	-1.1681	13.3401	-3.2756	-6.8454	-0.0598	BS_C6SAG495
1213793_D1	EUR	NA	0	0	0.0366	0	0.9634	-0.2614	11.4748	-4.1457	-10.8972	-1.3232	BS_5T2NGSBR
1213794_D1	EUR	NA	0	0	0.0614	0	0.9386	-1.4309	12.685	-4.0277	-8.2553	-2.1849	BS_0AECKF51
1213795_D1	EUR	NA	0	0	0.0527	0	0.9473	-1.0007	12.7289	-4.7855	-9.2871	-2.4821	BS_H8GQ07ZR
1213796_D1	EUR	NA	0	0	0.1382	0	0.8618	-2.902	9.7064	-2.3521	-7.2188	-3.633	BS_E79GK5SS
1213797_D1	EUR	NA	0	0	0.1054	0	0.8946	-4.1951	11.8342	-1.6308	-6.6068	-3.3023	BS_BJHKB2M1
1213798_D1	EUR	NA	0	0	0.051	0	0.949	0.4682	11.5646	-3.6044	-9.0997	-0.9314	BS_96J903S8
1213799_D1	AMR	NA	0	0.0136	0.9854	0	9e-4	-3.1998	-1.1358	-8.9418	6.4073	-1.3356	BS_CGAQVHMJ
1213800_D1	EUR	NA	0	0	0.0711	0	0.9289	-2.8311	12.0198	-4.4967	-9.2283	-3.3661	BS_SEDZWAWC
1213801_D1	EUR	NA	0	0	0.0914	0	0.9086	-1.3068	11.6501	-4.23	-7.6425	-4.1276	BS_71K5NQGF
1213802_D1	EUR	NA	0	0	0.0577	0	0.9423	-2.9188	12.5027	-3.7329	-9.6912	-1.684	BS_KM9DCY4X
1213803_D1	EUR	NA	0	0	0.0669	0	0.9331	-0.794	12.2103	-7.1248	-9.0649	-2.8237	BS_CWYXPXAQ
1213804_D1	EUR	NA	0	0	0.048	0	0.952	-0.1027	13.1454	-7.0306	-9.4044	-1.5137	BS_1XM48RH7
1213805_D1	EUR	NA	0	0	0.0756	0	0.9244	-1.9889	9.6878	-3.9839	-9.719	-3.1302	BS_FYM23Y0B
1213806_D1	EUR	NA	0	0	0.0975	0	0.9025	-3.8527	11.7529	-1.8346	-7.7891	-3.2527	BS_MQH8T2TW
1213807_D1	EUR	NA	0	0	0.0913	0	0.9087	-2.6317	10.4506	-0.5939	-8.0392	-3.4222	BS_TEM4MK3D
1213808_D1	EUR	NA	0	0	0.061	0	0.939	-1.4049	11.0715	-3.3869	-9.4331	-4.0166	BS_H3TQE8P5
1213809_D1	EUR	NA	0	0	0.0736	0	0.9264	-4.3876	10.2068	-0.7342	-10.0801	-3.3107	BS_9CADAWJS
1213810_D1	EUR	NA	0	0	0.0689	0	0.9311	-1.1326	12.3117	-3.359	-7.803	-2.5556	BS_VRKDBCDC
1213811_D1	EUR	NA	0	0	0.0614	0	0.9386	-1.6123	11.3043	-5.3665	-9.8654	-0.7027	BS_D8P6S1Y5
1213812_D1	EUR	NA	0	0	0.0647	0	0.9353	1.8838	9.9172	-4.07	-8.4921	-1.2177	BS_WP62R0PZ
1213813_D1	AMR	NA	0	0.0909	0.9091	0	0	-13.1458	-8.4845	-10.1823	9.2786	-3.1463	BS_8CP6RB9V
1213814_D1	AMR	NA	0	0.0013	0.9016	1e-4	0.0971	-13.1952	6.7842	-2.8986	-7.2569	-0.7244	BS_P9B5R78A
1213815_D1	AFR	NA	0	0.9998	2e-4	0	0	-60.8352	-17.3806	-0.785	0.2101	-2.5313	BS_2PRQNP3N
1213816_D1	EUR	NA	0	0	0.0743	0	0.9257	0.0075	11.8757	-5.5127	-8.0808	-2.833	BS_PMS9PASB
1213817_D1	EUR	NA	0	0	0.1468	0	0.8532	-4.476	8.4772	-2.6002	-8.3801	-3.8797	BS_DCM1WDCH
1213818_D1	EUR	NA	0	0	0.106	0	0.894	-2.9145	10.1556	-4.4994	-8.6261	-2.348	BS_0NFDBE6G
1213819_D1	EUR	NA	0	0	0.1039	0	0.8961	-3.1782	11.1706	-3.4308	-7.2332	-1.8016	BS_3H3W1PVH
1213820_D1	EUR	NA	0	0	0.0485	0	0.9515	-2.1873	11.689	-2.4883	-10.1674	-2.9574	BS_9ZP41JQ1
1213821_D1	EUR	NA	0	0	0.1166	0	0.8834	-1.1591	9.4642	-2.8376	-7.4137	-0.9847	BS_JS7SJ79J
1213822_D1	EUR	NA	0	0	0.0497	0	0.9503	-1.2509	11.3135	-3.7685	-10.1366	-4.3491	BS_B55YF115
1213823_D1	EUR	NA	0	0	0.0508	0	0.9492	-1.4071	10.9354	-3.2555	-10.2107	-2.6644	BS_70K64DY9
1213824_D1	EUR	NA	0	0	0.0377	0	0.9623	-1.7973	13.5354	-4.1812	-10.3816	-3.9516	BS_MKG8EK3R
1213825_D1	EUR	NA	0	0	0.062	0	0.938	0.2525	11.2754	-4.1299	-8.6994	-1.106	BS_Z5K3Z98Z
1213826_D1	EUR	NA	0	0	0.0541	0	0.9459	0.7577	12.0036	-5.6576	-8.978	-1.4611	BS_MHN99W0N
1213827_D1	AMR	NA	0	0.0095	0.9905	0	0	0.263	-10.8183	-13.3797	15.6285	-3.5354	BS_P4P58KDJ
1213828_D1	AMR	NA	0	0.0136	0.9864	0	0	0.1465	-10.6148	-13.6388	12.9209	-3.5452	BS_P9P6B2MA
1213829_D1	EUR	NA	0	0	0.0513	0	0.9487	-0.4755	12.1554	-3.3974	-9.1605	-0.6369	BS_CJZX7G3E
1213830_D1	EAS	NA	1	0	0	0	0	4.9977	-41.6047	0.6737	-6.4487	0.7013	BS_9J4X2VCA
1213831_D1	EUR	NA	0	0	0.0843	0	0.9157	-0.1023	10.1442	-4.0776	-8.1984	-2.8058	BS_4TRTSPDC
1213832_D1	EUR	NA	0	0	0.0632	0	0.9368	-1.1596	11.026	-2.9911	-9.1217	-2.724	BS_MFRXE86X
1213833_D1	EUR	NA	0	0	0.1056	0	0.8944	-3.7598	11.4479	-3.9407	-7.3732	-2.2018	BS_7XG04FQT
1213834_D1	EUR	NA	0	0	0.0459	0	0.9541	-0.916	12.5237	-5.8742	-10.1602	-2.3506	BS_CX4GWXHA
1213835_D1	EUR	NA	0	0	0.0577	0	0.9423	-2.3862	13.6331	-3.5224	-8.5592	-3.851	BS_BDBTPH49
1213836_D1	EUR	NA	0	0	0.0497	0	0.9503	0.5412	11.6141	-4.1608	-9.2688	-1.717	BS_1BAWJJR7
1213837_D1	EUR	NA	0	0	0.0717	0	0.9283	-1.9965	11.976	-3.8552	-7.8757	-1.2109	BS_N45WV87Y
1213838_D1	EUR	NA	0	0	0.0417	0	0.9583	1.1215	12.7628	-6.5824	-9.6462	-2.7435	BS_22N5N72T
1213839_D1	EUR	NA	0	0	0.0688	0	0.9312	-1.0679	11.149	-4.6	-9.06	-0.7452	BS_8CBDRARJ
1213840_D1	EUR	NA	0	0	0.0693	0	0.9307	-2.58	10.9863	-2.2132	-9.2382	-2.5998	BS_X6C0AHX8
1213841_D1	EUR	NA	0	0	0.1111	0	0.8889	-0.8478	10.5944	-4.6861	-7.2957	-2.7563	BS_66VYPXCT
1213842_D1	EUR	NA	0	0	0.0659	0	0.9341	1.1892	11.5587	-3.3076	-6.635	-0.966	BS_QNJNDTPB
1213843_D1	EUR	NA	0	0	0.0797	0	0.9203	-1.3038	12.3199	-5.1861	-8.0724	-3.6305	BS_X0Z4DEZF
1213844_D1	EUR	NA	0	0	0.0974	0	0.9026	-3.2605	10.9813	-3.1862	-8.3786	-4.8109	BS_GEGW8RN0
1213845_D1	EUR	NA	0	0	0.0631	0	0.9369	0.5397	11.6499	-2.4048	-7.8816	-3.2678	BS_A16TFQ1Z
1213847_D1	EUR	NA	0	0	0.0561	0	0.9439	-0.7623	12.9967	-4.4813	-8.3305	-2.4849	BS_JJNJ7KP3
1213848_D1	EUR	NA	0	0	0.0609	0	0.9391	0.4036	11.4147	-5.1865	-8.8764	-0.8058	BS_SSS4S1C3
1213850_D1	EUR	NA	0	0	0.132	0	0.868	-3.08	11.6859	-5.2048	-6.568	-4.8537	BS_PC99V9AP
1213851_D1	EUR	NA	0	0	0.0899	0	0.91	-3.9232	9.7602	-2.0569	-9.4258	-3.2797	BS_68WASGJD
1213852_D1	EUR	NA	0	0	0.0425	0	0.9575	-1.4868	11.6551	-1.9758	-10.2629	-3.9446	BS_5QJAG0QW
1213853_D1	EUR	NA	0	0	0.047	0	0.953	-1.1593	12.9285	-6.1564	-10.0279	-2.2	BS_VE6Q19YS
1213854_D1	EUR	NA	0	0	0.0417	0	0.9583	0.4519	13.5379	-3.903	-7.7947	-1.6705	BS_TCNJ4741
1213855_D1	AMR	NA	0	0.0077	0.9923	0	0	2.1327	-18.0604	-18.2155	23.141	-0.7166	BS_5YHNN5G5
1213856_D1	AMR	NA	0	0.0175	0.9825	0	0	-2.8174	-13.1467	-13.5003	17.3725	-3.3179	BS_Q0Q1D1DR
1213857_D1	AFR	NA	0	0.9967	0.0033	0	0	-46.396	-11.3727	-0.2392	-2.4417	-1.2493	BS_CESYCMJG
1213858_D1	EUR	NA	0	0	0.0871	0	0.9129	0.312	10.3285	-3.6648	-6.745	0.2212	BS_96Z2Z6DD
1213859_D1	EUR	NA	0	1e-4	0.4172	0	0.5826	-8.9454	7.8514	-0.4758	-7.8982	-2.7691	BS_4QQ9E06V
1213860_D1	EUR	NA	0	0	0.0431	0	0.9569	0.3431	12.8692	-3.6296	-7.5897	-0.0224	BS_07Z70F67
1213861_D1	EUR	NA	0	0	0.0667	0	0.9333	0.335	10.8818	-4.393	-8.3201	0.9964	BS_RZN71A5Z
1213862_D1	EUR	NA	0	0	0.067	0	0.933	-2.7442	12.1604	-3.3707	-9.0966	-3.0142	BS_T9TC3TQY
1213863_D1	EUR	NA	0	0	0.0399	0	0.9601	-0.9237	11.3555	-4.2311	-11.0687	-0.9293	BS_WQ3DVXPY
1213864_D1	EUR	NA	0	0	0.056	0	0.944	-2.8613	11.2714	-3.5516	-10.3759	-3.5553	BS_EDJG0RZZ
1213865_D1	EUR	NA	0	0	0.0644	0	0.9356	-0.8266	11.5961	-4.9235	-9.052	-1.6163	BS_SKQNH1YD
1213866_D1	EAS	NA	0.9941	0	0.0059	0	0	3.9253	-14.582	-3.8324	-6.1984	-1.2444	BS_B3E5E6EF
1214179_D1	EUR	NA	0	0	0.06	0	0.94	-1.0972	12.2511	-5.932	-6.5301	1.0657	BS_PAAVMR28
1214180_D1	EUR	NA	0	0	0.098	0	0.902	-0.9803	10.1888	-2.2449	-7.5346	-1.2041	BS_C91BRCVY
1214181_D1	AMR	NA	0	0.0048	0.9952	0	0	2.4522	-11.8845	-16.7025	18.9282	-1.2821	BS_FEVVK2WJ
1214182_D1	EUR	NA	0	0	0.09	0	0.91	-1.4195	10.2177	-2.4061	-8.1059	-1.7004	BS_7ZQ1JVVS
1214183_D1	EUR	NA	0	0	0.2394	0	0.7606	-0.019	8.0851	-7.0532	-4.9758	-2.5605	BS_GBENHB74
1214184_D1	EUR	NA	0	0	0.0575	0	0.9425	-0.5419	11.2022	-3.6672	-9.2885	-1.1466	BS_CRVRTRY0
1214185_D1	EUR	NA	0	0	0.3768	0	0.6232	-0.9056	7.876	-8.5218	-2.4189	-2.7411	BS_2JRP9Z5S
1214186_D1	AMR	NA	0	0.0082	0.9918	0	0	-0.7244	-7.9331	-12.4626	14.6498	-2.4722	BS_7B5S6KPB
1214187_D1	EUR	NA	0	0	0.0593	0	0.9407	0.3517	12.1471	-3.8962	-6.3005	-0.3282	BS_BFDJRPDZ
1214188_D1	EUR	NA	0	0	0.101	0	0.899	-3.3263	11.9881	-3.1645	-6.5022	-3.2377	BS_16TZ9XY9
1214189_D1	EUR	NA	0	0	0.071	0	0.929	-1.4126	10.5999	-4.323	-9.3063	-3.3311	BS_FAPMMNCH
1214190_D1	EUR	NA	0	0	0.0352	0	0.9648	1.6324	13.4401	-4.7336	-9.2187	-1.2547	BS_MCG2X25R
1214191_D1	EUR	NA	0	0	0.0908	0	0.9092	-2.348	10.421	-2.6368	-8.432	-2.8102	BS_DDYJ599P
1214192_D1	EUR	NA	0	0	0.1003	0	0.8997	-2.8647	10.2761	-3.0419	-8.4264	-2.6676	BS_S22F7BFS
1214193_D1	EUR	NA	0	0	0.0597	0	0.9403	-2.3167	11.681	-4.4121	-9.8504	-4.0612	BS_AWWJH0JV
1214194_D1	EUR	NA	0	0	0.0831	0	0.9169	-2.3848	11.5822	-2.9738	-8.2585	-5.4003	BS_H6BWTVX3
1214195_D1	EUR	NA	0	0	0.0864	0	0.9136	-1.9528	11.4872	-5.3321	-6.5279	-0.3144	BS_TD4BRC5F
1214196_D1	EUR	NA	0	0	0.0809	0	0.9191	-1.7313	11.997	-2.9769	-7.8612	-3.5605	BS_9QEVHYKK
1214197_D1	EUR	NA	0	0	0.0797	0	0.9203	-1.9314	12.4036	-4.9062	-7.7197	-3.064	BS_GD32XY95
1214198_D1	EAS	NA	1	0	0	0	0	7.0828	-43.2907	-2.7643	-5.1597	-3.8587	BS_GQYAY1S6
1214199_D1	EUR	NA	0	0	0.0975	0	0.9025	0.1077	11.3717	-6.1728	-6.0531	-2.274	BS_MF0JFGBA
1214200_D1	AMR	NA	0	0.0064	0.9883	0	0.0053	-9.0042	1.0847	-7.6437	0.8375	-2.7295	BS_N4X9W009
1214201_D1	EUR	NA	0	0	0.0981	0	0.9019	-1.5523	9.8419	-2.3029	-8.1222	-0.8362	BS_PEZX4EFR
1214202_D1	EUR	NA	0	0	0.0572	0	0.9428	0.3075	10.954	-4.412	-9.2222	-2.1138	BS_701EMY7H
1214203_D1	AMR	NA	0	0.0016	0.8056	0	0.1928	-14.4428	6.4808	-4.6928	-9.5636	-4.03	BS_V5AHP9HD
1214204_D1	EUR	NA	0	0	0.1091	0	0.8909	-3.8048	10.7888	-3.5997	-8.3626	-2.6723	BS_8Y4TQ9M6
1214205_D1	EUR	NA	0	0	0.0546	0	0.9454	-2.4412	12.5657	-2.5007	-9.3773	-1.9052	BS_XQPRYHF7
1214206_D1	EAS	NA	0.8561	3e-4	0.1434	1e-4	1e-4	1.3957	-11.8291	0.8686	-5.4483	-0.3244	BS_S4YHEPVD
1214207_D1	AFR	NA	0	0.9185	0.0815	0	0	-33.3001	-5.4672	-2.9078	-2.8898	-1.7244	BS_9H9D3W76
1214208_D1	EUR	NA	0	0	0.0587	0	0.9413	-1.2046	12.0393	-5.4141	-9.4704	-1.3045	BS_ZY748ASY
1214209_D1	EUR	NA	0	0	0.0609	0	0.9391	-1.2895	11.6154	-3.7348	-9.1899	-2.5231	BS_Q63W4W6X
1214210_D1	AMR	NA	0	0.0973	0.9025	0	2e-4	-17.9401	-4.1818	-4.4593	1.6788	-1.8176	BS_FV28SD8W
1214211_D1	EUR	NA	0	0	0.1069	0	0.8931	-1.7243	9.9227	-2.0683	-7.635	-1.4099	BS_3RYXSDKF
1214212_D1	EUR	NA	0	0	0.0628	0	0.9372	-0.9023	11.2084	-3.6063	-9.0808	-1.7558	BS_F1DBMTHA
1214213_D1	AMR	NA	0	0.0016	0.9944	3e-4	0.0038	0.9788	1.779	-8.6295	5.4235	0.4174	BS_K9CA8CE1
1214214_D1	EUR	NA	0	0	0.1356	0	0.8644	-4.4762	8.1979	-1.8499	-8.8425	-2.9289	BS_XCXHCX5W
1214215_D1	EUR	NA	0	0	0.0849	0	0.9151	-0.2987	11.2505	-4.4325	-7.5334	-1.8746	BS_6WGZQYSV
1214216_D1	EUR	NA	0	0	0.0353	0	0.9647	2.0124	12.2323	-5.2041	-9.8561	-1.0817	BS_J1YXBCCP
1214217_D1	AMR	NA	2e-4	0.0403	0.955	0	0.0045	-13.5543	2.5014	-4.4435	-2.2752	-2.6213	BS_6SQAW5Z4
1214218_D1	EUR	NA	0	0	0.045	0	0.955	0.9226	12.6483	-3.893	-8.702	-1.0109	BS_30NDN14D
1214219_D1	AMR	NA	0	0.0082	0.9918	0	0	0.118	-9.9493	-13.6614	16.019	-1.7154	BS_PMSW02JG
1214220_D1	EAS	NA	1	0	0	0	0	6.3409	-40.9625	-0.7272	-7.2916	1.4612	BS_6S8PDDD6
1214221_D1	EUR	NA	0	0	0.0574	0	0.9426	-1.463	12.2399	-2.039	-8.1055	-0.6248	BS_A24HAJKG
1214222_D1	EAS	NA	1	0	0	0	0	8.0104	-42.8715	0.2698	-6.9904	3.4391	BS_3A20RBVE
1214223_D1	EUR	NA	0	0	0.0939	0	0.9061	-2.8626	11.1154	-5.7075	-8.8837	-1.4949	BS_Y9HQ4BV1
1214225_D1	EUR	NA	0	0	0.2767	0	0.7233	-0.138	7.0117	-3.592	-4.0689	-2.1702	BS_WTEK5V5K
1214226_D1	EUR	NA	0	0	0.0889	0	0.9111	-3.2746	9.5555	-1.9179	-9.2257	-4.0287	BS_Y328GB99
1214227_D1	EUR	NA	0	0	0.0548	0	0.9452	-2.6382	12.8544	-5.5724	-9.0234	-0.4054	BS_PQ3MYRQN
1214228_D1_unknown	EUR	NA	0	0	0.0604	0	0.9396	-2.2292	12.4398	-5.0682	-8.2846	-0.2679	BS_43B4VH73
1214229_D1	EUR	NA	0	0	0.055	0	0.945	-1.3292	12.4911	-3.4786	-8.3864	-0.8677	BS_JF1C0ENA
1214230_D1	EUR	NA	0	0	0.0945	0	0.9055	-4.5537	10.5841	-1.5931	-9.1388	-2.3776	BS_K080XF79
1214231_D1	EUR	NA	0	0	0.0657	0	0.9343	-2.2568	12.2152	-2.244	-8.6574	-2.6434	BS_MTCEG95C
1214232_D1	EUR	NA	0	0	0.096	0	0.904	-2.1997	12.0428	-5.9198	-6.6543	-2.6992	BS_JDKNW4X4
1214233_D1	EUR	NA	0	0	0.066	0	0.934	-0.6873	12.6082	-5.2498	-8.4157	-3.9234	BS_BDTYETET
1214234_D1	EUR	NA	0	0	0.1294	0	0.8706	-5.3149	11.6469	-3.7684	-6.9743	-3.622	BS_0DZKCTME
1214235_D1	EUR	NA	0	0	0.0546	0	0.9454	-1.7365	11.3396	-3.2131	-9.834	-5.9014	BS_9N1G1S30
1214236_D1	EUR	NA	0	0	0.0599	0	0.9401	-1.9081	12.2489	-4.1434	-9.3036	-1.596	BS_Z2JFHMWQ
1214237_D1	AMR	NA	0	0.3932	0.6068	0	0	-26.7502	-13.7482	-6.9207	8.1776	-0.9376	BS_GEY2ACSW
1214238_D1	EUR	NA	0	0	0.0796	0	0.9204	-2.5713	11.8278	-3.0515	-7.909	-1.8207	BS_9MZ2X8HX
1214239_D1	EUR	NA	0	0	0.0635	0	0.9365	-1.2328	11.1971	-3.8805	-9.2482	-4.0042	BS_MGTQ8M9W
1214240_D1	EUR	NA	0	0	0.1066	0	0.8934	-1.2059	11.1367	-4.4882	-7.0105	-2.9627	BS_RBK1Y6Y5
1214241_D1	EUR	NA	0	0	0.0588	0	0.9412	-1.4943	12.3527	-4.4263	-9.1958	-2.8059	BS_GBKVZ8BS
1214242_D1	AMR	NA	0	0	0.5085	1e-4	0.4914	1.1708	5.2126	-6.7085	-1.3266	-1.7657	BS_D5T9EH61
1214243_D1	SAS	NA	0	0	0	1	0	-1.3907	-8.3654	18.444	3.8908	-0.0933	BS_PZV5QKR7
1214244_D1	EUR	NA	0	0	0.0631	0	0.9369	-1.8332	11.9595	-5.7344	-9.4655	-0.3003	BS_3DEZRTR3
1214245_D1	EAS	NA	0.958	0	0.042	0	0	1.343	-13.6069	-0.828	-5.8368	0.8923	BS_GCFFN8C7
1214246_D1	EAS	NA	1	0	0	0	0	5.9874	-42.2072	-1.5611	-7.0702	2.3742	BS_GX684C77
1214247_D1	EUR	NA	0	0	0.0481	0	0.9519	-0.645	13.3603	-5.5427	-9.0309	-2.0381	BS_HVTAFV49
1214248_D1	EUR	NA	0	0	0.075	0	0.925	-0.2431	11.6077	-6.2908	-8.2593	-1.3388	BS_QW73ZKEN
1214249_D1	EUR	NA	0	0	0.0569	0	0.9431	0.6802	11.2951	-3.7455	-8.6639	0.794	BS_FANN85JP
1214250_D1	EUR	NA	0	0	0.0543	0	0.9457	-2.3634	13.339	-5.6527	-9.667	-2.8332	BS_TJW2Z7AB
1214251_D1	EAS	NA	0.9098	0	0.0902	0	0	3.015	-15.9444	-3.4198	-9.4508	1.808	BS_1P8M288P
1214252_D1	SAS	NA	0	0	0	1	0	-0.5643	1.0557	8.2489	-2.8552	-2.264	BS_AT83QK61
1214253_D1	EUR	NA	0	0	0.0515	0	0.9485	-1.7251	10.6599	-2.3945	-10.2449	-3.4177	BS_T24BT9A6
1214254_D1_unknown	EUR	NA	0	2e-4	0.0099	0.3529	0.637	-5.2402	4.3068	4.0968	-4.4639	-2.931	BS_59CH4QXQ
1214255_D1	AMR	NA	0	0.0066	0.9933	0	1e-4	3.3893	-5.5213	-11.4224	9.3292	-1.577	BS_A42RJCPM
1214256_D1	EUR	NA	0	0	0.0541	0	0.9459	-1.537	12.3443	-2.8264	-9.2052	-1.2776	BS_25K7D2Y9
1214257_D1	EUR	NA	0	0	0.074	0	0.926	-1.0169	12.1535	-5.6938	-6.8612	-1.3251	BS_JFW6VSB4
1214258_D1	EUR	NA	0	0	0.0632	0	0.9368	-1.0184	12.6993	-4.656	-8.4751	-2.7589	BS_5YAEHKD5
1214259_D1	EUR	NA	0	0	0.0456	0	0.9544	-0.0896	12.9779	-5.242	-8.0565	-0.2489	BS_75T0K0GV
1214260_D1	EUR	NA	0	0	0.101	0	0.899	-2.1445	10.2965	-3.5646	-8.1867	-1.9969	BS_W78G5JEJ
1214261_D1	AMR	NA	0	2e-4	0.9684	3e-4	0.0311	-1.6401	4.7722	-8.2352	1.46	-3.1364	BS_YTB872GN
1214262_D1	AMR	NA	1e-4	4e-4	0.9124	8e-4	0.0864	-3.9703	4.4645	-5.6633	0.3047	-0.7582	BS_4NFWWRD8
1214263_D1	AMR	NA	0	2e-4	0.6242	0	0.3756	-11.6076	7.4485	-4.5453	-9.2679	-1.5859	BS_AXNB1ZVY
1214264_D1	EAS	NA	0.9984	0	0.0016	0	0	4.979	-16.287	-3.2392	-6.3932	-1.2146	BS_WRVYGY9A
1214265_D1	EAS	NA	1	0	0	0	0	4.2555	-40.5466	0.2105	-7.7164	2.6229	BS_TBC4HCKT
1214266_D1	EUR	NA	0	0	0.0496	0	0.9504	-0.4392	13.0329	-2.8552	-8.6529	-3.08	BS_M0TPSWZG
1214267_D1	EUR	NA	0	0	0.051	0	0.949	0.8815	11.6659	-4.0576	-8.9599	-1.7991	BS_BF0B8M28
1214268_D1	EUR	NA	0	0	0.0636	0	0.9364	-1.9249	11.4196	-4.855	-9.6795	-1.076	BS_VGEX4C10
1214269_D1	EUR	NA	0	0	0.0584	0	0.9416	-2.1956	13.1075	-5.5965	-8.8736	-2.0424	BS_VDD3X72P
1214270_D1	EUR	NA	0	0	0.0476	0	0.9524	0.5177	13.0473	-3.9827	-7.922	-1.7972	BS_ZC84RF97
1214271_D1	EUR	NA	0	0	0.0704	0	0.9296	-2.2075	12.0684	-5.9085	-8.7944	-0.9231	BS_K2NBA8NW
1214272_D1	EUR	NA	0	0	0.0589	0	0.9411	-1.2669	10.985900000000001	-5.211	-9.9906	-2.4306	BS_4T6RGBVM
1214273_D1	AFR	NA	0	0.9987	0.0013	0	0	-52.4703	-12.7844	-1.8719	-2.6021	-2.9775	BS_HABEWZ58
1219578_D1	AMR	NA	0	0.0091	0.9909	0	0	0.9	-13.3121	-15.1523	18.3869	-0.1182	BS_1X0M6NXQ
1219579_D1	EUR	NA	0	0	0.0417	0	0.9583	-0.6995	11.7702	-4.7375	-10.5611	-2.8398	BS_5G82WRMZ
1219580_D1	EUR	NA	0	0	0.0581	0	0.9419	-1.242	12.8565	-5.7377	-8.1423	-1.4404	BS_ZQVTYQNT
1219581_D1	EUR	NA	0	0	0.1589	0	0.8411	-2.9228	9.0643	-5.6262	-7.419	-0.212	BS_X4PAT7AX
1219582_D1	EUR	NA	0	0	0.0509	0	0.9491	0.9536	11.0487	-2.6255	-8.9273	-2.1008	BS_JDYHKKE2
1219583_D1	EUR	NA	0	0	0.0425	0	0.9575	0.5099	11.9812	-4.8361	-9.8573	-1.3312	BS_YDC7QADY
1219585_D1	EUR	NA	0	0	0.0438	0	0.9562	-0.3218	12.9875	-5.4825	-8.3989	0.1739	BS_AARM03JK
1219586_D1	EUR	NA	0	0	0.0498	0	0.9502	-0.1835	12.6121	-5.2409	-9.3119	-1.4992	BS_3J6634Z7
1219588_D1	EUR	NA	0	0	0.0575	0	0.9425	-0.3359	12.1747	-4.6564	-8.915	-1.2236	BS_BC2H3W7T
1219590_D1	EUR	NA	0	0	0.0619	0	0.9381	-0.6916	11.843	-4.0039	-8.7992	-1.5092	BS_RVYPBQZ9
1219591_D1	EUR	NA	0	0	0.0989	0	0.9011	0.675	8.9977	-5.1781	-8.0596	-1.3371	BS_9WQXBKAQ
1219592_D1	EUR	NA	0	0	0.0598	0	0.9402	-0.7664	11.3685	-4.4972	-9.3452	-0.7001	BS_WCJQXK7X
1219593_D1	EUR	NA	0	0	0.0557	0	0.9443	-0.3855	11.48	-5.8578	-9.7165	-0.2809	BS_2G1XN67Q
1219594_D1	EUR	NA	0	0	0.0374	0	0.9626	0.1111	11.8327	-6.3977	-10.9795	-2.3672	BS_07P02AYQ
1219595_D1	EUR	NA	0	0	0.0592	0	0.9408	-1.2646	12.5021	-2.0436	-8.1247	-2.1255	BS_CFMGREVN
1219596_D1	EUR	NA	0	0	0.1054	0	0.8946	-1.5054	9.8147	-3.2724	-7.9079	-1.2652	BS_EEYR5CSC
1219597_D1	EUR	NA	0	0	0.0947	0	0.9053	-1.797	10.001	-4.3452	-8.6393	-1.6276	BS_93YVSNV8
1219598_D1	EUR	NA	0	0	0.0422	0	0.9578	-0.1576	13.0706	-5.6831	-9.227	-0.3302	BS_E7WVMRFP
1219599_D1	EUR	NA	0	0	0.0522	0	0.9478	0.1197	11.0253	-5.0527	-9.7886	-1.1662	BS_16B7VHMH
1219600_D1	AMR	NA	0	0.002	0.998	0	0	6.9011	-24.8049	-21.0496	34.9258	-1.1012	BS_W22T7R9G
1219601_D1	AMR	NA	0	0.0023	0.9977	0	0	7.7868	-27.3781	-21.2832	35.6065	-3.3804	BS_JQBSC2GV
1219602_D1	EUR	NA	0	0	0.0746	0	0.9254	-0.4102	11.753	-5.848	-8.3935	-3.2613	BS_X4G141MK
1219603_D1	AFR	NA	0	0.9991	9e-4	0	0	-52.2948	-11.7178	-1.1625	-3.5791	-0.778	BS_Q64D6WGE
1219604_D1	EUR	NA	0	0	0.0787	0	0.9213	-1.3367	11.965	-4.4348	-7.4547	-2.1634	BS_25F4XKNB
1219605_D1	EUR	NA	0	0	0.4448	0	0.5551	-2.2741	5.7763	-7.0063	-2.9785	-1.4864	BS_B7MM6HR0
1219606_D1	EUR	NA	0	0	0.0472	0	0.9528	0.8908	12.6645	-7.0458	-9.4223	-2.3742	BS_5KB254YQ
1219607_D1	EUR	NA	0	0	0.0686	0	0.9314	0.3822	11.8003	-5.1621	-8.0633	-1.724	BS_N476218N
1219609_D1	EUR	NA	0	0	0.1237	0	0.8763	-4.7694	10.8091	-2.6797	-7.7686	-2.0836	BS_SK3KTHRN
1219610_D1	EAS	NA	1	0	0	0	0	6.2022	-43.0026	-1.2201	-8.6195	1.892	BS_SEMQ3N3F
1219611_D1	EUR	NA	0	0	0.0658	0	0.9342	-0.1231	11.6621	-4.4057	-8.3575	-1.0116	BS_E3YCT4S6
1219612_D1	EUR	NA	0	0	0.0843	0	0.9157	-1.6388	10.2797	-3.9696	-9.1537	0.8022	BS_YH9YYGCS
1219613_D1	EUR	NA	0	0	0.0369	0	0.9631	-1.1103	13.9845	-4.417	-9.9867	-2.079	BS_RXSH55BA
1219614_D1	EUR	NA	0	0	0.0768	0	0.9232	1.2133	9.6957	-2.9701	-7.964	-1.6357	BS_QH5D7ZZE
1219615_D1	EUR	NA	0	0	0.0575	0	0.9425	0.1922	12.2958	-5.1723	-7.2014	-0.4318	BS_4BJXXGGE
1219616_D1	EUR	NA	0	0	0.0691	0	0.9309	-2.7992	11.2528	-2.8209	-9.3491	-2.7689	BS_FHMK0QE6
1219617_D1	EUR	NA	0	0	0.0852	0	0.9148	-2.6777	11.9618	-3.5346	-7.4711	-2.346	BS_Y6JS19D7
1219618_D1	EUR	NA	0	0	0.133	0	0.867	-5.9972	11.0937	-1.557	-7.8653	-4.9222	BS_TXNW8JTB
1219619_D1	EUR	NA	0	0	0.0807	0	0.9193	-2.275	10.5258	-3.3577	-8.9936	-2.7182	BS_6TA59WGH
1219620_D1	EUR	NA	0	0	0.0942	0	0.9058	-2.4567	10.5941	-4.09	-8.564	-4.8569	BS_352JAW1A
1219621_D1	EUR	NA	0	0	0.044	0	0.956	-2.4988	13.5362	-3.0952	-9.8529	-2.9856	BS_JBGT3MS1
1219622_D1	EUR	NA	0	0	0.149	0	0.851	-3.0081	9.2086	-2.9737	-7.3496	-3.438	BS_T9TF3W05
1219623_D1	EUR	NA	0	0	0.0733	0	0.9267	-1.7271	12.2164	-5.1909	-7.8417	-1.758	BS_HY7E29AH
1219624_D1	AMR	NA	0	0.0023	0.9977	0	0	4.3382	-14.5117	-18.0461	25.0762	-0.9031	BS_7CSCPS23
1219625_D1	AMR	NA	0	0.0021	0.9979	0	0	5.345	-9.6192	-13.125	20.1859	-0.316	BS_HB3HEFCF
1219626_D1	EUR	NA	0	0	0.0469	0	0.9531	0.7951	12.3429	-4.4988	-8.6298	-0.2015	BS_EDJRQ6RS
1219627_D1	EUR	NA	0	0	0.0737	0	0.9263	-0.3771	11.1617	-3.6197	-8.1623	-0.8005	BS_XRNDNM7S
1219628_D1	EUR	NA	0	0	0.0486	0	0.9514	-0.8305	12.5395	-3.4994	-8.1413	0.3275	BS_MPS9EQ1G
1219629_D1	EUR	NA	0	0	0.0808	0	0.9192	-1.8653	12.0252	-5.6699	-8.5411	-3.6463	BS_R6A7E12B
1219630_D1	EUR	NA	0	0	0.0533	0	0.9467	-1.2383	11.8679	-4.3128	-9.6958	-2.2604	BS_JTBCTQ0V
1219631_D1	AMR	NA	0	0.0184	0.981	0	6e-4	-14.765	-2.0479	-6.5603	0.8125	-4.9647	BS_GKSS2C9B
1219632_D1	EUR	NA	0	0	0.06	0	0.94	1.1731	10.8361	-5.7192	-9.0113	-1.7756	BS_TXMEWE8R
1219633_D1	EUR	NA	0	0	0.0511	0	0.9489	0.035	12.1612	-5.4519	-9.4019	-0.9486	BS_1TGD731C
1219634_D1	EUR	NA	0	0	0.0527	0	0.9473	0.425	13.0259	-6.5524	-8.8846	-4.5471	BS_KN6QN07S
1219635_D1	EUR	NA	0	0	0.0785	0	0.9215	-0.1968	11.2542	-4.6996	-8.0917	-1.8625	BS_QFRD9Z8B
1219636_D1	EUR	NA	0	0	0.0557	0	0.9443	-0.8568	12.4622	-5.6194	-9.3437	-1.7562	BS_2508GJAF
1219637_D1	EUR	NA	0	0	0.105	0	0.895	-1.4357	10.5735	-4.3715	-7.2355	-1.2385	BS_42M44QKM
1219638_D1	EUR	NA	0	0	0.1308	0	0.8692	-3.295	9.7157	-3.6719	-7.943	-3.0671	BS_W0CFVKJ4
1219639_D1	AMR	NA	0	0.0435	0.9565	0	0	-7.1323	-6.7308	-8.8734	8.975	-2.834	BS_QBNZTBVT
1219640_D1	EUR	NA	0	0	0.0861	0	0.9139	0.6736	11.6731	-7.5034	-7.0868	-2.4074	BS_04G7G3FR
1219641_D1	EUR	NA	0	0	0.0466	0	0.9534	0.5849	12.6985	-6.1214	-9.3861	-1.9514	BS_GPGAAR3Y
1219642_D1	EUR	NA	0	0	0.0672	0	0.9328	-0.7241	11.7941	-4.0652	-8.5189	-3.4567	BS_2RN90KP0
1219643_D1	EUR	NA	0	0	0.0713	0	0.9287	-0.0987	11.451	-4.6943	-8.3326	-1.6032	BS_Y76F6YYA
1219644_D1	EUR	NA	0	0	0.0708	0	0.9292	-1.2939	11.7506	-4.0891	-8.5997	-3.0058	BS_APYYPGRT
1219645_D1	EUR	NA	0	0	0.0815	0	0.9185	-0.0457	11.692	-4.3641	-7.5541	-3.2624	BS_BDSAFPRV
1219646_D1	EUR	NA	0	0	0.3218	0	0.6782	-6.7724	8.0391	-6.708	-7.5906	-1.7419	BS_HA6781QS
1219647_D1	EUR	NA	0	0	0.0537	0	0.9463	0.4585	12.1729	-3.7008	-8.162	-0.8685	BS_CPNXK08M
1219649_D1	EUR	NA	0	0	0.1693	0	0.8307	-1.1045	8.9217	-5.2686	-6.5367	-1.5469	BS_N8NBW1B4
1219650_D1	EUR	NA	0	0	0.0845	0	0.9155	-0.7315	10.1318	-0.9469	-7.9429	-0.711	BS_C90K6ZKS
1219651_D1	EUR	NA	0	0	0.0433	0	0.9567	1.1467	11.3744	-4.2052	-9.6617	-3.1182	BS_KZYCBQD3
1219652_D1	EUR	NA	0	0	0.0841	0	0.9159	-1.7627	11.3049	-2.7174	-8.0319	-2.6617	BS_SV6W54YZ
1219653_D1	EUR	NA	0	0	0.062	0	0.938	-1.974	12.5322	-6.0001	-7.8235	-0.2944	BS_3P9EE26J
1219654_D1	AMR	NA	1e-4	0.008	0.986	1e-4	0.0059	-7.6314	-0.218	-8.7587	-0.4228	-2.0788	BS_7GA4ZGNX
1219655_D1	AFR	NA	0	0.9984	0.0016	0	0	-49.5992	-11.6733	0.1301	-2.7027	-1.4732	BS_5FJ4PK6Y
1219656_D1	EUR	NA	0	0	0.076	0	0.924	-1.2948	11.2076	-2.6128	-8.2609	-1.9122	BS_16034N83
1219657_D1	EUR	NA	0	0	0.053	0	0.947	-1.9914	11.6448	-4.5915	-10.2443	-2.4368	BS_QMH42ZMH
1219658_D1	EUR	NA	0	0	0.072	0	0.928	-2.149	12.5817	-4.8372	-7.613	-2.2453	BS_F3KZKG7N
1219659_D1	EUR	NA	0	0	0.0677	0	0.9323	-0.7555	11.747	-6.5525	-9.1168	-1.9843	BS_QEQVE5R2
1219660_D1	EUR	NA	0	0	0.0342	0	0.9658	-0.2079	14.2094	-4.1873	-8.4271	-1.3102	BS_CQ925F8T
1219661_D1	EUR	NA	0	0	0.0642	0	0.9358	-1.0737	11.593	-3.7362	-8.9509	-0.4982	BS_BRWQCNCT
1219662_D1	EUR	NA	0	0	0.0663	0	0.9337	-0.8987	10.7599	-2.2492	-8.7801	-2.5673	BS_448NF51F
1219663_D1	EUR	NA	0	0	0.0538	0	0.9462	-1.9758	12.112	-1.793	-9.2691	-3.7726	BS_JP7CC9PD
1219664_D1	EUR	NA	0	0	0.092	0	0.908	-3.1855	10.5835	-2.692	-8.6812	-3.2405	BS_WS8ZYGJM
1219665_D1	EUR	NA	0	0	0.0775	0	0.9225	-3.7254	11.3772	0.452	-8.4932	-3.6969	BS_BQE14ZAJ
1219666_D1	EUR	NA	0	0	0.0981	0	0.9019	-2.2138	11.9354	-5.0534	-7.8053	-4.0062	BS_SQSPPN8S
1219667_D1	EUR	NA	0	0	0.0606	0	0.9394	-1.6915	12.3554	-2.3111	-8.6677	-2.0663	BS_T5T3MXGD
1219668_D1	EUR	NA	0	0	0.0446	0	0.9554	0.2273	12.0463	-4.9011	-9.7804	-1.8899	BS_EFFF49ZR
1219669_D1	EUR	NA	0	0	0.0682	0	0.9318	-1.2251	11.8485	-3.8739	-8.4642	-1.3318	BS_DSYERZG5
1219670_D1	EUR	NA	0	0	0.0471	0	0.9529	0.9314	13.1452	-5.3329	-7.2723	-1.2729	BS_7ZP71X0N
1219671_D1	EUR	NA	0	0	0.15310000000000001	0	0.8469	-3.2166	9.2012	-2.006	-7.0968	-4.4765	BS_3BBM744Z
1219672_D1	EUR	NA	0	0	0.0826	0	0.9174	-0.678	11.8358	-5.7235	-7.495	-2.3588	BS_GEMWSGPZ
1221024_D1	AMR	NA	0	0	0.7738	1e-4	0.226	0.895	5.1307	-7.5528	-0.2243	-1.2874	BS_M33R84GY
1221025_D1	EUR	NA	0	0	0.0665	0	0.9335	-0.8599	12.2217	-6.6018	-8.2001	-1.0932	BS_AHWAHRPR
1221026_D1	EUR	NA	0	0	0.0738	0	0.9262	-0.3093	10.965	-4.2955	-8.443	-3.4784	BS_65XPRSX4
1221028_D1	EUR	NA	0	0	0.0339	0	0.9661	0.5698	13.05	-5.2154	-10.2269	-2.1121	BS_VPENRWTE
1221030_D1	AFR	NA	0	0.9993	7e-4	0	0	-54.1228	-15.8226	-0.8018	-1.5603	-2.1133	BS_KEMKB8S7
1221031_D1	EUR	NA	0	0	0.0829	0	0.9171	-4.535	10.1967	-0.791	-9.489	-4.2208	BS_Y5K1E2ZB
1221033_D1	EUR	NA	0	0	0.0546	0	0.9454	-2.1111	11.9382	-2.8159	-9.6085	-3.1572	BS_XAN5WK5T
1221034_D1	EUR	NA	0	0	0.0632	0	0.9368	-1.4519	12.0072	-4.7743	-9.1429	-3.989	BS_84N5ZD5G
1221035_D1	EUR	NA	0	0	0.0762	0	0.9238	-0.2696	11.4123	-5.2313	-8.2873	-1.5472	BS_94E1475S
1221036_D1	EUR	NA	0	0	0.0364	0	0.9636	0.0909	14.1835	-5.0192	-8.0739	-1.5225	BS_GX3PVGS8
1221037_D1	EUR	NA	0	0	0.0399	0	0.9601	1.7987	11.7707	-3.5742	-9.3433	-0.4631	BS_MP1DMN3S
1221038_D1	EUR	NA	0	0	0.0498	0	0.9502	-0.958	12.9926	-6.7958	-8.4783	-0.2195	BS_FVHF6W2S
1221039_D1	SAS	NA	0	0	0	1	0	-2.059	-2.9261	14.2829	1.4625	-1.7524	BS_1T3AJ71A
1221040_D1	EUR	NA	0	0	0.0454	0	0.9546	-1.2692	12.4198	-3.3082	-9.8144	-2.6214	BS_W8FVN0W7
1221042_D1	EUR	NA	0	0	0.1172	0	0.8828	-3.5583	10.3524	-3.1331	-8.0592	-4.6809	BS_XXVD4XQ4
1221043_D1	EUR	NA	0	0	0.1304	0	0.8696	-2.5268	9.5565	-2.9048	-7.5039	-4.1597	BS_RFFFPR09
1221044_D1	EUR	NA	0	0	0.06	0	0.94	-2.216	12.9109	-3.3147	-8.8702	-5.2045	BS_1KNNCHDG
1221045_D1	EUR	NA	0	0	0.0728	0	0.9272	-2.1772	10.8832	-3.4804	-9.2015	-4.0906	BS_H84NF2QG
1221046_D1	EUR	NA	0	0	0.1438	0	0.8562	-2.8326	10.3625	-2.9642	-6.6501	-3.3079	BS_4PMJARWZ
1221047_D1	EUR	NA	0	0	0.1163	0	0.8837	-2.0259	9.3675	-2.6611	-7.8198	-2.5491	BS_ENHQNAWS
1221048_D1	SAS	NA	0	0	0	1	0	-2.2865	-10.2036	19.9391	5.1485	-2.1749	BS_PF9SGXCK
1221049_D1	EUR	NA	0	0	0.1058	0	0.8942	-4.3658	9.6006	-2.237	-9.0502	-4.2986	BS_YGVF61H6
1221050_D1	EUR	NA	0	0	0.0617	0	0.9383	-4.3246	12.7982	-1.6037	-9.3921	-3.3283	BS_KDP893QT
1221051_D1	EUR	NA	0	0	0.0846	0	0.9154	-1.0849	11.3419	-4.3745	-7.502	-1.4616	BS_EJC2QFWW
1221052_D1	EUR	NA	0	0	0.1167	0	0.8833	-5.4375	11.1987	-2.851	-8.4157	-4.7153	BS_PKJQMRZF
1221053_D1	EUR	NA	0	0	0.1772	0	0.8228	-3.5285	9.8799	-3.4421	-6.1031	-3.3056	BS_2CJ8794A
1221054_D1	EUR	NA	0	0	0.0657	0	0.9343	-2.6985	12.4507	-5.1604	-9.4196	-2.2541	BS_JX39XG10
1221056_D1	EUR	NA	0	0	0.0484	0	0.9516	-1.1616	10.8763	-3.0917	-10.2726	-4.8927	BS_BST8P01S
1221057_D1	EUR	NA	0	0	0.0494	0	0.9506	-1.9685	11.5029	-2.3272	-10.0491	-4.788	BS_PETMB77Z
1221058_D1	EUR	NA	0	0	0.0604	0	0.9396	0.2115	11.9326	-6.1794	-8.9473	-2.3776	BS_HVJDN14F
1221059_D1	EUR	NA	0	0	0.0523	0	0.9477	0.6372	12.3232	-5.2467	-8.6701	-0.8845	BS_CJ8YB1CS
1221060_D1	EUR	NA	0	0	0.0947	0	0.9053	-2.6565	11.4105	-3.5371	-8.0775	-3.8187	BS_0YEY0CT8
1221061_D1	EUR	NA	0	0	0.0471	0	0.9529	-2.4795	12.8591	-2.9869	-9.9096	-3.865	BS_61XH3ZME
1221062_D1	EUR	NA	0	0	0.0589	0	0.9411	-3.0789	11.7626	-6.2	-10.6272	-4.2535	BS_9DY9WKD5
1221063_D1	EUR	NA	0	0	0.0632	0	0.9368	-1.9044	12.6994	-3.7024	-8.7348	-3.7102	BS_FFAJARDF
1221064_D1	EUR	NA	0	0	0.059	0	0.941	-2.3406	13.0774	-4.2915	-8.2965	-2.0504	BS_XPQDZQXN
1221065_D1	EUR	NA	0	0	0.0597	0	0.9403	0.1721	11.1525	-3.4673	-8.7798	-3.9359	BS_DH8B7DJS
1221066_D1	EUR	NA	0	0	0.0779	0	0.9221	0.3173	12.0776	-4.0314	-6.8018	-3.3711	BS_P91DCE81
1221067_D1	EUR	NA	0	0	0.0763	0	0.9237	-4.0924	12.5246	-4.2804	-9.196	-3.8138	BS_75B0XJZP
1221068_D1	EUR	NA	0	0	0.049	0	0.951	-0.4076	13.7333	-4.0241	-8.5885	-4.0288	BS_JAQ52Q2J
1221069_D1	EUR	NA	0	0	0.0909	0	0.9091	-1.4235	11.3342	-4.0333	-7.8437	-3.5265	BS_QMF84RBF
1221070_D1	EUR	NA	0	0	0.1017	0	0.8983	-2.3891	10.5533	-2.526	-7.8847	-2.5775	BS_EF150PE0
1221071_D1	EUR	NA	0	0	0.0646	0	0.9354	-1.937	12.4439	-4.5797	-8.9259	-1.9097	BS_1TRBSSBD
1221072_D1	EUR	NA	0	0	0.1703	0	0.8297	-5.3897	8.9414	0.0705	-7.3469	-3.7037	BS_EE2YDZET
1221073_D1	EUR	NA	0	0	0.1452	0	0.8548	-4.6755	8.8677	0.3153	-7.6618	-4.0335	BS_HRQ7H65Y
1221074_D1	EUR	NA	0	0	0.0624	0	0.9376	-2.8415	10.5533	-2.5283	-10.1098	-2.775	BS_TW80MSJ9
1221075_D1	EUR	NA	0	0	0.0673	0	0.9327	-3.3496	12.178	-4.7607	-9.7097	-1.2749	BS_FPM7T95W
1221076_D1	EUR	NA	0	0	0.0768	0	0.9232	-1.2421	10.8059	-4.0272	-8.7354	-2.3478	BS_YD0QD0MZ
1221077_D1	EUR	NA	0	0	0.0929	0	0.9071	0.0648	11.4085	-4.9368	-7.2523	-3.2189	BS_3XWGY99A
1221078_D1	EUR	NA	0	0	0.0529	0	0.9471	-1.2881	12.2787	-2.6999	-9.1554	-2.9491	BS_Z0R9EN5B
1221079_D1	EUR	NA	0	0	0.0871	0	0.9129	-0.9997	10.5288	-2.0628	-7.803	-1.9469	BS_H0W3NZSD
1221080_D1	EUR	NA	0	0	0.0607	0	0.9393	-1.5604	12.0175	-1.5641	-8.7352	-1.1545	BS_1M9VJ23X
1221081_D1	EUR	NA	0	0	0.0866	0	0.9134	0.4196	10.4135	-4.0522	-7.6257	-0.5276	BS_V03AD2MF
1221082_D1	EUR	NA	0	0	0.0511	0	0.9489	0.4521	11.7632	-4.5081	-9.1634	0.6064	BS_M08XQSHG
1221083_D1	EUR	NA	0	0	0.1168	0	0.8832	-3.0844	10.2688	-2.4785	-7.7547	-3.5833	BS_GYB18Z2M
1221084_D1	EUR	NA	0	0	0.0685	0	0.9315	-1.6209	11.803	-5.0381	-8.8614	-0.7575	BS_26BKFKBZ
1221085_D1	EUR	NA	0	0	0.0488	0	0.9512	-1.0435	11.0658	-2.7543	-10.0208	-2.5801	BS_0H7M1A57
1221086_D1	EUR	NA	0	0	0.0344	0	0.9656	-0.0994	13.9839	-4.3609	-8.3644	-0.7203	BS_449D47YY
1221087_D1	EUR	NA	0	0	0.0145	0.008	0.9775	-0.2623	6.0787	3.1296	-5.3879	-2.6513	BS_NCPN8N2X
1221089_D1	EUR	NA	0	0	0.0608	0	0.9392	-0.3321	11.5317	-5.9154	-9.3236	-0.9356	BS_36CPJ8FR
1221090_D1	EAS	NA	1	0	0	0	0	8.3138	-43.1557	1.0268	-7.9001	3.3895	BS_8SCQG1K8
1221092_D1	EUR	NA	0	0	0.0894	0	0.9106	-0.017	10.2122	-2.305	-7.4707	-2.1572	BS_00MG74M7
1221093_D1	AFR	NA	0	0.9998	2e-4	0	0	-58.1631	-16.6384	0.1966	-2.6792	-1.1768	BS_21YKRKK6
1221094_D1	EUR	NA	0	0	0.0559	0	0.9441	-0.6418	12.2562	-4.3065	-8.8237	-0.8925	BS_PS4NTW35
1221095_D1	EUR	NA	0	0	0.0796	0	0.9204	-3.2612	11.4306	-1.8018	-8.6494	-3.3524	BS_YWY3EVZJ
1221096_D1	SAS	NA	0	0	0	1	0	-1.7128	-3.0912	14.6967	0.7187	-3.1592	BS_H0FP11KP
1221098_D1	EUR	NA	0	0	0.0569	0	0.9431	-0.0909	11.4498	-3.5622	-8.9727	-1.0249	BS_5688APGH
1221100_D1	EUR	NA	0	0	0.0475	0	0.9525	-0.023	12.7656	-5.3788	-8.5665	-0.4698	BS_P6JR4D75
1221101_D1	EUR	NA	0	0	0.0898	0	0.9102	-3.4254	10.8988	-0.7135	-8.4583	-2.0054	BS_DMY97EBM
1221102_D1	EUR	NA	0	0	0.1295	0	0.8705	-3.3023	8.4858	-1.5933	-8.1463	-4.4865	BS_NM30VDX2
1221103_D1	EUR	NA	0	0	0.0868	0	0.9132	0.3703	10.5124	-4.5168	-7.7828	-0.728	BS_EQWG5A3N
1221104_D1	EUR	NA	0	0	0.0541	0	0.9459	1.4418	11.9327	-5.4111	-8.385	-0.5145	BS_WRYJAKS9
1221105_D1	EUR	NA	0	0	0.0812	0	0.9188	-2.2416	11.3977	-1.8756	-8.1476	-1.9974	BS_Y0XN5CYZ
1221106_D1	EUR	NA	0	0	0.076	0	0.924	-2.698	10.3418	-2.1552	-9.246	-3.3161	BS_4AAPQGE8
1221107_D1	EUR	NA	0	0	0.0612	0	0.9388	-1.0245	12.6234	-5.2914	-8.8734	-3.2074	BS_N3BHSKRK
1221108_D1	EUR	NA	0	0	0.0531	0	0.9469	0.4725	11.0956	-3.151	-9.0751	-2.1146	BS_13T76PNR
1221109_D1	EUR	NA	0	0	0.086	0	0.914	-0.5163	10.5009	-4.2572	-8.1626	-2.2089	BS_JPGAQCPX
1221110_D1	EUR	NA	0	0	0.037	0	0.963	0.7308	13.2073	-4.0132	-9.4504	-2.8688	BS_CNZ3GTA1
1221111_D1	EUR	NA	0	0	0.0741	0	0.9259	-1.4196	11.1327	-2.3842	-8.3909	-4.126	BS_P00ZQJXT
1221112_D1	EUR	NA	0	0	0.0486	0	0.9514	-0.9982	12.7588	-4.2036	-8.8207	-0.5879	BS_DERFWHMC
1221113_D1	EUR	NA	0	0	0.0441	0	0.9559	0.5139	12.5586	-6.2046	-9.7247	-2.3343	BS_S5C0T4N4
1221114_D1	EUR	NA	0	0	0.0574	0	0.9426	-2.9728	11.9307	-1.8341	-9.5762	-3.579	BS_6GQHZR2B
1221115_D1	EUR	NA	0	0	0.0529	0	0.9471	1.1602	12.0339	-3.4026	-8.1847	-1.0174	BS_9SCXETEC
1221116_D1	EUR	NA	0	0	0.0372	0	0.9628	2.1818	11.8433	-5.159	-9.7542	-2.756	BS_54D5CJQX
1221117_D1	EUR	NA	0	0	0.0489	0	0.9511	1.8904	11.7048	-6.223	-9.165	0.3812	BS_PFACBD5Y
1221118_D1	EUR	NA	0	0	0.0726	0	0.9274	0.6828	11.3009	-4.8199	-8.0163	-1.7075	BS_3VGF4ENF
1221235_D1	AMR	NA	0	0.0097	0.9903	0	0	1.4621	-7.5281	-8.2495	11.9682	-1.2043	BS_PSXDY35E
1221236_D1	EUR	NA	0	0	0.079	0	0.921	-1.3808	10.6182	-3.5144	-8.673	-1.0875	BS_9FPN3F38
1221237_D1	EUR	NA	0	0	0.0658	0	0.9342	-2.5059	10.8657	-2.1103	-9.4449	-4.0276	BS_PKA7S1NG
1221238_D1	EUR	NA	0	0	0.1042	0	0.8958	-1.8814	11.4548	-1.103	-5.8073	-3.5816	BS_J66WF4H3
1221239_D1	EUR	NA	0	0	0.0666	0	0.9334	-0.8047	12.2692	-6.5331	-8.6673	-1.6534	BS_2CY5EHTQ
1221240_D1	AMR	NA	0	4e-4	0.7076	1e-4	0.2919	-10.9822	7.1972	-3.2254	-6.9114	-2.8993	BS_HQWY0V0H
1221241_D1	EUR	NA	0	0	0.0649	0	0.9351	-0.6513	12.7829	-5.8271	-8.5071	-4.4305	BS_9JKNJZT4
1221242_D1	SAS	NA	0	0	0	1	0	-2.1179	-9.509	21.0982	3.6018	-2.3451	BS_7XP23EWW
1221243_D1	EUR	NA	0	0	0.08	0	0.92	-2.2906	12.6562	-1.8713	-7.0555	-4.3012	BS_Z1S1S1RR
1221244_D1	EUR	NA	0	0	0.069	0	0.931	-2.1955	12.6803	-1.163	-6.7337	-2.8904	BS_N9MBNBAS
1221246_D1	EUR	NA	0	0	0.0784	0	0.9216	-1.083	7.6873	-2.675	-9.9118	-3.0706	BS_P6M5FB8Q
1221247_D1	EUR	NA	0	0	0.0462	0	0.9538	-1.0269	13.7137	-6.491	-9.682	-4.4735	BS_GYQMX621
1221248_D1	EUR	NA	0	0	0.0362	0	0.9638	-0.2423	13.7911	-4.8572	-8.2619	-0.2948	BS_6W98M0YD
1221249_D1	EUR	NA	0	0	0.0371	0	0.9629	-1.29	11.2187	-2.1726	-11.0227	-2.5974	BS_CQCC9ZZK
1221250_D1	EUR	NA	0	0	0.0507	0	0.9493	0.626	12.5088	-3.2887	-7.7682	-1.2172	BS_N7MZQ07F
1221251_D1	EUR	NA	0	0	0.0639	0	0.9361	-1.1273	12.0313	-6.7285	-9.2184	-0.605	BS_4155DEYA
1221252_D1	EUR	NA	0	0	0.0492	0	0.9508	-0.1598	12.6308	-4.5078	-7.5258	0.0657	BS_62EDK5AP
1221253_D1	EUR	NA	0	0	0.0903	0	0.9097	-1.8932	11.3362	-3.4942	-7.9581	-3.9323	BS_9ZQYJM2P
1221254_D1	EUR	NA	0	0	0.0518	0	0.9482	-0.8083	12.8075	-3.4262	-7.4432	-0.847	BS_Y86Q36K2
1221255_D1	EUR	NA	0	0	0.0562	0	0.9438	0.3073	11.9972	-6.6532	-9.2636	-2.0158	BS_1FVCNZNC
1221256_D1	EUR	NA	0	0	0.0535	0	0.9465	-0.4506	12.3619	-4.6932	-8.9361	-0.8055	BS_0NVAJ834
1221257_D1	EUR	NA	0	0	0.0577	0	0.9423	-2.3058	11.747	-2.9055	-9.5974	-3.5817	BS_CXKAM9GG
1221258_D1	EUR	NA	0	0	0.0269	0	0.9731	0.8008	13.6991	-4.585	-10.5345	-0.703	BS_FEXRS9K5
1221259_D1	AMR	NA	0	1e-4	0.7116	2e-4	0.288	-1.3873	4.6743	-5.983	-0.6552	-2.585	BS_FGMD21YX
1221260_D1	EUR	NA	0	0	0.0882	0	0.9118	-1.24	10.9941	-4.6889	-8.0175	-1.0731	BS_7GSFF70H
1221261_D1	AFR	NA	0	0.9884	0.0116	0	0	-45.1746	-14.3907	-2.4848	1.7067	-0.2019	BS_BCRAKJTM
1221262_D1	AMR	NA	0	0.0182	0.9818	0	0	-3.4433	-9.33	-14.8452	13.146	-1.6115	BS_HR7W7CH2
1221263_D1	EUR	NA	0	0	0.1141	0	0.8859	-2.0031	10.638	-1.8456	-7.0215	-2.9257	BS_6JV7HRQT
1221264_D1	EUR	NA	0	0	0.042	0	0.958	-0.169	11.9753	-3.7003	-9.9432	-2.9003	BS_PG77EAZ0
1221265_D1	EUR	NA	0	0	0.0359	0	0.9641	-1.316	13.735900000000001	-4.7109	-9.1972	0.1215	BS_6FCYD4Z9
1221266_D1	AMR	NA	0	0.013	0.987	0	0	-2.7594	-11.4551	-13.6565	17.7816	-0.8424	BS_ZHS27WJ6
1221267_D1	EUR	NA	0	0	0.0559	0	0.9441	0.0075	12.3281	-2.1283	-8.1866	-2.7859	BS_ZJRHJQ4K
1221268_D1	EUR	NA	0	0	0.0739	0	0.9261	-0.8261	12.202	-3.6714	-7.7196	-3.0586	BS_F3DG75NV
1221269_D1	EUR	NA	0	0	0.0901	0	0.9099	-2.6568	11.5129	-2.7189	-8.037	-4.1272	BS_XVG471J6
1221270_D1	AFR	NA	0	0.9945	0.0055	0	0	-45.5053	-11.0798	-1.5329	-1.6041	-2.3756	BS_5Y8PP625
1221271_D1	AFR	NA	0	0.9964	0.0036	0	0	-46.4176	-12.4991	-1.4489	-3.1971	-1.3827	BS_G9D22KV7
1221272_D1	EUR	NA	0	0	0.0875	0	0.9125	-1.8851	11.5586	-4.325	-8.1006	-2.2696	BS_2T3EN37G
1221273_D1	EUR	NA	0	0	0.0481	0	0.9519	-1.9161	13.6892	-4.3538	-8.0485	-1.7387	BS_SWREEHGR
1221274_D1	EUR	NA	0	0	0.0507	0	0.9493	0.28	11.2294	-6.2709	-10.0135	-0.7582	BS_764SEC5H
1221275_D1	EUR	NA	0	0	0.0663	0	0.9337	0.4068	11.8697	-3.5	-7.8856	-2.1155	BS_TS0MPT9S
1221276_D1	EUR	NA	0	0	0.0608	0	0.9392	-0.7983	10.993	-5.5266	-9.7212	-2.5618	BS_R3PV66SC
1221277_D1	AFR	NA	0	0.9982	0.0018	0	0	-49.7325	-13.5885	-0.5283	-1.4872	-1.9446	BS_V3JMEP3R
1221278_D1	EUR	NA	0	0	0.0289	0	0.9711	-1.1198	14.2827	-3.1599	-10.54	-0.6958	BS_FM1X4D3T
1221279_D1	EUR	NA	0	0	0.0688	0	0.9312	-0.709	12.3316	-4.451	-6.3609	-1.4293	BS_TBPV5KJB
1221280_D1	EUR	NA	0	0	0.0676	0	0.9324	-0.4972	10.8686	-4.5389	-9.0101	-0.7076	BS_01RDTAAC
1221281_D1	EUR	NA	0	0	0.0328	0	0.9672	1.3705	13.6409	-3.2528	-8.2656	-0.8044	BS_XAAQXRPQ
1221282_D1	EUR	NA	0	0	0.0807	0	0.9193	-1.8638	10.7794	-3.5192	-8.79	-0.8716	BS_AQG47NGE
1221283_D1	EUR	NA	0	0	0.0416	0	0.9584	-0.6648	13.8629	-6.5833	-7.6495	-0.461	BS_MV8FFG8Z
1221284_D1	EUR	NA	0	0	0.0751	0	0.92490000000000006	-3.9423	12.4764	-3.341	-9.0009	-4.0758	BS_71YW5S8M
1221285_D1	EUR	NA	0	0	0.0565	0	0.9435	-3.1288	12.0032	-2.752	-9.8844	-3.7734	BS_R0V8J6AH
1221286_D1	EUR	NA	0	0	0.0797	0	0.9203	-4.6541	12.113	-3.7922	-9.3877	-2.8922	BS_WW7BD5R5
1221287_D1	EAS	NA	1	0	0	0	0	5.691	-43.8542	-2.2074	-8.0059	1.3655	BS_AYMHR6B5
1221288_D1	EUR	NA	0	0	0.1083	0	0.8917	-3.2191	9.7161	-4.2308	-8.8414	-2.7954	BS_FV0WYBDW
1221289_D1	EUR	NA	0	0	0.0828	0	0.9172	0.559	10.6641	-5.2667	-7.9875	-0.6372	BS_KX3J91CJ
1221290_D1	EUR	NA	0	0	0.0746	0	0.9254	0.3938	11.2043	-4.4984	-7.2102	-0.6036	BS_JXM9TN3Q
1221291_D1	EUR	NA	0	0	0.0653	0	0.9347	0.3647	11.4084	-4.2818	-8.4049	-1.2812	BS_SVMMRJ76
1221292_D1	EUR	NA	0	0	0.0738	0	0.9262	-1.7008	11.4651	-4.3838	-7.6004	0.1812	BS_1TX7BC1Y
1221293_D1	EUR	NA	0	0	0.0735	0	0.9265	-5.0794	10.8294	-0.989	-10.1802	-3.0854	BS_BYJSEP5R
1221294_D1	EUR	NA	0	0	0.1096	0	0.8904	-3.8166	10.8457	-3.1118	-8.2065	-2.2354	BS_SPREDP9K
1221295_D1	EUR	NA	0	0	0.0523	0	0.9477	0.2656	13.326	-5.2506	-8.4629	-3.2686	BS_7DHED1S3
1221296_D1	EUR	NA	0	0	0.0769	0	0.9231	0.2864	11.2725	-5.189	-7.695	-1.114	BS_091F8V49
1221297_D1	EUR	NA	0	0	0.0394	0	0.9606	0.0663	13.5837	-5.2917	-9.6122	-1.6737	BS_7P4VH4AR
1221298_D1	EUR	NA	0	0	0.1147	0	0.8853	-3.5241	8.2195	-2.1291	-9.1158	-2.9344	BS_F3QBHFGD
1221299_D1	EUR	NA	0	0	0.0392	0	0.9608	-1.0161	13.1574	-5.4003	-10.0544	0.3967	BS_DCBJEX7K
1221301_D1	EUR	NA	0	0	0.0762	0	0.9238	-0.9595	11.4472	-3.0958	-7.9911	-1.6021	BS_YNP9CH4X
1221302_D1	EUR	NA	0	0	0.0592	0	0.9408	-0.8764	13.1828	-5.3188	-7.8884	-2.8411	BS_0SJ0PKS6
1221303_D1	AFR	NA	0	0.896	0.104	0	0	-31.0965	-2.2619	-1.9897	-5.3111	-1.8403	BS_DXWH46NJ
1221304_D1	EUR	NA	0	0	0.0688	0	0.9312	0.038	10.9966	-4.9004	-8.7111	-0.6025	BS_TNFQR213
1221305_D1	EUR	NA	0	0	0.0496	0	0.9504	0.8918	12.7421	-3.4575	-6.6542	-0.9604	BS_KGMJMPZ3
1221306_D1	EUR	NA	0	0	0.0833	0	0.9167	-2.6336	12.1084	-3.0644	-8.1099	-4.1399	BS_9HS7GTFX
1221307_D1	EUR	NA	0	0	0.0468	0	0.9532	-0.8744	12.2068	-4.0465	-9.8019	-3.0367	BS_G4R86HY3
1221308_D1	EUR	NA	0	0	0.0589	0	0.9411	-0.9011	11.9596	-4.4382	-8.4027	-0.051	BS_C0FX1TTM
1221309_D1	AMR	NA	0	0.0061	0.987	0	0.0069	-9.7625	1.8263	-7.1136	0.6787	-2.4055	BS_TB23GVKQ
1221310_D1	EUR	NA	0	0	0.0534	0	0.9466	0.7507	11.314	-6.4177	-9.583	-0.2036	BS_G3V2NGA9
1221311_D1	EUR	NA	0	0	0.0696	0	0.9304	-2.0469	12.7444	-6.618	-7.2203	-1.3866	BS_C8EJ64PK
1221312_D1	EAS	NA	1	0	0	0	0	5.737	-31.9476	-1.8282	-8.1005	1.2119	BS_R6WD9RRQ
1221313_D1	AMR	NA	0	0.0086	0.98	0.0011	0.0103	0.4309	-0.1499	-8.5695	4.0282	-0.9117	BS_VC1GXTQ3
1221314_D1	AMR	NA	0	1e-4	0.7951	1e-4	0.2048	1.8531	-1.3186	-5.5653	-8.5268	-3.0713	BS_Q0CWKWNE
1221315_D1	EUR	NA	0	0	0.0564	0	0.9436	0.176	11.9611	-5.487	-9.0614	-1.1623000000000001	BS_R3N5PM8F
1221316_D1	EUR	NA	0	0	0.0547	0	0.9453	1.3009	11.0062	-5.3866	-9.1583	-0.6102	BS_KZ6B10R8
1221317_D1	AMR	NA	0	0.0184	0.9816	0	0	-2.9149	-7.8704	-12.7462	10.868	-3.9607	BS_910A53YV
1221318_D1	EUR	NA	0	0	0.0901	0	0.9099	-2.5462	9.6243	-1.1007	-8.613	-3.6536	BS_6CHHARB4
1221319_D1	EUR	NA	0	0	0.0531	0	0.9469	-0.6514	12.9555	-3.6637	-8.2875	-2.184	BS_HZVQMVWD
1221320_D1	EUR	NA	0	0	0.0492	0	0.9508	-1.0703	13.6667	-5.4751	-6.8552	-1.2441	BS_0S42PF8A
1221321_D1	EUR	NA	0	0	0.0431	0	0.9569	-0.8977	14.1003	-4.7745	-8.2779	-2.538	BS_NDS04K31
1221322_D1	EUR	NA	0	0	0.0714	0	0.9286	-1.6195	11.9175	-3.0141	-7.6552	-1.4778	BS_98TNXE6N
1221323_D1	EUR	NA	0	0	0.0328	0	0.9672	0.4336	12.8531	-5.1823	-10.5265	-1.2676	BS_Z7CJGZX5
1221324_D1	EUR	NA	0	0	0.0966	0	0.9034	-0.9439	10.5586	-4.8806	-7.9937	-2.3664	BS_EHNB4TF5
1221325_D1	EUR	NA	0	0	0.0534	0	0.9466	1.6872	9.9063	-3.569	-9.2327	-1.8068	BS_K5ZG9HPP
1221326_D1	EUR	NA	0	0	0.0595	0	0.9405	-1.4264	12.4374	-4.0362	-8.6033	-1.4041	BS_JXFNCTM8
1221327_D1	EUR	NA	0	0	0.0651	0	0.9349	-0.8944	12.5082	-4.181	-8.3699	-3.1997	BS_T3EWZW90
1221328_D1	EUR	NA	0	0	0.0796	0	0.9204	0.111	10.3987	-3.0481	-7.9566	-2.8147	BS_808EYN2V
1221329_D1	AFR	NA	0	0.9991	9e-4	0	0	-52.5766	-14.1345	0.1125	-2.0531	-1.6551	BS_YFMRSGXM
1222443_D1	EUR	NA	0	0	0.0476	0	0.9524	-0.2782	12.8209	-4.1077	-8.2388	-0.7262	BS_MD97271K
1222444_D1	EUR	NA	0	0	0.0372	0	0.9628	0.0542	13.9275	-5.5106	-8.1618	-0.8675	BS_0DZXG9R0
1222445_D1	EUR	NA	0	0	0.0453	0	0.9547	0.2282	13.3383	-4.4025	-8.0011	-1.7514	BS_ZRJYBAZA
1222446_D1	EUR	NA	0	0	0.0549	0	0.9451	-0.645	12.2983	-3.7447	-8.7546	-1.0053	BS_0PEYRRGR
1222448_D1	EAS	NA	1	0	0	0	0	7.6667	-41.6487	0.468	-7.6031	0.1397	BS_GCDHVNTG
1222449_D1	AFR	NA	0	0.9996	4e-4	0	0	-55.5468	-15.1589	-0.4369	-1.4438	-1.2227	BS_EDS5XV9S
1222450_D1	EUR	NA	0	0	0.0687	0	0.9313	-1.3637	11.8829	-5.4836	-8.4221	-0.7195	BS_92E79V4C
1222451_D1	EUR	NA	0	0	0.0533	0	0.9467	-0.2136	12.7375	-7.0955	-8.9933	-1.0648	BS_8Y452Z1M
1222452_D1	AFR	NA	0	0.8511	0.1489	0	0	-30.0067	-2.4783	-2.7085	-5.5583	-2.5363	BS_5B280M85
1222453_D1	AMR	NA	0	0.0158	0.9838	0	4e-4	-3.2002	-2.8164	-11.1005	6.7307	-1.5571	BS_QGK8R19Y
1222456_D1	AMR	NA	0	0.0032	0.9812	5e-4	0.015	-1.0051	1.7154	-9.8757	0.9429	-3.0428	BS_XCM4AXA5
1222457_D1	EUR	NA	0	0	0.0754	0	0.9246	-2.3112	11.7214	-4.1915	-8.3128	-0.9757	BS_E0ME90MF
1222458_D1	EUR	NA	0	0	0.0702	0	0.9298	-2.0475	12.3476	-4.9954	-8.4095	-1.9053	BS_3C5W62J2
1222459_D1	EUR	NA	0	0	0.0917	0	0.9083	-1.3575	10.3849	-3.0806	-8.0733	-1.0529	BS_SR2VZBNF
1222461_D1	EUR	NA	0	0	0.0679	0	0.9321	0.1885	11.8214	-2.8858	-7.6862	-2.1667	BS_V2M4Z4MK
1222463_D1	EUR	NA	0	0	0.0755	0	0.9245	-0.8209	11.0411	-5.2969	-7.5209	0.8032	BS_MSNBRQCF
1222465_D1	EUR	NA	0	0	0.0602	0	0.9398	-0.0516	11.9901	-5.5037	-7.461	0.0755	BS_Y4BNF9K0
1222466_D1	EUR	NA	0	0	0.0447	0	0.9553	-1.2632	12.8635	-4.1807	-9.8487	-1.2118	BS_AK21SY50
1222467_D1	EUR	NA	0	0	0.0585	0	0.9415	-0.9359	12.1663	-6.4591	-8.7678	0.0295	BS_ZGY1N5NR
1222468_D1	EUR	NA	0	0	0.1746	0	0.8254	-1.8039	9.9222	-4.2941	-5.5773	-3.8824	BS_9DWC4849
1222469_D1	EUR	NA	0	0	0.0446	0	0.9554	-0.3824	13.5699	-3.2393	-8.5404	-2.6283	BS_VTSP1QDS
1222470_D1	EUR	NA	0	0	0.0674	0	0.9326	-2.1976	12.7489	-4.6804	-8.2488	-2.4841	BS_AJ9244DW
1222471_D1	AFR	NA	0	0.9998	2e-4	0	0	-59.8159	-17.1101	-1.3658	-1.8956	-0.9174	BS_CAD80QQG
1222472_D1	EUR	NA	0	0	0.031	0	0.969	1.5177	12.2574	-4.9308	-10.5068	-1.5131	BS_N7AKNKD4
1222473_D1	AFR	NA	0	0.9988	0.0012	0	0	-51.3595	-14.471	-0.6062	-2.0958	-1.0147	BS_6KWZS86H
1222474_D1	EUR	NA	0	0	0.2007	0	0.7993	-3.5034	7.662	0.3065	-6.3398	-2.9402	BS_5DG3SMBJ
1222475_D1	EUR	NA	0	0	0.0443	0	0.9557	-0.4175	11.5108	-4.5521	-10.3004	-2.0253	BS_2GJNT2SQ
1222476_D1	EUR	NA	0	0	0.3713	0	0.6286	-7.7143	6.8664	-3.8963	-8.5665	-1.8104	BS_M7HEYCK2
1222477_D1	EUR	NA	0	0	0.047	0	0.953	0.8176	11.9932	-3.803	-9.0829	-1.0896	BS_0R7X4SPG
1222478_D1	EUR	NA	0	0	0.0551	0	0.9449	-0.6411	12.164	-4.6893	-9.2265	-2.549	BS_A5XXKEPG
1222479_D1	EUR	NA	0	0	0.0463	0	0.9537	0.1718	12.415	-3.6821	-9.1881	-0.521	BS_6JJYRPHV
1222480_D1	EUR	NA	0	0	0.0805	0	0.9195	-0.9017	11.6443	-4.5496	-8.0636	-2.6808	BS_QK5QNHNM
1222481_D1	EUR	NA	0	0	0.0379	0	0.9621	-0.5874	11.1783	-5.3189	-11.3449	-1.9148	BS_92FCHX33
1222482_D1	EUR	NA	0	0	0.0595	0	0.9405	0.7594	11.9573	-6.4789	-8.101	-0.4067	BS_BRXG61YQ
1222483_D1	EUR	NA	0	0	0.081	0	0.919	0.0254	11.8663	-6.1941	-7.7751	-2.7974	BS_EQM810W1
1222484_D1	EUR	NA	0	0	0.0385	0	0.9615	-0.6616	13.3064	-4.3385	-9.9618	-1.208	BS_C5FDH00W
1222485_D1	EUR	NA	0	0	0.1655	0	0.8345	-1.5987	9.1736	-5.7787	-5.5606	-0.6601	BS_H7RMK1MB
1222486_D1	SAS	NA	0	0	0	1	0	-1.5273	-4.2329	13.2573	-0.3324	-2.0263	BS_SFXPYZTZ
1222487_D1	EUR	NA	0	0	0.0366	0	0.9634	-0.5694	12.7403	-4.8812	-10.5465	-1.0363	BS_SCSH38NF
1222488_D1	EUR	NA	0	0	0.0536	0	0.9464	-0.8564	11.8402	-4.5789	-9.5878	-0.7192	BS_WRS3DCTG
1222489_D1	EUR	NA	0	0	0.0827	0	0.9173	-0.5264	11.8204	-5.6284	-7.3353	-2.3681	BS_KJP4X9CK
1222490_D1	EUR	NA	0	0	0.0399	0	0.9601	0.0226	12.6434	-5.3504	-10.0938	-1.408	BS_MG7QD2RW
1222491_D1	EUR	NA	0	0	0.0665	0	0.9335	-1.7729	11.9048	-1.7512	-8.4324	-3.8086	BS_35EYMRXR
1222492_D1	EUR	NA	0	0	0.0972	0	0.9028	-3.25	10.9147	-2.3272	-8.2317	-2.2187	BS_FQRM68JZ
1222493_D1	EUR	NA	0	0	0.0581	0	0.9419	0.3361	9.6377	-3.7406	-9.695	-1.576	BS_R46BAYBF
1222494_D1	EUR	NA	0	0	0.0661	0	0.9339	-0.4251	12.0234	-4.265	-7.4572	-1.2324	BS_4ZKBD35D
1222495_D1	EUR	NA	0	0	0.0926	0	0.9074	-2.9234	12.6512	-5.5153	-7.9113	-4.5278	BS_63T9ZZP9
1222496_D1	EUR	NA	0	0	0.0475	0	0.9525	-2.0417	12.033	-3.666	-10.2784	-3.2071	BS_CDSFSRXM
1222497_D1	EUR	NA	0	0	0.105	0	0.895	-3.496	10.8107	-2.7509	-8.1648	-4.1603	BS_1533PYZ5
1222499_D1	EUR	NA	0	0	0.0619	0	0.9381	0.743	10.4527	-4.4326	-9.0633	0.4414	BS_WSWTMSV2
1222500_D1	EUR	NA	0	0	0.072	0	0.928	0.061	11.152	-4.9316	-6.9932	0.5221	BS_E2J5TD54
1222501_D1	EUR	NA	0	0	0.0496	0	0.9504	-1.528	13.1556	-5.7201	-7.6786	-0.0413	BS_EQ98CJJT
1222502_D1	AMR	NA	0.001	0.0122	0.9691	1e-4	0.0176	-10.5539	2.8938	-5.7831	-1.5061	-1.5155	BS_QC19CD3X
1222503_D1	AMR	NA	2e-4	0.0094	0.9847	0	0.0057	-10.6463	0.4019	-6.554	-0.3675	-2.5977	BS_YEES7TK7
1222504_D1	SAS	NA	0	0	0	1	0	-0.9484	-5.0596	18.1224	1.4612	-2.6644	BS_1SD893TF
1222505_D1	SAS	NA	0	0	0	1	0	-1.4206	-7.5832	18.7451	4.2379	-1.8713	BS_SDPQMBJH
1222506_D1	SAS	NA	0	0	0	1	0	-3.1635	-5.9194	12.6224	1.1056	-2.4747	BS_7WJA20HZ
1222507_D1	AMR	NA	1e-4	0.0057	0.9806	0	0.0135	-11.6864	3.9375	-4.2237	0.3438	-2.4605	BS_8SXMCJ5E
1222508_D1	EUR	NA	0	0	0.0755	0	0.9245	-2.2789	11.6575	-3.5053	-8.6961	-1.3959	BS_VZNB0K0E
1222509_D1	EUR	NA	0	0	0.0759	0	0.9241	-1.7662	11.5507	-4.5132	-7.6629	-0.3866	BS_KPNJ83ME
1222510_D1	EUR	NA	0	0	0.0893	0	0.9107	-1.8856	10.5649	-2.5946	-8.2064	-2.3274	BS_A9KB9R5J
1222511_D1	AMR	NA	0	0.0248	0.9727	0	0.0025	-14.3483	-0.0146	-5.1547	0.5832	-3.5185	BS_JS08M37B
1222512_D1	EUR	NA	0	0	0.0763	0	0.9237	-3.2807	10.2118	-4.6751	-10.1449	-4.267	BS_K3DZY5MF
1222513_D1	AFR	NA	0	0.5568	0.4432	0	0	-23.9283	-3.1504	-2.9139	-4.9389	-2.997	BS_MHB4NXEW
1222514_D1	AFR	NA	0	0.9989	0.0011	0	0	-51.3767	-13.3104	-0.2635	-2.6004	-1.0906	BS_P1KBE8PG
1222515_D1	EUR	NA	0	0	0.082	0	0.918	-3.5523	11.3903	-2.2976	-8.7945	-4.196	BS_WBT0DF0Y
1222516_D1	EUR	NA	0	0	0.0457	0	0.9543	-1.8741	12.4774	-5.3727	-10.5204	-2.1774	BS_8X9PDS3S
1222517_D1	EUR	NA	0	0	0.056	0	0.944	-1.579	12.6245	-2.5658	-8.5854	-1.7447	BS_ECSZ3MP4
1222518_D1	EUR	NA	0	0	0.0621	0	0.9379	-0.0676	10.2625	-6.873	-10.0116	-2.0778	BS_J4ZVDZAR
1222519_D1	EUR	NA	0	0	0.032	0	0.968	-2.8698	15.2946	-3.2627	-9.5317	-2.7462	BS_5827K3VW
1222520_D1	EUR	NA	0	0	0.0498	0	0.9502	-0.8653	11.6723	-4.7828	-10.0095	-1.9419	BS_KFK9SX88
1222521_D1	EUR	NA	0	0	0.0914	0	0.9086	0.1965	10.749	-4.6149	-7.3127	-1.4339	BS_HPCNC56T
1222522_D1	EUR	NA	0	0	0.0449	0	0.9551	-1.4309	12.712	-6.7876	-10.3511	1.0761	BS_AW4KR8MB
1222523_D1	EUR	NA	0	0	0.0609	0	0.9391	0.0262	11.0139	-5.5169	-9.3292	-1.9546	BS_XVTQ1YYD
1222525_D1	AFR	NA	0	0.9968	0.0032	0	0	-48.3402	-11.877	-1.5982	-1.8547	-2.8432	BS_8P91STS2
1222526_D1	AFR	NA	0	0.9998	2e-4	0	0	-59.639	-16.7757	-0.2717	-1.0912	-1.0317	BS_W509FKC6
1222527_D1	EUR	NA	0	0	0.0621	0	0.9379	-0.1341	10.7315	-4.4655	-9.2741	-0.1672	BS_9H52T8WF
1222528_D1	AFR	NA	0	0.9993	7e-4	0	0	-54.6885	-15.5375	-1.3402	-2.0516	-0.7384	BS_AS0GGWR8
1222529_D1	SAS	NA	0	0	0	1	0	-0.1252	-7.8243	17.1742	5.227	-1.6772	BS_9875ATXF
1222530_D1	EUR	NA	0	0	0.0643	0	0.9357	-0.9808	11.0914	-1.3396	-8.544	-4.0156	BS_264QQD38
1222531_D1	EUR	NA	0	0	0.0818	0	0.9182	0.2469	11.2543	-5.093	-7.7366	-1.7848	BS_7NW0RZ86
1222532_D1	AFR	NA	0	0.9991	9e-4	0	0	-52.3153	-13.9446	-0.261	-3.4138	-1.3809	BS_AHCD5MXP
1222533_D1	EUR	NA	0	0	0.0654	0	0.9346	0.3206	12.3459	-4.2127	-7.4738	-2.656	BS_TVHM45ZB
1222534_D1	EUR	NA	0	0	0.0698	0	0.9302	-1.0516	11.8844	-3.9063	-7.7898	-1.3279	BS_RJ4VHD8V
1222536_D1	AMR	NA	0	0.0149	0.9851	0	0	-2.1421	-6.455	-11.6371	9.6823	-4.2945	BS_KW3A0K41
1222537_D1	EUR	NA	0	0	0.0942	0	0.9058	-2.6204	10.735	-2.8388	-7.8784	-0.0052	BS_R0JQJN4E
1223198_D1	EUR	NA	0	0	0.071	0	0.929	-0.9175	11.1195	-5.7309	-9.1407	-1.5599	BS_QYPK3D9R
1223199_D1	EUR	NA	0	0	0.0803	0	0.9197	-0.664	11.7492	-3.9194	-7.4707	-2.5455	BS_1VD6C04K
1223200_D1	EUR	NA	0	0	0.0722	0	0.9278	-2.7969	11.7763	-1.8712	-8.6639	-3.6761	BS_V7ZT7BSN
1223201_D1	EUR	NA	0	0	0.0571	0	0.9429	0.8339	12.5683	-5.3745	-7.5264	-1.784	BS_KX31RET2
1223202_D1	AMR	NA	0	0.0036	0.9964	0	0	4.1463	-19.1611	-19.7084	26.8432	-2.834	BS_MEKX8P9B
1223203_D1	AMR	NA	0	0.0111	0.9886	0	3e-4	-4.6659	-2.6702	-10.8429	6.3406	-4.0657	BS_B5Y01R2S
1223204_D1	EUR	NA	0	0	0.0812	0	0.9188	0.8234	10.1338	-5.9846	-8.394	-0.6262	BS_7NA7PF1E
1223205_D1	AFR	NA	0	0.9999	1e-4	0	0	-62.3933	-16.4741	-0.3784	-3.0002	-1.0053	BS_R28SHV6A
1223206_D1	EUR	NA	0	0	0.0712	0	0.9288	-0.8696	10.2701	-5.5069	-9.6359	0.3079	BS_N6D427GB
1223207_D1	AMR	NA	0	0.0065	0.9275	1e-4	0.0658	-13.1772	4.9707	-2.796	-7.7358	-0.7959	BS_7RBEFYYQ
1223208_D1	EUR	NA	0	0	0.4462	1e-4	0.5536	-5.7864	6.2414	-6.12	-6.1984	-0.5988	BS_E3FPQ1J1
1223209_D1	EUR	NA	0	0	0.0568	0	0.9432	-0.5215	12.2063	-3.114	-7.3659	-0.4416	BS_PB43QEJA
1223210_D1	EUR	NA	0	0	0.0478	0	0.9522	-1.1243	10.4526	-4.1162	-10.7819	-2.3054	BS_MMTG4RZZ
1223211_D1	EUR	NA	0	0	0.0839	0	0.9161	-2.1993	10.1078	-3.0587	-9.0425	-1.4429	BS_EWT9M72V
1223212_D1	EUR	NA	0	0	0.0492	0	0.9508	-1.2124	13.2065	-4.4625	-8.831	-1.6993	BS_2CAH6H1H
1223213_D1	EUR	NA	0	0	0.0426	0	0.9574	1.2647	12.4201	-4.2355	-9.1373	-1.0612	BS_BB0VM18N
1223214_D1	SAS	NA	0	0	0	1	0	-2.0457	-1.2264	11.7971	1.4461	-1.4758	BS_P1XGJBXW
1223215_D1	EUR	NA	0	0	0.0649	0	0.9351	0.9692	11.5839	-6.5222	-7.9043	-0.3072	BS_V1Q6VF5E
1223216_D1	EUR	NA	0	0	0.0802	0	0.9198	-1.7139	11.1253	-2.6576	-8.0679	-0.6371	BS_4BXA0H65
1223217_D1	AFR	NA	0	0.9997	3e-4	0	0	-57.8029	-15.9849	-1.2863	-2.1175	-1.9307	BS_ACTKGJPV
1223218_D1	EUR	NA	0	0	0.0555	0	0.9445	-1.7769	11.8747	-6.0652	-10.2003	-0.5007	BS_B9FAS19P
1223219_D1	AFR	NA	0	0.9193	0.0807	0	0	-35.5188	-6.0787	-2.9653	-1.1499	-2.6227	BS_Y294ZJYN
1223220_D1	EUR	NA	0	0	0.0511	0	0.9489	-0.5126	12.9271	-5.7721	-9.1439	-1.5664	BS_5ND0V5AZ
1223221_D1	EUR	NA	0	0	0.0537	0	0.9463	-0.1467	12.7885	-6.2566	-7.8412	-0.8389	BS_E7HGYZ0D
1223222_D1	EUR	NA	0	0	0.1227	0	0.8773	-4.5458	9.1403	-4.9244	-9.5218	-1.6002	BS_3QV589RW
1223223_D1	AMR	NA	0.003	0.018	0.9761	9e-4	0.0021	-6.5043	-5.1453	-2.7149	-3.5442	-1.5508	BS_VX0RNH24
1223224_D1	AMR	NA	0	0.0192	0.9804	0	3e-4	-11.953	-1.7826	-8.77	3.1297	-2.2394	BS_PX13N0C2
1223225_D1	EUR	NA	0	0	0.1304	0	0.8696	1.1394	5.4981	-6.1535	-8.7668	-1.3582	BS_JA408H13
1223226_D1	AFR	NA	0	0.9334	0.0666	0	0	-33.0267	-6.7156	-0.4557	-2.3361	-1.7611	BS_1QJZNS57
1223227_D1	EUR	NA	0	0	0.0498	0	0.9502	0.3076	11.7787	-3.7036	-9.1767	-0.8976	BS_VAFM1ED4
1223228_D1	EUR	NA	0	0	0.0505	0	0.9495	-1.9702	13.1465	-3.1821	-8.7028	-1.6468	BS_KPAR4N94
1223229_D1	AFR	NA	0	0.8697	0.1303	0	0	-30.2078	-4.4101	-1.6145	-3.1631	-1.966	BS_BS3EHSF8
1223230_D1	EUR	NA	0	0	0.0657	0	0.9343	-2.2078	11.3777	-4.9112	-9.7136	-1.5432	BS_3PMMVEM6
1223231_D1	EUR	NA	0	0	0.0949	0	0.9051	-2.6406	8.9611	-2.7605	-9.1777	-4.126	BS_F2VP92A0
1223232_D1	AFR	NA	0	0.9982	0.0018	0	0	-49.981	-10.6748	0.4253	-2.0063	-1.1147	BS_Z102EG4B
1223233_D1	AMR	NA	1e-4	0.0348	0.9628	0	0.0024	-14.2721	-0.9353	-5.2884	-0.3914	-4.2776	BS_EV8SSWM7
1223234_D1	EUR	NA	0	0	0.0308	0	0.9692	-0.3968	13.2002	-3.1763	-10.5509	-0.9608	BS_ZDJ9VJTH
1223235_D1	EUR	NA	0	0	0.075	0	0.925	-0.8472	10.7693	-4.022	-8.6553	-5.0806	BS_311ANY1Q
1223236_D1	EUR	NA	0	0	0.0681	0	0.9319	-1.477	12.4905	-6.4141	-8.7449	-2.098	BS_WFAAFYYK
1223237_D1	EUR	NA	0	0	0.125	0	0.875	-1.0724	10.0184	-3.049	-6.3512	-1.852	BS_CYNM1G8E
1223238_D1	EUR	NA	0	0	0.0461	0	0.9539	-1.4773	12.3662	-4.9433	-10.2701	-1.4888	BS_SEPB85BK
1223239_D1	AMR	NA	0	0.0152	0.968	0	0.0168	-15.9624	4.9317	-5.3362	-8.1375	-1.9084	BS_M56JM3M8
1223240_D1	EUR	NA	0	0	0.0617	0	0.9383	0.1994	11.5464	-3.8982	-8.5387	-1.6328	BS_RHQTW4B8
1223241_D1	AMR	NA	0	0.0065	0.9884	0	0.0051	-7.4541	1.2841	-8.9974	1.4877	-1.9443	BS_RQPQRGTW
1223242_D1	EUR	NA	0	0	0.0593	0	0.9407	-0.936	11.551	-3.0022	-9.0063	-1.2299	BS_70DAH3K4
1223243_D1	EUR	NA	0	0	0.073	0	0.927	-0.6793	10.9296	-4.0747	-8.6301	-2.4476	BS_ZNC4K61H
1223244_D1	EUR	NA	0	0	0.0801	0	0.9199	-0.9623	11.2935	-4.7193	-8.3419	-2.0984	BS_RY7ECY34
1223245_D1	EUR	NA	0	0	0.0874	0	0.9126	0.1687	10.495	-4.1264	-7.7566	-1.9027	BS_K82PQ3YQ
1223246_D1	AMR	NA	0	0.0826	0.9174	0	0	-20.0319	-27.033	-1.2345	-5.0437	-3.1969	BS_8NBX80Z2
1223247_D1	EUR	NA	0	1e-4	0.3108	0	0.6892	-7.116	7.6516	-0.9829	-6.9017	-5.6909	BS_69BE9DWN
1223248_D1	AFR	NA	0	0.9997	3e-4	0	0	-58.0161	-16.0268	0.0146	-1.707	-1.6282	BS_5AQPG1MF
1223249_D1	EUR	NA	0	0	0.0707	0	0.9293	0.84	11.5543	-5.9774	-6.5432	-0.2755	BS_KDXHPBS9
1223250_D1	EUR	NA	0	0	0.06	0	0.94	-1.428	12.7775	-3.8693	-8.4385	-2.4023	BS_W2ZKJFTR
1223251_D1	EUR	NA	0	0	0.0934	0	0.9066	-0.4271	10.1312	-6.0551	-8.3959	-2.9111	BS_RQYXHKBC
1223252_D1	SAS	NA	0	0	0	1	0	-4.384	1.5889	7.0168	-2.6791	-4.0313	BS_C7S8CVYN
1223253_D1	EUR	NA	0	0	0.4365	0	0.5634	-8.7305	8.1164	-3.3429	-7.9658	0.6662	BS_GJ1260FS
1223254_D1	EUR	NA	0	0	0.0883	0	0.9117	-1.6498	11.1731	-4.0359	-7.9074	-1.4518	BS_CQCTS7X7
1223255_D1	AFR	NA	0	0.9976	0.0024	0	0	-48.85	-13.2512	-1.4888	-1.3868	-0.5543	BS_JA548HKW
1223256_D1	EUR	NA	0	0	0.0575	0	0.9425	-0.0277	11.176	-4.2465	-9.1932	-2.9437	BS_Q93M45PD
1223257_D1	EUR	NA	0	0	0.0969	0	0.903	-2.8769	9.3979	-1.0904	-8.5804	-3.3045	BS_AS96FMP1
1223258_D1	EUR	NA	0	0	0.0521	0	0.9479	-1.0127	13.203	-7.1139	-9.6279	-2.9161	BS_W92D6CC6
1223259_D1	EUR	NA	0	0	0.1024	0	0.8976	-3.0207	10.5256	-3.771	-8.4519	-2.2121	BS_KW2TMQQ7
1223260_D1	EUR	NA	0	0	0.0771	0	0.9229	-3.219	11.3296	-2.9756	-9.0952	-2.4305	BS_GDAD7C34
1223261_D1	EUR	NA	0	0	0.0479	0	0.9521	0.3784	12.6126	-3.9518	-8.9074	-1.7162	BS_HY3Q1DXE
1223262_D1	EUR	NA	0	0	0.0617	0	0.9383	-0.7327	12.0556	-4.8216	-8.886	-1.1534	BS_4732YSHR
1223263_D1	EUR	NA	0	0	0.1408	0	0.8592	-1.073	8.9598	-1.7116	-6.3292	-0.6239	BS_1FPVXAQR
1223264_D1	EUR	NA	0	1e-4	0.2348	0	0.7651	-6.0461	7.032	-0.497	-7.3702	-5.8336	BS_NNW8WPDX
1223265_D1	EUR	NA	0	0	0.0417	0	0.9583	-0.716	13.2302	-3.7229	-9.5668	-2.2596	BS_KPM5WCQ0
1223266_D1	EUR	NA	0	0	0.0492	0	0.9508	-1.4618	12.4296	-6.1719	-10.2559	-2.5086	BS_W6ZVARES
1223267_D1	EUR	NA	0	0	0.0629	0	0.9371	-0.9057	11.8778	-4.6092	-8.816	-0.7629	BS_SP07ABJ6
1223268_D1	EUR	NA	0	0	0.0499	0	0.9501	-0.4229	12.5687	-5.0353	-8.3458	-0.0977	BS_T18WYVF6
1223269_D1	AMR	NA	0	0.0557	0.8343	0.0029	0.1071	-12.9393	3.1043	1.9891	-6.5107	-3.9535	BS_207TNYCQ
1223270_D1	AFR	NA	0	0.9982	0.0018	0	0	-51.5368	-14.5425	-2.0407	-1.7856	1.0728	BS_TDJV9506
1223271_D1	AFR	NA	0	0.9996	4e-4	0	0	-56.0858	-14.4455	0.1826	-2.8845	-1.7161	BS_B1V01Y8D
1223272_D1	EUR	NA	0	0	0.0385	0	0.9615	-0.6009	13.2773	-5.1515	-8.9339	0.3986	BS_JNNRZ0TP
1223273_D1	EAS	NA	1	0	0	0	0	5.1491	-36.7502	2.2735	-3.318	4.9905	BS_WHZP9ECP
1223274_D1	AMR	NA	0	0.4239	0.5761	0	0	-22.0763	-2.9401	-3.9017	-3.5639	-1.4892	BS_VQRWCAZE
1223275_D1	AFR	NA	0	0.9872	0.0128	0	0	-42.2865	-9.7038	-2.0397	-1.3678	-2.0849	BS_D2Y5QZ8Y
1223276_D1	AFR	NA	0	0.9958	0.0042	0	0	-45.7928	-11.3341	-1.5375	-4.0161	-1.6284	BS_XCRQ46WT
1223277_D1	EUR	NA	0	0	0.1243	0	0.8757	-4.2887	11.4107	-2.9346	-7.3397	-3.9231	BS_KZFXCMW5
1223278_D1	EUR	NA	0	0	0.0621	0	0.9379	-6e-4	12.5249	-7.7996	-8.8811	-1.9043	BS_1FRR5PN3
1223279_D1	AMR	NA	0	0.0133	0.9859	0	8e-4	-6.2867	-1.9492	-9.5456	4.1388	-2.8907	BS_8NPZJTP6
1223280_D1	EUR	NA	0	0	0.0828	0	0.9172	-2.4828	12.0432	-3.6222	-8.2386	-3.3697	BS_WFPC9JA1
1223281_D1	EUR	NA	0	0	0.0605	0	0.9395	-1.4754	13.0478	-4.7449	-7.9749	-2.516	BS_Q65W45ZZ
1223282_D1	EUR	NA	0	0	0.0575	0	0.9425	-1.3425	12.8065	-5.7458	-9.0918	-1.8013	BS_PXY01MKY
1223283_D1	EUR	NA	0	0	0.1431	0	0.8569	-3.1701	9.3427	-4.0331	-7.7658	-5.1038	BS_NQKYKBZG
1223284_D1	EUR	NA	0	1e-4	0.4527	1e-4	0.5472	-6.824	6.6718	-4.6839	-6.6525	-1.6147	BS_R4N0E0VD
1223285_D1	EUR	NA	0	0	0.0452	0	0.9548	-1.7268	11.8307	-3.9797	-10.8848	0.3197	BS_0MGSQ9WS
1223286_D1	EUR	NA	0	0	0.0374	0	0.9626	0.1916	11.4115	-4.8602	-10.8047	-2.5968	BS_3YDBKBGB
1223287_D1	EUR	NA	0	0	0.0579	0	0.9421	-1.77	12.5537	-4.0048	-8.4283	-1.0544	BS_GKGZ5GQV
1223288_D1	AFR	NA	0	0.9943	0.0057	0	0	-45.1203	-16.4727	0.2092	-1.1299	-1.4045	BS_FCDS32N9
1223289_D1	EUR	NA	0	0	0.0663	0	0.9337	-1.2475	12.8378	-4.712	-7.0686	-2.4288	BS_N08HCR9F
1223290_D1	EUR	NA	0	0	0.0563	0	0.9437	0.054	11.9862	-4.6895	-8.4461	-0.3228	BS_GYVQCAQZ
1223291_D1	AMR	NA	0	0.0052	0.8025	5e-4	0.1918	-11.0674	4.2012	-2.2678	-7.7528	-1.9962	BS_KF8XY3VC
1223292_D1	AFR	NA	0	0.9649	0.0351	0	0	-36.7451	-8.6502	-3.0123	-2.6118	-1.3071	BS_J6N8C6BQ
1223604_D1	EAS	NA	1	0	0	0	0	6.8742	-44.1392	-1.1555	-7.6575	1	BS_WQR0XMHV
1223605_D1	EUR	NA	0	0	0.0385	0	0.9615	-1.5559	13.9833	-4.7168	-9.5987	-1.4949	BS_FBDABT1Z
1223606_D1	EUR	NA	0	0	0.0543	0	0.9457	-1.5015	13.1697	-5.8742	-8.4674	-1.5651	BS_66E06T3S
1223607_D1	EUR	NA	0	0	0.0589	0	0.9411	-1.2774	12.0958	-4.8857	-9.281	-0.5964	BS_D2NMQRM0
1223608_D1	EAS	NA	1	0	0	0	0	7.1607	-45.2071	-1.5481	-7.5325	-1.9579	BS_C6B95GT6
1223609_D1	EUR	NA	0	0	0.0572	0	0.9428	-0.365	12.2914	-3.8809	-8.6979	-1.5514	BS_Z46JKE51
1223610_D1	EUR	NA	0	0	0.0622	0	0.9378	-1.4549	12.3016	-5.4259	-8.6845	-0.9637	BS_MTPSXQPW
1223611_D1	EUR	NA	0	0	0.059	0	0.941	-1.9239	12.0718	-5.0771	-9.6872	-1.1906	BS_5E9BT3WK
1223612_D1	SAS	NA	0	0	0	1	0	0.265	-4.5244	9.8676	1.3105	-1.0855	BS_N5VRGAE4
1223613_D1	EUR	NA	0	0	0.0928	0	0.9072	-1.6662	10.3135	-5.9488	-8.8715	-1.1759	BS_T8Q86T3W
1223614_D1	EAS	NA	1	0	0	0	0	6.5919	-41.3865	-0.798	-8.8506	3.7583	BS_7T9RYR94
1223615_D1	AFR	NA	0	0.9967	0.0033	0	0	-47.7043	-10.9502	-0.3867	-3.2262	-3.2368	BS_JDZJH90R
1223616_D1	AMR	NA	0	0.0112	0.9888	0	0	-1.3829	-9.339	-12.0381	14.9414	-2.5808	BS_38E8TFP5
1223617_D1	EUR	NA	0	0	0.0379	0	0.9621	-1.1908	13.4912	-4.5038	-8.9634	0.3077	BS_W605R83E
1223618_D1	EUR	NA	0	0	0.0716	0	0.9284	-0.9195	10.0525	-1.0682	-8.5733	-3.3793	BS_92H7E6N8
1223619_D1	EUR	NA	0	0	0.0665	0	0.9335	-1.6036	11.6132	-3.7033	-8.9673	-3.5922	BS_14JX027X
1223620_D1	EUR	NA	0	0	0.0455	0	0.9545	1.1661	13.1198	-7.5114	-8.2671	-0.8483	BS_VFYS8XEX
1223621_D1	EUR	NA	0	0	0.0595	0	0.9405	0.1943	11.459	-3.3255	-7.9165	0.4734	BS_YK1HP6JT
1223622_D1	EUR	NA	0	0	0.0699	0	0.9301	-0.6615	11.5549	-6.2004	-8.9582	-0.6379	BS_40PVF0T7
1223623_D1	EUR	NA	0	0	0.0682	0	0.9318	-1.8142	12.869	-6.0898	-8.8304	-3.111	BS_BM6P4NGJ
1223624_D1	EUR	NA	0	0	0.0823	0	0.9177	-1.5227	10.7781	-3.6225	-8.0368	0.6672	BS_GR07XC1S
1223625_D1	EUR	NA	0	0	0.0469	0	0.9531	-0.8523	13.4481	-3.5202	-8.4595	-2.2842	BS_NGQJ2P68
1223626_D1	EUR	NA	0	0	0.0499	0	0.9501	-0.8968	12.3051	-6.3221	-9.0269	1.3123	BS_ZFHJZ202
1223627_D1	EUR	NA	0	0	0.3949	0	0.605	0.3066	5.3785	-7.7123	-3.9461	-1.1849	BS_D22R67N9
1223628_D1	AMR	NA	0	0.0205	0.9583	0	0.0212	-14.9032	5.2165	-1.7942	-7.4996	-2.035	BS_9XF6XEHQ
1223629_D1	AMR	NA	0	0.1043	0.8949	0	7e-4	-16.0264	3.0178	-3.5183	-5.2362	-4.4426	BS_SK4SZTWZ
1223630_D1	EUR	NA	0	0	0.0431	0	0.9569	1.3399	12.4035	-4.9993	-8.8935	0.0968	BS_MX3CEW1S
1223631_D1	EUR	NA	0	0	0.0935	0	0.9065	-3.3874	10.2758	-3.7634	-9.1161	-4.2562	BS_5G92J9KA
1223632_D1	AMR	NA	0	0.0958	0.904	0	2e-4	-16.9561	-3.0501	-5.2354	-2.1051	-3.2955	BS_VBGNNB3Q
1223633_D1	EUR	NA	0	0	0.1326	0	0.8674	-1.3295	8.6419	-4.3653	-7.7177	-3.9617	BS_YK8SAEB1
1223634_D1	EUR	NA	0	0	0.1011	0	0.8989	-0.8885	10.6294	-5.9474	-7.991	-1.8218	BS_A7JNAB1R
1223635_D1	EUR	NA	0	0	0.0877	0	0.9123	-1.4586	10.8246	-5.4023	-8.6096	-1.4228	BS_02MN8B6F
1223636_D1	EUR	NA	0	0	0.0786	0	0.9214	-0.3927	11.494	-4.9929	-7.7792	-1.591	BS_9PXN1TH6
1223637_D1	EUR	NA	0	0	0.0731	0	0.9269	-0.1939	11.2045	-6.4794	-8.5846	-0.1124	BS_MGB2B0JR
1223638_D1	AFR	NA	0	0.9962	0.0038	0	0	-46.245	-10.9728	-1.598	-2.7486	-1.3069	BS_7FKNAW39
1223639_D1	AMR	NA	0	0.0099	0.9901	0	0	0.2533	-9.9098	-11.1257	15.1915	-1.3419	BS_B39XQVK9
1223640_D1	AFR	NA	0	0.999	0.001	0	0	-52.8119	-12.8954	0.3483	-1.1649	-2.5336	BS_54TR9RN5
1223641_D1	EUR	NA	0	0	0.0742	0	0.9258	0.354	10.7313	-3.9515	-8.18	-1.1754	BS_07A2JAZE
1223642_D1	SAS	NA	0	0	0	1	0	-2.2695	-6.1922	16.6469	4.4331	-2.7455	BS_MDE5N4F0
1223643_D1	EUR	NA	0	0	0.0854	0	0.9146	-0.6991	10.6568	-3.0212	-7.9043	-1.3424	BS_62ZNE1PS
1223644_D1	EUR	NA	0	0	0.0833	0	0.9167	0.5659	10.4849	-5.2513	-8.0478	-1.2742	BS_736131DT
1223645_D1	EUR	NA	0	0	0.0698	0	0.9302	-1.15	12.8081	-4.9363	-6.5029	-2.477	BS_GZR8SW4A
1223646_D1	AFR	NA	0	0.9997	3e-4	0	0	-57.427	-15.0796	-1.15	-1.3942	-0.9777	BS_SGTA9KPC
1223647_D1	AMR	NA	0	0.0054	0.9879	6e-4	0.0061	1.6904	-0.2272	-10.2244	4.2874	-1.5417	BS_B4JS5CB6
1223648_D1	AMR	NA	0.408	0.0019	0.59	0	0	-4.4315	-17.8103	0.4412	-7.4488	-1.698	BS_SRD4KX67
1223649_D1	EUR	NA	0	0	0.064	0	0.936	-1.1239	12.5848	-4.4452	-8.4634	-2.5708	BS_HSKJCXPK
1223650_D1	EUR	NA	0	0	0.1089	0	0.8911	-3.2232	10.0492	0.0071	-7.6897	-3.0198	BS_C1SK1YNY
1223651_D1	EUR	NA	0	0	0.0606	0	0.9394	-1.8343	12.1497	-4.1886	-7.9902	0.2463	BS_21AZ6ZRZ
1223652_D1	AMR	NA	0	0.0015	0.9985	0	0	7.3404	-22.5312	-20.6577	33.4096	-3.0305	BS_2D1FDNX3
1223653_D1	AMR	NA	0	0.0115	0.988	0	6e-4	-1.0836	-2.9727	-9.2226	6.4494	-2.9405	BS_YZSMRGNK
1223654_D1	EUR	NA	0	0	0.1026	0	0.8974	-3.4297	10.5636	-3.2114	-8.4727	-3.5905	BS_0YKSTNJA
1223655_D1	SAS	NA	0	0	0	1	0	-0.9309	-3.7867	12.4088	1.4473	-3.8383	BS_GK6VZFW7
1223656_D1	EUR	NA	0	0	0.0915	0	0.9085	-2.0243	11.8606	-5.0251	-6.9937	-2.4106	BS_24PPG98R
1223657_D1	EUR	NA	0	0	0.0681	0	0.9319	-0.0371	12.4474	-6.5759	-8.0187	-2.5125	BS_FSGQXHB9
1223658_D1	EUR	NA	0	0	0.049	0	0.951	-0.6655	12.6772	-3.6656	-9.1957	-1.549	BS_46K0RP9Z
1223659_D1	EAS	NA	1	0	0	0	0	7.3756	-41.0927	-1.598	-7.7988	-1.3366	BS_5G23ZKGB
1223660_D1	EUR	NA	0	0	0.0305	0	0.9695	-0.6717	13.0008	-4.117	-10.9729	-2.3189	BS_C5NS1ANX
1223661_D1	AMR	NA	0	0.0057	0.9943	0	0	2.7008	-18.5505	-17.456	25.3945	-1.013	BS_YC7APHW4
1223662_D1	EAS	NA	0.6813	0.0033	0.3153	0	0	3.8631	-25.3773	-5.9506	4.5558	0.2133	BS_8XF5ZNPJ
1223663_D1	AMR	NA	0	0.0061	0.9939	0	0	-0.5248	-10.0074	-14.7446	18.4398	-2.4411	BS_VXXFJG8N
1223664_D1	EAS	NA	0.9846	0	0.0154	0	0	2.9549	-16.6076	-2.6435	-8.1061	-1.8825	BS_CPSYDZTY
1223665_D1	AMR	NA	0	0.0132	0.9868	0	0	-0.8632	-13.154	-13.5108	17.9682	0.1934	BS_TPP3CRNY
1223666_D1	EUR	NA	0	0	0.0604	0	0.9396	-0.7016	12.1666	-5.155	-9.0011	-1.7716	BS_RZJ9YNST
1223667_D1	AMR	NA	0	0.0075	0.9925	0	0	1.3912	-8.4458	-14.9041	13.1507	-2.0231	BS_FZRSPYD4
1223668_D1	EUR	NA	0	0	0.0479	0	0.9521	-1.7379	12.0135	-4.608	-10.3431	-1.8303	BS_7NBRAG44
1223669_D1	EUR	NA	0	0	0.0661	0	0.9339	-1.3163	12.7648	-5.2378	-7.6779	-2.3778	BS_WYFE5703
1223670_D1	EUR	NA	0	0	0.0578	0	0.9422	-0.3369	10.5979	-4.3238	-9.6418	-2.1308	BS_DCQNPG8N
1223671_D1	EUR	NA	0	0	0.0617	0	0.9383	-1.396	11.0874	-2.592	-9.2005	-2.0676	BS_HJ3TC0T8
1223672_D1	EUR	NA	0	0	0.0733	0	0.9267	-1.0459	11.5245	-5.1169	-8.7102	-2.0919	BS_23H0PEBD
1223673_D1	EUR	NA	0	0	0.0841	0	0.9159	-1.2122	12.2793	-6.8175	-6.6816	-2.3315	BS_SRDH21NX
1223674_D1	EAS	NA	0.9988	0	0.0012	0	0	2.8339	-22.445	-4.2682	-3.8223	-1.882	BS_G1HX4DP4
1223675_D1	AMR	NA	0	0.0152	0.9848	0	0	-0.577	-8.6507	-13.4309	10.673400000000001	-3.0727	BS_8Q89SMAP
1223676_D1	EUR	NA	0	0	0.0869	0	0.9131	-1.9412	10.6817	-3.0526	-8.3905	-2.0155	BS_KF0VTE9Q
1223677_D1	EAS	NA	1	0	0	0	0	8.9109	-44.5964	-3.3404	-8.7755	-3.0689	BS_2DAN8S59
1223678_D1	EUR	NA	0	0	0.1608	0	0.8392	-0.6308	8.9245	-6.7255	-5.4036	0.1242	BS_QJN4W216
1223679_D1	AMR	NA	0	0.0103	0.9897	0	0	-1.5867	-3.8324	-10.1517	9.8724	-1.2405	BS_5FKK81CW
1223680_D1	EUR	NA	0	0	0.1088	0	0.8912	-2.8478	9.0875	-3.9011	-8.9087	-3.1977	BS_E13J64ZW
1223681_D1	AMR	NA	0	0.008	0.9917	0	3e-4	-0.6365	-2.1118	-11.356	8.1052	-1.9863	BS_8N5H2JBA
1223682_D1	AMR	NA	0	4e-4	0.8723	3e-4	0.1269	0.5922	-1.7083	-1.9492	-7.4343	-5.244	BS_52NEDKWJ
1223683_D1	EUR	NA	0	0	0.0564	0	0.9436	-0.7166	11.5148	-4.578	-9.5564	-0.2019	BS_THW3NEZM
1223684_D1	EUR	NA	0	0	0.2165	0	0.7835	-1.2905	7.3767	-1.7207	-5.5463	-2.2554	BS_QQ7GA48W
1223685_D1	EUR	NA	0	0	0.0513	0	0.9487	-0.3295	12.7156	-3.9521	-7.0124	-0.3318	BS_E6RFEAMA
1223686_D1	EUR	NA	0	0	0.2823	0	0.7177	-6.9855	7.8408	-2.7398	-7.7296	-3.3665	BS_4AS4R1KT
1223687_D1	EUR	NA	0	0	0.0752	0	0.9248	0.5977	10.9774	-5.5676	-7.8905	-0.2796	BS_A4CFFX3W
1223688_D1	EUR	NA	0	0	0.0033	0.161	0.8357	-0.2102	6.2799	4.0314	-4.0399	0.3307	BS_14CJQ056
1223689_D1	EUR	NA	0	0	0.0662	0	0.9338	-0.1311	11.5222	-4.5751	-7.5363	0.0017	BS_E3J566PZ
1223690_D1	AMR	NA	0	0.018	0.982	0	0	-0.238	-11.1358	-10.5217	12.9528	-2.2922	BS_H4X8TTR4
1223691_D1	EUR	NA	0	0	0.0776	0	0.9224	-3.0918	10.3621	-1.4374	-9.1627	-3.2126	BS_3X2GB2MZ
1223692_D1	AMR	NA	0	0.0158	0.9842	0	0	-1.1239	-9.2443	-10.9994	12.4984	-1.8184	BS_CZ1T9EBV
1223693_D1	EUR	NA	0	0	0.0717	0	0.9283	0.0613	10.4852	-4.1388	-8.6273	-0.223	BS_1CHM1YN7
1223694_D1	AMR	NA	0	0.009	0.991	0	0	-0.7568	-7.5585	-13.6222	13.169	-3.3482	BS_22ZXRP58
1223695_D1	AMR	NA	0	0.0076	0.9924	0	0	0.0202	-8.0614	-12.9771	14.6081	-1.7179	BS_HJMX380W
1223696_D1	EUR	NA	0	0	0.0714	0	0.9286	-1.6037	12.967	-5.501	-7.4662	-3.2821	BS_V4H90M1B
1223697_D1	EUR	NA	0	0	0.1227	0	0.8773	-4.1617	10.1668	-4.3026	-8.5658	0.1421	BS_YRV9VCJF
1223698_D1	AFR	NA	0	0.8541	0.1459	0	0	-29.1261	-3.681	-1.9249	-5.9003	-1.7312	BS_323M5GTZ
1223730_D1	EUR	NA	0	0	0.0531	0	0.9469	-0.5478	12.5364	-5.2456	-7.7317	-0.0226	BS_RRPBP3N2
1223731_D1	EUR	NA	0	0	0.0845	0	0.9155	-3.2144	10.2264	-2.5063	-9.1842	-4.6998	BS_1B3FFWHP
1223732_D1	EUR	NA	0	0	0.0641	0	0.9359	-1.0133	10.4622	-2.4595	-9.1775	-2.2943	BS_KAT3GMC6
1223733_D1	EUR	NA	0	0	0.1062	0	0.8938	-2.5453	11.223	-3.3943	-7.618	-3.731	BS_04GAZFHK
1223734_D1	AMR	NA	0.0011	0.0058	0.8418	0.0018	0.1496	-6.8727	2.9679	-2.8559	-3.3918	-3.1666	BS_XWMYHJWP
1223735_D1	EUR	NA	0	0	0.1016	0	0.8984	-2.2755	10.1129	-3.4444	-8.3736	-0.9529	BS_8QKDGV8X
1223736_D1	EUR	NA	0	0	0.1452	0	0.8548	-2.1103	9.9302	-3.7121	-6.8397	-4.2428	BS_EFYEMMEQ
1223737_D1	EUR	NA	0	0	0.0621	0	0.9379	-1.403	11.3746	-3.6346	-9.262	-3.8055	BS_24Y7XQGA
1223738_D1	EUR	NA	0	0	0.1023	0	0.8977	-4.8253	11.4381	-1.3198	-8.2056	-4.797	BS_Q9VD13AN
1223739_D1	EUR	NA	0	0	0.1039	0	0.8961	-5.0433	9.3891	-1.1141	-9.4952	-3.2105	BS_KHDZEBKV
1223740_D1	AMR	NA	0	0.0103	0.9896	0	1e-4	0.6557	-5.0972	-9.4684	8.9447	-2.411	BS_PVHW9XST
1223741_D	AMR	NA	0	0.012	0.988	0	0	-0.0472	-13.8944	-14.9074	18.2409	-0.2234	BS_T9YSECRM
1223742_D1	EUR	NA	0	0	0.0522	0	0.9478	1.1314	12.4765	-4.5137	-7.0083	-0.7796	BS_B6DBFNWE
1223743_D1	AMR	NA	0	0.0061	0.9939	0	0	1.801	-8.6219	-13.6375	15.0723	-0.0733	BS_K1H5YY5E
1223744_D1	EUR	NA	0	0	0.048	0	0.952	-1.5388	12.7484	-4.0173	-9.529	-0.3466	BS_39PND0JF
1223745_D1	SAS	NA	0	0	0	1	0	0.8828	-16.3329	8.2671	-1.4686	-0.52	BS_02SV08QK
1223746_D1	EUR	NA	0	0	0.0797	0	0.9203	-1.5398	11.07	-3.5233	-8.4678	-1.8676	BS_BB4FZYCE
1223747_D1	EUR	NA	0	0	0.1839	0	0.8161	0.9358	8.2266	-8.1358	-4.7069	-0.3027	BS_93T0SHE9
1223748_D1	EUR	NA	0	0	0.067	0	0.933	-0.602	11.9958	-4.25	-7.7655	-1.3984	BS_QJ8VDF4Y
1223749_D1	SAS	NA	0	0	0	1	0	-1.8766	-1.3082	9.8815	2.1312	-3.7617	BS_KRJ4WAWG
1223750_D1	AMR	NA	0	0.0129	0.9871	0	0	-1.6124	-9.2385	-11.5875	14.5775	-0.5478	BS_CR0XGJ55
1223751_D1	AMR	NA	1e-4	0.0481	0.9513	0	5e-4	-15.3812	0.8769	-6.7657	-4.057	-2.548	BS_PFK95DQC
1223752_D1	AFR	NA	0	0.9768	0.0232	0	0	-37.0736	-5.0623	-1.4363	-5.4287	-0.6027	BS_X11P2J63
1223753_D1	EUR	NA	0	0.0021	0.4982	9e-4	0.4988	-9.8455	5.4903	0.3625	-6.2943	-5.687	BS_SDN12EEZ
1223754_D1	AMR	NA	0	0.0339	0.9661	0	0	-8.2037	-10.5918	-12.9737	15.7565	-1.5304	BS_0AKG6PES
1223755_D1	EAS	NA	0.9239	0	0.0761	0	0	3.8159	-13.7911	-3.4752	-7.8203	-0.9219	BS_JC7T3BWB
1223756_D1	EUR	NA	0	0	0.0641	0	0.9359	-1.1355	12.1333	-3.7413	-8.6366	-3.8787	BS_6MS445WA
1223757_D1	EUR	NA	0	0	0.09	0	0.91	-4.3465	9.1453	-2.4851	-10.1468	-3.0953	BS_5FC1GHTG
1223758_D1	AFR	NA	0	0.9983	0.0017	0	0	-50.6085	-14.1814	-1.4453	-1.5666	-2.0167	BS_CWWNND1K
1223759_D1	AFR	NA	0	0.955	0.045	0	0	-35.158	-6.1363	-0.6662	-3.9403	-2.3625	BS_Y1EFXY71
1223760_D1	EUR	NA	0	0	0.0419	0	0.9581	-0.7763	11.9192	-5.2148	-10.708	-0.2584	BS_10R0PFJR
1223761_D1	EUR	NA	0	0	0.0803	0	0.9197	-2.2841	11.0107	-3.8641	-8.9101	-1.1755	BS_F5A9GXPY
1223762_D1	EUR	NA	0	0	0.2169	0	0.7831	-2.8403	8.1618	-5.8716	-4.7839	0.4083	BS_121SZC2Z
1223763_D1	EUR	NA	0	0	0.0426	0	0.9574	-1.0918	13.0621	-4.8786	-8.9145	0.3278	BS_470YPESQ
1223764_D1	EUR	NA	0	0	0.075	0	0.925	-3.1679	10.7156	-3.5824	-9.6519	-2.7023	BS_DR40QR5H
1223765_D1	EUR	NA	0	0	0.0593	0	0.9407	-0.8728	11.096	-5.0695	-9.6939	-2.5265	BS_JV2JXFVP
1223766_D1	EUR	NA	0	0	0.0421	0	0.9579	0.5311	13.1643	-4.8541	-7.5973	-0.2439	BS_0VRSG921
1223767_D1	EUR	NA	0	0	0.0731	0	0.9269	1.3829	10.6483	-7.0315	-8.5335	-1.6801	BS_KV2PDWY5
1223768_D1	EAS	NA	1	0	0	0	0	7.0092	-43.8938	-0.8784	-6.8424	1.9486	BS_6YM4M1Q7
1223769_D1	SAS	NA	0	0	0	1	0	-2.2227	-7.5401	19.1918	2.4016	-2.3833	BS_DFCS3FYZ
1223770_D1	EUR	NA	0	0	0.0985	0	0.9015	-1.9462	9.9165	-4.0125	-8.5036	-2.7783	BS_EPRR8MCX
1223771_D1	EUR	NA	0	0	0.1157	0	0.8843	-1.4003	10.168	-4.8586	-7.1847	-0.9902	BS_WZQNWTFQ
1223772_D1	EUR	NA	0	0	0.0636	0	0.9364	-0.9035	11.7124	-6.7097	-9.4912	-1.2152	BS_4DNTGKDD
1223773_D1	EUR	NA	0	0	0.0183	0.0266	0.9551	-3.277	5.7203	3.2565	-4.3547	-3.3359	BS_NZBA67NR
1223774_D1	AMR	NA	0.281	0	0.7187	0	2e-4	2.5554	-14.5758	-2.6622	-10.5814	0.4535	BS_DNK3GADM
1223775_D1	EUR	NA	0	0	0.0779	0	0.9221	-3.7968	10.287	-2.0577	-9.6512	-3.4774	BS_QJKQBN00
1223776_D1	AMR	NA	0	0.0135	0.9865	0	0	0.0513	-8.8079	-11.7242	11.391	-3.3932	BS_RR8VP87S
1223777_D1	EAS	NA	1	0	0	0	0	6.6462	-39.2582	2.06	-5.9608	0.899	BS_86GMSYGN
1223779_D1	EUR	NA	0	0	0.0705	0	0.9295	0.1165	11.5458	-4.3032	-6.0719	0.019	BS_91VG0Q26
1223780_D1	EUR	NA	0	0	0.0313	0	0.9687	0.4979	12.2281	-4.6413	-10.878	-0.9872	BS_3GVKDT7Z
1223781_D1	EUR	NA	0	0	0.0698	0	0.9302	-0.1156	11.9596	-4.7507	-7.0434	-1.3803	BS_NZS3KQ8T
1223782_D1	EUR	NA	0	0	0.1587	0	0.8413	-0.9986	9.1546	-6.0284	-5.1519	-0.1753	BS_5WB0ECHC
1223783_D1	EUR	NA	0	0	0.0893	0	0.9107	-1.3944	10.6508	-4.9217	-8.4847	-1.8025	BS_0TMD6Z0Z
1223784_D1	EUR	NA	0	0	0.0901	0	0.9099	-0.3076	11.109	-4.0674	-7.5021	-3.3298	BS_55DZ40MT
1223785_D1	AMR	NA	0.0171	0.0075	0.9675	3e-4	0.0076	0.2469	-5.8982	-7.264	-0.6319	-0.6035	BS_8PHRA27D
1223786_D1	AFR	NA	0	0.9978	0.0022	0	0	-48.0406	-12.0492	-0.7868	-3.8679	-1.0633	BS_7N46Y3Y1
1223787_D1	AMR	NA	0	0.0039	0.9526	0	0.0435	-14.4961	6.1504	-4.2036	-7.5533	-1.868	BS_0SFZMQZ1
1223788_D1	EUR	NA	0	0	0.086	0	0.914	-0.376	11.2053	-2.459	-6.8662	-2.1489	BS_T6M4T0N7
1223789_D1	EUR	NA	0	0	0.1962	0	0.8038	-0.8161	8.9387	-7.2342	-4.9489	-1.6711	BS_Z1QDZ6Q7
1223790_D1	EAS	NA	0.9844	0	0.0156	0	0	3.9366	-14.4343	-2.7006	-5.9765	-4.4988	BS_XMW8EW7H
1223791_D1	EUR	NA	0	0	0.0628	0	0.9372	-1.9859	12.9808	-4.0631	-7.9035	-2.5365	BS_5193WSH5
1223792_D1	EUR	NA	0	0	0.0373	0	0.9627	-0.4301	13.8187	-6.136	-9.9206	-1.2303	BS_VZSZBZJB
1223793_D1	EUR	NA	0	0	0.2414	0	0.7586	0.3539	7.261	-5.0691	-5.1176	-1.6872	BS_2ES9C50B
1223794_D1	EUR	NA	0	0	0.0597	0	0.9403	0.2846	12.3891	-5.8744	-8.273	-1.6649	BS_KETVDH4F
1223795_D1	EUR	NA	0	0	0.0603	0	0.9397	-0.0897	12.1939	-5.0974	-8.5233	-1.4321	BS_9WA4158M
1223796_D1	EUR	NA	0	0	0.0915	0	0.9085	-2.6122	12.2563	-4.8174	-6.8826	-3.0636	BS_FJK95GTS
1223797_D1	EUR	NA	0	0	0.0655	0	0.9345	-0.7305	11.5303	-3.3628	-8.0096	-0.2292	BS_89Q27Z7Q
1223798_D1	SAS	NA	0	0	0	1	0	-2.144	-7.7874	19.2671	3.3702	-2.5781	BS_T15XWXA4
1223799_D1	EUR	NA	0	0	0.0553	0	0.9447	-1.5962	12.2509	-3.3168	-9.2844	-1.9464	BS_DMNBH6S2
1223800_D1	EUR	NA	0	0	0.0543	0	0.9457	-0.3263	13.3731	-4.6725	-8.4792	-4.6095	BS_8T5MDFDY
1223801_D1	AMR	NA	0.3434	5e-4	0.6549	1e-4	0.0011	1.8534	-10.4325	-1.1561	-6.9241	-0.489	BS_6S4F9542
1223802_D1	EUR	NA	0	0	0.1065	0	0.8935	-2.2815	10.6407	-3.6187	-7.848	-3.2938	BS_641CHG5N
1223803_D1	EAS	NA	1	0	0	0	0	7.4458	-44.6191	-3.3679	-8.6465	-1.7672	BS_739AR77T
1223804_D1	EUR	NA	0	0	0.0765	0	0.9235	-1.3405	11.6448	-1.4943	-6.6535	-1.5813	BS_0Z9H5W8G
1223805_D1	EUR	NA	0	0	0.0592	0	0.9408	-1.4107	12.3613	-2.6379	-8.6897	-5.6033	BS_EXNMD8ZV
1223806_D1	EUR	NA	0	0	0.1372	0	0.8628	-3.8015	10.9589	-3.0651	-6.911	-3.8126	BS_D28K3XZQ
1223807_D1	AMR	NA	0	0.0091	0.9908	0	0	0.162	-6.5961	-12.79	11.5445	-0.9189	BS_Q465B02G
1223808_D1	EUR	NA	0	0	0.0357	0	0.9643	0.5714	13.5868	-4.9687	-9.2372	-0.8991	BS_J27WXQZF
1223809_D1	EUR	NA	0	0	0.065	0	0.935	-1.361	12.2326	-4.8398	-8.8858	-1.704	BS_FMBYYKBE
1223810_D1	EAS	NA	1	0	0	0	0	7.6115	-44.7567	-1.0176	-8.2352	-1.5785	BS_NFVA9EAH
1223811_D1	SAS	NA	0	0	0	1	0	-2.3847	-7.1724	18.5507	4.1555	-1.5826	BS_JMK6YJHB
1223812_D1	AMR	NA	0	0.0397	0.6291	0.3302	0.0011	-2.6062	-4.6969	1.7144	8.0275	-1.5403	BS_Y760HJA8
1223813_D1	AFR	NA	0	0.9986	0.0014	0	0	-50.9785	-12.4842	-1.3179	-2.9294	-1.7391	BS_QYBBV8T7
1223814_D1	AMR	NA	0	0.0138	0.9862	0	0	-2.1119	-9.6718	-11.3247	15.1136	-1.0821	BS_9G4T68NS
1223815_D1	EAS	NA	1	0	0	0	0	3.7333	-34.8087	1.4045	-3.0949	1.1737	BS_ENWHEWSK
1223816_D1	EUR	NA	0	0	0.0783	0	0.9217	-0.5142	10.9049	-3.6932	-8.2044	-0.8105	BS_A6614TBY
1223817_D1	AFR	NA	0	0.872	0.128	0	0	-28.9403	-2.2144	-3.0097	-5.5871	0.2681	BS_61FCMAG7
1223818_D1	EUR	NA	0	0	0.1573	0	0.8427	-2.2774	9.7951	-5.1152	-6.2718	-2.0583	BS_96P7YZ2W
1223819_D1	EUR	NA	0	0	0.06	0	0.94	-0.9088	11.4083	-4.9067	-9.461	-2.6816	BS_46H4TYCX
1223820_D1	EUR	NA	0	0	0.0634	0	0.9366	-1.2936	11.9878	-5.9818	-8.9572	-0.3796	BS_20AR4RGT
1223821_D1	EUR	NA	0	0	0.0487	0	0.9513	-0.794	11.736	-4.3422	-10.03	-0.3375	BS_72KFQZHK
1223822_D1	EUR	NA	0	0	0.0439	0	0.9561	-2.6999	12.916	-4.86	-10.7053	-1.707	BS_CBKTKREJ
1223823_D1	EUR	NA	0	0	0.0688	0	0.9312	-1.8848	11.5256	-3.3852	-9.0658	-0.6418	BS_K5XCR62W
1223824_D1	EUR	NA	0	0	0.3569	0	0.6431	-2.0848	5.2499	-5.8483	-5.3832	-3.8189	BS_3AQCRBGR
1223873_D1	SAS	NA	0	0	2e-4	0.7182	0.2816	-3.2999	5.9053	5.946	-5.2727	-2.2026	BS_5FMPST82
1223874_D1	AFR	NA	0	0.9966	0.0034	0	0	-46.7003	-11.2336	-1.2052	-2.0418	-0.6426	BS_8W50S10Z
1223875_D1	EUR	NA	0	0	0.0916	0	0.9084	-5.6405	9.9239	0.8504	-7.719	-4.0212	BS_MMSW05R7
1223878_D1	AFR	NA	0	0.9944	0.0056	0	0	-43.2708	-8.5591	-1.045	-4.5569	-0.2455	BS_R7RHZ9H5
1223879_D1	EUR	NA	0	0	0.0583	0	0.9417	-0.5577	13.0404	-4.4371	-7.5095	-2.6052	BS_94EM6ARP
1223880_D1	EUR	NA	0	0	0.0458	0	0.9542	-0.0423	12.3829	-5.3543	-9.7154	-2.9408	BS_Q2MS4G42
1223881_D1	EUR	NA	0	0	0.1025	0	0.8975	0.6202	9.3406	-3.8801	-7.4611	0.0513	BS_8VS4S89T
1223882_D1	AFR	NA	0	0.8336	0.1664	0	0	-29.3919	-0.4983	-0.9794	-5.9072	-3.5704	BS_8B6A5A8D
1223883_D1	EUR	NA	0	0	0.0355	0	0.9645	0.8893	13.4902	-5.0057	-8.7949	-0.4905	BS_G2MENEYH
1223884_D1	EUR	NA	0	0	0.0591	0	0.9409	-1.3764	13.095	-5.633	-8.9353	-2.8174	BS_S2F7N7VB
1223885_D1	EUR	NA	0	0	0.0621	0	0.9379	-2.6808	10.9854	-6.282	-11.0821	1.0312	BS_FJ23KDSQ
1223886_D1	EUR	NA	0	0	0.0475	0	0.9525	-0.1251	12.6079	-4.8307	-8.8874	-0.3977	BS_DC1EW9YD
1223887_D1	EUR	NA	0	0	0.037	0	0.963	-0.5571	13.6175	-2.7921	-6.8202	0.4279	BS_VSZVKPYD
1223888_D1	EUR	NA	0	0	0.0582	0	0.9418	-1.5806	12.9199	-4.4523	-7.3342	-1.2963	BS_0HB7S4NN
1223889_D1	EUR	NA	0	0	0.0719	0	0.9281	-2.1409	11.4398	-4.4589	-9.28	0.1167	BS_FJXRFQVE
1223890_D1	EUR	NA	0	0	0.0838	0	0.9162	-1.7673	11.6409	-5.446	-8.324	-1.83	BS_N5567C67
1223891_D1	EAS	NA	1	0	0	0	0	5.4691	-41.2225	0.636	-9.0027	1.6817	BS_FN63P571
1223892_D1	EAS	NA	1	0	0	0	0	5.1431	-41.3622	-2.2625	-7.8489	0.6745	BS_T44B260M
1223893_D1	EUR	NA	0	0	0.0559	0	0.9441	-2.2102	11.9676	-3.4438	-9.6966	-2.258	BS_MHK5XSQC
1223894_D1	EUR	NA	0	0	0.0487	0	0.9513	-1.0554	12.3998	-4.0512	-9.5604	0.3333	BS_CN1P6THS
1223895_D1	EUR	NA	0	0	0.0755	0	0.9245	-3.055	11.2678	-4.2352	-9.4198	-5.1704	BS_K3YCRJ1Z
1223896_D1	EUR	NA	0	0	0.0552	0	0.9448	1.1493	11.4902	-4.0729	-8.2103	0.3297	BS_WVNJ87G2
1223897_D1	EUR	NA	0	0	0.0588	0	0.9412	1.0807	11.1419	-4.0444	-8.4322	0.5635	BS_02NRDNWM
1223898_D1	EUR	NA	0	0	0.0709	0	0.9291	-3.2202	9.6718	-2.2872	-10.139	-5.1138	BS_26B1CG59
1223899_D1	EUR	NA	0	0	0.0669	0	0.9331	-1.6613	11.8101	-6.0318	-9.4248	-1.7085	BS_84VGWAY3
1223900_D1	EUR	NA	0	0	0.0637	0	0.9363	-1.6624	13.2149	-6.0402	-8.0979	-2.9391	BS_K7KH88DS
1223901_D1	EUR	NA	0	0	0.0584	0	0.9416	-0.8505	12.3099	-4.0101	-7.4071	-0.4267	BS_D4XA6Z58
1223902_D1	EUR	NA	0	0	0.0489	0	0.9511	-0.4179	12.3095	-4.6085	-9.4336	-0.0874	BS_5Q195GV5
1223904_D1	EUR	NA	0	0	0.0519	0	0.9481	-0.7083	13.031	-5.4233	-8.4542	-1.5103	BS_XGF5VK8Z
1223905_D1	EUR	NA	0	0	0.1007	0	0.8993	-2.3247	9.6041	-4.9252	-8.9651	-2.1181	BS_EAV21D07
1223906_D1	EUR	NA	0	0	0.081	0	0.919	-4.5432	12.4592	-3.5362	-9.0269	-2.8836	BS_8D6DGAQW
1223907_D1	EUR	NA	0	0	0.0761	0	0.9239	-4.609	11.7138	-2.2065	-9.3863	-4.1	BS_9VFD0FAG
1223908_D1	EUR	NA	0	0	0.0585	0	0.9415	-2.1202	13.2766	-4.4157	-7.5634	-2.1067	BS_B83GFEXQ
1223909_D1	EUR	NA	0	0	0.0408	0	0.9592	-0.8427	12.8625	-5.0568	-9.5874	1.1936	BS_X76Z1Y0S
1223910_D1	EUR	NA	0	0	0.1504	0	0.8496	-2.0785	8.7989	-3.7158	-7.3987	-0.3163	BS_JTX7BKV6
1223911_D1	EUR	NA	0	0	0.106	0	0.894	-2.6051	10.1721	-4.0716	-8.3798	-1.8848	BS_ZV52D2YX
1223912_D1	EUR	NA	0	0	0.0605	0	0.9395	-0.0652	11.7575	-4.6646	-8.8084	-1.3617	BS_Q3SPX8E5
1223913_D1	EUR	NA	0	0	0.1283	0	0.8717	-3.1986	10.0757	-2.1631	-7.4395	-2.7434	BS_54WP28DM
1223914_D1	EAS	NA	0.978	0	0.022	0	0	2.5473	-15.3163	-5.1087	-7.3116	-4.2202	BS_GSKMTSQM
1223915_D1	EUR	NA	0	0	0.0344	0	0.9656	-0.3757	13.4318	-3.4393	-9.2816	0.3838	BS_C08TK4V0
1223916_D1	EUR	NA	0	0	0.0585	0	0.9415	-2.3128	12.9871	-3.7945	-6.8266	-0.8634	BS_TADHWNZ0
1223917_D1	EUR	NA	0	0	0.0761	0	0.9239	-2.4819	11.796	-3.5008	-8.6853	-3.355	BS_STST3TGE
1223918_D1	EUR	NA	0	0	0.0554	0	0.9446	-0.6885	12.0073	-4.9198	-9.3651	-1.9809	BS_ZMPHQA0Q
1223919_D1	EAS	NA	0.9784	0	0.0216	0	0	2.9326	-15.0033	-3.0523	-6.4899	-4.5938	BS_49969DR4
1223920_D1	EAS	NA	1	0	0	0	0	7.4296	-41.8687	-2.7226	-6.0977	-8.4438	BS_MZS11Q5W
1223921_D1	EUR	NA	0	0	0.0651	0	0.9349	-1.0056	12.2743	-4.525	-8.4198	-1.9085	BS_YF8BZ9FK
1223922_D1	EUR	NA	0	0	0.0492	0	0.9508	-0.4072	13.0991	-5.6124	-8.895	-1.6038	BS_AJ7KS3F9
1223923_D1	EUR	NA	0	0	0.0581	0	0.9419	0.4235	11.9144	-5.899	-8.9462	-2.9417	BS_625RTW9Y
1223924_D1	EUR	NA	0	0	0.0851	0	0.9149	0.3162	10.5771	-5.8232	-8.1502	-2.4491	BS_Q46T1ZBK
1223925_D1	EUR	NA	0	0	0.057	0	0.943	-1.8939	12.3603	-4.3314	-9.3194	-0.6738	BS_C2FGMWEV
1223926_D1	EUR	NA	0	0	0.0655	0	0.9345	-1.9774	11.1524	-3.5352	-9.5653	-0.7626	BS_ZSSB24V6
1223927_D1	EUR	NA	0	0	0.0682	0	0.9318	-0.3947	11.334	-4.232	-7.9598	-0.0347	BS_QM24VRBW
1223928_D1	EUR	NA	0	0	0.0514	0	0.9486	-0.3255	12.9672	-4.7681	-7.7752	-1.2872	BS_2FYDTYMN
1223929_D1	EUR	NA	0	0	0.106	0	0.894	-0.8591	10.2729	-4.1078	-7.3594	-1.1526	BS_ZC6A2EQV
1223930_D1	EUR	NA	0	0	0.0852	0	0.9148	-2.3124	10.7773	-4.1055	-8.8356	-2.2123	BS_NWT4VH2T
1223931_D1	EUR	NA	0	0	0.0618	0	0.9382	-2.0131	10.9008	-2.4941	-9.6945	-1.4849	BS_V0XF6XZ5
1223932_D1	EUR	NA	0	0	0.0571	0	0.9429	0.5958	11.1245	-3.9918	-8.9145	-1.3338	BS_FDKTBJHW
1223933_D1	EUR	NA	0	0	0.0707	0	0.9293	-2.8215	10.5917	-2.0768	-9.4372	-3.9376	BS_5JHJVCQQ
1223934_D1	EUR	NA	0	0	0.0549	0	0.9451	-1.0975	11.6169	-5.0171	-9.8234	-1.3529	BS_DQNKNJZM
1223935_D1	EUR	NA	0	0	0.0663	0	0.9337	-1.5497	10.8677	-3.8247	-9.4086	-1.2526	BS_C3NJENK9
1223936_D1	EUR	NA	0	0	0.0542	0	0.9458	-0.1509	12.9207	-4.9096	-8.7188	-2.6889	BS_C38J1WSV
1223937_D1	EUR	NA	0	0	0.0613	0	0.9387	-0.0392	12.8849	-5.4027	-8.3077	-3.5176	BS_RG3T5BCV
1223938_D1	EUR	NA	0	0	0.0635	0	0.9365	-0.3158	11.9925	-4.1762	-8.3289	-1.4651	BS_EP3PECBH
1223939_D1	EUR	NA	0	0	0.0745	0	0.9255	-0.8215	11.502	-3.7751	-7.9033	-1.2797	BS_BHNP0K6E
1223940_D1	EUR	NA	0	0	0.0998	0	0.9002	-3.2775	10.973	-6.2975	-8.0812	-0.1557	BS_98ZSJ3QT
1223941_D1	EUR	NA	0	0	0.1088	0	0.8912	-1.8295	9.6854	-5.9298	-8.619	-0.2825	BS_QXQME9WV
1223942_D1	EUR	NA	0	0	0.1277	0	0.8722	-4.5632	10.2239	-4.5977	-8.1185	0.2186	BS_X6CAGWRY
1223943_D1	AMR	NA	0	0.0138	0.9862	0	0	-1.5472	-7.7986	-11.2734	12.0389	-2.2439	BS_266SS4G0
1223944_D1	EUR	NA	0	0	0.2663	0	0.7337	-0.5577	7.8539	-7.3454	-5.2486	-3.2506	BS_60N0ZXQA
1223945_D1	EAS	NA	1	0	0	0	0	5.8632	-40.662	0.5005	-7.6516	1.2494	BS_R6XPW6H8
1223946_D1	EUR	NA	0	0	0.0646	0	0.9354	-0.4884	11.1623	-4.3439	-8.6038	1.32	BS_GMKA851Z
1223947_D1	AFR	NA	0	0.9999	1e-4	0	0	-62.2502	-17.3403	-1.0062	-1.0375	-3.1456	BS_6A7BB4W2
1223948_D1	AFR	NA	0	0.9999	1e-4	0	0	-62.5154	-17.2719	0.7104	-2.2138	-0.4193	BS_1YV7ED3B
1223949_D1	AFR	NA	0	0.9999	1e-4	0	0	-63.0688	-17.4932	-0.8504	-1.1159	-1.3728	BS_2J5VV85P
1223950_D1	EUR	NA	0	0	0.0463	0	0.9537	-0.5387	13.7159	-4.7901	-6.7833	-1.3942	BS_FSCGATST
1223951_D1	EUR	NA	0	0	0.101	0	0.899	-2.5812	10.7447	-2.6524	-7.9324	-2.4627	BS_1AJ20Q9Y
1223952_D1	EUR	NA	0	0	0.0787	0	0.9213	-1.1734	11.4718	-2.8743	-7.9706	-4.046	BS_FZP69X2S
1223953_D1	EUR	NA	0	0	0.1064	0	0.8936	-2.9681	9.3012	-0.288	-8.0976	-3.3761	BS_VEQBG7JC
1223954_D1	EUR	NA	0	0	0.0605	0	0.9395	-1.0405	11.4061	-4.9195	-9.4991	-1.5956	BS_6ZB0G00X
1223955_D1	EUR	NA	0	0	0.026	0	0.974	-0.5855	11.6231	-5.4505	-12.5998	-1.6326	BS_XFC3KD9Y
1223956_D1	EUR	NA	0	0	0.0317	0	0.9683	-0.163	12.4323	-4.1795	-10.9014	-2.5572	BS_E2YG2CBQ
1223957_D1	EUR	NA	0	0	0.197	0	0.803	-2.5868	8.1425	-2.58	-6.3786	-1.9869	BS_8XD3KY4T
1223958_D1	EUR	NA	0	0	0.0876	0	0.9124	-0.1522	10.7726	-5.2656	-8.0025	-3.6568	BS_2AVXBJRT
1223959_D1	AMR	NA	0	0	0.5678	0	0.4322	-1.7451	5.4477	-6.7999	-1.6373	-3.8649	BS_GRM1CC02
1223960_D1	AMR	NA	0	0.0084	0.9916	0	0	-0.192	-4.8048	-10.8112	10.2434	-3.323	BS_ZNV87B89
1223961_D1	AMR	NA	0	0.0093	0.9905	0	2e-4	-0.4241	-3.526	-12.2153	8.2971	-2.0759	BS_K2CK5KER
1223962_D1	EUR	NA	0	0	0.0653	0	0.9347	-0.9019	12.1411	-3.1447	-6.4623	-0.7807	BS_Z7YAF1RA
1223963_D1	EUR	NA	0	0	0.037	0	0.963	-0.8528	13.7346	-3.6922	-8.2121	-0.3376	BS_K6G1K584
1223964_D1	EUR	NA	0	0	0.0405	0	0.9595	-0.1687	13.4785	-5.295	-8.7082	-0.8093	BS_60SFJHKS
1223965_D1	EUR	NA	0	0	0.0512	0	0.9488	-1.8014	12.1496	-3.2813	-9.7187	-2.6576	BS_A8WQZ15W
1223966_D1	EUR	NA	0	0	0.0661	0	0.9339	-1.2868	12.3446	-3.4664	-7.8655	-2.0827	BS_RGFH0Y82
1223967_D1	EUR	NA	0	0	0.3415	1e-4	0.6584	0.4201	1.5471	-5.2047	-10.01	-2.2707	BS_0J791B1M
1224572_D1	EUR	NA	0	0	0.0581	0	0.9419	-0.8733	12.9552	-6.3981	-7.6796	-1.3945	BS_0PEQATC5
1224573_D1	EAS	NA	1	0	0	0	0	7.699	-44.0913	-1.1806	-9.0478	0.3634	BS_DYB5BMWJ
1224574_D1	EUR	NA	0	0	0.114	0	0.886	-1.7989	11.5073	-3.9363	-6.724	-4.3202	BS_9NASD0AP
1224575_D1	EUR	NA	0	0	0.0795	0	0.9205	-0.0064	10.3067	-5.2309	-8.5915	-0.7152	BS_BXJYB2PX
1224576_D1	EUR	NA	0	0	0.0716	0	0.9284	-0.2373	11.509	-7.005	-8.8881	-2.1987	BS_P1JEYHTR
1224577_D1	EUR	NA	0	0	0.0598	0	0.9402	0.4964	10.7304	-5.9817	-9.453	-1.3949	BS_N9ZNA0GE
1224578_D1	EUR	NA	0	0	0.069	0	0.931	-1.6794	12.115	-4.9611	-8.8951	-1.7221	BS_K2ZF0H2B
1224579_D1	AMR	NA	0	0.002	0.998	0	0	6.0533	-22.6443	-20.2211	33.1101	-2.4403	BS_VB75WNBG
1224580_D1	EUR	NA	0	0	0.0684	0	0.9316	-0.9435	11.8982	-3.7897	-8.0695	-1.4829	BS_2J6FFWRB
1224581_D1	AFR	NA	0	0.9964	0.0036	0	0	-47.2312	-10.8497	-0.5829	-2.316	-2.8067	BS_54XDDRSR
1224582_D1	EUR	NA	0	0	0.1138	0	0.8862	0.4687	10.5323	-5.3066	-5.3767	-1.8065	BS_1ZHT865M
1224583_D1	EUR	NA	0	0	0.0558	0	0.9442	-0.9963	11.6699	-2.2304	-9.0275	-2.4071	BS_KGT6ZEY9
1224584_D1	EUR	NA	0	0	0.088	0	0.912	-1.9368	11.4437	-5.1058	-8.409	-2.4771	BS_0K2KJKT6
1224585_D1	EUR	NA	0	0	0.182	1e-4	0.8179	-6.8573	8.8076	0.6522	-5.1852	-5.509	BS_5C4VJKT3
1224587_D1	EUR	NA	0	0	0.0651	0	0.9349	-2.7615	11.2416	-0.8117	-9.1024	-3.8318	BS_3V1PPB48
1224589_D1	AMR	NA	0	0.0296	0.9704	0	0	-3.3765	-9.2462	-11.8486	10.1557	-2.187	BS_X3WAFM0R
1224590_D1	AMR	NA	0	0.0113	0.9887	0	0	0.1288	-14.0443	-15.4026	18.3532	-1.1863	BS_DWZ9AF8A
1224591_D1	EUR	NA	0	0	0.0798	0	0.9202	-0.4598	10.3122	-3.7684	-8.4302	-1.6536	BS_SWR7H6ET
1224592_D1	EUR	NA	0	0	0.0836	0	0.9164	-1.3391	11.3712	-4.3324	-8.0299	-1.6154	BS_KYMVWPGC
1224593_D1	EUR	NA	0	0	0.0577	0	0.9423	-1.0619	12.6106	-4.9314	-6.1472	0.3091	BS_XRM8Y600
1224594_D1	SAS	NA	0	0	0	1	0	-1.8424	-5.4565	18.7381	3.5912	-1.1738	BS_WZ1JHAW7
1224595_D1	EUR	NA	0	0	0.0758	0	0.9242	-1.7712	11.7772	-4.1277	-7.4198	-0.9913	BS_86TFE982
1224596_D1	AFR	NA	0	0.9988	0.0012	0	0	-51.1169	-13.8055	0.3729	-1.5171	-1.6102	BS_H34PSK8W
1224597_D1	EUR	NA	0	0	0.0641	0	0.9359	-1.5734	10.4078	-3.973	-9.8109	-3.214	BS_EQ3YJS9P
1224598_D1	EUR	NA	0	0	0.0629	0	0.9371	-1.9183	12.6304	-4.3698	-8.1618	-1.6978	BS_EXGRJHEZ
1224599_D1	EUR	NA	0	1e-4	0.0324	0.0078	0.9598	-6.8875	6.2275	3.2945	-5.3688	-5.2445	BS_C6JNV9N6
1224600_D1	SAS	NA	0	0	0	1	0	-2.8514	-6.2602	16.5328	3.9247	-1.4729	BS_GT44VWCB
1224601_D1	EUR	NA	0	0	0.0462	0	0.9538	-0.5463	12.8964	-3.1597	-8.3819	-0.9056	BS_ENP99ZH3
1224602_D1	AMR	NA	0	0.01	0.99	0	0	-0.1102	-9.8576	-11.9755	14.9193	-3.2754	BS_875BA4QG
1224603_D1	AMR	NA	0	2e-4	0.5914	3e-4	0.4081	-0.1308	0.5307	-3.1439	-7.7997	-3.1515	BS_17QQY4TN
1224604_D1	EUR	NA	0	0	0.0785	0	0.9215	0.4008	11.4371	-4.8467	-7.2021	-1.6835	BS_G5PAHW7Q
1224605_D1	EUR	NA	0	0	0.0515	0	0.9485	-1.1448	13.191	-5.1531	-9.2845	-2.5794	BS_T2N2EM93
1224606_D1	EUR	NA	0	0	0.0485	0	0.9515	-1.0854	12.7146	-5.4652	-8.1049	0.6748	BS_Y39PN606
1224607_D1	EUR	NA	0	0	0.2504	0	0.7496	-1.6306	8.0034	-7.2645	-3.9133	-0.7885	BS_1X63PF0Q
1224608_D1	AMR	NA	0	0.0022	0.9978	0	0	7.4426	-25.3539	-22.2453	33.8173	-1.0833	BS_Q868VVE9
1224610_D1	AMR	NA	0	2e-4	0.9297	2e-4	0.0698	-1.5161	4.3276	-10.2336	0.3298	-0.777	BS_DMZ9RY2T
1224611_D1	EUR	NA	0	0	0.1321	0	0.8679	-0.4898	10.0682	-4.9569	-6.7406	-2.6898	BS_XHJVKA7K
1224612_D1	EUR	NA	0	0	0.0754	0	0.9246	-0.4575	11.7841	-6.1382	-7.7536	-1.4072	BS_1WRWVYTD
1224613_D1	EUR	NA	0	0	0.0897	0	0.9103	-0.2109	10.6711	-6.1246	-7.3375	-0.0825	BS_5RTSS5DW
1224614_D1	EUR	NA	0	0	0.0536	0	0.9464	-0.8441	11.1026	-3.9062	-9.8092	-1.8767	BS_MB0PZGNB
1224616_D1	EUR	NA	0	0	0.0665	0	0.9335	0.0736	11.55	-2.1934	-7.2849	-1.0883	BS_7QNS9EYW
1224617_D1	AMR	NA	0	2e-4	0.6648	2e-4	0.3347	-0.876	3.5221	-7.3292	-1.7641	-2.076	BS_EJH7BAVA
1224618_D1	EUR	NA	0	0	0.0455	0	0.9545	-1.2957	13.3729	-4.6065	-9.0052	-1.3512	BS_1XD43GA5
1224619_D1	AFR	NA	0	0.9992	8e-4	0	0	-52.6843	-15.4887	0.4971	-2.0971	-1.6138	BS_EEDGYHE5
1224620_D1	EUR	NA	0	1e-4	0.152	3e-4	0.8476	-7.7412	6.7267	1.5574	-7.3865	-3.6922	BS_9JQ1HPW0
1224621_D1	AMR	NA	5e-4	0.0096	0.9861	0	0.0038	-11.9918	2.7517	-8.166	-3.4713	-3.2333	BS_366S29ZQ
1224622_D1	EUR	NA	0	0	0.0422	0	0.9578	-1.3972	13.0238	-4.5653	-9.2586	0.8367	BS_D1VKMSNE
1224623_D1	EUR	NA	0	0	0.077	0	0.923	-1.4209	11.5472	-5.3907	-8.0078	-0.6998	BS_1P5MNEV9
1224624_D1	EUR	NA	0	0	0.1164	0	0.8836	-3.9847	10.1299	-3.9915	-8.6734000000000009	-1.6478	BS_CZAQMKMG
1224625_D1	AMR	NA	0	0.0023	0.911	1e-4	0.0867	-13.1124	6.1999	-3.7971	-7.1809	-2.2471	BS_9NPGGFDB
1224626_D1	EUR	NA	0	0	0.0332	0	0.9668	-0.4892	13.9141	-5.6498	-10.4403	-1.967	BS_ZQH1NC54
1224627_D1	EUR	NA	0	0	0.1427	0	0.8573	-4.3786	10.5151	-1.8964	-6.838	-2.9959	BS_XEAH403Z
1224628_D1	EUR	NA	0	0	0.0968	0	0.9032	-1.7783	10.2394	-4.8487	-8.5144	-3.7399	BS_B0FPSXF0
1224629_D1	EUR	NA	0	0	0.0755	0	0.9245	-1.1243	12.2445	-4.1781	-8.0087	-4.643	BS_JKY4YKV4
1224630_D1	EUR	NA	0	0	0.0672	0	0.9328	-0.4527	11.9051	-3.9422	-6.589	-0.54990000000000006	BS_ZVN5HWBJ
1224631_D1	EUR	NA	0	0	0.0617	0	0.9383	-0.6024	11.37	-4.5344	-9.1521	-0.6693	BS_JQN7D48K
1224632_D1	EUR	NA	0	1e-4	0.3265	1e-4	0.6734	-7.5751	7.4642	-0.0194	-7.2569	-4.1434	BS_T73QGGZZ
1224633_D1	EUR	NA	0	0	0.0865	0	0.9135	-2.3917	9.5495	-3.3652	-9.2791	-3.4755	BS_NV6N61QE
1224634_D1	EAS	NA	1	0	0	0	0	7.386	-44.8327	-2.0569	-6.6303	-0.0449	BS_GVKMK5W4
1224635_D1	EUR	NA	0	0	0.0483	0	0.9517	-0.1154	12.6924	-5.1672	-8.9627	-0.7341	BS_DDBEJNNB
1224636_D1	EUR	NA	0	0	0.0491	0	0.9509	-1.4709	13.6686	-5.6467	-8.1895	-1.8113	BS_SKJYE5B7
1224637_D1	EUR	NA	0	0	0.0593	0	0.9407	-1.8012	13.0435	-5.6283	-8.1476	-1.7889	BS_3J7MF1Z3
1224638_D1	EUR	NA	0	0	0.0708	0	0.9292	-0.3394	11.3764	-4.2639	-8.1185	-0.7059	BS_85D6M2ZN
1224639_D1	EUR	NA	0	0	0.0392	0	0.9608	-0.215	12.9071	-5.3664	-9.5072	0.8282	BS_JVGMVK6G
1224640_D1	AFR	NA	0	0.5415	0.4585	0	0	-28.5413	-7.4922	-5.3347	1.4933	-3.1411	BS_GV142CBD
1224641_D1	EUR	NA	0	0	0.0445	3e-4	0.9553	-2.9588	8.0527	2.1392	-5.6741	-2.6703	BS_V0MS0G79
1224642_D1	EUR	NA	0	0	0.0382	0	0.9618	-1.4255	12.545	-4.5366	-10.8813	-0.7937	BS_ES6J6RT8
1224643_D1	AMR	NA	0	0.0155	0.9845	0	0	-4.559	-9.6169	-14.0663	16.2419	-0.3705	BS_W8J5WVHT
1224644_D1	EUR	NA	0	0	0.0437	0	0.9563	-0.7345	13.3742	-5.7161	-8.6417	-0.6496	BS_77KJMS8Y
1224645_D1	AFR	NA	0	0.9995	5e-4	0	0	-55.7016	-15.1262	-0.0897	-0.7279	-1.9832	BS_NM7DCTK6
1224646_D1	EUR	NA	0	0	0.0849	0	0.9151	-1.6088	10.1968	-3.4361	-8.7676	-0.8476	BS_4ZFQH6TK
1224647_D1	EUR	NA	0	0	0.0554	0	0.9446	-0.8893	11.4707	-2.8312	-9.2619	-1.3261	BS_D1M3YJTA
1224648_D1	EUR	NA	0	0	0.0498	0	0.9502	-0.3163	13.0909	-5.1136	-7.6277	-1.072	BS_NTRZQ5DZ
1224649_D1	EUR	NA	0	0	0.0695	0	0.9305	1.1775	10.417	-5.821	-8.6731	-0.2994	BS_36NRPEXX
1224650_D1	EUR	NA	0	0	0.0625	0	0.9375	0.3597	11.3285	-3.5484	-8.3918	-0.2782	BS_24RR82Q8
1224651_D1	AFR	NA	0	0.9858	0.0142	0	0	-40.644	-8.9784	-1.1879	-3.5825	-2.2091	BS_4TTWPQA9
1224652_D1	AMR	NA	8e-4	0.0203	0.9729	1e-4	0.0059	-10.6246	2.1841	-4.938	-3.1231	-3.702	BS_X1AXBBF7
1224653_D1	AMR	NA	0	0.0028	0.9972	0	0	4.5159	-18.5403	-21.5925	27.2859	-1.9115	BS_Y0YTZVXW
1224654_D1	EUR	NA	0	0	0.0894	0	0.9106	-3.2075	12.4227	-5.3228	-7.95	-3.3788	BS_P6X8QDH0
1224655_D1	EUR	NA	0	0	0.1154	0	0.8846	-1.1843	9.7571	-6.4002	-8.1431	-1.4038	BS_JF0FQX7G
1224656_D1	EUR	NA	0	1e-4	0.2809	2e-4	0.7188	-6.0788	7.4598	0.378	-3.2075	-5.3572	BS_G7VGEN03
1224657_D1	EUR	NA	0	0	0.0368	0	0.9632	0.3834	13.3832	-5.4087	-9.8715	-0.8465	BS_8QAGZG10
1224658_D1	EUR	NA	0	0	0.0794	0	0.9206	0.3324	10.9153	-4.7345	-7.9958	-1.5683	BS_ZD93F802
1224659_D1	AFR	NA	0	0.9963	0.0037	0	0	-48.1481	-10.6535	-3.5921	-3.0676	-2.6469	BS_Y72574SD
1224660_D1	EUR	NA	0	0	0.0997	0	0.9003	-2.5448	11.54	-1.4419	-6.8283	-3.4056	BS_3E5M53Z7
1224661_D1	AFR	NA	0	0.9972	0.0028	0	0	-48.6917	-13.6028	-1.4753	-2.2884	-2.7227	BS_K0QQJ205
1224662_D1	EUR	NA	0	0	0.0619	0	0.9381	0.8828	11.8364	-5.0062	-8.0803	-1.1899	BS_ZAN5PG3B
1224663_D1	EUR	NA	0	0	0.0445	0	0.9555	-1.552	13.0956	-3.59	-8.639	-0.0281	BS_9RHDDWH5
1224664_D1	AFR	NA	0	0.7929	0.2071	0	0	-29.3433	-3.7088	-2.9556	-2.6554	-2.8567	BS_D4NWYVYJ
1224665_D1	AMR	NA	0	0.0274	0.9647	0	0.0078	-15.3352	3.7011	-5.1	-7.5053	0.4236	BS_V4QGT56S
1224666_D1	EUR	NA	0	0	0.0923	0	0.9077	-1.076	10.6539	-6.2962	-8.5281	-1.0116	BS_VFKY54Y6
1226081_D1	AMR	NA	0	1e-4	0.5702	0	0.4297	-11.3793	8.0229	-4.1507	-9.0724	-2.2285	BS_4M01QXWQ
1226083_D1	EUR	NA	0	0	0.0746	0	0.9254	0.3121	11.1585	-6.0976	-8.4485	-1.6671	BS_T5ZFAC8V
1226084_D1	AFR	NA	0	0.9993	7e-4	0	0	-52.9368	-14.3165	0.2146	-2.4825	-0.7307	BS_7Y804R5X
1226085_D1	AFR	NA	0	0.9995	5e-4	0	0	-55.3412	-15.7415	0.6258	-1.7569	-2.0016	BS_3S0JM8EY
1226086_D1	AFR	NA	0	0.9999	1e-4	0	0	-62.6782	-16.0693	-0.1466	-0.5406	-1.6627	BS_3A3CYTFZ
1226087_D1	EUR	NA	0	0	0.049	0	0.951	-0.4692	12.6617	-5.6003	-9.564	-1.1307	BS_4VDB0RMB
1226088_D1	EUR	NA	0	0	0.0759	0	0.9241	-2.6984	11.9142	-5.4984	-9.1992	-2.7526	BS_7HBMC1VC
1226089_D1	AFR	NA	0	0.9717	0.0283	0	0	-38.4942	-6.3469	-0.9473	-4.395	-3.9174	BS_0TJ56GBC
1226090_D1	EUR	NA	0	0	0.0528	0	0.9472	0.1759	10.7148	-3.5712	-9.6988	0.0222	BS_M607R79H
1226091_D1	AFR	NA	0	0.9911	0.0089	0	0	-43.5677	-8.3263	-1.4235	-2.2692	-1.1236	BS_ATNER2VJ
1226092_D1	EUR	NA	0	0	0.1617	0	0.8383	0.5503	8.0582	-5.8682	-6.6713	-0.5879	BS_RFGHR2BZ
1226093_D1_unknown	EUR	NA	0	0	0.0501	0	0.9499	0.7177	10.1716	-3.4992	-9.7712	-1.5053	BS_4SPGK8VT
1226094_D1	EUR	NA	0	0	0.0914	0	0.9086	-1.5965	9.8273	-6.1781	-9.2196	-0.2915	BS_N1JWVE7X
1226095_D1	EAS	NA	0.9966	0	0.0034	0	0	4.2387	-16.1084	-3.6191	-6.8002	-1.8115	BS_D77EV9S8
1226096_D1	EUR	NA	0	0	0.1116	0	0.8884	-2.9651	8.2307	-2.5134	-8.9833	-3.6276	BS_9YYZ726N
1226097_D1	AFR	NA	0	0.9998	2e-4	0	0	-61.5528	-16.6352	-0.9667	-0.4853	-1.5176	BS_Q9RRV6YN
1226098_D1	SAS	NA	0	0	0	1	0	-2.267	-3.004	10.3319	0.997	-3.2476	BS_1VFX8KT8
1226099_D1	EUR	NA	0	0	0.0416	0	0.9584	-0.0166	12.6754	-4.1539	-9.6608	-1.1108	BS_GV35HW7N
1226100_D1	EUR	NA	0	0	0.0528	0	0.9472	-0.7602	12.848	-6.1865	-9.4267	-3.4555	BS_91877DRD
1226101_D1	SAS	NA	0	0	0	1	0	-1.5093	-8.1831	15.9694	3.6596	-0.0054	BS_P2CGQM3H
1226102_D1	EUR	NA	0	0	0.0457	0	0.9543	0.7017	13.5227	-5.2999	-7.6551	-2.1144	BS_65QA15K4
1226103_D1	EUR	NA	0	0	0.0489	0	0.9511	-0.9578	12.4755	-4.854	-9.1036	0.3631	BS_RM81GV42
1226104_D1	EAS	NA	0.9862	0	0.0138	0	0	3.0979	-15.5106	-5.332	-6.8081	-4.3275	BS_D6ZAD95C
1226106_D1	EUR	NA	0	0	0.0709	0	0.9291	-2.0698	11.608	-3.7659	-9.0145	-0.8369	BS_D07VWRVN
1226107_D1	EUR	NA	0	0	0.0712	0	0.9288	-0.4168	11.6388	-5.5708	-8.5888	-1.4489	BS_D1MNY5KX
1226109_D1	EUR	NA	0	0	0.0526	0	0.9474	-1.5982	11.0265	-5.809	-10.7234	-0.9452	BS_32AV0281
1226110_D1	EUR	NA	0	0	0.0438	0	0.9562	-1.3973	12.2204	-5.8428	-10.7777	-0.329	BS_TH3YEFR5
1226111_D1	EUR	NA	0	0	0.0359	0	0.9641	1.5728	12.6849	-6.3234	-8.8691	1.6227	BS_8MWQE6S0
1226112_D1	EUR	NA	0	0	0.0434	0	0.9566	-1.6575	13.4791	-3.1966	-8.4881	-1.0488	BS_W7N2H0F2
1226113_D1	EUR	NA	0	0	0.0375	0	0.9625	-0.7606	13.2488	-4.7924	-9.6345	0.5185	BS_ZTHWZ6S4
1226114_D1	AFR	NA	0	0.9999	1e-4	0	0	-62.9432	-16.9994	0.4336	-2.1981	-1.3839	BS_HZE4NBE3
1226115_D1	EUR	NA	0	0	0.0408	0	0.9592	0.5213	13.9295	-5.3318	-8.7173	-2.6827	BS_DZX9BNST
1226116_D1	EUR	NA	0	0	0.0458	0	0.9542	0.022	12.7997	-6.4574	-8.9435	-0.0475	BS_ZBV9KSXR
1226117_D1	AMR	NA	0	0.0452	0.9535	0	0.0013	-16.7031	-0.588	-6.3623	-0.3789	-2.0891	BS_23TD7Y70
1226118_D1	AFR	NA	0	0.9981	0.0019	0	0	-49.9164	-11.235	-1.6819	-2.3498	-0.206	BS_JCMH564M
1226119_D1	EUR	NA	0	0	0.1487	0	0.8513	-4.8862	8.3963	-2.4403	-8.5133	-4.7049	BS_6853TJ12
1226120_D1	SAS	NA	0	0	0	1	0	-1.8489	-7.8097	16.0679	3.3989	-2.8868	BS_Q8WC8H72
1226121_D1	SAS	NA	0	0	0	1	0	-0.7619	-7.2546	16.3597	3.7863	-2.6207	BS_73YPM981
1226122_D1	EUR	NA	0	0	0.0586	0	0.9414	-0.5007	12.3936	-5.9869	-9.101	-2.6848	BS_651ZV8Q9
1226123_D1	EUR	NA	0	0	0.0564	0	0.9436	-0.8599	12.4736	-5.6508	-9.0792	-1.0681	BS_XTF9A151
1226124_D1	EUR	NA	0	0	0.0944	0	0.9056	-4.1335	9.9769	-3.3527	-9.4745	-5.229	BS_0E2QWMQR
1226125_D1	EUR	NA	0	0	0.0473	0	0.9527	-0.4523	13.4673	-5.1991	-7.6784	-1.4837	BS_PY2Y07D1
1226126_D1	EUR	NA	0	0	0.0839	0	0.9161	-0.8801	11.1719	-3.8074	-7.9608	-2.8766	BS_Z2ZF7MY1
1226127_D1	EUR	NA	0	0	0.3799	0	0.6201	-2.6676	6.5921	-5.2897	-4.0425	-3.0159	BS_83355QXA
1226128_D1	EUR	NA	0	0	0.0615	0	0.9385	1.1795	11.5858	-4.3514	-8.1901	-1.8537	BS_T8EP801Q
1226129_D1	AMR	NA	1e-4	5e-4	0.9176	3e-4	0.0815	-4.9809	4.2365	-6.781	-0.3821	-3.4253	BS_XTTP5VRH
1226130_D1	EUR	NA	0	0	0.21560000000000001	0	0.7844	-3.8546	9.9141	-5.464	-2.8255	-2.3743	BS_E7CN8G28
1226131_D1	EUR	NA	0	0	0.0712	0	0.9288	-1.8798	11.4024	-3.6935	-8.3895	0.5761	BS_K8ZRH1CF
1226132_D1	EUR	NA	0	0	0.0512	0	0.9488	-0.5124	12.7368	-4.4919	-8.1666	-0.8627	BS_9BX6DNZA
1226133_D1	EUR	NA	0	0	0.0706	0	0.9294	-0.8997	11.5871	-5.378	-8.8314	-0.9453	BS_J6X5R08E
1226134_D1	EUR	NA	0	0	0.0761	0	0.9239	-1.2598	11.4103	-5.8514	-8.8949	-1.457	BS_8RS4Z3C5
1226135_D1	EUR	NA	0	0	0.0744	0	0.9256	-1.8336	10.1909	0.6657	-8.492	-2.5922	BS_PKEC8VB1
1226136_D1	EUR	NA	0	0	0.039	0	0.961	0.0879	13.4489	-4.3207	-8.3148	-0.6305	BS_QBZR5SZ6
1226137_D1	AFR	NA	0	0.7341	0.2659	0	0	-26.5238	-3.2972	-2.2024	-2.9086	-1.3519	BS_DCCV56KE
1226138_D1	EUR	NA	0	0	0.0817	0	0.9183	-0.4739	11.8159	-1.6245	-6.9168	-3.6044	BS_T71JV5EP
1226140_D1	AFR	NA	0	0.982	0.018	0	0	-39.1027	-7.2001	-1.9127	-6.0189	-1.6841	BS_VDNM6D3Y
1226141_D1	AFR	NA	0	0.9871	0.0129	0	0	-44.2047	-11.2968	-2.4708	0.9929	-1.4211	BS_N4Z7V9WE
1226142_D1	EUR	NA	0	0	0.0607	0	0.9393	-0.7802	11.8352	-4.369	-8.8019	-0.4341	BS_9GR71SZ9
1226143_D1	EUR	NA	0	0	0.0754	0	0.9246	-0.0872	11.39	-5.0779	-8.0546	-1.2445	BS_4WB0GDF9
1226144_D1	AMR	NA	0	0.0101	0.9899	0	0	-0.4352	-9.3953	-11.4989	15.4272	0.5717	BS_32CC7PQ8
1226145_D1	EUR	NA	0	0	0.0473	0	0.9527	-0.1697	12.3498	-4.2761	-9.4263	-1.5561	BS_136Q3PJG
1226146_D1	EUR	NA	0	0	0.0437	0	0.9563	0.8613	13.2003	-5.9437	-8.3282	-1.0925	BS_KMG9PTZC
1226147_D1	EUR	NA	0	0	0.0912	0	0.9088	-3.0711	11.4479	-4.4012	-8.081	-1.4276	BS_AAYD49F9
1226149_D1	EUR	NA	0	0	0.0764	0	0.9236	-2.1534	11.9288	-2.7159	-8.2703	-2.39	BS_BF1VX5P5
1226150_D1	EUR	NA	0	0	0.0459	0	0.9541	-1.0174	13.4321	-5.0761	-9.5275	-2.9541	BS_A40MGDDQ
1226151_D1	EUR	NA	0	0	0.0677	0	0.9323	-1.2026	12.5136	-4.9648	-8.1475	-2.476	BS_EGS64P43
1226152_D1	EUR	NA	0	0	0.0517	0	0.9483	0.2178	11.6982	-4.0189	-9.1714	-3.0016	BS_QM55GJPT
1226154_D1	EUR	NA	0	0	0.0493	0	0.9507	-1.2601	11.3048	-4.6597	-10.3979	-1.5199	BS_Y1TSFPS5
1226155_D1	EUR	NA	0	0	0.0565	0	0.9435	-0.3048	12.0275	-5.1223	-8.5525	-0.1022	BS_0D7Y5KE5
1226156_D1	EUR	NA	0	0	0.0508	0	0.9492	-1.588	12.7529	-4.0246	-8.5857	-0.4621	BS_4DCGQDAD
1226157_D1	EUR	NA	0	0	0.0509	0	0.9491	-1.1193	13.2098	-4.7826	-8.1877	-1.5358	BS_K6J3R2WJ
1226158_D1	EUR	NA	0	0	0.0527	0	0.9473	-0.3809	12.1412	-3.9409	-8.1082	0.2799	BS_C068872H
1226159_D1	EUR	NA	0	0	0.0398	0	0.9602	-1.4655	12.8616	-5.7258	-10.7637	1.8716	BS_4T35Z10M
1226160_D1	EUR	NA	0	0	0.0343	0	0.9657	0.7351	13.2051	-4.1098	-9.4913	-0.0874	BS_998JM3CZ
1226161_D1	EUR	NA	0	0	0.074	0	0.926	-1.3761	11.2613	-5.2572	-8.9958	-2.2052	BS_S095DTSR
1226162_D1	EUR	NA	0	0	0.085	0	0.915	-0.5584	10.5962	-4.1173	-8.0219	-0.3272	BS_AVVQZGMY
1226163_D1	EUR	NA	0	0	0.1272	0	0.8728	-2.4056	9.7825	-4.5146	-7.8173	-3.3603	BS_DZ0GFCB5
1226164_D1	EUR	NA	0	0	0.0683	0	0.9317	-0.995	10.6509	-6.4297	-9.7376	-2.4227	BS_4ENGNSWW
1226165_D1	SAS	NA	0	0	0	1	0	-1.9732	0.1006	12.9612	-1.8078	-3.2668	BS_RD3CA79Q
1226166_D1	EUR	NA	0	0	0.0554	0	0.9446	-0.3559	10.8665	-3.6655	-9.8944	0.9979	BS_6ZX9XQEX
1226167_D1	EUR	NA	0	0	0.094	0	0.906	-2.1507	8.8327	-2.6766	-9.0443	-4.0453	BS_M702ED8A
1226168_D1	EUR	NA	0	0	0.0674	0	0.9326	-3.0612	12.663	-5.3053	-8.703	-1.6323	BS_2P5EC0XE
1226169_D1	EUR	NA	0	0	0.0657	0	0.9343	0.0573	12.2942	-5.7947	-7.5603	-1.7632	BS_5929FZYP
1226170_D1	EUR	NA	0	0	0.053900000000000003	0	0.9461	-0.5578	12.2042	-5.5185	-9.4542	-1.6426	BS_36V28CWG
1226171_D1	EUR	NA	0	0	0.065	0	0.935	0.137	12.1448	-5.3955	-8.3913	-2.2602	BS_1XZH90B7
1226172_D1	EUR	NA	0	0	0.0357	0	0.9643	-0.2459	13.6179	-3.7309	-8.6819	-0.4392	BS_0GSBKAT4
1226173_D1	EUR	NA	0	0	0.0519	0	0.9481	-1.2005	12.8185	-4.4448	-8.2497	-0.7679	BS_KNTGHMD2
1226174_D1	EUR	NA	0	0	0.0584	0	0.9416	0.3111	11.408	-5.6005	-8.0623	1.5064	BS_MS0J07WV
1226175_D1	EUR	NA	0	0	0.1004	0	0.8996	-0.4549	11.1829	-6.8417	-6.3956	-1.5963	BS_XECFDF9K
1226767_D1	EUR	NA	0	0	0.0732	0	0.9268	-0.656	11.4723	-3.7446	-8.0321	-1.2392	BS_CTHEERXJ
1226768_D1	EUR	NA	0	0	0.0818	0	0.9182	-0.7385	12.1058	-5.1367	-6.7347	-2.6419	BS_BGCP80QV
1226769_D1	EUR	NA	0	0	0.0311	0	0.9689	1.5306	13.235	-4.0955	-8.2499	1.14	BS_CX0KESV4
1226770_D1	EUR	NA	0	0	0.2149	0	0.7851	-1.7678	9.1196	-6.3911	-4.9754	-2.9493	BS_7QVA21TG
1226771_D1	EUR	NA	0	0	0.0597	0	0.9403	1.2679	12.0637	-5.8597	-8.3689	-2.0126	BS_8NS82WFD
1226773_D1	AFR	NA	0	0.6264	0.3736	0	0	-24.8158	-0.5062	-3.8175	-5.3814	-0.0511	BS_ER3N6HP4
1226774_D1	AMR	NA	0	0.0042	0.9958	0	0	2.2688	-6.0693	-11.741	14.2325	-1.7613	BS_KS6JFTWT
1226775_D1	EUR	NA	0	0	0.0332	0	0.9668	1.1085	10.7074	-3.2408	-10.838	-3.4698	BS_A4T806S9
1226776_D1	EUR	NA	0	0	0.0479	0	0.9521	1.3321	12.1149	-4.276	-8.8145	-1.0471	BS_9V8A4A1F
1226777_D1	EUR	NA	0	0	0.0993	0	0.9007	-1.7375	10.3514	-5.1976	-8.4156	-3.3046	BS_6N4JW3A7
1226778_D1	EUR	NA	0	0	0.0578	0	0.9422	-0.4901	12.3176	-4.6036	-7.3763	-0.3644	BS_APHVW8Q9
1226779_D1	EUR	NA	0	0	0.0819	0	0.9181	-1.6876	11.8796	-4.9169	-8.3144	-2.7352	BS_PNTZM14A
1226780_D1	EUR	NA	0	0	0.0835	0	0.9165	-1.9029	11.8701	-5.1019	-8.3815	-2.788	BS_8DNM2183
1226781_D1	EUR	NA	0	0	0.0547	0	0.9453	-1.3362	12.7212	-5.1378	-9.3859	-1.6697	BS_HZA2RN8T
1226782_D1	EUR	NA	0	0	0.0706	0	0.9294	-1.2904	11.7166	-2.5848	-8.0289	-1.502	BS_D17T00G7
1226783_D1	EUR	NA	0	0	0.0343	0	0.9657	0.8902	13.9977	-5.6938	-7.5384	-0.3588	BS_S61NM2A7
1226784_D1	EUR	NA	0	0	0.068	0	0.932	-1.3056	11.8325	-5.1317	-8.9765	-1.2369	BS_GXB7RBAR
1226785_D1	EUR	NA	0	0	0.0556	0	0.9444	-1.7182	12.7677	-3.5433	-8.8644	-1.7765	BS_CE2QKMBF
1226786_D1	EUR	NA	0	0	0.0614	0	0.9386	0.1046	12.3344	-7.1976	-8.0071	-0.9221	BS_Z0NJB8CD
1226787_D1	AMR	NA	0	0.002	0.9701	5e-4	0.0274	2.8053	1.1221	-7.1453	0.9703	-3.5372	BS_CX7NK74X
1226788_D1	EUR	NA	0	0	0.0827	0	0.9173	-1.3375	11.5607	-4.0989	-6.9	-1.311	BS_32W5190V
1226789_D1	EUR	NA	0	0	0.0808	0	0.9192	-1.7373	11.052	-4.8855	-7.9413	0.4821	BS_HS9GPSHQ
1226790_D1	EUR	NA	0	0	0.0824	0	0.9176	-1.1643	11.7545	-2.6272	-6.6118	-2.3368	BS_080RF5PD
1226791_D1	EUR	NA	0	0	0.0535	0	0.9465	0.6777	11.385	-4.7917	-9.1791	-1.9862	BS_JV9017XJ
1226792_D1	EUR	NA	0	0	0.0688	0	0.9312	-0.4421	12.1539	-2.1621	-7.6606	-3.2005	BS_PGVEF848
1226793_D1	SAS	NA	0	0	0	1	0	-0.7769	-4.6353	14.7214	3.4875	-1.541	BS_PNETC027
1226794_D1	EUR	NA	0	0	0.0609	0	0.9391	-3.2948	10.9784	-2.0102	-10.0332	-3.4016	BS_N6HQ5678
1226796_D1	EUR	NA	0	0	0.0316	0	0.9684	-0.0347	13.175	-5.7182	-10.8225	-3.4538	BS_G9PNMVWC
1226797_D1	EUR	NA	0	0	0.1196	0	0.8804	0.6565	8.316	-3.2036	-7.2458	0.2742	BS_02H745P9
1226798_D1	EUR	NA	0	0	0.0497	0	0.9503	-1.8237	13.4323	-3.7044	-8.1604	-1.7854	BS_AS2HYSEP
1226799_D1	EUR	NA	0	0	0.4814	0	0.5185	-5.4328	6.867	-6.7372	-3.1134	-2.426	BS_P8YW9HV8
1226800_D1	EUR	NA	0	0	0.0533	0	0.9467	-1.3971	12.4841	-4.9045	-7.7005	0.7297	BS_BNWX8XK0
1226801_D1	EAS	NA	1	0	0	0	0	5.3278	-39.8199	-0.1138	-7.5724	2.4701	BS_3T6CZ8ZC
1226802_D1	EUR	NA	0	0	0.0733	0	0.9267	-1.2584	12.1211	-4.8152	-7.2134	-1.5648	BS_FNMA6AZX
1226803_D1	EUR	NA	0	0	0.0593	0	0.9407	1.7605	11.3932	-6.0328	-8.5741	-1.2009	BS_ND1YQ49T
1226804_D1	EUR	NA	0	0	0.0492	0	0.9508	-0.8625	13.0601	-5.3269	-8.7323	-1.1431	BS_TY4V7WE2
1226805_D1	EUR	NA	0	0	0.0659	0	0.9341	-0.4751	12.2902	-6.5588	-7.6231	-1.0846	BS_ABB2ZNB0
1226806_D1	EUR	NA	0	0	0.0473	0	0.9527	-1.5695	12.3951	-5.6488	-10.3507	-2.8594	BS_HDAY0PNM
1226807_D1	AMR	NA	0	0.0146	0.985	0	4e-4	-11.4573	-0.8439	-8.1168	4.7286	-3.0727	BS_VKQ93J6Z
1226808_D1	EUR	NA	0	0	0.1084	0	0.8916	-2.7567	8.3627	-1.9311	-8.8449	-2.7989	BS_ZBJ7W326
1226809_D1	EUR	NA	0	0	0.1105	0	0.8895	-3.2223	11.2477	-1.8679	-7.3851	-4.1759	BS_MXR94XQ9
1226810_D1	EUR	NA	0	0	0.0547	0	0.9453	-1.3304	13.2646	-4.6412	-7.2264	-1.6513	BS_F8R0CFQ5
1226811_D1	EUR	NA	0	0	0.0537	0	0.9463	0.171	11.849	-4.014	-8.4951	0.1465	BS_NNDVT76D
1226812_D1	EUR	NA	0	0	0.0598	0	0.9402	-2.9232	12.6385	-3.681	-8.9988	-1.2018	BS_DKE65ATG
1226814_D1	EUR	NA	0	0	0.0321	0	0.9679	0.454	12.1651	-3.7809	-10.6186	-2.7725	BS_T5M56R0C
1226815_D1	EUR	NA	0	0	0.0451	0	0.9549	-1.6827	11.3756	-4.227	-10.7923	-3.9681	BS_8YVQ0HAY
1226816_D1	EUR	NA	0	0	0.0614	0	0.9386	-1.3826	11.3324	-4.7386	-9.5755	-3.783	BS_DCJ5JJ7D
1226817_D1	EUR	NA	0	0	0.0599	0	0.9401	-0.4527	12.1419	-4.2272	-8.7009	-3.8267	BS_K9GY40M6
1226818_D1	EUR	NA	0	0	0.1354	0	0.8646	-2.1658	9.981	-4.9967	-7.4549	-2.233	BS_ZF5EG7BE
1226819_D1	EUR	NA	0	0	0.0766	0	0.9234	-2.9001	11.3668	-6.0019	-9.652	-4.8156	BS_QBKJF9R7
1226820_D1	EUR	NA	0	0	0.083	0	0.917	0.1818	10.1743	-3.43	-7.5646	1.0438	BS_2HQZCAX0
1226821_D1	EUR	NA	0	0	0.0483	0	0.9517	-0.4645	11.4729	-3.7751	-9.8022	-4.5378	BS_N5AT9W2X
1226822_D1	EUR	NA	0	0	0.0921	0	0.9079	-1.2158	11.0325	-3.5326	-7.7383	-3.2632	BS_Q3MD0151
1226823_D1	EUR	NA	0	0	0.0726	0	0.9274	-0.7639	11.7925	-4.5493	-7.056	-0.9184	BS_N6Z47REP
1226824_D1	AMR	NA	0.0317	6e-4	0.9647	1e-4	0.003	1.1174	-8.5774	-3.7064	-7.9053	-1.2945	BS_MWSTMNJV
1226825_D1	EAS	NA	1	0	0	0	0	6.5337	-41.8134	-2.7076	-6.35	-6.9962	BS_JJK3S06Y
1226826_D1	EUR	NA	0	0	0.0518	0	0.9482	-0.7708	11.8929	-4.9477	-9.734	-1.9568	BS_JPRB9CME
1226827_D1	EUR	NA	0	0	0.0584	0	0.9416	0.7082	11.335	-5.3383	-8.8641	0.5508	BS_TTVFCG7S
1226828_D1	EUR	NA	0	0	0.0676	0	0.9324	0.1097	10.7926	-5.3671	-8.9579	-2.2459	BS_1QH2XBG1
1226829_D1	AMR	NA	0	0.006	0.994	0	0	0.8216	-6.5866	-12.0477	13.45	-3.8616	BS_11VS587Q
1226830_D1	EUR	NA	0	0	0.0787	0	0.9213	-1.9709	12.5545	-2.9969	-7.5526	-3.9885	BS_7TKJG3Y5
1226831_D1	EUR	NA	0	0	0.0956	0	0.9044	-0.3557	10.9226	-4.3071	-7.4386	-2.8185	BS_XQEXA61V
1226832_D1	AFR	NA	0	0.9974	0.0026	0	0	-48.4294	-11.3204	0.3479	-4.0142	-3.3814	BS_T52BZV6S
1226833_D1	EUR	NA	0	0	0.0408	0	0.9592	0.7525	10.9671	-4.1624	-10.4891	0.412	BS_CRKHER2Y
1226834_D1	EUR	NA	0	0	0.0837	0	0.9163	-0.9916	10.5238	-3.4689	-7.5757	1.0946	BS_HG4GDEMA
1226835_D1	EUR	NA	0	0	0.0313	0	0.9687	-1.4035	12.7151	-3.1304	-11.2388	-1.5034	BS_4ZPX3JBS
1226836_D1	AMR	NA	0	0.0171	0.9829	0	0	-3.0628	-7.8624	-11.3584	12.0147	-3.2434	BS_X8T93VSB
1226837_D1	EUR	NA	0	0	0.0561	0	0.9439	-0.226	11.8035	-4.6447	-8.591	0.3585	BS_VZXDTVDT
1226838_D1	EUR	NA	0	0	0.0513	0	0.9487	0.2045	11.6539	-5.7113	-9.6429	-0.1613	BS_AAFNY6V6
1226839_D1	EUR	NA	0	0	0.0386	0	0.9614	0.8141	12.1506	-4.8383	-10.0069	-1.243	BS_8G7CD5VY
1226840_D1	EUR	NA	0	0	0.049	0	0.951	-1.3103	12.8959	-4.5526	-9.5723	-1.972	BS_EPZ7WW6W
1226841_D1	EAS	NA	0.9796	0	0.0204	0	0	1.5681	-15.6261	-0.8137	-5.8975	-1.3994	BS_ES9F82E9
1226842_D1	EUR	NA	0	0	0.0479	0	0.9521	-0.126	11.22	-3.8624	-9.8433	-3.1579	BS_5GX1TMSG
1226843_D1	AMR	NA	0	0.086	0.914	0	0	-9.7118	-10.4732	-11.2258	10.966	-0.4638	BS_1FMZ0BPF
1226844_D1	EUR	NA	0	0	0.0828	0	0.9172	-1.2	10.9658	-2.4078	-7.9434	-2.8673	BS_WX4JYQYD
1226845_D1	EUR	NA	0	0	0.0731	0	0.9269	-2.3723	11.4302	-3.698	-9.0334	-4.0077	BS_82MHABPM
1226846_D1	EUR	NA	0	0	0.1092	0	0.8908	-2.4445	10.7233	-2.1008	-7.4199	-3.0652	BS_EG9NX147
1226847_D1	EUR	NA	0	0	0.1066	0	0.8934	-2.4464	11.1333	-3.5921	-7.6515	-3.719	BS_SY08XRWR
1226848_D1	EUR	NA	0	0	0.1461	0	0.8539	-3.9274	10.8622	-1.2905	-5.6167	-3.9594	BS_PTF3JFBQ
1226849_D1	EUR	NA	0	0	0.0806	0	0.9194	-2.6995	13.136	-4.875	-6.8492	-4.0201	BS_RQNR2MH3
1226850_D1	EUR	NA	0	0	0.0931	0	0.9069	-1.7831	10.7069	-2.4703	-7.8696	-4.7861	BS_QFG0915K
1226851_D1	EUR	NA	0	0	0.0732	0	0.9268	-2.5277	10.92	-4.1041	-9.4633	-3.7664	BS_MW7721F2
1226852_D1	EUR	NA	0	0	0.046	0	0.954	0.0769	12.7887	-5.3139	-8.2939	-0.1036	BS_N7B8PTKX
1226853_D1	EUR	NA	0	0	0.0789	0	0.9211	-0.5589	11.4737	-5.8259	-7.5608	-0.9438	BS_YEVE2EZ6
1226854_D1	EUR	NA	0	0	0.0376	0	0.9624	1.1445	13.4679	-4.7463	-9.2393	-1.7646	BS_BEG8ZS47
1226855_D1	EUR	NA	0	0	0.0494	0	0.9506	-2.5276	13.5709	-3.5601	-7.5093	-1.127	BS_7DW3N5ED
1226856_D1	EUR	NA	0	0	0.0457	0	0.9543	0.2251	13.3809	-7.0379	-9.2312	-1.7861	BS_P5G98TCP
1226857_D1	AMR	NA	0	0.2124	0.7874	0	2e-4	-20.8405	-3.0401	-3.64	0.9985	-1.0284	BS_PH5RFA88
1226858_D1	EUR	NA	0	0	0.0622	0	0.9378	-1.5199	11.0186	-5.8248	-10.0248	-1.1338	BS_N1MJ54NE
1226859_D1	EUR	NA	0	0	0.0602	0	0.9398	-1.1396	12.0988	-4.1514	-7.873	-0.2133	BS_HNF5X7T0
1226860_D1	AMR	NA	1e-4	0.001	0.9509	3e-4	0.0477	-5.9663	3.7253	-8.1491	-0.5757	-1.0488	BS_RMC5GF7W
1226861_D1	AMR	NA	4e-4	0.002	0.9455	4e-4	0.0517	-5.5411	3.1047	-6.5999	-0.5616	-2.8074	BS_7ZW18X1F
1229503_D1	EAS	NA	1	0	0	0	0	6.5846	-41.5486	-1.2533	-7.384	-0.3203	BS_FM2E278J
1229504_D1	EUR	NA	0	0	0.0447	0	0.9553	-0.021	12.2595	-4.0822	-9.3916	1.0352	BS_XWHBF2WF
1229505_D1	EUR	NA	0	0	0.076	0	0.924	-1.3785	11.8189	-4.1384	-8.0265	-1.8856	BS_GCZA2NBA
1229506_D1	AMR	NA	0	0.2974	0.7026	0	0	-26.8912	-25.3344	-2.5655	-5.3653	0.1769	BS_HV9B1F2Y
1229507_D1	EAS	NA	1	0	0	0	0	6.8507	-39.0941	-1.3838	-6.4222	1.1409	BS_1050572P
1229508_D1	EUR	NA	0	0	0.0845	0	0.9155	-1.3781	10.8908	-2.7866	-7.9341	-0.8478	BS_WXQK10MC
1229509_D1	EAS	NA	0.9708	0	0.0292	0	0	3.1267	-16.4573	-3.2459	-8.0445	-5.6944	BS_AV5P2EPS
1229510_D1	EUR	NA	0	0	0.0844	0	0.9156	-1.758	10.0725	-3.7272	-8.9932	-0.9242	BS_94T807TP
1229511_D1	AFR	NA	0	0.7858	0.2142	0	0	-27.412	-3.0324	-0.1706	-5.2915	-3.1517	BS_5BR7SP8A
1229512_D1	EUR	NA	0	0	0.0733	0	0.9267	-2.213	12.4111	-6.1406	-7.8328	-1.524	BS_9ZWBTY09
1229513_D1	EUR	NA	0	0	0.0466	0	0.9534	-0.4944	12.4325	-4.4128	-9.6228	-1.2669	BS_NJG7DSSY
1229514_D1	EUR	NA	0	0	0.0573	0	0.9427	-0.4118	11.781	-5.1525	-8.746	0.4304	BS_6GTXGSCT
1229515_D1	EUR	NA	0	0	0.028	0	0.972	1.1481	13.0299	-6.7108	-11.0735	-1.9272	BS_DXFBMR8W
1229516_D1	SAS	NA	0	0	0	1	0	0.0651	-10.6006	19.5336	3.0765	-2.8715	BS_KR02GJVY
1229517_D1	EUR	NA	0	0	0.0699	0	0.9301	-1.489	12.5636	-4.6988	-8.2606	-2.9182	BS_QYYMDFNK
1229518_D1	SAS	NA	0	0	0	1	0	-2.6436	-7.6142	17.8274	4.7281	-2.4394	BS_JPQQACV8
1229519_D1	EUR	NA	0	0	0.0913	0	0.9087	-0.6044	10.5039	-4.4118	-7.9988	-0.715	BS_HKAHDSP0
1229520_D1	AFR	NA	0	0.5247	0.4753	0	0	-25.4905	-2.263	-4.7299	-2.9984	-0.7772	BS_7GZNWX5T
1229521_D1	AFR	NA	0	0.9891	0.0109	0	0	-42.5062	-8.0134	-1.6092	-2.4689	-1.1567	BS_4QYGNE0H
1229522_D1	AMR	NA	2e-4	0.0061	0.9523	1e-4	0.0413	-11.2834	4.2741	-5.86	-4.7864	-2.7439	BS_718QFB8F
1229523_D1	AMR	NA	0.001	0.0304	0.9654	1e-4	0.0031	-10.8407	1.1023	-4.826	-3.2677	-1.9885	BS_0YJGS3SE
1229524_D1	EUR	NA	0	0	0.0484	0	0.9516	0.3903	12.6151	-4.7255	-8.065	-0.4712	BS_RFVXQZME
1229525_D1	EAS	NA	1	0	0	0	0	7.8865	-44.5897	-2.826	-6.7177	0.6099	BS_69QNSVYV
1229526_D1	SAS	NA	0	0	0	1	0	-1.2463	-5.6529	18.6785	4.239	-2.0873	BS_64YSYHDX
1229527_D1	EUR	NA	0	0	0.111	0	0.889	-2.157	9.4085	-3.147	-8.171	-2.1386	BS_F6G2Q239
1229528_D1	EUR	NA	0	0	0.0459	0	0.9541	-0.2709	12.4994	-3.6241	-9.3479	-2.8016	BS_BPKKEZDE
1229529_D1	EUR	NA	0	0	0.0607	0	0.9393	-1.2074	11.8009	-5.2217	-9.4164	-1.9173	BS_340TAVDN
1229530_D1	EUR	NA	0	0	0.0519	0	0.9481	-0.2149	12.0878	-3.3824	-8.2777	0.2075	BS_HM0267CQ
1229531_D1	EUR	NA	0	0	0.0425	0	0.9575	0.7619	11.7551	-3.6943	-9.5977	-1.3685	BS_A377PDYA
1229532_D1	EUR	NA	0	0	0.0482	0	0.9518	-0.5118	13.2943	-4.6369	-9.0465	-2.3813	BS_JF06QGNH
1229533_D1	EUR	NA	0	0	0.0665	0	0.9335	-0.4176	12.4964	-5.1692	-7.2996	-2.1453	BS_PYBXM0BR
1229534_D1	EUR	NA	0	0	0.0669	0	0.9331	-1.2807	11.2341	-5.7083	-9.4774	-2.0551	BS_P88MD8DV
1229535_D1	EUR	NA	0	0	0.0933	0	0.9067	-2.0286	10.8573	-3.5576	-7.2605	-0.5927	BS_J4BSZGQJ
1229536_D1	EUR	NA	0	0	0.048	0	0.952	-1.1019	13.2991	-5.7722	-8.488	-1.0029	BS_STKAV244
1229537_D1	EUR	NA	0	0	0.07	0	0.93	-1.5112	10.6531	-4.9244	-9.533	-1.139	BS_0Q6RDKEJ
1229538_D1	AFR	NA	0	0.6929	0.3071	0	0	-26.111	-0.0055	-3.306	-5.3224	-1.0517	BS_2XXXZMF9
1229539_D1	EUR	NA	0	0	0.062	0	0.938	0.4868	12.4953	-5.7663	-7.1951	-1.7857	BS_JSKGQZED
1229540_D1	EUR	NA	0	0	0.0766	0	0.9234	-0.0028	11.7473	-6.3288	-8.2223	-2.595	BS_Y2QDD8X6
1229541_D1	EUR	NA	0	0	0.0592	0	0.9408	-0.0762	11.0999	-4.3449	-9.1722	-1.6424	BS_5DNP32HP
1229542_D1	EUR	NA	0	0	0.1413	0	0.8587	-3.5831	10.4341	-2.7612	-7.1435	-3.3587	BS_45HFTSGW
1229543_D1	EUR	NA	0	0	0.0471	0	0.9529	0.1322	12.7574	-4.6342	-8.9434	-1.0561	BS_C5ZKX18G
1229544_D1	EUR	NA	0	0	0.0466	0	0.9534	1.8897	12.637	-6.45	-7.1473	0.073	BS_FPYWHWSB
1229545_D1	EUR	NA	0	0	0.0676	0	0.9324	-1.781	12.8135	-6.4116	-7.612	-1.8593	BS_ESZN9T7J
1229546_D1	EUR	NA	0	0	0.064	0	0.936	0.4842	11.6123	-4.4681	-7.5495	-0.4284	BS_NJY06VBN
1229547_D1	EUR	NA	0	0	0.0627	0	0.9373	-3.2858	12.3408	-3.6719	-9.5805	-3.0107	BS_TXDZ6101
1229548_D1	EUR	NA	0	0	0.0611	0	0.9389	-1.1892	12.3482	-2.5059	-8.1155	-1.8997	BS_E3RWNH1X
1229549_D1	AMR	NA	0	0.0083	0.9889	1e-4	0.0027	-0.1574	-1.6665	-10.9122	4.4754	-2.2701	BS_7Q1YN6T1
1229550_D1	EUR	NA	0	0	0.0779	0	0.9221	-1.8442	12.0733	-1.3631	-7.6512	-3.706	BS_WMGT2VXT
1229551_D1	EUR	NA	0	0	0.0771	0	0.9229	-1.1324	11.5426	-5.4441	-8.4342	-1.2166	BS_9DM1RH6E
1229552_D1	AFR	NA	0	0.9987	0.0013	0	0	-50.7051	-13.8892	0.3891	-3.3104	-1.9086	BS_G3KG4ZAG
1229553_D1	EUR	NA	0	0	0.0639	0	0.9361	-1.1922	12.2835	-3.8213	-8.6154	-3.0131	BS_2WG4AD28
1229554_D1	EUR	NA	0	0	0.0812	0	0.9188	-1.053	11.6903	-4.1138	-7.5163	-2.1373	BS_34Q0JBVR
1229555_D1	AMR	NA	0	1e-4	0.5158	0	0.4841	-10.9176	7.943	-2.5721	-9.301	-1.7868	BS_DG0V1H24
1229556_D1	EUR	NA	0	0	0.0588	0	0.9412	-0.1481	11.56	-4.0254	-8.9223	-0.6534	BS_GYFP9M2H
1229557_D1	SAS	NA	0	0	0	1	0	-8.1911	-3.7692	12.4239	0.5581	-1.7074	BS_RHF2KQ5T
1229558_D1	EUR	NA	0	0	0.0532	0	0.9468	0.1045	12.1142	-6.3805	-9.4552	-0.9704	BS_P3JF47VV
1229559_D1	EUR	NA	0	0	0.0613	0	0.9387	-0.8508	12.5358	-5.3854	-8.5762	-1.8812	BS_S5VXPJC1
1229560_D1	EUR	NA	0	0	0.0638	0	0.9362	-1.649	12.7768	-6.3862	-7.5183	-1.1751	BS_G9QSB5JG
1229561_D1	EUR	NA	0	0	0.0505	0	0.9495	-1.6925	12.4062	-6.2354	-10.2721	-3.4502	BS_347VQ5PP
1229562_D1	AFR	NA	0	0.9928	0.0072	0	0	-44.0823	-8.2393	-1.7572	-3.1331	-1.7617	BS_K2P5S3D3
1229563_D1	EUR	NA	0	0	0.0677	0	0.9323	-2.601	12.0513	-2.4143	-8.8212	-2.8133	BS_1TRGSMTJ
1229564_D1	EUR	NA	0	0	0.0861	0	0.9139	-0.6397	9.6149	-5.9551	-9.0911	-0.3171	BS_H7CDHYWE
1229565_D1	EUR	NA	0	0	0.0679	0	0.9321	0.6061	11.2541	-5.8744	-8.5924	-1.1299	BS_MHQKNS9T
1229566_D1	EUR	NA	0	0	0.0622	0	0.9378	-1.7576	12.8773	-6.1803	-8.4252	-1.8463	BS_QMV5S14E
1229567_D1	EUR	NA	0	0	0.09	0	0.91	-2.4877	11.2777	-4.4747	-8.4926	-5.0034	BS_JKGNHVQM
1229568_D1	EUR	NA	0	0	0.0614	0	0.9386	0.7373	12.076	-5.7924	-8.4769	-1.8815	BS_SCHGVZ6R
1229569_D1	SAS	NA	0	0	0	1	0	-2.4736	-9.4311	18.421	3.1486	-1.3989	BS_KZTEA87K
1229570_D1	SAS	NA	0	0	0	1	0	-0.0385	-7.4783	19.2846	4.0873	-2.0762	BS_F36Y9SQG
1229571_D1	AMR	NA	0	0.004	0.9949	0	0.0011	-1.7251	1.0453	-8.9307	7.2073	0.3308	BS_CN9FC7WS
1229572_D1	EUR	NA	0	0	0.0768	0	0.9232	-0.2122	10.985900000000001	-3.2257	-7.9913	-1.2681	BS_MC0ADWDF
1229573_D1	EUR	NA	0	0	0.0628	0	0.9372	-1.5341	11.2833	-4.4187	-9.681	-0.1313	BS_Q5HH0V1Y
1229574_D1	EAS	NA	0.952	0	0.048	0	0	2.3393	-16.306	-5.9481	-8.7907	-5.6258	BS_B0JNPQS0
1229575_D1	EUR	NA	0	0	0.0361	0	0.9639	-1.4343	14.2397	-4.861	-8.0954	-0.4686	BS_9VR8ZX55
1229576_D1	EUR	NA	0	0	0.0693	0	0.9307	-0.6818	11.6217	-3.8816	-8.4203	-3.4011	BS_XKX4Y143
1229577_D1	EUR	NA	0	0	0.0478	0	0.9522	-0.4132	13.0398	-4.4746	-9.1682	-2.2873	BS_BRGRRFW4
1229578_D1	EUR	NA	0	0	0.0703	0	0.9297	-0.5295	11.7607	-5.6181	-8.615	-1.3722	BS_TB9EY8D9
1229579_D1	EUR	NA	0	0	0.0672	0	0.9328	-0.2327	12.0544	-5.4932	-7.4854	-1.1726	BS_S06NF07X
1229580_D1	EUR	NA	0	0	0.1525	0	0.8475	-3.1116	9.7766	-3.2899	-7.0606	-4.3083	BS_EYR937Q2
1229581_D1	EUR	NA	0	0	0.1175	0	0.8825	-4.5327	10.7825	-3.34	-8.3197	-3.247	BS_ZCREPW87
1229582_D1	EUR	NA	0	0	0.0825	0	0.9175	-2.5077	11.8893	-2.2455	-6.8613	-2.0086	BS_Y9PPAF4F
1229583_D1	EUR	NA	0	0	0.0827	0	0.9173	-3.0766	9.934	-1.2776	-9.0812	-3.4688	BS_JC76ECPP
1229584_D1	EUR	NA	0	0	0.1205	0	0.8795	-3.6658	9.2291	-4.0854	-8.8071	-5.0418	BS_TJ007H3Y
1229585_D1	SAS	NA	0	1e-4	0.0013	0.6842	0.3145	-2.2978	3.4704	4.7395	-4.8602	-1.9296	BS_WSMWBJTT
1229586_D1	EUR	NA	0	0	0.0788	0	0.9212	-2.7842	12.1095	-3.8153	-8.5852	-3.8217	BS_N9GZR6NM
1229587_D1	EUR	NA	0	0	0.0396	0	0.9604	-1.6689	11.1974	-2.0426	-10.955	-2.5766	BS_QJPCSTRX
1229588_D1	EUR	NA	0	0	0.0715	0	0.9285	-0.8146	11.0833	-2.2544	-8.272	-1.9507	BS_269D3WZ8
1229589_D1	EUR	NA	0	0	0.1062	0	0.8938	-3.789	9.5704	-2.4158	-8.8307	-4.2369	BS_9BYQ9R1R
1229590_D1	SAS	NA	0	0	0	0.9999	1e-4	-1.9955	0.8207	5.9294	-1.9445	-1.4291	BS_G714HGPM
1229591_D1	EUR	NA	0	0	0.0796	0	0.9204	1.0313	9.9819	-4.8029	-8.1853	-0.2174	BS_VXXMT3VC
1229592_D1	EUR	NA	0	0	0.059	0	0.941	-0.4557	12.8365	-5.8381	-7.4005	-1.5888	BS_6DHG6QAA
1229593_D1	EUR	NA	0	0	0.0452	0	0.9548	-0.8074	11.5916	-5.4058	-10.7413	1.981	BS_MHR654RK
1229594_D1	EUR	NA	0	0	0.0465	0	0.9535	-0.5791	11.7379	-4.6936	-10.098	-1.0122	BS_XX3AA4PF
1229595_D1	EUR	NA	0	0	0.113	0	0.887	-4.0403	9.5393	-1.7183	-8.7719	-1.9749	BS_TB2GPGTB
1229596_D1	EUR	NA	0	0	0.1114	0	0.8886	-0.9143	10.3949	-2.1404	-6.8228	-3.4684	BS_17DTQPCV
1229597_D1	AFR	NA	0	0.9939	0.0061	0	0	-44.0234	-9.4308	-1.2885	-4.0663	-1.6484	BS_XSQE5K57
1230424_D1	EUR	NA	0	0	0.0812	0	0.9188	-1.4565	10.7738	-4.6722	-8.7681	-3.9011	BS_DXVFYB63
1230425_D1	AFR	NA	0	0.9819	0.0181	0	0	-40.6039	-9.5981	-3.2359	-1.9574	-2.1427	BS_85K6PYFH
1230426_D1	AMR	NA	0	0.0045	0.9955	0	0	5.5482	-24.3998	-19.2217	30.2872	-2.8279	BS_73SG6D0W
1230427_D1	AMR	NA	0	0.2493	0.7506	0	1e-4	-21.2158	-0.9326	-4.7078	-2.663	-2.45	BS_56Q8KZ5P
1230428_D1	AFR	NA	0	0.6787	0.3213	0	0	-26.7031	0.9635	-3.6604	-6.2657	-2.5685	BS_Y2QJQR6X
1230429_D1	EUR	NA	0	0	0.0872	0	0.9128	-1.0428	10.0417	-5.7008	-8.9176	-3.5997	BS_TJ7J8QE1
1230430_D1	AFR	NA	0	0.9992	8e-4	0	0	-51.7753	-12.7233	0.7729	-3.4737	-0.9107	BS_FV6WYKW8
1230431_D1	EAS	NA	1	0	0	0	0	8.7544	-43.0734	-4.46	-6.5375	-6.8877	BS_MM0A8Q6E
1230432_D1	EUR	NA	0	0	0.0544	0	0.9456	0.1704	12.5054	-4.6717	-7.4067	-0.7715	BS_WQHAZWSX
1230433_D1	AFR	NA	0	0.9994	6e-4	0	0	-53.996	-14.4733	-0.2885	-3.0786	-0.6103	BS_YTQDZYPA
1230434_D1	EUR	NA	0	0	0.0888	0	0.9112	-1.5026	9.9092	-3.1125	-8.5233	-2.7241	BS_TED1T9SK
1230435_D1	EUR	NA	0	0	0.0493	0	0.9507	-0.368	10.9112	-4.4498	-10.2485	-0.4123	BS_Z36MMDFM
1230436_D1	AMR	NA	0	0.0074	0.9926	0	0	2.6549	-16.7581	-16.9163	21.2693	-2.7714	BS_GA3BBYXK
1230437_D1	EUR	NA	0	0	0.0336	0	0.9664	0.978	13.9371	-3.5997	-7.6326	-0.9687	BS_K8YC7JAN
1230438_D1	AMR	NA	6e-4	0.0193	0.9749	0	0.0052	-11.9762	2.9176	-6.0919	-3.0809	-2.7895	BS_3ATFMVSQ
1230439_D1	EUR	NA	0	0	0.06	0	0.94	-1.1142	12.6073	-4.871	-8.0624	-1.4873	BS_NKJMY3R8
1230440_D1	EUR	NA	0	0	0.0449	0	0.9551	-0.5428	13.627	-5.78	-8.0568	-1.3459	BS_8BGSFE53
1230441_D1	EUR	NA	0	0	0.0574	0	0.9426	0.5332	11.7548	-3.6778	-8.5134	-1.3071	BS_DMWK13FR
1230442_D1	EUR	NA	0	0	0.0733	0	0.9267	-0.814	11.5513	-3.343	-7.56	-1.173	BS_VYX0DPC6
1230443_D1	EUR	NA	0	0	0.0869	0	0.9131	-2.6029	11.6497	-3.922	-8.3744	-3.1203	BS_MZ53A1DE
1230444_D1	EUR	NA	0	0	0.1499	0	0.8501	-2.1212	10.2711	-3.4279	-5.9895	-3.4348	BS_F4KAHTVG
1230445_D1	EUR	NA	0	0	0.0782	0	0.9218	-2.7958	11.0889	-3.9749	-9.2093	-2.2431	BS_VHW8S4X6
1230446_D1	EUR	NA	0	0	0.0734	0	0.9266	-1.5424	11.0744	-3.4535	-8.7721	-3.3043	BS_9EF2BSR6
1230447_D1	EUR	NA	0	0	0.0565	0	0.9435	-1.8738	12.9842	-3.5074	-8.967	-3.8478	BS_TTK0PPS7
1230448_D1	EUR	NA	0	0	0.0672	0	0.9328	-0.9163	12.2632	-5.865	-7.8551	-1.3283	BS_K1TZVEZ3
1230449_D1	EUR	NA	0	0	0.0801	0	0.9199	-1.6035	10.2328	-2.1086	-8.5839	-2.4324	BS_80S99KWY
1230450_D1	EUR	NA	0	0	0.0996	0	0.9004	-1.1582	10.3339	-3.4082	-7.5823	-0.8375	BS_736MSEDX
1230451_D1	AFR	NA	0	0.5079	0.492	0	1e-4	-23.5142	0.5869	-1.4998	-4.6063	-4.684	BS_DFB660GH
1230452_D1	AMR	NA	0	0.0074	0.9901	0	0.0025	-11.5023	0.0705	-7.2612	0.3997	-3.6091	BS_2SSJKHQZ
1230453_D1	EUR	NA	0	0	0.0433	0	0.9567	-1.4689	12.5969	-4.8174	-10.3643	-0.8969	BS_00P78E0A
1230454_D1	EUR	NA	0	0	0.0789	0	0.9211	-2.6649	10.9026	-4.4348	-9.3188	-2.4311	BS_RFEEF66Q
1230455_D1	EUR	NA	0	0	0.2645	0	0.7354	-6.4041	8.7144	-1.5595	-6.3839	-4.2477	BS_DGG9CKDR
1230456_D1	EUR	NA	0	0	0.0742	0	0.9258	-2.9116	11.6039	-4.3301	-8.9587	0.2231	BS_QXRWA14E
1230457_D1	EUR	NA	0	0	0.0888	0	0.9112	-1.0349	11.3125	-4.7493	-7.7635	-2.0034	BS_227A6QE9
1230458_D1	EUR	NA	0	0	0.0492	0	0.9508	-0.5074	12.7372	-3.2633	-8.9766	-2.5453	BS_53F1V6AT
1230459_D1	EUR	NA	0	0	0.059	0	0.941	-1.2148	11.5031	-5.1183	-9.7003	-0.4236	BS_XD65FAZW
1230460_D1	AMR	NA	0	0.0034	0.9797	0.001	0.0159	-1.6512	2.0235	-9.0828	2.6854	-2.3643	BS_EM74TQC0
1230461_D1	EUR	NA	0	0	0.0519	0	0.9481	-1.9765	12.935	-5.3222	-7.5345	0.4099	BS_GFZW4G3Z
1230462_D1	EUR	NA	0	0	0.4386	1e-4	0.5613	-3.8078	5.9058	-6.5174	-3.2723	-1.5664	BS_2FWF3C50
1230463_D1	AFR	NA	0	0.9991	9e-4	0	0	-51.9955	-12.7803	0.9332	-2.81	-1.4104	BS_JCFFHTXN
1230464_D1	EUR	NA	0	0	0.0687	0	0.9313	-1.219	11.0625	-4.1098	-9.058	-2.2849	BS_E9BF62Y4
1230465_D1	EUR	NA	0	0	0.0568	0	0.9432	0.806	11.423	-3.602	-8.593	-1.5509	BS_KW4WG6AH
1230466_D1	EUR	NA	0	0	0.0694	0	0.9306	-1.4945	11.3274	-4.2521	-9.0455	-0.8961	BS_E9PBC64C
1230467_D1	EUR	NA	0	0	0.0638	0	0.9362	-0.9279	11.4541	-2.9523	-8.7662	-0.9674	BS_ZZ7NPG6A
1230468_D1	EUR	NA	0	0	0.075	0	0.925	-1.1579	12.0692	-4.9994	-7.0311	-1.5282	BS_K2Q1THWT
1230469_D1	AFR	NA	0	0.999	0.001	0	0	-52.6764	-13.1477	-0.114	-2.5449	-2.457	BS_3YBW5993
1230470_D1	EUR	NA	0	1e-4	0.4963	1e-4	0.5036	-6.99	6.7515	-5.6542	-6.1953	-2.1299	BS_M3YB6E4H
1230471_D1	EUR	NA	0	0	0.0495	0	0.9505	0.403	11.9458	-4.266	-9.1995	-1.3313	BS_NWGCJ4R7
1230472_D1	AFR	NA	0	0.9995	5e-4	0	0	-55.9053	-14.9496	-1.4015	-1.6743	-1.2213	BS_F1M2DQ4N
1230473_D1	EUR	NA	0	0	0.0712	0	0.9288	-3.4948	11.7548	-3.1669	-9.359	-3.1809	BS_7M5ASAK1
1230474_D1	AFR	NA	0	0.9964	0.0036	0	0	-46.3865	-10.3155	-1.0047	-2.6618	-1.4257	BS_3GZJSKCN
1230475_D1	AMR	NA	0	0.0142	0.9843	0	0.0015	-12.2641	-0.6172	-7.5432	0.686	-1.8856	BS_DXT4SCG7
1230476_D1	EAS	NA	0.9916	0	0.0084	0	0	0.0687	-17.9285	-4.3549	-5.7919	-0.2341	BS_4SQHZ9WF
1230477_D1	AFR	NA	0	0.9993	7e-4	0	0	-53.512	-12.849	0.0789	-3.0628	-1.7172	BS_4CBQ6XJX
1230478_D1	EUR	NA	0	0	0.0524	0	0.9476	1.1673	12.0487	-5.3083	-8.8121	-1.6535	BS_FA6R6CDA
1230479_D1	EUR	NA	0	0	0.0629	0	0.9371	-1.214	10.1411	-2.648	-9.673	-1.3774	BS_EEV37WCV
1230480_D1	EUR	NA	0	0	0.0653	0	0.9347	-1.2325	11.4027	-5.9831	-9.5361	-0.498	BS_XNA4YV6Z
1230481_D1	EUR	NA	0	0	0.0612	0	0.9388	-0.9558	12.0316	-4.1925	-8.9115	-1.675	BS_ADZN47C5
1230482_D1	EUR	NA	0	0	0.0998	0	0.9002	-2.1173	10.6941	-1.6037	-7.5444	-3.3283	BS_JDSMB1S8
1230483_D1	EUR	NA	0	0	0.09	0	0.91	-1.2248000000000001	10.5086	-2.7826	-7.951	-1.9107	BS_BQ93FHWX
1230484_D1	EUR	NA	0	0	0.073	0	0.927	0.2904	10.3079	-4.2319	-8.5505	-2.9935	BS_Z2H06DCC
1230485_D1	AMR	NA	0	0.0704	0.6594	0.0213	0.2489	-12.0297	4.2137	3.2773	-2.7068	-3.217	BS_AEB8EDPP
1230486_D1	EUR	NA	0	0	0.0679	0	0.9321	-0.4396	10.5259	-3.6796	-8.9293	-3.1057	BS_94CGBQDM
1230487_D1	EUR	NA	0	0	0.0974	0	0.9026	-1.8376	10.738	-2.4087	-7.5601	-1.5854	BS_PWBPNDG1
1230488_D1	EUR	NA	0	0	0.0766	0	0.9234	-1.5788	11.2945	-4.0346	-8.6434	-1.9447	BS_XZWMCEM2
1230489_D1	EUR	NA	0	3e-4	0.0058	0.4802	0.5137	-6.9041	4.3832	4.7228	-4.8152	-4.4156	BS_HPNVABCN
1230490_D1	EUR	NA	0	0	0.0481	0	0.9519	-0.2568	12.7996	-4.5535	-8.7523	-0.9701	BS_5F6S6NZC
1230491_D1	EUR	NA	0	0	0.081	0	0.919	-0.3419	10.7765	-4.9058	-8.3384	-1.0031	BS_CN92BAPT
1230492_D1	EUR	NA	0	0	0.0347	0	0.9653	0.1756	12.4751	-6.2558	-10.8651	-2.2866	BS_Z9WR7497
1230494_D1	EUR	NA	0	0	0.0421	0	0.9579	0.4659	13.0006	-3.058	-7.4291	-0.3477	BS_1SVGKCWE
1230495_D1	AMR	NA	0	2e-4	0.7262	1e-4	0.2736	-12.0515	7.7467	-3.9947	-7.3307	-0.8254	BS_JKJHBHE0
1230496_D1	AFR	NA	0	0.9987	0.0013	0	0	-50.5845	-13.6417	-0.6976	-3.5287	-0.8683	BS_TX1WTTHB
1230497_D1	EUR	NA	0	0	0.0458	0	0.9542	0.8559	12.4808	-5.3209	-8.5748	0.0027	BS_0YWGZWV3
1230498_D1	EUR	NA	0	0	0.0814	0	0.9186	-1.8366	11.9921	-3.9335	-7.4292	-2.403	BS_CMJXYFDZ
1230499_D1	AFR	NA	0	0.5009	0.499	0	1e-4	-21.7982	3.3573	-1.5097	-6.5644	-2.8807	BS_T9EQKZEQ
1230500_D1	EUR	NA	0	0	0.0497	0	0.9503	-0.0155	11.749	-2.9553	-9.1842	-0.7699	BS_1PAV1TJM
1230502_D1	EUR	NA	0	0	0.0605	0	0.9395	-0.3344	11.0269	-1.9699	-8.6847	-1.7645	BS_P4NV1P77
1230503_D1	EAS	NA	1	0	0	0	0	7.2873	-43.0207	-1.7689	-7.8728	-3.5174	BS_QJV02M0V
1230504_D1	EUR	NA	0	0	0.0467	0	0.9533	0.7049	12.877	-5.2145	-9.0147	-2.0586	BS_EQNM4BF7
1230505_D1	EUR	NA	0	0	0.066	0	0.934	-0.9843	11.5086	-3.5246	-8.7429	-2.1656	BS_GSYXY9FY
1230507_D1	AMR	NA	3e-4	0.0013	0.897	6e-4	0.1009	-5.6355	3.1765	-7.6705	-1.2236	-1.3451	BS_2TKVR5DJ
1230508_D1	EUR	NA	0	0	0.0813	0	0.9187	0.3325	12.1616	-5.7968	-7.4713	-4.2811	BS_6QCMPVAR
1230509_D1	EUR	NA	0	0	0.2981	0	0.7018	-3.4293	7.411	-5.673	-3.9961	-0.8297	BS_X2G5VAMV
1230510_D1	EUR	NA	0	0	0.0988	0	0.9012	-1.6301	9.376	-1.4453	-8.1534	-1.5128	BS_9H0ZN7BB
1230511_D1	EUR	NA	0	0	0.0524	0	0.9476	-0.2663	12.6248	-4.8971	-8.1444	-0.8032	BS_S90P4941
1230512_D1	AFR	NA	0	0.9985	0.0015	0	0	-50.6358	-13.531	-0.1102	-2.0079	-2.0974	BS_F1XETQPV
1230513_D1	EAS	NA	1	0	0	0	0	7.6807	-41.9748	-2.0107	-4.897	0.046	BS_ER7XK80H
1230514_D1	EUR	NA	0	0	0.0638	0	0.9362	-2.0116	12.0605	-5.454	-9.5032	-2.0229	BS_NS1P6V33
1230515_D1	EUR	NA	0	0	0.0896	0	0.9104	-2.2478	11.2815	-1.9648	-7.608	-2.075	BS_MEHC40NY
1230516_D1	EUR	NA	0	0	0.1684	0	0.8316	-3.8272	8.6776	-0.0509	-6.8028	-3.1241	BS_NWRNCGW7
1230517_D1	AFR	NA	0	0.9971	0.0029	0	0	-48.1666	-12.205	-2.539	-2.886	-1.7338	BS_D4FMVQ3B
1230518_D1	EUR	NA	0	0	0.0511	0	0.9489	-1.1353	11.3839	-2.4911	-9.6485	-2.9494	BS_K29G8YV8
1230519_D1	EUR	NA	0	0	0.1271	0	0.8729	0.4514	9.8378	-6.8686	-7.0502	-2.2416	BS_KYXJD988
1230520_D1	AFR	NA	0	0.9997	3e-4	0	0	-56.8467	-16.1415	-0.4964	-2.7942	-1.4018	BS_X7P4RXJP
1230521_D1	EUR	NA	0	0	0.0393	0	0.9607	-0.9462	14.0953	-5.6242	-9.6758	-2.1945	BS_K039TE26
1230522_D1	EUR	NA	0	0	0.0383	0	0.9617	0.9078	13.5341	-5.1818	-8.6628	-1.2491	BS_5WE4FQPF
1230523_D1	EUR	NA	0	0	0.0795	0	0.9205	-0.1181	11.0747	-4.6362	-7.8283	-0.9372	BS_7BKSN7KR
1230524_D1	EUR	NA	0	0	0.0666	0	0.9334	-0.5991	12.7237	-5.431	-6.9937	-2.3284	BS_CT6FFBAV
1230525_D1	AFR	NA	0	0.9955	0.0045	0	0	-46.2977	-9.6276	-2.8325	-4.6441	-2.0389	BS_1JZSDP08
1230526_D1	EUR	NA	0	0	0.0364	0	0.9636	0.4842	12.1516	-3.9992	-10.1911	-1.1906	BS_03BP36N5
1230527_D1	EUR	NA	0	0	0.053	0	0.947	0.8667	11.8892	-5.7293	-9.0873	-1.9237	BS_2ESBAGAJ
1230528_D1	EUR	NA	0	0	0.0746	0	0.9254	-1.8741	11.9522	-4.5653	-7.8795	-1.3735	BS_S853VQ7V
1230529_D1	EUR	NA	0	0	0.075	0	0.925	-1.5963	11.7193	-5.7826	-8.9172	-2.6424	BS_R5MBB7BF
1230530_D1	AFR	NA	0	0.8776	0.1224	0	0	-34.5647	-4.315	-3.8597	-1.2193	-1.7845	BS_G2N9B3WA
1230531_D1	EUR	NA	0	0	0.067	0	0.933	-1.0523	11.664	-5.4553	-8.9293	-0.4528	BS_E4506H7M
1230532_D1	EUR	NA	0	0	0.0621	0	0.9379	-1.0782	12.7037	-5.1325	-8.7066	-2.5078	BS_93CYFB3B
1230533_D1	EUR	NA	0	0	0.0442	0	0.9558	-0.6566	13.2884	-4.0833	-8.1576	-0.8893	BS_BF9A9M38
1230534_D1	EUR	NA	0	0	0.0561	0	0.9439	-2.2962	11.9564	-5.008	-10.0949	-1.5053	BS_0WHWST5J
1230535_D1	EUR	NA	0	0	0.0536	0	0.9464	-0.2757	12.3375	-3.5027	-8.3038	-0.9121	BS_GW54ZYPG
1230536_D1	EUR	NA	0	0	0.0683	0	0.9317	-0.8083	11.0444	-4.2865	-8.949	-2.202	BS_1JZWRDZT
1230537_D1	EUR	NA	0	0	0.0614	0	0.9386	-0.4097	11.4386	-3.0561	-8.69	-3.4988	BS_8D7VD089
1230538_D1	EUR	NA	0	0	0.073	0	0.927	0.7982	9.8657	-4.1551	-8.5943	0.2637	BS_BZC9W55F
1230539_D1	AMR	NA	0	1e-4	0.6054	1e-4	0.3944	-9.638	7.3628	-4.6759	-6.9821	-0.4531	BS_JM2VK53W
1230540_D1	EUR	NA	0	0	0.057	0	0.943	-0.647	12.8958	-4.917	-7.8054	-1.8993	BS_4Z7GPM6K
1230541_D1	EUR	NA	0	0	0.0483	0	0.9517	-1.4361	11.4718	-3.7562	-10.4418	-0.6239	BS_TPTJWWXA
1230542_D1	EUR	NA	0	0	0.0645	0	0.9355	-2.1887	12.4146	-4.5279	-8.5508	-1.3534	BS_KWN3BHJ2
1230543_D1	EUR	NA	0	0	0.0894	0	0.9106	-1.8383	8.5746	-2.8621	-9.2884	-3.9581	BS_VH9F60BR
1230544_D1	AFR	NA	0	0.9986	0.0014	0	0	-51.3131	-13.3151	-1.095	-1.7421	-2.0393	BS_CB099HDN
1230545_D1	AFR	NA	0	0.9996	4e-4	0	0	-55.989	-15.2247	-0.2689	-1.7717	-0.9723	BS_8AHW6ZJG
1230546_D1	EUR	NA	0	0	0.0541	0	0.9459	-0.4389	12.845	-4.8866	-8.2598	-1.7216	BS_E7EGZGY7
1230547_D1	EUR	NA	0	0	0.0417	0	0.9583	-1.3811	13.0705	-3.8753	-9.9825	-2.5955	BS_Y874BHHR
1230548_D1	AFR	NA	0	0.9972	0.0028	0	0	-47.817	-9.4885	-0.6974	-3.088	-1.8929	BS_9544373X
1230549_D1	AFR	NA	0	0.999	0.001	0	0	-53.5044	-14.4856	-0.445	0.1088	-1.2917	BS_VHAB5CCG
1230550_D1	EUR	NA	0	0	0.0857	0	0.9143	-0.7972	11.2064	-5.216	-8.1532	-2.395	BS_KW8XTT0Q
1230551_D1	AMR	NA	0	0.0051	0.9847	9e-4	0.0092	-1.0937	1.3583	-6.2682	4.2473	0.2988	BS_TM1WMBG9
1230552_D1	EUR	NA	0	0	0.0557	0	0.9443	-0.6161	12.4124	-3.9203	-8.5738	-1.3022	BS_RXQG0DBT
1230554_D1	EUR	NA	0	0	0.0388	0	0.9612	0.6467	14.1465	-5.2353	-8.7748	-2.965	BS_BRNV7EB9
1230555_D1	AFR	NA	0	0.9985	0.0015	0	0	-50.2702	-12.0102	-1.0075	-2.3297	-1.3223	BS_6KJJMHSR
1230556_D1	AFR	NA	0	0.944	0.056	0	0	-34.753	-3.5131	-1.8748	-4.3231	-2.3249	BS_Q17WMKFG
1230557_D1	EUR	NA	0	0	0.1079	0	0.8921	-0.4309	9.6455	-4.8804	-7.7869	-1.6001	BS_GJ2QFEVV
1230558_D1	AFR	NA	0	0.9977	0.0023	0	0	-48.4602	-11.7093	-1.4939	-3.714	-1.5585	BS_VMHTFANF
1230559_D1	EUR	NA	0	0	0.0695	0	0.9305	-0.4234	11.7983	-4.0706	-7.9121	-1.5602	BS_6RCEGTFQ
1230560_D1	AMR	NA	0	3e-4	0.9825	1e-4	0.0171	-5.4475	5.4127	-7.2783	0.987	-1.2761	BS_YMCCP6JA
1230561_D1	EUR	NA	0	0	0.0555	0	0.9445	-0.6935	12.7824	-4.027	-8.6009	-2.2201	BS_PYH9XXVA
1230562_D1	AMR	NA	0	0.2472	0.7527	0	1e-4	-20.4321	2.168	-4.506	-6.7004	-2.9239	BS_02XVJCTC
1230563_D1	AMR	NA	0	1e-4	0.8448	1e-4	0.155	-1.872	4.5759	-8.4668	-0.6327	-4.1987	BS_7K6Y7TW0
1230564_D1	EUR	NA	0	0	0.0593	0	0.9407	-0.4799	12.4607	-5.5546	-8.065	-1.1665	BS_9S3K3Y27
1230565_D1	EUR	NA	0	0	0.1265	0	0.8735	-1.6522	10.6697	-4.681	-4.8318	-1.58	BS_9RY5VYB5
1230566_D1	EUR	NA	0	0	0.0516	0	0.9484	-0.0411	12.921	-4.1291	-8.3031	-2.0779	BS_M8B7B0ZZ
1230567_D1	EUR	NA	0	0	0.2082	0	0.7918	-1.8157	8.9042	-5.8039	-4.9706	-2.1369	BS_S1NQTXYM
1230568_D1	AFR	NA	0	0.9991	9e-4	0	0	-51.901	-14.3802	0.1667	-3.0239	-0.9236	BS_74CVDYMX
1230569_D1	EUR	NA	0	0	0.0468	0	0.9532	-2.3237	12.3877	-3.7592	-10.2918	-2.9989	BS_8A37BS2K
1230570_D1	EUR	NA	0	0	0.0444	0	0.9556	-1.7782	12.9105	-4.2653	-9.8276	0.4908	BS_KTDCHB1V
1230571_D1	EUR	NA	0	0	0.0645	0	0.9355	0.0296	11.0058	-5.1176	-9.0159	-1.128	BS_85KBXA09
1230572_D1	EUR	NA	0	0	0.0669	0	0.9331	-2.2589	11.9269	-3.521	-9.1062	-0.9668	BS_DW6S7CR9
1230573_D1	EUR	NA	0	0	0.0876	0	0.9124	-2.6548	10.3114	-2.7811	-8.804	-3.7541	BS_RAQ2YZ7E
1230574_D1	EUR	NA	0	0	0.0751	0	0.92490000000000006	-0.8616	12.0015	-4.3202	-7.1067	-1.9337	BS_VCD7QQT0
1230575_D1	EUR	NA	0	0	0.0662	0	0.9338	-1.7448	11.9197	-2.5946	-7.4152	-0.4081	BS_MSBHX2N7
1230576_D1	EUR	NA	0	0	0.1699	0	0.8301	-3.0465	9.2891	-3.0895	-6.7705	-3.0363	BS_6GKZK4RE
1230577_D1	EUR	NA	0	0	0.0572	0	0.9428	0.3046	11.1111	-4.6667	-9.2132	-0.2716	BS_9T12QSMG
1230578_D1	EUR	NA	0	0	0.0405	0	0.9595	0.4182	11.4468	-5.753	-10.5903	-0.9778	BS_YEYVEWZN
1230579_D1	AFR	NA	0	0.9952	0.0048	0	0	-45.147	-15.6918	0.642	-3.3238	-1.4988	BS_0QFP6GJC
1230580_D1	EUR	NA	0	0	0.0855	0	0.9145	-1.5004	11.2668	-6.3159	-8.5131	-0.9813	BS_2XESKTK3
1230581_D1	AFR	NA	0	0.9876	0.0124	0	0	-42.6419	-15.143	-2.3797	-4.7382	-2.3749	BS_5Y15Y4QX
1230582_D1	EUR	NA	0	0	0.0942	0	0.9058	-2.0339	10.5352	-4.9822	-8.6336	-1.0617	BS_VWYHENGW
1230583_D1	EUR	NA	0	0	0.0913	0	0.9087	-2.3362	11.6457	-5.36	-7.9921	-2.1306	BS_SD0GBNFX
1230584_D1	EUR	NA	0	0	0.0658	0	0.9342	-2.0687	12.661	-3.3141	-7.4519	-2.0568	BS_JBX2J8YG
1230585_D1	EUR	NA	0	0	0.0482	0	0.9518	-0.9404	10.9966	-4.2644	-10.4991	-0.8944	BS_5RZXXAGJ
1230586_D1	EUR	NA	0	0	0.0944	0	0.9056	-3.1245	11.2843	-4.5355	-8.2289	-1.372	BS_9NTV24D3
1230587_D1	EUR	NA	0	0	0.0707	0	0.9293	-0.7165	11.2417	-4.8249	-8.7929	-1.1385	BS_AABGMKQA
1230588_D1	AFR	NA	0	0.9991	9e-4	0	0	-52.684	-15.1219	-0.6416	-3.7025	-1.4535	BS_H3KXGVQK
1230589_D1	EUR	NA	0	0	0.1327	0	0.8673	-2.9893	7.5867000000000004	-0.179	-8.0455	-4.4746	BS_40C4YKQX
1230590_D1	EUR	NA	0	0	0.0662	0	0.9338	-2.2973	12.8584	-5.6867	-8.1605	-2.0449	BS_RYRT3XD9
1230591_D1	SAS	NA	0	0	0	1	0	-1.878	-8.3209	19.0119	3.1022	-2.1462	BS_8QJB3CE1
1230592_D1	EUR	NA	0	0	0.0689	0	0.9311	-1.4647	10.8258	-4.0041	-9.261	-2.2022	BS_ZCQSS1M5
1230593_D1	EUR	NA	0	0	0.0778	0	0.9222	-2.854	11.7597	-5.243	-8.3737	-0.5991	BS_4NMPZMK2
1230594_D1	AFR	NA	0	0.8944	0.1056	0	0	-31.1662	-2.7565	-2.2637	-4.5967	-1.6673	BS_TJHTBEA7
1230595_D1	EUR	NA	0	0	0.0753	0	0.9247	-1.7194	11.8265	-6.2668	-7.9111	-0.5726	BS_BNW9KFZ4
1230596_D1	AFR	NA	0	0.9984	0.0016	0	0	-50.5112	-12.2299	0.1821	-2.4257	-2.5689	BS_RN5QT435
1230597_D1	AMR	NA	0	0.03	0.97	0	0	-7.2238	-7.2108	-9.6675	12.4168	-1.2884	BS_6VRHA0N9
1230598_D1	AFR	NA	0	0.7753	0.2247	0	0	-27.6561	-1.2477	-1.9287	-4.2265	-1.8324	BS_R7CEF34F
1230599_D1	AFR	NA	0	0.6788	0.3212	0	0	-24.1932	0.846	-2.1383	-6.2165	-1.1357	BS_B31XHDCA
1230600_D1	AMR	NA	0	1e-4	0.5295	1e-4	0.4703	-8.7182	7.1529	-3.0789	-7.3024	-1.4693	BS_95W99WRM
1230601_D1	EUR	NA	0	0	0.0437	0	0.9563	-0.3625	12.7372	-4.5859	-8.2548	0.7738	BS_JM303N49
1230602_D1	EUR	NA	0	0	0.066	0	0.934	-1.1638	12.665	-5.6401	-8.0412	-2.2967	BS_Q20BMX16
1230603_D1	EUR	NA	0	0	0.061	0	0.939	-2.1064	11.6037	-1.9507	-9.2502	-1.6726	BS_RJW7BGRD
1230604_D1	AMR	NA	4e-4	0.0418	0.9555	0	0.0023	-12.1495	0.1923	-4.7248	-2.3661	-1.3122	BS_2V2QAAX5
1230605_D1	SAS	NA	0	0	0	1	0	-1.5984	-2.8198	12.7969	2.7136	-1.4724	BS_J17BX2QP
1230606_D1	EUR	NA	0	0	0.0571	0	0.9429	-2.0535	12.6614	-4.4889	-7.8067	-0.3239	BS_97Y44X1B
1230607_D1	EUR	NA	0	0	0.0453	0	0.9547	-1.7893	11.4079	-4.1641	-10.801	-2.2342	BS_TECGBYKG
1230608_D1	EUR	NA	0	0	0.0399	0	0.9601	-1.3906	12.5621	-3.5927	-10.3888	-1.4457	BS_18C5X3MM
1230609_D1	EUR	NA	0	0	0.0573	0	0.9427	-0.6939	13.1754	-5.1548	-5.2454	-0.7434	BS_4JAEZ0FX
1230610_D1	EUR	NA	0	0	0.1093	0	0.8907	-1.0407	10.3064	-4.7885	-7.6399	-1.4236	BS_3RVD5CCN
1230611_D1	EUR	NA	0	0	0.0732	0	0.9268	-0.2012	9.7105	-5.8409	-9.4585	-3.1451	BS_9184FQB5
1230612_D1	AMR	NA	0	0.2426	0.7573	0	1e-4	-19.9099	2.6295	-4.6438	-6.6133	-1.9278	BS_2EC6DXY4
1230613_D1	EUR	NA	0	0	0.0454	0	0.9546	0.5774	12.8222	-5.6103	-9.3051	-1.624	BS_5FDHPDFV
1230614_D1	EUR	NA	0	0	0.0507	0	0.9493	-1.5263	11.5451	-2.0893	-10.0474	-0.1893	BS_5X9RFEP2
1230615_D1	EUR	NA	0	0	0.1969	0	0.8031	-3.2021	8.8271	-7.7479	-5.4069	0.3714	BS_QDP3XVM1
1230616_D1	EUR	NA	0	0	0.1402	0	0.8598	-3.2902	10.2788	-2.3268	-6.1057	-2.2703	BS_NKHTEFSB
1230617_D1	EUR	NA	0	0	0.0766	0	0.9234	-0.0214	11.2873	-5.5006	-8.2878	-1.1772	BS_GZP87159
1230618_D1	EUR	NA	0	0	0.0688	0	0.9312	-0.8564	11.3077	-4.1643	-8.7411	-0.1837	BS_M6E4V1QA
1230619_D1	EUR	NA	0	0	0.1113	0	0.8887	-4.0006	10.0141	-1.7961	-8.3507	-3.6267	BS_DQAF2TAB
1230620_D1	EUR	NA	0	0	0.0673	0	0.9327	-0.5815	12.0093	-5.3272	-8.318	-1.4566	BS_RE6V3KEH
1230621_D1	EUR	NA	0	0	0.0677	0	0.9323	-0.0249	11.7313	-5.3811	-7.8779	-0.8335	BS_CEK3F7JD
1230622_D1	AFR	NA	0	0.9977	0.0023	0	0	-49.3842	-12.8793	-2.941	-2.9628	-1.0047	BS_ZDGWCXCS
1230623_D1	AMR	NA	1e-4	0.0294	0.9671	0	0.0034	-14.6746	1.1022	-6.0739	-1.0591	-2.4446	BS_434P0P3Z
1230624_D1	EUR	NA	0	0	0.0759	0	0.9241	-1.9227	12.1712	-4.3448	-6.5522	-1.2689	BS_3PN0Q0NB
1230625_D1	EUR	NA	0	0	0.0536	0	0.9464	-1.4685	12.4374	-4.7676	-9.5897	-1.1505	BS_FEH64HNS
1230626_D1	AMR	NA	0	0.0099	0.9901	0	0	-0.1547	-14.4478	-16.5251	19.8127	-1.054	BS_PKW37PKK
1230627_D1	AFR	NA	0	0.9978	0.0022	0	0	-49.7467	-11.8181	-0.3381	-1.338	-2.6984	BS_JP6DJQZ5
1230628_D1	EUR	NA	0	0	0.0492	0	0.9508	-1.6131	13.3005	-4.6372	-9.3846	-1.98	BS_1P4CJWTC
1230629_D1	EUR	NA	0	0	0.0516	0	0.9484	-0.0482	11.2723	-4.0027	-9.5965	-0.2957	BS_S2J9862C
1230630_D1	AMR	NA	0	0.1097	0.889	0	0.0012	-18.5486	4.3098	-3.4681	-7.7366	0.4189	BS_7T0SRA7A
1230631_D1	AMR	NA	0	0.0085	0.9915	0	0	0.4798	-7.5584	-12.3741	12.9977	-0.6528	BS_YX0WC1DT
1230632_D1	AMR	NA	0	0.0128	0.9872	0	0	0.787	-10.7729	-11.7857	13.51	-2.5268	BS_MMQC1039
1230633_D1	AMR	NA	0.0019	4e-4	0.9892	1e-4	0.0084	0.8671	-6.3658	-4.8335	-8.3435	-3.6484	BS_82NVR9ND
1230634_D1	EUR	NA	0	0	0.0563	0	0.9437	0.1377	11.7568	-1.1412	-8.1433	-0.8349	BS_C0NJTBCE
1230635_D1	EUR	NA	0	0	0.0307	0	0.9693	0.6981	12.59	-4.1283	-10.5533	-1.0437	BS_Y9XNAMSS
1230636_D1	EUR	NA	0	0	0.0743	0	0.9257	-1.9946	12.1096	-4.3648	-8.6014	-2.5247	BS_TTNMPPFP
1230637_D1	EUR	NA	0	0	0.0997	0	0.9003	-0.1758	11.2684	-5.7581	-4.9431	-1.3648	BS_D2BRRZMK
1230638_D1	EUR	NA	0	0	0.0446	0	0.9554	-0.7391	12.9799	-4.2648	-8.9094	-0.528	BS_CKG806Y5
1230639_D1	EUR	NA	0	0	0.0311	0	0.9689	1.7987	11.5051	-3.598	-10.4325	-3.3297	BS_4SS17VKB
1230640_D1	AFR	NA	0	0.9997	3e-4	0	0	-58.3066	-16.7782	-0.177	-1.3726	-2.4565	BS_6T1YVNJ0
1230641_D1	AMR	NA	0	0.01	0.99	0	0	-0.2236	-6.7559	-13.3129	11.4288	-0.7161	BS_26NKQWXB
1230642_D1	SAS	NA	0	0	0	0.9999	0	-11.8049	-0.2197	8.5048	-0.0386	-2.4978	BS_YK89ZE8S
1230643_D1	EUR	NA	0	0	0.0933	0	0.9067	-0.5646	10.4177	-4.0585	-7.2188	-0.2891	BS_C3W39CYP
1230644_D1	EUR	NA	0	0	0.1331	0	0.8669	-2.8017	9.8843	-5.6827	-8.0293	-2.0354	BS_N6PZ6J8M
1230645_D1	EUR	NA	0	0	0.045	0	0.955	0.092	11.5689	-3.8989	-9.8137	-3.0012	BS_CJ8W9M0D
1230646_D1	AFR	NA	0	0.9999	1e-4	0	0	-62.9672	-16.283	0.9703	-1.5801	-1.1521	BS_CQSAXDRR
1230647_D1	AFR	NA	0	0.9995	5e-4	0	0	-55.6076	-14.3379	0.903	-0.8917	-1.3245	BS_BPAVNGZY
1230648_D1	EUR	NA	0	0	0.0754	0	0.9246	-2.8018	12.4323	-3.2164	-8.4569	-4.4785	BS_8S4CT8MK
1230649_D1	EUR	NA	0	0	0.1012	0	0.8988	-0.8013	11.028	-5.3589	-6.9575	-2.002	BS_1FJ4SWVM
1230650_D1	SAS	NA	0	0	0	1	0	-1.4155	-5.7881	17.2295	1.9057	-0.9691	BS_2VEZG03M
1230651_D1	AMR	NA	5e-4	0.0123	0.9714	1e-4	0.0156	-10.8811	3.2024	-5.6751	-3.8783	-2.8601	BS_3EC0JBBJ
1230652_D1	EUR	NA	0	0	0.0447	0	0.9553	0.7458	12.8711	-3.1337	-8.4048	-1.522	BS_027SA0QR
1230654_D1	EUR	NA	0	0	0.0783	0	0.9217	-0.9438	11.6171	-4.2101	-7.9718	-1.92	BS_A3ATG5A4
1230655_D1	EUR	NA	0	0	0.0392	0	0.9608	-0.5089	13.0709	-5.4465	-9.5642	0.4306	BS_WYVXWHV4
1230656_D1	EUR	NA	0	0	0.0578	0	0.9422	0.202	10.882	-5.7899	-9.5908	-2.325	BS_KT0YMB4B
1230657_D1	SAS	NA	0	0	1e-4	0.9964	0.0035	-4.0729	2.8542	5.0089	-0.9816	0.4281	BS_703HQQWJ
1230658_D1	EUR	NA	0	0	0.0426	0	0.9574	1.7607	12.707	-5.2721	-7.5349	0.1449	BS_WS7T3NDX
1230659_D1	EUR	NA	0	0	0.0538	0	0.9462	-1.6055	12.6384	-4.797	-7.5503	0.3276	BS_BGR7BP6V
1230660_D1	EUR	NA	0	0	0.0663	0	0.9337	-1.3179	11.4467	-3.5226	-8.9096	-2.0307	BS_THMQQD98
1230661_D1	EUR	NA	0	0	0.0517	0	0.9483	-1.0669	13.2444	-4.0833	-7.4201	-1.5767	BS_XTNA5SFW
1230662_D1	EUR	NA	0	0	0.0707	0	0.9293	-1.8804	11.2848	-4.5593	-9.2455	-0.8889	BS_6EN0598B
1230663_D1	EUR	NA	0	0	0.0518	0	0.9482	0.2888	12.2947	-2.7752	-7.3731	-0.4876	BS_7F5GWZHE
1230664_D1	EUR	NA	0	0	0.1403	0	0.8597	-4.0003	10.7223	-4.8484	-7.6959	-4.2338	BS_JM5P8FS7
1230665_D1	AMR	NA	0	0.0167	0.983	0	2e-4	-1.8491	-4.2384	-9.3833	6.856	-2.9634	BS_4QFVDZ3Q
1230666_D1	EAS	NA	1	0	0	0	0	6.9617000000000004	-43.9816	-3.9664	-6.6531	-2.9695	BS_XJZN0CJ9
1230667_D1	EUR	NA	0	0	0.0555	0	0.9445	1.5911	11.2773	-3.2062	-8.3067	-2.4348	BS_2037XZ6N
1230668_D1	AMR	NA	0	0.023	0.977	0	0	-4.8506	-5.3905	-10.3948	9.2071	-2.4885	BS_NHKKXS4S
1230669_D1	EUR	NA	0	0	0.0581	0	0.9419	-1.3282	12.7446	-5.602	-7.905	-0.9355	BS_67CNDM8V
1230670_D1	EUR	NA	0	0	0.0574	0	0.9426	-1.2278	12.0945	-4.2438	-8.8718	-0.2226	BS_WP2QH2Q2
1230671_D1	EUR	NA	0	0	0.0541	0	0.9459	1.0468	12.5219	-4.5874	-7.2486	-1.3587	BS_V78482R0
1230672_D1	EUR	NA	0	0	0.0898	0	0.9102	0.2608	11.2871	-4.1041	-6.4641	-2.3932	BS_CVFJT4B4
1230673_D1	EUR	NA	0	0	0.1017	0	0.8983	-0.453	10.5279	-4.016	-6.6961	-1.2836	BS_58V473QF
1230674_D1	EUR	NA	0	0	0.0452	0	0.9548	-0.0036	13.2114	-6.0967	-9.3426	-1.4806	BS_D4PGF9Z4
1230675_D1	EUR	NA	0	0	0.0511	0	0.9489	-0.3207	11.769	-4.1216	-9.4556	-2.4244	BS_QQKJKCYP
1230676_D1	EUR	NA	0	0	0.0402	0	0.9598	1.8076	12.6218	-4.2878	-9.0193	-1.8417	BS_H7K9JEVR
1230677_D1	AFR	NA	0	0.9989	0.0011	0	0	-51.5856	-13.8213	-0.0094	-1.8164	-1.7102	BS_718G5SZ3
1230678_D1	EUR	NA	0	0	0.1854	0	0.8146	-1.5881	8.1239	-0.0855	-5.623	-3.312	BS_H0FHE1NZ
1230679_D1	EUR	NA	0	0	0.0609	0	0.9391	-1.271	12.2416	-4.9205	-9.1268	-2.8618	BS_93QDVK84
1230680_D1	EAS	NA	1	0	0	0	0	4.255	-40.6321	-0.5301	-9.4358	0.9827	BS_AJV2X7D2
1230681_D1	EUR	NA	0	0	0.0555	0	0.9445	-2.0228	11.4578	-2.8787	-9.9316	-1.2317	BS_7FCZ1RHY
1230682_D1	AMR	NA	0	0	0.525	1e-4	0.4749	-7.293	6.727	-6.6264	-5.4467	1.1324	BS_MGAHVKCK
1230683_D1	EUR	NA	0	0	0.0471	0	0.9529	-0.4261	13.2655	-4.5358	-7.662	-1.1342	BS_TEC95BEJ
1230684_D1	EUR	NA	0	0	0.0741	0	0.9259	-0.5051	11.3085	-4.5102	-8.3968	-1.4912	BS_03CAGT22
1230685_D1	EUR	NA	0	0	0.1151	0	0.8849	-1.0224	9.739	-3.8088	-7.4825	-1.6681	BS_6QYSDV6X
1230686_D1	EUR	NA	0	0	0.0905	0	0.9095	-2.4437	10.8596	-2.5908	-8.3239	-0.6195	BS_AVHZKN2P
1230687_D1	SAS	NA	0	0	0	1	0	-1.2687	-9.3935	19.3237	4.3721	-3.0679	BS_26J7G8RD
1230688_D1	EUR	NA	0	0	0.06	0	0.94	-2.3726	12.6516	-4.4974	-8.632	-1.1679	BS_M44SSKA0
1230689_D1	EAS	NA	1	0	0	0	0	8.0215	-43.1979	-3.9604	-6.5537	-6.7188	BS_WVHWV76N
1230690_D1	EUR	NA	0	0	0.062	0	0.938	0.5255	12.6692	-5.5241	-5.8693	-1.4306	BS_YP26TQ69
1230691_D1	EUR	NA	0	0	0.0659	0	0.9341	-0.6442	10.6662	-3.6503	-9.0664	-2.5616	BS_PEEQHVDP
1230693_D1	EUR	NA	0	0	0.0429	0	0.9571	-0.7146	13.3606	-4.983	-7.2774	0.2605	BS_8MMR0K4H
1230694_D1	EUR	NA	0	0	0.0749	0	0.9251	-1.6561	11.4006	-2.2191	-8.2759	-4.1502	BS_W456YWRP
1230695_D1	EUR	NA	0	0	0.1632	0	0.8368	-1.274	9.4897	-6.912	-6.1124	-1.5775	BS_TJY4J3VH
1230696_D1	AFR	NA	0	0.9973	0.0027	0	0	-48.5593	-12.5343	-0.5563	-3.4045	-3.0338	BS_20YEWPB4
1230697_D1	EUR	NA	0	0	0.0732	0	0.9268	0.6457	11.8479	-6.9759	-6.901	-1.1783	BS_F45H9JSX
1230698_D1	EUR	NA	0	0	0.0705	0	0.9295	-2.4877	11.2019	-3.9318	-9.5483	-0.8997	BS_5G8Z8MEM
1230699_D1	AMR	NA	0	0.0074	0.9715	6e-4	0.0205	-3.9029	0.8286	-5.5474	1.7346	-2.5046	BS_XWJRAX4M
1230700_D1	AMR	NA	0	0	0.9008	2e-4	0.0989	-0.4842	5.721	-8.3328	0.7881	-0.3162	BS_AWZXMJCF
1230701_D1	EUR	NA	0	0	0.0393	0	0.9607	-1.3011	13.9849	-4.872	-7.3945	-0.2332	BS_7CAERR4M
1230702_D1	EUR	NA	0	0	0.0743	0	0.9257	-0.2355	12.3753	-5.2516	-7.0807	-2.9584	BS_5XTKT3Z6
1230703_D1	EUR	NA	0	0	0.0663	0	0.9337	-2.3829	12.0578	-6.6833	-8.8181	0.198	BS_M5RB4M39
1230704_D1	AFR	NA	0	0.9993	7e-4	0	0	-54.6151	-15.7678	-1.0655	-1.5976	-1.9735	BS_J6CF0NZG
1230705_D1	EUR	NA	0	0	0.0555	0	0.9445	-1.728	12.9241	-4.1558	-8.5452	-1.6895	BS_C0FBTX5A
1230706_D1	EUR	NA	0	0	0.0723	0	0.9277	-2.4426	11.0351	-0.9377	-8.8433	-1.8551	BS_94CZ1665
1230707_D1	EUR	NA	0	0	0.0662	0	0.9338	-0.923	12.4971	-4.8007	-7.1642	-1.7497	BS_ZAWM6J87
1230708_D1	EUR	NA	0	0	0.2443	0	0.7556	-6.195	7.5625	-0.1202	-7.307	-3.7259	BS_WS5MMX1R
1231054_D1	EUR	NA	0	0	0.0937	0	0.9063	-1.1621	11.2274	-2.2217	-7.2296	-4.3736	BS_QHVEYFZC
1231055_D1	AFR	NA	0	0.9971	0.0029	0	0	-47.7088	-10.8355	-1.6622	-2.6893	-1.6056	BS_ZWXZ87GK
1231056_D1	EUR	NA	0	0	0.049	0	0.951	1.2494	12.4694	-4.1393	-6.9795	-0.3227	BS_CSGCXEJ6
1231057_D1	EUR	NA	0	0	0.0922	0	0.9078	-1.3365	9.2365	-1.1074	-8.1673	-5.0999	BS_EMDJ89FB
1231058_D1	EUR	NA	0	0	0.0909	0	0.9091	-2.3276	10.5211	-4.0144	-8.69	-2.6335	BS_E8VTJ51S
1231059_D1	EUR	NA	0	0	0.0516	0	0.9484	-0.2143	12.7975	-5.3743	-8.1316	-0.9603	BS_QEYCDNY9
1231060_D1	EUR	NA	0	0	0.0509	0	0.9491	0.9636	11.6431	-2.8318	-8.6648	-0.6813	BS_FVZ7N67P
1231061_D1	AFR	NA	0	0.507	0.493	0	0	-23.0291	-1.4132	-3.7147	-6.9333	-1.2551	BS_NT40G7H9
1231062_D1	AMR	NA	0	0.0331	0.9669	0	0	-5.9138	-8.1844	-11.8363	10.8427	-1.8142	BS_7JYKPMZC
1231063_D1	EUR	NA	0	0	0.0489	0	0.9511	0.6533	11.8138	-5.0586	-9.3811	-2.6555	BS_GF6MMHA3
1231064_D1	EUR	NA	0	0	0.034	0	0.966	-0.8266	13.9196	-4.9712	-9.4027	-0.3459	BS_E62HPMRM
1231065_D1	EUR	NA	0	0	0.0644	0	0.9356	-1.3322	12.429	-5.0349	-6.9757	-0.7084	BS_DN3HH7RC
1231066_D1	EUR	NA	0	0	0.0618	0	0.9382	-0.1248	12.0661	-6.5507	-8.8206	-0.9221	BS_FHV6VG3M
1231067_D1	EUR	NA	0	0	0.0489	0	0.9511	-0.3793	11.46	-3.5143	-9.7243	-0.7953	BS_XEVMGQ7A
1231068_D1	EUR	NA	0	0	0.0827	0	0.9173	-3.3773	10.826	-1.5155	-8.7934	-5.2699	BS_TNZZ1MW4
1231069_D1	AMR	NA	0	0.0011	0.9776	7e-4	0.0206	-1.8325	3.3386	-7.4432	2.3838	-3.0845	BS_KE3HXDRA
1231070_D1	SAS	NA	0	0	0	1	0	-1.1188	-4.7903	14.4491	3.8047	-2.6003	BS_185W8AYT
1231071_D1	AMR	NA	0	0.043	0.9568	0	2e-4	-15.0028	-3.6404	-6.6738	2.666	-2.0254	BS_DZNGBGJ8
1231072_D1	EUR	NA	0	0	0.0843	0	0.9157	0.2093	11.0972	-4.1311	-6.3289	-1.0127	BS_2VSFHPX9
1231073_D1	EUR	NA	0	0	0.0706	0	0.9294	-1.9077	12.9491	-4.1595	-7.7033	-3.5925	BS_08ZSDGE0
1231074_D1	EAS	NA	0.9978	0	0.0022	0	0	3.7586	-17.9609	-3.0779	-5.8627	-4.7539	BS_DM3GGC5Z
1231075_D1	EUR	NA	0	0	0.0569	0	0.9431	-0.7375	13.0921	-4.8104	-6.77	-1.6503	BS_AWP3GQ8Y
1231076_D1	EUR	NA	0	0	0.0649	0	0.9351	0.9768	11.9017	-4.8554	-7.7636	-1.7848	BS_TQ9329B1
1231077_D1	EUR	NA	0	0	0.0389	0	0.9611	-0.5398	13.6163	-6.8028	-7.3121	1.1531	BS_AV1QHA0Z
1231078_D1	AFR	NA	0	0.9982	0.0018	0	0	-49.8847	-13.3577	-1.1217	-2.4788	-1.9687	BS_RB00DGRS
1231079_D1	AMR	NA	5e-4	0.0029	0.9499	2e-4	0.0465	-9.8863	3.8537	-6.6992	-3.4699	-0.9432	BS_5B61EQF5
1231080_D1	AFR	NA	0	0.9997	3e-4	0	0	-58.2957	-16.0504	0.6787	-0.497	-1.7082	BS_MM75QGS5
1231081_D1	EUR	NA	0	0	0.0512	0	0.9488	-1.546	11.7559	-5.425	-10.3261	-0.9546	BS_P53765YG
1231082_D1	EUR	NA	0	0	0.0881	0	0.9119	-0.9191	10.7759	-5.0988	-8.2879	-0.726	BS_7EZY0ECC
1231083_D1	EUR	NA	0	0	0.0586	0	0.9414	-0.2188	12.1999	-5.4764	-8.5221	-0.8851	BS_HXNQBZG8
1231084_D1	EUR	NA	0	0	0.0556	0	0.9444	-0.2149	13.0997	-5.535	-7.4153	-2.0103	BS_BET8WKRY
1231085_D1	EUR	NA	0	0	0.0622	0	0.9378	-0.2618	11.7907	-4.3205	-8.6858	-1.4506	BS_R25BD10W
1231086_D1	EUR	NA	0	0	0.1658	0	0.8342	-3.9867	7.9775	-1.9151	-7.7248	-3.5195	BS_C8EYHFR2
1231087_D1	EUR	NA	0	0	0.0397	0	0.9603	-1.0781	12.4514	-1.7205	-10.0853	-0.9115	BS_Y61DFYQ9
1231088_D1	EUR	NA	0	0	0.0561	0	0.9439	-0.8588	12.1335	-6.1534	-8.8051	0.3547	BS_ZED29PWA
1231089_D1	EUR	NA	0	0	0.0732	0	0.9268	0.8508	10.8151	-5.7373	-8.3757	-1.5876	BS_YJX84Y1R
1231090_D1	EUR	NA	0	0	0.0673	0	0.9327	-3.1411	10.8773	-3.1991	-9.8973	-3.305	BS_2DV0JYYX
1231091_D1	EUR	NA	0	0	0.096	0	0.904	-2.8938	11.3497	-4.1866	-8.3097	-4.686	BS_TCKJW0N9
1231092_D1	EUR	NA	0	0	0.0771	0	0.9229	-2.2676	10.7306	-4.212	-9.2616	-3.4897	BS_8RV4RXEE
1231093_D1	EUR	NA	0	0	0.0846	0	0.9154	-0.6507	11.0823	-3.765	-7.4723	-1.3108	BS_AKZ4YFJA
1231094_D1	EUR	NA	0	0	0.062	0	0.938	0.5978	11.3822	-5.4461	-8.7934	-1.2259	BS_G0TV3JBJ
1231096_D1	EUR	NA	0	0	0.0522	0	0.9478	0.1063	10.8443	-6.4	-10.2074	-1.3081	BS_PMWJ9B01
1231097_D1	EUR	NA	0	0	0.0569	0	0.9431	-0.8919	13.0177	-5.8349	-8.9869	-2.5161	BS_02NEEERY
1231098_D1	EUR	NA	0	0	0.0395	0	0.9605	-0.1748	12.9679	-5.9517	-10.0916	0.1412	BS_H5TH8SFY
1231099_D1	EUR	NA	0	0	0.1058	0	0.8942	-2.1582	10.7558	-4.4024	-7.8436	-1.6941	BS_AVKPNG0N
1231100_D1	EUR	NA	0	0	0.0355	0	0.9645	-0.419	13.5121	-4.2925	-9.0503	0.0299	BS_0BNNT7QJ
1231101_D1	EUR	NA	0	0	0.0791	0	0.9209	0.2284	11.4693	-2.9585	-7.3424	-2.7141	BS_VKH17HPE
1231102_D1	EUR	NA	0	0	0.0817	0	0.9183	-0.1977	11.0395	-5.6429	-8.2691	-1.5652	BS_B59TE3GY
1231103_D1	EUR	NA	0	0	0.0549	0	0.9451	-0.3253	12.2832	-5.4394	-8.5874	-0.3977	BS_N4RMD808
1231104_D1	EUR	NA	0	0	0.0578	0	0.9422	-0.0078	12.1057	-6.7383	-9.0992	-0.5318	BS_95CJX7BM
1231105_D1	EUR	NA	0	0	0.0279	0	0.9721	-2.2578	12.7949	-4.6099	-12.2603	-2.8588	BS_BQDZG0CT
1231106_D1	EUR	NA	0	0	0.0681	0	0.9319	-1.0931	11.4282	-3.6379	-8.4943	-0.1656	BS_E7SRTWYT
1231107_D1	AMR	NA	0	0.0078	0.9546	0	0.0376	-15.2396	6.1461	-3.4945	-7.8446	-3.7534	BS_7DQZZNVP
1231108_D1	EUR	NA	0	0	0.091	0	0.909	-1.3646	10.6677	-3.8838	-8.1422	-1.9687	BS_GHMJRPNA
1231109_D1	EUR	NA	0	0	0.472	1e-4	0.5278	-3.0847	5.7742000000000004	-6.3973	-2.0175	-0.7625	BS_AYZEB7SP
1231110_D1	AMR	NA	0	0.0059	0.9597	0	0.0343	-14.0822	5.6306	-3.4971	-7.1892	-1.032	BS_KAHMXK1W
1231111_D1	EUR	NA	0	0	0.0839	0	0.9161	-0.956	10.3529	-3.959	-8.4778	-0.9634	BS_2GYASCQ2
1231112_D1	AMR	NA	1e-4	0.0072	0.9713	0.0016	0.0199	-2.2917	0.1124	-7.8242	0.8395	-1.8541	BS_1QZHZ68C
1231113_D1	EUR	NA	0	0	0.0435	0	0.9565	-0.3431	13.1603	-6.0016	-9.742	-1.0051	BS_NHWFBN8C
1231114_D1	EUR	NA	0	0	0.0442	0	0.9558	-1.6155	13.2742	-5.0497	-9.8542	-0.9375	BS_VJGG6EVV
1231115_D1	EUR	NA	0	0	0.0713	0	0.9287	-0.3373	11.5918	-4.4651	-7.5796	-0.9136	BS_HF1BFEYY
1231117_D1	EUR	NA	0	0	0.0944	0	0.9056	-3.7908	11.5872	-2.187	-8.1968	-4.0509	BS_M3BVCDXD
1231118_D1	EUR	NA	0	0	0.08	0	0.92	-0.7125	10.3827	-4.173	-8.5848	-3.0944	BS_3SHNH3EE
1231119_D1	EUR	NA	0	0	0.0587	0	0.9413	-0.5251	12.5102	-3.4831	-8.4482	-3.7766	BS_BGT1AT3S
1231120_D1	AFR	NA	0	0.7488	0.2512	0	0	-27.657	-2.753	-4.1884	-6.8277	-0.9085	BS_89AQD5A2
1231122_D1	EUR	NA	0	0	0.0731	0	0.9269	-0.1688	12.3028	-4.0827	-6.686	-2.8244	BS_DZ0N975A
1231123_D1	EUR	NA	0	0	0.0433	0	0.9567	-1.4478	14.3076	-4.0992	-8.766	-3.3728	BS_X5QR6HG0
1231124_D1	EUR	NA	0	0	0.0393	0	0.9607	-1.1142	12.5408	-5.0365	-10.6435	-3.4125	BS_GC91A6DP
1231125_D1	EUR	NA	0	0	0.0705	0	0.9295	-1.2047	12.1674	-6.2799	-8.0852	-1.3545	BS_EHBY15PB
1231126_D1	EUR	NA	0	0	0.0719	0	0.9281	-2.5266	12.0041	-3.9053	-8.6264	-1.4277	BS_AR2X1K2Q
1231127_D1	EUR	NA	0	0	0.0653	0	0.9347	-0.5609	11.8012	-4.5971	-8.0677	-0.6832	BS_EKC2DYD1
1231128_D1	EUR	NA	0	0	0.066	0	0.934	-0.8444	10.5394	-4.1363	-9.3388	-1.5383	BS_VASPNDWG
1231129_D1	EUR	NA	0	0	0.0276	0	0.9724	0.6482	14.489	-5.5352	-10.3061	-1.7136	BS_0JMJ3V9X
1231130_D1	SAS	NA	0	0	0	1	0	-2.9421	-6.3481	19.6682	3.5555	-1.2308	BS_VRDFW7JP
1231131_D1	EUR	NA	0	0	0.1355	0	0.8645	-1.8697	8.8695	-2.0632	-7.2725	-1.3575	BS_G1DDDED5
1231134_D1	EUR	NA	0	0	0.0893	0	0.9107	0.1641	10.792	-3.811	-7.4356	-2.5873	BS_JF2B8BV5
1231136_D1	EUR	NA	0	0	0.0616	0	0.9384	-1.1046	11.5618	-5.0508	-9.4059	-0.9237	BS_JPF55NJZ
1231137_D1	AMR	NA	0	0.0067	0.9933	0	0	0.2465	-8.7164	-13.2485	15.9252	-1.9255	BS_QMN2KR03
1231138_D1	AMR	NA	0	0.0411	0.9587	0	2e-4	-12.5082	-3.7717	-7.6248	2.7116	-1.3607	BS_A8YRS331
1231139_D1	EUR	NA	0	0	0.051	0	0.949	-0.12	12.5188	-5.8158	-9.2193	-0.7362	BS_NVEKV5PC
1231140_D1	AMR	NA	0	0.0068	0.9901	1e-4	0.003	-0.5643	-1.4724	-9.6261	4.6807	-3.8349	BS_ZNT6MEJE
1231141_D1	AMR	NA	0	0.0013	0.7485	1e-4	0.25	-12.8429	6.6665	-2.0609	-8.5716	-3.3407	BS_11YASJFA
1231143_D1	EUR	NA	0	0	0.0523	0	0.9477	-1.3587	11.5946	-4.3761	-9.9903	-1.6812	BS_1X9X6YHV
1231144_D1	AFR	NA	0	0.9986	0.0014	0	0	-51.2683	-14.2833	-0.9844	-1.6011	-2.302	BS_XHWXTPX5
1231145_D1	EUR	NA	0	0	0.0448	0	0.9552	-1.5302	12.4237	-6.6286	-10.7608	-2.9336	BS_5WX2PRDP
1231146_D1	EUR	NA	0	0	0.1183	0	0.8817	-4.2805	7.9983	-2.4573	-9.6008	-2.8993	BS_KTRTXZXJ
1231147_D1	EUR	NA	0	0	0.0993	0	0.9007	-2.3985	10.7721	-2.4337	-7.5606	-1.4426	BS_A2P9X66W
1231148_D1	AFR	NA	0	0.9986	0.0014	0	0	-51.3722	-13.8492	-2.0527	-3.6237	-1.912	BS_T4PH5KZH
1231149_D1	AFR	NA	0	0.9977	0.0023	0	0	-49.3629	-12	-1.0231	-1.3623	-1.2451	BS_SGAHJNA2
1231150_D1	EUR	NA	0	0	0.0508	0	0.9492	-0.0275	13.122	-6.2995	-8.9752	-2.0887	BS_MVK5GSW0
1231151_D1	AFR	NA	0	0.8664	0.1336	0	0	-30.1268	-0.6609	-3.1663	-5.748	-0.7662	BS_T679ZYR5
1231153_D1	AMR	NA	6e-4	0.0052	0.9785	0	0.0157	-10.638	3.678	-7.8097	-2.3121	-2.8334	BS_5NH3YXGR
1231154_D1	EUR	NA	0	0	0.0723	0	0.9277	-0.4189	11.2949	-5.5869	-8.7064	-2.9594	BS_DX6BS1ZJ
1231155_D1	AFR	NA	0	0.9852	0.0148	0	0	-39.4639	-8.3936	-2.2291	-5.8098	-0.4178	BS_YJVKHTYS
1231156_D1	EUR	NA	0	0	0.0614	0	0.9386	0.6234	11.208	-4.6876	-8.7355	-0.9073	BS_RZ3KN1WR
1231157_D1	EUR	NA	0	0	0.0617	0	0.9383	-1.7032	13.0173	-6.5862	-7.3416	-1.2335	BS_HARWG7WB
1231158_D1	EUR	NA	0	0	0.0378	0	0.9622	-0.1082	13.7028	-2.3252	-7.9412	-1.4264	BS_DFYC94XV
1231159_D1	EUR	NA	0	0	0.0579	0	0.9421	-2.1873	13.7169	-3.2133	-7.4853	-3.6191	BS_HE2N2THZ
1231160_D1	EUR	NA	0	0	0.0671	0	0.9329	-0.3259	11.3837	-4.4299	-8.6625	-0.7093	BS_SHAZQKVT
1231161_D1	AMR	NA	1e-4	4e-4	0.8124	3e-4	0.1868	-4.9676	4.0289	-7.6494	-1.3173	-2.297	BS_J8DY3TXZ
1231162_D1	EUR	NA	0	0	0.0613	0	0.9387	0.5073	11.9784	-6.541	-8.818	-1.7322	BS_KWE2VEEA
1231163_D1	EUR	NA	0	0	0.0623	0	0.9377	0.0497	11.4187	-4.2759	-8.7221	-2.657	BS_E0ED9GMC
1231164_D1	AMR	NA	0	0.0034	0.9966	0	0	2.7496	-11.3935	-15.7591	20.8517	-0.3557	BS_RT1JC4XS
1231165_D1	EUR	NA	0	0	0.1159	0	0.8841	-2.4205	10.1541	-3.782	-7.6808	-0.9614	BS_3J7ZV8SD
1231166_D1	EUR	NA	0	0	0.0547	0	0.9453	0.9094	12.8406	-3.1219	-6.9043	-2.6175	BS_NMZ12CYJ
1231167_D1	AFR	NA	0	0.9982	0.0018	0	0	-49.7061	-10.0712	0.1658	-2.4527	-0.6107	BS_2E7ASQ50
1231168_D1	EUR	NA	0	0	0.0538	0	0.9462	-0.3461	11.8176	-4.7246	-9.3891	-0.8899	BS_WW9R1Z39
1231169_D1	EUR	NA	0	0	0.0705	0	0.9295	-2.3746	11.9783	-4.5375	-9.0994	-1.4501	BS_23FBG1CJ
1231170_D1	EUR	NA	0	0	0.0313	0	0.9687	0.6161	13.1207	-4.5886	-10.3448	-0.6294	BS_P5PE78G1
1231171_D1	EUR	NA	0	0	0.0402	0	0.9598	-2.2291	14.1161	-6.0652	-8.7932	-0.6226	BS_DHZ0XBTP
1231172_D1	EUR	NA	0	0	0.0575	0	0.9425	-2.0785	13.4479	-6.1397	-8.3222	-2.2979	BS_KGFRT2F3
1231173_D1	AFR	NA	0	0.9986	0.0014	0	0	-51.8441	-13.311	-1.2599	-3.3536	-3.122	BS_7QN2NE4C
1231174_D1	EUR	NA	0	0	0.2668	0	0.7332	1.0324	6.8242	-7.5755	-4.9335	-1.1326	BS_9C7KJ47S
1231175_D1	EUR	NA	0	0	0.0451	0	0.9549	0.3407	12.7931	-5.1868	-8.9717	-0.6656	BS_VK874BXK
1231176_D1	AMR	NA	0	0.0371	0.9629	0	0	-6.94	-7.5829	-11.1837	10.6713	-1.1619	BS_YB9R27WM
1231177_D1	EUR	NA	0	0	0.0732	0	0.9268	-1.1227	11.7338	-5.6512	-7.8617	-0.6982	BS_334JDND7
1231178_D1	EUR	NA	0	0	0.0541	0	0.9459	0.6943	11.5232	-6.0681	-9.3608	-0.6045	BS_4NMD1H7Q
1231179_D1	EUR	NA	0	0	0.0488	0	0.9512	-1.7411	13.2041	-0.6801	-8.592	-2.5721	BS_VD4Z7YS6
1231180_D1	AMR	NA	3e-4	0.0105	0.9763	0	0.0128	-12.1746	4.0628	-6.4764	-3.5848	-2.5909	BS_SW9B9921
1231181_D1	EUR	NA	0	0	0.0782	0	0.9218	-1.8222	11.4156	-5.305	-7.6045	0.0782	BS_R1SSMVGR
1231182_D1	EUR	NA	0	0	0.2584	1e-4	0.7415	-0.4945	4.8914	-4.6123	-6.3145	-1.6256	BS_61YN07XW
1231183_D1	EUR	NA	0	0	0.0352	0	0.9648	-0.2749	11.6185	-5.0498	-11.1995	-1.2531	BS_94183X0Z
1231184_D1	AMR	NA	0	8e-4	0.8977	1e-4	0.1014	-12.645	6.8197	-3.4562	-6.493	-0.5417	BS_SCJCNHGG
1231185_D1	EUR	NA	0	0	0.0676	0	0.9324	-1.0729	11.7431	-7.0587	-9.3883	-2.0039	BS_53K9H3FK
1231186_D1	AFR	NA	0	0.8677	0.1323	0	0	-29.8109	-0.7897	-2.8015	-6.1201	-1.4507	BS_TFZKGJR2
1231187_D1	EAS	NA	1	0	0	0	0	4.8495	-34.8636	-1.4441	-4.2356	1.6451	BS_4FY1QVN0
1231188_D1	EUR	NA	0	0	0.0728	0	0.9272	-0.6979	9.3807	-3.8696	-9.4227	-2.9501	BS_ZSRYAN72
1231189_D1	EUR	NA	0	0	0.0733	0	0.9267	-2.4211	11.183	-4.3416	-9.3187	-4.9315	BS_2NN35FMP
1231190_D1	EUR	NA	0	0	0.06	0	0.94	-1.7662	11.2087	-4.1684	-9.7839	-2.6018	BS_NZ1H25QJ
1231191_D1	EUR	NA	0	0	0.044	0	0.956	-0.6375	11.0087	-4.1017	-10.5918	-1.7692	BS_R4EHGED6
1231192_D1	EUR	NA	0	0	0.1364	0	0.8636	-3.0161	9.5551	-2.4945	-7.4484	-2.7392	BS_N17T2KEA
1231194_D1	EAS	NA	1	0	0	0	0	6.7739	-42.9256	-2.7972	-7.0739	-1.6946	BS_RHTFJ3PN
1231195_D1	EUR	NA	0	0	0.07	0	0.93	-1.8107	9.8096	-5.3376	-10.2576	-1.0428	BS_TBFTQA0W
1231196_D1	EUR	NA	0	0	0.0488	0	0.9512	-1.4399	13.5426	-4.2014	-7.9695	-1.8633	BS_TAPY27ZM
1231197_D1	AFR	NA	0	0.79990000000000006	0.2001	0	0	-28.0201	-2.1742	-3.8065	-5.217	0.0353	BS_0G8YHPH2
1231198_D1	EUR	NA	0	0	0.0708	0	0.9292	-1.3232	10.9372	-5.235	-9.3199	-1.649	BS_JAM3A7CC
1231199_D1	EUR	NA	0	0	0.0469	0	0.9531	0.516	12.938	-5.311	-7.9397	-0.8109	BS_E5HR93E7
1231200_D1	EUR	NA	0	0	0.045	0	0.955	0.1395	12.9561	-4.1269	-7.8631	-0.5512	BS_QGWQ256R
1231201_D1	EUR	NA	0	0	0.0432	0	0.9568	0.5505	12.3679	-2.2038	-8.9471	-2.7235	BS_Y7F48DB8
1231202_D1	EUR	NA	0	0	0.0802	0	0.9198	-1.7932	11.6649	-4.0894	-8.2081	-1.865	BS_KYMRYHPZ
1231203_D1	EAS	NA	1	0	0	0	0	8.9027	-42.7979	-3.074	-7.3974	-2.3169	BS_49GYYZZQ
1231204_D1	AMR	NA	0	0.0312	0.9688	0	0	-5.6729	-10.0181	-11.34	13.0125	-3.6281	BS_MZ3ZDDA0
1231205_D1	AFR	NA	0	0.8911	0.1089	0	0	-30.8966	-1.7054	-0.0167	-4.4339	-2.6874	BS_157CZWZ8
1231206_D1	EUR	NA	0	0	0.05	0	0.95	-0.3846	13.0376	-6.7334	-8.5126	-0.8872	BS_N1WGR4T6
1231207_D1	EUR	NA	0	0	0.0737	0	0.9262	-1.0726	11.0581	-4.64	-8.8994	0.1471	BS_EEJ3QDPJ
1231208_D1	EUR	NA	0	0	0.0593	0	0.9407	-3.1639	13.3818	-4.2898	-7.5957	-1.808	BS_HA00HJTE
1231209_D1	EAS	NA	1	0	0	0	0	7.9028	-41.9718	0.2186	-6.9486	2.199	BS_D077933M
1231210_D1	EUR	NA	0	0	0.0357	0	0.9643	0.4073	12.6325	-1.7711	-8.4765	1.2368	BS_ZX0PTVJM
1231212_D1	EUR	NA	0	0	0.0685	0	0.9315	1.3847	11.9103	-6.2215	-7.9217	-2.2651	BS_1G3CJBNT
1231213_D1	AMR	NA	0	0.006	0.994	0	0	1.7377	-11.5617	-18.1094	17.2194	-2.0764	BS_9KBZ254Y
1231214_D1	EUR	NA	0	0	0.0637	0	0.9363	-2.4091	10.3903	-2.4625	-9.864	-3.7676	BS_44BFWV5M
1231215_D1	EUR	NA	0	0	0.044	0	0.956	-0.3013	12.5416	-4.1051	-9.6028	-4.9843	BS_GQJ322JK
1231216_D1	EUR	NA	0	0	0.064	0	0.936	-2.1264	11.4262	-3.4615	-9.4001	-4.6524	BS_CP4PKGSQ
1231218_D1	EUR	NA	0	0	0.0911	0	0.9089	-1.208	9.7233	-0.8768	-7.851	-4.0059	BS_1X0Q0X5S
1231220_D1	EUR	NA	0	0	0.0679	0	0.9321	-0.1523	11.4546	-5.2664	-8.6832	-1.9901	BS_HBPFSB2E
1231221_D1	EUR	NA	0	0	0.055	0	0.945	-2.2732	13.3147	-5.4928	-8.6767	-1.8046	BS_28YM6K9F
1231222_D1	EUR	NA	0	0	0.0641	0	0.9359	1.2021	12.0495	-5.2196	-7.2715	-1.7346	BS_PMT89D70
1231223_D1	EUR	NA	0	0	0.0533	0	0.9467	-0.7508	11.4823	-4.225	-9.6611	-2.183	BS_YG0F25Q9
1231224_D1	EUR	NA	0	0	0.0487	0	0.9513	-1.1977	11.8893	-4.3087	-10.2493	0.1622	BS_0V2818FE
1231225_D1	AMR	NA	1e-4	6e-4	0.9745	0	0.0247	-9.2229	5.0129	-7.6513	-1.1057	-1.4406	BS_NGFGD1BJ
1231226_D1	EUR	NA	0	0	0.0867	0	0.9133	-1.7116	11.5413	-3.6039	-7.7542	-2.2986	BS_A4XQ5P30
1231227_D1	SAS	NA	0	0	0	1	0	-1.1474	-4.1374	14.8472	3.3847	-2.6882	BS_BTYEMPDT
1231228_D1	EUR	NA	0	0	0.0379	0	0.9621	0.5437	13.21	-4.5722	-9.3217	-0.6801	BS_D66NY9SE
1231229_D1	EUR	NA	0	0	0.0627	0	0.9373	-1.0266	12.5193	-4.4569	-8.6383	-3.5161	BS_FHKVYV85
1231230_D1	EUR	NA	0	0	0.0484	0	0.9516	-1.2905	12.2759	-4.4813	-9.9318	-1.7034	BS_H63WNMFQ
1231231_D1	EUR	NA	0	0	0.05	0	0.95	-0.7465	12.1843	-4.855	-8.2837	1.8046	BS_1DJY5NJ2
1231232_D1	EUR	NA	0	0	0.054	0	0.946	0.037	12.9815	-2.9244	-8.1142	-3.1483	BS_7KVP24ZN
1231233_D1	EUR	NA	0	0	0.0896	1e-4	0.9102	-7.2852	7.3875	1.6925	-7.3589	-5.5272	BS_JT6HNBHX
1231234_D1	EUR	NA	0	0	0.1238	1e-4	0.8761	-5.8034	6.9636	0.9941	-7.2938	-5.0303	BS_6CJA490W
1231235_D1	EUR	NA	0	0	0.0593	0	0.9407	0.6485	11.5476	-3.965	-8.5087	-1.3843	BS_KZ4MVB4Q
1231236_D1	EUR	NA	0	0	0.0475	0	0.9525	-0.6481	12.3373	-3.8849	-8.7087	1.0938	BS_AK6PAKEK
1231237_D1	EAS	NA	1	0	0	0	0	4.1117	-41.3177	-0.4205	-9.1769	1.7716	BS_KA2M5KYA
1231238_D1	EUR	NA	0	0	0.0648	0	0.9352	0.4366	11.3592	-5.5696	-8.7367	-0.2584	BS_2E6Z5SZM
1231239_D1	AFR	NA	0	0.9995	5e-4	0	0	-55.1093	-14.4268	-1.0375	-3.0923	-0.1638	BS_RR3GBMAW
1231240_D1	EUR	NA	0	0	0.3222	0	0.6778	-0.6247	7.1514	-6.3564	-2.2014	-1.0504	BS_P7Q5FESV
1231241_D1	EUR	NA	0	0	0.0453	0	0.9547	-0.4284	12.4647	-4.9744	-9.8158	-1.1182	BS_S1N2EHWX
1231242_D1	EAS	NA	1	0	0	0	0	8.0182	-42.3604	-2.2544	-9.2612	-5.2138	BS_4GRTW918
1231243_D1	EUR	NA	0	0	0.0556	0	0.9444	-2.0782	12.6065	-5.0729	-9.2157	-0.6555	BS_C58X2QWN
1232517_D1	EAS	NA	1	0	0	0	0	5.5838	-32.8002	-3.5569	-3.8007	1.1767	BS_GQ6QW59Q
1232518_D1	EUR	NA	0	0	0.0446	0	0.9554	-0.2814	12.7723	-4.0972	-9.4401	-1.7765	BS_3G1APE4G
1232519_D1	AMR	NA	0	1e-4	0.5214	1e-4	0.4785	1.6241	2.9834	-6.9554	-2.9721	-2.9504	BS_6MY8RQK1
1232520_D1	EUR	NA	0	0	0.0644	0	0.9356	-0.844	12.9218	-7.336	-7.7448	-2.1008	BS_AZXJGE4N
1232521_D1	EAS	NA	1	0	0	0	0	6.1262	-41.4188	-1.3533	-7.0813	-2.1374	BS_W4W1SDBT
1232522_D1	AMR	NA	0	1e-4	0.9564	3e-4	0.0433	-0.55	5.3543	-9.0959	1.4854	-0.2197	BS_XXCC584N
1232523_D1	EUR	NA	0	0	0.076	0	0.924	-0.7103	11.6428	-5.1943	-7.1904	-0.868	BS_TRTWDN0E
1232524_D1	EUR	NA	0	0	0.1894	0	0.8106	0.2611	8.8031	-5.7505	-4.4488	-1.95	BS_KJ2VWJ6T
1232525_D1	EUR	NA	0	0	0.1178	0	0.8822	-4.3518	8.7056	-2.9326	-9.23	-4.1643	BS_N9XFJ6SY
1232526_D1	AMR	NA	0	0.0224	0.9767	1e-4	8e-4	-1.1393	-4.9587	-7.6378	4.9509	-2.7823	BS_MQECY0BP
1232527_D1	SAS	NA	0	0	0	1	0	-0.1923	-8.0865	18.3891	5.0649	-1.4073	BS_MK748DH7
1232529_D1	EUR	NA	0	0	0.1828	0	0.8172	-1.2388	4.3316	-4.3515	-8.5976	-1.5506	BS_1GRHJTSR
1232530_D1	AMR	NA	0	0.0237	0.9763	0	0	-3.8358	-7.0319	-13.2175	8.8585	-2.9451	BS_5T9J1S30
1232531_D1	EUR	NA	0	0	0.0662	0	0.9338	-1.3283	11.6355	-5.4403	-9.2548	-3.7587	BS_ZSY6MFB4
1232532_D1	EUR	NA	0	0	0.0727	0	0.9273	-0.1476	11.5749	-5.8058	-8.3183	-1.2213	BS_HX7BQH41
1232533_D1	EUR	NA	0	0	0.0892	1e-4	0.9107	-1.5804	7.7208	1.4373	-6.2244	-1.4772	BS_9FYDRQ1X
1232534_D1	EAS	NA	1	0	0	0	0	5.6306	-34.0645	-2.7271	-7.3237	-5.7333	BS_2NM608BG
1232535_D1	EUR	NA	0	0	0.0579	0	0.9421	-0.2112	11.909	-2.9312	-8.5634	-2.0138	BS_DRSKM15V
1232536_D1	AMR	NA	0	0.0182	0.9817	0	0	-2.6047	-5.9957	-12.3362	8.9061	-1.4302	BS_QWQ8JWPK
1232537_D1	AMR	NA	0	0	0.5679	1e-4	0.432	0.809	4.3474	-7.7163	-2.1	-1.823	BS_GMCXBXNW
1232538_D1	EAS	NA	0.9978	0	0.0022	0	0	0.7933	-21.0924	1.0907	-5.7699	-0.9419	BS_B10Z7EXV
1232539_D1	EAS	NA	1	0	0	0	0	7.4302	-43.6749	-0.962	-5.5843	-3.2282	BS_MWMDKABM
1232540_D1	EAS	NA	1	0	0	0	0	4.6755	-31.8873	-0.4884	-8.3406	2.0019	BS_WB00AD0W
1232541_D1	EUR	NA	0	0	0.3515	0	0.6485	-1.8295	5.9903	-5.776	-4.9538	-2.4554	BS_1TSMEMAV
1232542_D1	AMR	NA	0	0.01	0.9856	1e-4	0.0044	-6.9044	0.4751	-8.2154	2.0844	-1.4345	BS_BZZMBDVN
1232543_D1	EUR	NA	0	0	0.0468	0	0.9532	0.4633	13.5243	-4.4968	-8.5106	-3.1433	BS_TMG2KSA4
1232544_D1	EUR	NA	0	0	0.0478	0	0.9522	-0.3842	13.1004	-6.8038	-8.1969	-0.3278	BS_Z3RY0Q1V
1232545_D1	EUR	NA	0	0	0.0786	0	0.9214	-0.3252	11.3567	-4.1217	-7.0238	-1.0551	BS_WTV5299Q
1232546_D1	AMR	NA	0	0.0093	0.9907	0	0	-1.1406	-5.5582	-11.9804	11.5393	-2.1299	BS_HFEG5H54
1232547_D1	EUR	NA	0	0	0.039	0	0.961	-1.6799	13.9935	-5.7464	-8.4542	-0.2965	BS_5FFNHGEJ
1232548_D1	EUR	NA	0	0	0.1893	0	0.8107	-3.3496	9.2012	-3.2135	-6.4909	-3.1168	BS_K0BZB0S2
1232549_D1	EUR	NA	0	0	0.105	0	0.895	-3.0638	10.2304	-0.7937	-7.8114	-4.8776	BS_NHQMQANJ
1232550_D1	EUR	NA	0	0	0.0588	0	0.9412	-0.5336	11.286	-5.2586	-9.8125	1.3933	BS_62KC9HT5
1232551_D1	AMR	NA	0.0022	0.0341	0.8471	0.012	0.1047	-6.8394	1.6719	0.9442	-1.5115	-0.5409	BS_69G1DNYS
1232552_D1	EUR	NA	0	0	0.0665	0	0.9335	-1.5226	11.3982	-4.0388	-9.1318	-2.6615	BS_RMDSGHKK
1232553_D1	AFR	NA	0	0.9832	0.0168	0	0	-39.0365	-8.5058	-2.1622	-4.3606	-0.6468	BS_59Q6VX77
1232554_D1	EUR	NA	0	0	0.0464	0	0.9536	0.0044	13.1065	-3.4577	-7.3647	-1.0925	BS_JGYYWGJ2
1232555_D1	EUR	NA	0	0	0.0877	0	0.9122	-0.9398	11.5507	-3.7721	-5.868	-1.625	BS_6HN1KPHP
1232556_D1	AMR	NA	0	0.0068	0.993	0	2e-4	1.2192	-2.9656	-9.6172	8.8746	-1.2317	BS_40052AD7
1232557_D1	EUR	NA	0	0	0.0673	0	0.9327	0.7363	11.8604	-3.8989	-6.345	-1.2311	BS_701YV6DB
1232558_D1	EAS	NA	1	0	0	0	0	6.9992	-41.8364	0.8118	-5.1875	3.9019	BS_ZB0T84GD
1232559_D1	EUR	NA	0	0	0.0473	0	0.9527	0.1856	11.7147	-3.9732	-9.6077	-0.0324	BS_7ZXAJS3W
1232560_D1	EUR	NA	0	0	0.0588	0	0.9412	-0.2271	12.7918	-4.5988	-6.7806	-1.6562	BS_Q0RCADKS
1232561_D1	AMR	NA	0	0.0263	0.9737	0	0	-20.4138	-27.6335	-2.1109	-5.3609	0.6863	BS_486PCJ8J
1232562_D1	EUR	NA	0	0	0.0524	0	0.9476	-0.565	12.7726	-6.1117	-8.297	-0.5894	BS_1CWZPEYQ
1232563_D1	EUR	NA	0	0	0.0473	0	0.9527	-0.8671	12.2313	-4.951	-9.9498	-3.6935	BS_2XHMVSW2
1232564_D1	EUR	NA	0	0	0.0453	0	0.9547	-0.4317	12.923400000000001	-4.8161	-8.6753	-0.3885	BS_X1J16RSB
1232565_D1	AMR	NA	0	0.2586	0.7355	2e-4	0.0057	-16.2718	1.3568	1.78	-4.9209	-3.368	BS_F68K00K9
1232566_D1	AMR	NA	1e-4	0.0504	0.9478	0	0.0017	-14.7191	-1.1748	-5.0956	-0.6156	-2.4509	BS_R2F4MNM6
1232567_D1	AMR	NA	1e-4	0.0505	0.9486	0	8e-4	-15.715	0.5087	-6.3099	-2.5656	-1.7849	BS_8RTC36WH
1232568_D1	EUR	NA	0	0	0.0743	0	0.9257	-0.4613	11.3437	-3.985	-8.0715	-1.1211	BS_HWZ595K1
1232569_D1	EUR	NA	0	0	0.0703	0	0.9297	-1.4159	12.022	-3.118	-8.1452	-2.0805	BS_PTDHV486
1232570_D1	AFR	NA	0	0.9961	0.0039	0	0	-46.2199	-10.6825	-0.8055	-3.7382	-2.1393	BS_G4EKZZVR
1232571_D1	EUR	NA	0	0	0.0483	0	0.9517	-0.8292	13.5261	-4.9719	-8.8443	-2.5199	BS_ED4FA13S
1232572_D1	EUR	NA	0	0	0.0568	0	0.9432	-1.0116	12.2283	-2.8976	-8.7713	-1.2354	BS_CPT90EDZ
1232573_D1	EUR	NA	0	0	0.1334	0	0.8666	0.9677	6.683	-4.7187	-7.7852	-0.7262	BS_EZ512BEA
1232574_D1	AMR	NA	0	0.0021	0.9979	0	0	6.2402	-21.8637	-20.7382	31.4905	-3.0953	BS_TAMWZSD1
1232575_D1	EUR	NA	0	0	0.3184	0	0.6816	-1.666	6.4732	-7.8188	-5.6638	-1.2847	BS_D35KZZB1
1232576_D1	SAS	NA	0	1e-4	0.0027	0.942	0.0552	-1.2775	2.375	3.2404	-1.1413	-1.0902	BS_HX4NRQZ0
1232577_D1	EUR	NA	0	0	0.1194	0	0.8806	-1.3515	10.0114	-5.2127	-7.1812	-0.7952	BS_5NAQ9B75
1232578_D1	AMR	NA	8e-4	0.0193	0.9759	0.0019	0.0021	-7.425	-3.7226	-2.1658	-6.1527	-2.9467	BS_FWGAPHJX
1232579_D1	EUR	NA	0	0	0.0532	0	0.9468	-0.7808	12.3917	-3.9578	-9.1461	-1.0818	BS_DAFEDDWB
1232580_D1	EUR	NA	0	0	0.0433	0	0.9567	0.0339	12.2024	-4.485	-9.8034	-2.3589	BS_NP7S5G7T
1232581_D1	AFR	NA	0	0.7597	0.2403	0	0	-28.8649	-5.6182	-4.2611	-2.8268	-2.3504	BS_HBDEKQHY
1232582_D1	AFR	NA	0	0.6499	0.3501	0	0	-23.6391	-0.1522	-2.5815	-5.4404	-0.3217	BS_65G2324Z
1232583_D1	AMR	NA	0	0.0096	0.9904	0	0	-2.4556	-7.5744	-11.8375	12.9864	-5.1904	BS_0H6RFHJQ
1232584_D1	EUR	NA	0	0	0.0522	0	0.9478	-2.067	12.8736	-5.074	-9.8103	-1.3165	BS_4N5X26CP
1232585_D1	EUR	NA	0	0	0.0809	0	0.9191	-0.7471	11.4532	-5.8173	-8.3745	-2.5042	BS_4VB8DSS1
1232586_D1	EUR	NA	0	0	0.0555	0	0.9445	0.3994	12.3454	-3.6085	-7.7593	-1.3968	BS_J85HW3M3
1232587_D1	EUR	NA	0	0	0.0585	0	0.9415	-0.4929	12.8738	-5.2404	-7.2857	-1.7344	BS_1HXGASF2
1232588_D1	EUR	NA	0	0	0.0504	0	0.9496	0.1232	12.2717	-5.4345	-9.3593	-0.7385	BS_JQT14BMK
1232589_D1	EUR	NA	0	0	0.0382	0	0.9618	0.0831	13.3617	-5.2426	-8.073	0.3739	BS_8XQN74YA
1232590_D1	SAS	NA	0	0	0	1	0	-1.5113	0.4129	9.5419	0.3087	-2.9683	BS_B683P202
1232591_D1	AMR	NA	0	0.007	0.993	0	0	1.353	-9.0928	-13.0167	14.6757	-3.1913	BS_8EG67HHX
1232592_D1	EUR	NA	0	0	0.0746	0	0.9254	-1.3639	10.5831	-2.7348	-8.7208	-3.3803	BS_A2CKB8M3
1232593_D1	SAS	NA	0	0	3e-4	0.9763	0.0234	-5.9837	4.359	5.501	-2.9636	-5.0495	BS_80GAN02N
1232594_D1	AMR	NA	0	0.319	0.6809	0	0	-22.8791	-4.538	-4.0171	0.73	-2.4454	BS_E7078GH6
1232595_D1	EUR	NA	0	0	0.1593	0	0.8407	-4.865	7.9373	-1.1984	-8.1502	-4.6784	BS_CJ66ANPG
1232596_D1	AFR	NA	0	0.9804	0.0196	0	0	-38.0603	-7.3892	-0.565	-3.0269	-0.5639	BS_3G1GV4HT
1232597_D1	AMR	NA	0	0.2008	0.7991	0	1e-4	-17.2594	-0.941	-3.1993	-4.2613	-2.0452	BS_7RD95G6F
1232598_D1	EUR	NA	0	0	0.0579	0	0.9421	-0.8491	11.6759	-5.8232	-9.6549	-1.0186	BS_0CSWSMAN
1232599_D1	SAS	NA	0	0	0	1	0	-0.726	-7.0312	17.8156	3.7247	-1.4173	BS_40QQYEE2
1232600_D1	AMR	NA	1e-4	0.002	0.9108	0.0012	0.0859	-3.6136	2.6411	-7.227	-0.3167	-2.3184	BS_AWAQ0E5P
1232601_D1	EUR	NA	0	0	0.0593	0	0.9407	-1.2808	11.5791	-4.3313	-9.5916	-0.1171	BS_BKHWAKMA
1232602_D1	EUR	NA	0	0	0.067	0	0.933	-1.9183	12.1753	-3.9613	-7.7288	-0.9482	BS_0H2ADXGN
1232603_D1	AFR	NA	0	0.9997	3e-4	0	0	-58.6527	-14.6993	-0.6974	-1.9014	-2.2715	BS_ZEWQF3HP
1232604_D1	EUR	NA	0	0	0.0947	0	0.9053	-1.7858	10.4682	-4.6078	-8.4434	-2.1684	BS_917QMT6W
1232605_D1	EUR	NA	0	0	0.0577	0	0.9423	0.5247	10.834	-3.5797	-8.9674	-0.8968	BS_PSZJQQE6
1232606_D1	AMR	NA	0	0.0105	0.9895	0	0	-0.5837	-11.6206	-13.8696	16.9366	-2.0171	BS_1DAEW8QY
1232607_D1	EUR	NA	0	0	0.2386	0	0.7614	-4.7053	9.3583	-6.8573	-4.1206	-1.8356	BS_V7Z312FN
1232608_D1	EUR	NA	0	0	0.0558	0	0.9442	-0.3164	10.1985	-4.0456	-9.9302	-1.0957	BS_7D832SGQ
1232609_D1	EUR	NA	0	0	0.0623	0	0.9377	-4.2596	10.4334	-1.7064	-10.6383	-3.9932	BS_2WHCYV6W
1232610_D1	AFR	NA	0	0.9995	5e-4	0	0	-55.9117	-17.5295	0.5372	-1.2222	-2.5603	BS_W4FWCEHE
1232611_D1	EUR	NA	0	0	0.0488	0	0.9512	-0.1053	12.5469	-5.8072	-9.0959	-0.2842	BS_N6K94XJ9
1232837_D1	EUR	NA	0	0	0.0503	0	0.9497	0.7527	12.3055	-7.152	-9.4581	-2.0943	BS_05D0J0TV
1232838_D1	EUR	NA	0	0	0.0303	0	0.9697	0.5041	14.5518	-4.0017	-8.756	-1.899	BS_Y9Z6MY2F
1232839_D1	EUR	NA	0	0	0.0677	0	0.9323	0.5078	12.1522	-4.1019	-7.7433	-3.7058	BS_1NVZJ8SH
1232840_D1	EAS	NA	1	0	0	0	0	6.3812	-42.8709	-0.6218	-6.9228	-5.3053	BS_4RF60VQF
1232841_D1	EUR	NA	0	0	0.067	0	0.933	-1.7916	11.4905	-4.3531	-9.2488	-2.174	BS_D0V0N8ZC
1232842_D1	EUR	NA	0	0	0.0532	0	0.9468	-0.8318	12.5433	-3.1235	-8.8086	-1.5001	BS_HRZTKNA1
1232843_D1	EUR	NA	0	0	0.047	0	0.953	0.0581	10.7988	-4.5187	-10.2189	-2.5915	BS_J4AK392N
1232844_D1	EUR	NA	0	0	0.0694	0	0.9306	-1.9042	10.9016	-4.3546	-9.65	-0.2769	BS_6TAEYM31
1232845_D1	EUR	NA	0	0	0.0825	0	0.9175	-0.7681	10.5046	-5.9225	-8.8498	0.1961	BS_77G2950R
1232846_D1	EAS	NA	1	0	0	0	0	5.4595	-40.5818	-0.2675	-6.3265	3.6046	BS_QDGRVDFJ
1232847_D1	AMR	NA	4e-4	0.0283	0.9693	0	0.002	-12.7227	1.9479	-5.9659	-3.8774	-3.3607	BS_8RTEVW7S
1232848_D1	EUR	NA	0	0	0.0725	0	0.9275	-0.2356	11.93	-2.9583	-7.6599	-3.2642	BS_ARPV7WS6
1232849_D1	EUR	NA	0	0	0.0601	0	0.9399	0.006	11.1215	-3.3005	-8.8224	-1.6683	BS_1AN9CV5K
1232850_D1	EUR	NA	0	0	0.0576	0	0.9424	0.4601	12.1474	-5.3372	-7.0021	-0.0254	BS_RXZDYP7G
1232851_D1	AMR	NA	0.2508	1e-4	0.7486	0	5e-4	2.4544	-12.9787	-2.5027	-9.4832	-0.0201	BS_7XR0XFFR
1232852_D1	EUR	NA	0	0	0.0467	0	0.9533	0.8458	11.5183	-5.6581	-9.7835	0.2966	BS_GYTGEMWX
1232853_D1	EUR	NA	0	0	0.0852	0	0.9148	-0.393	9.996	-2.7822	-8.053	-4.1293	BS_QGBTKNPD
1232854_D1	EUR	NA	0	0	0.0494	0	0.9506	-0.1909	12.1187	-6.214	-8.9172	1.2928	BS_1KSFPA3V
1232856_D1	EUR	NA	0	0	0.1475	0	0.8525	-3.6067	8.9072	-2.77	-7.8132	-2.1091	BS_B06HYM8J
1232857_D1	AMR	NA	5e-4	0.002	0.9043	8e-4	0.0924	-5.4133	2.8773	-6.8006	-0.9713	-0.9848	BS_MZJRG6PC
1232858_D1	EUR	NA	0	0	0.0787	0	0.9213	-0.7453	11.4964	-4.4204	-7.9894	-1.7099	BS_SD4A2AE3
1232859_D1	EAS	NA	0.9863	0	0.0137	0	0	2.7498	-15.9347	-4.1236	-6.9507	-4.4029	BS_HAHB8BVN
1232860_D1	EUR	NA	0	0	0.0557	0	0.9443	-0.835	12.6746	-2.7655	-8.5467	-3.252	BS_PN0G5GV3
1232861_D1	EUR	NA	0	0	0.0999	0	0.9001	-2.464	11.6633	-5.2684	-7.3332	-2.6356	BS_VX2XWDFR
1232862_D1	EUR	NA	0	0	0.0555	0	0.9445	-1.4135	12.5648	-7.0927	-8.2721	0.4752	BS_6MN3RSJX
1232863_D1	EUR	NA	0	0	0.0412	0	0.9588	-0.0334	11.5873	-2.9811	-10.0115	-1.2725	BS_BJ7TM5J4
1232864_D1	EUR	NA	0	0	0.0633	0	0.9367	-1.9623	11.1078	-5.656	-10.1801	-0.2614	BS_5PS19H8N
1232865_D1	SAS	NA	0	0	0	1	0	0.4969	-0.8104	12.5004	3.3186	-1.1938	BS_FNV7HBSZ
1232866_D1	SAS	NA	0	0	0	1	0	-1.2048	-2.4642	14.0728	1.1435	-0.8455	BS_YKW7AES5
1232867_D1	EUR	NA	0	0	0.0876	0	0.9124	-2.1991	12.2141	-0.6858	-5.5552	-3.5157	BS_JYD4VS7H
1232868_D1	EUR	NA	0	0	0.0742	0	0.9258	-1.7836	12.3066	-4.2411	-8.1293	-2.7057	BS_KQCSH8M1
1232869_D1	EUR	NA	0	0	0.121	0	0.879	-3.626	10.7686	-2.6507	-7.62	-4.9294	BS_4E9Y3W94
1232870_D1	EUR	NA	0	0	0.0737	0	0.9263	-3.3065	11.1533	-1.6838	-9.1	-4.1924	BS_N2N3NYDV
1232871_D1	EUR	NA	0	0	0.0545	0	0.9455	-2.7848	13.4631	-4.3853	-8.3636	-1.9558	BS_VQ3CVXEA
1232872_D1	SAS	NA	0	0	0	1	0	0.276	-3.7055	13.6476	2.3861	0.3746	BS_QJNWH0QH
1232873_D1	AFR	NA	0	0.9821	0.0179	0	0	-39.3354	-9.2171	-2.1205	-3.0625	-1.219	BS_9748MK20
1232874_D1	EUR	NA	0	0	0.0607	0	0.9393	1.0712	7.9129	-4.8163	-10.3442	-2.4504	BS_CFQRN5DY
1232875_D1	EUR	NA	0	0	0.0581	0	0.9419	-3.346	11.3499	0.11	-9.5454	-4.7566	BS_7MPTR580
1232877_D1	EUR	NA	0	0	0.0788	0	0.9212	-1.223	11.7193	-3.2641	-7.6421	-2.1957	BS_8K6A2TGK
1232878_D1	EUR	NA	0	0	0.0754	0	0.9246	-2.8713	11.705	-3.5833	-8.9653	-3.4815	BS_4APK603Y
1232879_D1	EUR	NA	0	0	0.193	0	0.807	-2.9553	7.8151	-1.0394	-6.4357	-4.9952	BS_PR38PMW6
1232880_D1	EUR	NA	0	0	0.0373	0	0.9627	-0.1621	13.7997	-4.4698	-8.5596	-1.0811	BS_EPN5MJR8
1232881_D1	EUR	NA	0	0	0.0722	0	0.9278	-1.4455	11.2393	-4.7596	-9.0289	-1.0823	BS_5G8BFEQ1
1232882_D1	AMR	NA	0	0	0.5087	0	0.4913	-0.8322	6.4542	-7.722	-1.4823	-2.1791	BS_9BWZZH1V
1232883_D1	EUR	NA	0	0	0.051	0	0.949	-1.84	12.4341	-3.463	-9.6492	-2.1694	BS_JG1AMRZZ
1232884_D1	AMR	NA	0	0.0122	0.9878	0	0	-0.6223	-6.9851	-10.8911	11.1257	-1.8902	BS_RW057DTW
1232885_D1	EUR	NA	0	0	0.0614	0	0.9386	-2.4544	12.136	-6.9744	-9.8216	0.4328	BS_HFTQEXPV
1232886_D1	EUR	NA	0	0	0.0628	0	0.9372	-1.8574	12.5028	-5.0464	-8.9786	-1.678	BS_744T0SE2
1232887_D1	EUR	NA	0	0	0.1116	0	0.8884	-3.0448	11.0247	-2.25	-7.1594	-2.7371	BS_XKQPB58P
1232888_D1	EUR	NA	0	0	0.1647	0	0.8352	-5.5267	8.1735	0.4725	-6.752	-4.0127	BS_544548VE
1232889_D1	EUR	NA	0	0	0.1775	0	0.8225	-6.3033	8.8139	-0.0897	-7.5936	-4.8037	BS_3KWJ2GCR
1232891_D1	EUR	NA	0	0	0.0661	0	0.9339	0.0802	10.8868	-3.5646	-8.5948	-1.2937	BS_EYBY221W
1232893_D1	EUR	NA	0	0	0.0634	0	0.9366	-2.3939	12.7419	-4.9796	-7.6233	-1.0671	BS_CM6H0DEE
1232894_D1	EUR	NA	0	0	0.0486	0	0.9514	-2.0978	13.0508	-5.9158	-8.2047	0.6283	BS_KSNV86QN
1232895_D1	EUR	NA	0	0	0.068	0	0.932	0.7765	10.8061	-4.7494	-8.4226	0.435	BS_FRHB9TK7
1232896_D1	EUR	NA	0	2e-4	0.3411	5e-4	0.6582	-0.1197	2.5091	-1.1281	-5.482	-3.6752	BS_E4XMYNQW
1232897_D1	EUR	NA	0	0	0.1065	0	0.8935	-1.0692	10.2032	-4.2194	-7.6781	-1.9186	BS_Q5KG1DVF
1232898_D1	EUR	NA	0	0	0.0831	0	0.9169	0.1305	11.1513	-4.4538	-7.5142	-1.6703	BS_K9T51DSW
1232899_D1	EUR	NA	0	0	0.0503	0	0.9497	0.0225	12.6732	-4.1156	-7.3457	-0.4584	BS_RAZF7QNH
1232900_D1	EUR	NA	0	0	0.0604	0	0.9396	-1.3712	13.0098	-5.7464	-8.2934	-2.2826	BS_VPDHK3ZZ
1232901_D1	EUR	NA	0	0	0.05	0	0.95	-1.1661	11.3293	-5.1028	-10.6837	0.6358	BS_GQAYSYTD
1232902_D1	EUR	NA	0	0	0.0314	0	0.9686	0.1313	12.7981	-4.3741	-10.9013	0.6682	BS_YZS4N0N5
1232903_D1	EUR	NA	0	0	0.0426	0	0.9574	1.1036	12.0817	-5.0092	-9.5713	-0.7334	BS_BKY9ZV20
1232904_D1	EUR	NA	0	0	0.0629	0	0.9371	-1.3387	12.5968	-3.7052	-7.9118	-2.1444	BS_CTQQ0KXR
1232905_D1	EAS	NA	1	0	0	0	0	6.3642	-35.5996	2.9667	-5.7728	1.212	BS_JC4B2H1R
1232906_D1	EUR	NA	0	0	0.0524	0	0.9476	0.5308	12.9501	-4.3008	-6.9028	-1.6785	BS_RGA0YQ6P
1232907_D1	AMR	NA	0	0.0082	0.9918	0	0	0.2714	-11.6633	-14.4475	17.7254	-1.8382	BS_QT4T4B0G
1232908_D1	EUR	NA	0	0	0.0429	0	0.9571	1.1119	13.7772	-4.7707	-7.7295	-2.7691	BS_W7T968PC
1232909_D1	AFR	NA	0	0.999	0.001	0	0	-52.9995	-13.7047	-0.9168	-3.2133	-2.515	BS_PE96RP62
1232910_D1	EUR	NA	0	0	0.0608	0	0.9392	-0.3975	11.0693	-5.5294	-9.5065	-1.2614	BS_36A4Q0R9
1232911_D1	EUR	NA	0	0	0.0581	0	0.9419	-2.3548	12.7606	-4.851	-9.4687	-1.6251	BS_9RAHPN6T
1232912_D1	EUR	NA	0	0	0.1139	0	0.8861	-1.011	10.8357	-4.9647	-6.4918	-2.4504	BS_EJ2ESVQJ
1232913_D1	AMR	NA	0	1e-4	0.9222	1e-4	0.0776	-2.7334	5.2457	-9.0552	0.2095	-3.6833	BS_D5F28QZD
1232914_D1	EUR	NA	0	0	0.0534	0	0.9466	0.5893	11.1082	-3.9939	-9.1917	-2.2903	BS_NCMJCGDT
1232915_D1	EUR	NA	0	2e-4	0.4525	1e-4	0.5472	-8.4663	7.3543	-0.9909	-6.8578	-4.3213	BS_QXP0FJ54
1232916_D1	AMR	NA	0	3e-4	0.531	1e-4	0.4686	-10.1526	7.1945	-0.3747	-8.3011	-2.6826	BS_MBHCZR5P
1232917_D1	EUR	NA	0	0	0.1421	0	0.8579	-3.5195	8.9308	-1.9665	-7.6962	-4.4716	BS_H7GE2FNX
1232918_D1	EUR	NA	0	0	0.0632	0	0.9368	-0.5279	11.8829	-3.133	-6.2259	0.1724	BS_4QG43N3Y
1232919_D1	EUR	NA	0	0	0.0455	0	0.9545	-0.5832	14.3921	-5.7404	-8.9999	-5.1937	BS_3JNY3KZR
1232920_D1	EUR	NA	0	0	0.0914	0	0.9086	-4.0746	10.5318	-2.6145	-9.1197	-4.2909	BS_K4B6TRCQ
1232922_D1	EUR	NA	0	0	0.0708	0	0.9292	-1.6395	12.0533	-5.1788	-8.8415	-4.1186	BS_89XT7N27
1232923_D1	EUR	NA	0	0	0.0961	0	0.9039	-3.2981	11.5244	-2.4493	-7.806	-2.6465	BS_C0KZMHEK
1232924_D1	EUR	NA	0	0	0.051	0	0.949	-0.4362	11.1396	-1.502	-9.2197	-4.9021	BS_F0VT4T76
1232926_D1	EUR	NA	0	0	0.0553	0	0.9447	-1.8216	11.9177	-3.495	-9.5888	-4.1777	BS_VVM0Y9H9
1232927_D1	EUR	NA	0	0	0.0447	0	0.9553	-1.5753	12.749	-3.181	-9.7971	-5.3681	BS_A3VGRHBK
1232928_D1	EUR	NA	0	0	0.0652	0	0.9348	0.4623	11.4272	-3.5365	-8.1723	-2.3476	BS_SGK0RKAV
1232929_D1	EUR	NA	0	0	0.0772	0	0.9228	0.5146	11.2648	-6.8012	-8.3296	-1.2801	BS_VA6AY4DG
1232930_D1	EUR	NA	0	0	0.1058	0	0.8942	-1.1194	9.6658	-3.5303	-7.859	-1.0489	BS_WCXH81ZH
1232931_D1	EUR	NA	0	0	0.0437	0	0.9563	1.0192	10.7512	-2.7994	-9.6989	-1.0397	BS_8CK4P2ZX
1232993_D1	EUR	NA	0	0	0.0884	0	0.9116	-0.6585	9.339	-3.1892	-8.4829	-1.6806	BS_7Q8NVTT0
1232994_D1	AMR	NA	0	0.0081	0.9918	0	1e-4	-0.2324	-3.3224	-11.1811	9.2703	-0.8944	BS_3ASFXYQ4
1232995_D1	AFR	NA	0	0.9795	0.0205	0	0	-41.4004	-15.3613	-2.3816	-2.7679	-0.1525	BS_DT04AH8R
1232996_D1	EAS	NA	1	0	0	0	0	7.6641	-43.9155	-2.6986	-8.0063	-1.5457	BS_K8CFEXTJ
1232997_D1	AFR	NA	0	0.8733	0.1267	0	0	-33.492	-6.2474	-4.8931	-1.5809	-1.5968	BS_QB14XZJB
1232998_D1	AMR	NA	0	0.0217	0.9783	0	0	5.1512	-24.1697	-13.7484	20.5516	-3.3284	BS_CQFTWK9V
1232999_D1	EAS	NA	0.92	1e-4	0.0799	0	0	3.0679	-13.4269	-4.0884	-7.0189	-4.7654	BS_F5RDR1E4
1233000_D1	EUR	NA	0	0	0.0945	0	0.9055	-2.0085	11.1884	-3.9354	-8.0104	-2.3801	BS_3CR5R99X
1233001_D1	EAS	NA	0.968	0	0.032	0	0	2.7813	-15.9365	-2.7961	-8.4629	2.0106	BS_14CMA7HD
1233002_D1	EUR	NA	0	0	0.0689	0	0.9311	-1.8134	11.2885	-6.3626	-9.7292	-1.1659	BS_24AD4FTB
1233003_D1	EUR	NA	0	0	0.0694	0	0.9306	-1.3908	12.1437	-6.367	-8.7608	-1.4163	BS_P2RE0PS3
1233004_D1	EUR	NA	0	0	0.0493	0	0.9507	-0.1153	12.0356	-4.672	-9.4959	-1.1769	BS_MPAY5XNT
1233005_D1	EUR	NA	0	0	0.0685	0	0.9315	-0.6372	11.9964	-4.0628	-7.8649	-1.7601	BS_Q1FRVC8N
1233006_D1	EUR	NA	0	0	0.0416	0	0.9584	0.3553	13.9259	-5.7563	-8.2135	-2.209	BS_22K36BJ8
1233008_D1	EUR	NA	0	0	0.0739	0	0.9261	-1.6959	9.7975	-4.1852	-9.7574	-1.1186	BS_SVTAD5WT
1233009_D1	EUR	NA	0	0	0.2217	0	0.7783	-4.8037	8.6316	-2.7391	-6.5905	-4.4641	BS_JGWNXWEE
1233010_D1	EUR	NA	0	0	0.0461	0	0.9539	-0.6076	12.5155	-5.755	-9.9845	-0.8013	BS_CQYP2PX4
1233011_D1	EUR	NA	0	0	0.0752	0	0.9248	-0.2135	11.1811	-3.4905	-8.0374	-1.2015	BS_YBS7A2D3
1233012_D1	EUR	NA	0	0	0.1266	0	0.8734	-4.815	10.8076	-2.3561	-7.8852	-3.8708	BS_VTWCWJM4
1233013_D1	EUR	NA	0	0	0.0674	0	0.9326	-1.0625	12.4567	-6.1415	-6.4268	-0.6347	BS_Z2H5TVPT
1233014_D1	EUR	NA	0	0	0.0693	0	0.9307	0.322	12.4424	-7.498	-7.6637	-2.3444	BS_DEN6JMDV
1233015_D1	AMR	NA	0	0.0638	0.9358	0	4e-4	-16.9871	-1.6606	-6.0336	-2.3641	-4.6995	BS_7BP0XZMB
1233016_D1	EUR	NA	0	0	0.1145	0	0.8855	-1.4774	10.5758	-4.3998	-6.5616	-1.6891	BS_NTP69JXW
1233017_D1	SAS	NA	0	0	0	1	0	-1.3329	-6.8967	15.4054	2.5108	-1.9066	BS_EZ44K4JY
1233018_D1	EUR	NA	0	0	0.0485	0	0.9515	-2.0334	12.8349	-4.6265	-8.6869	0.8077	BS_XST2C38J
1233019_D1	EUR	NA	0	0	0.059	0	0.941	-1.1522	12.5393	-4.3302	-8.7865	-1.8376	BS_3YZ50N20
1233020_D1	EUR	NA	0	0	0.0455	0	0.9545	1.639	12.3707	-5.1455	-8.4912	-0.249	BS_XH6TPYBX
1233021_D1	EUR	NA	0	0	0.1682	0	0.8318	-0.5964	10.0016	-6.9085	-4.5375	-2.774	BS_GHXJSVWT
1233022_D1	EUR	NA	0	0	0.0712	0	0.9288	-2.4905	11.7563	-3.2821	-8.8145	-0.7074	BS_X4X8GFD7
1233023_D1	EUR	NA	0	0	0.0938	0	0.9062	-1.294	10.8482	-4.0942	-7.8967	-1.4573	BS_FRQ2RXT3
1233024_D1	EAS	NA	0.7729	0.0017	0.2254	0	1e-4	2.4308	-23.5744	-5.5897	3.1113	0.9859	BS_ZC2R7SXC
1233025_D1	EUR	NA	0	0	0.0602	0	0.9398	0.3951	10.1233	-5.1786	-9.6158	-0.1659	BS_85Y7A7XA
1233026_D1	AMR	NA	0	1e-4	0.6787	2e-4	0.3209	0.1494	-0.3786	-4.6843	-8.7737	-1.9869	BS_1CJ6CYXQ
1233027_D1	EUR	NA	0	0	0.1517	0	0.8483	-6.018	9.6252	-4.8908	-9.1468	-1.0497	BS_N8F9M7RP
1233028_D1	EUR	NA	0	0	0.0633	0	0.9367	-1.2322	11.9843	-6.0485	-8.4486	-0.0025	BS_DZXY4FNX
1233029_D1	EUR	NA	0	0	0.053900000000000003	0	0.9461	-0.7143	12.7533	-7.1691	-9.2872	-1.0219	BS_0TWV9WA9
1233030_D1	EUR	NA	0	0	0.056	0	0.944	-0.9869	12.0825	-5.6979	-9.073	0.231	BS_2RK0EEJP
1233031_D1	EUR	NA	0	0	0.0737	0	0.9263	-1.9308	11.8488	-4.5817	-7.7998	-0.841	BS_8X8EWMQ4
1233032_D1	EUR	NA	0	0	0.0621	0	0.9379	-1.3214	12.4089	-4.6017	-7.3386	-0.7105	BS_DSHYEG70
1233033_D1	EUR	NA	0	0	0.0635	0	0.9365	-0.4954	11.5078	-3.7784	-8.7364	-0.9954	BS_XPZQ9Z7Z
1233034_D1	EUR	NA	0	0	0.3414	0	0.6586	-1.6765	5.6638	-5.7533	-5.2149	-3.1594	BS_JGJA21BP
1233035_D1	AMR	NA	0.0457	4e-4	0.9381	1e-4	0.0156	2.4997	-5.4508	-5.4679	-5.1275	-2.3868	BS_53W56KD5
1233036_D1	EUR	NA	0	0	0.0487	0	0.9513	-0.7616	13.1958	-4.9343	-8.0899	-1.1885	BS_PKF8YYNF
1233037_D1	EUR	NA	0	0	0.1207	0	0.8793	-2.3811	9.8548	-2.3639	-7.5029	-1.6	BS_CV1HZHWP
1233038_D1	AFR	NA	0	0.999	0.001	0	0	-52.4406	-12.9184	-0.6157	-3.256	-2.2626	BS_WAVZZFEC
1233039_D1	EUR	NA	0	0	0.0679	0	0.9321	0.3267	12.018	-4.0635	-7.0995	-1.9237	BS_ZSSJYXD6
1233040_D1	EUR	NA	0	0	0.0475	0	0.9525	-1.1702	13.9977	-5.6372	-7.0265	-1.785	BS_P6PXVYTN
1233041_D1	EUR	NA	0	0	0.0487	0	0.9513	0.8471	11.7205	-4.9359	-9.3387	-1.2482	BS_MSBCQ9VM
1233042_D1	EUR	NA	0	0	0.0328	0	0.9672	0.0754	12.9565	-5.2634	-10.6432	-1.499	BS_18THY070
1233043_D1	EUR	NA	0	0	0.0423	0	0.9577	1.4927	11.9678	-4.5684	-9.3842	-0.7096	BS_1C38XJGG
1233044_D1	EUR	NA	0	0	0.3834	0	0.6165	-2.8188	6.4038	-6.4159	-4.3612	-2.2892	BS_TCR65FA6
1233045_D1	EUR	NA	0	0	0.1053	0	0.8947	-2.0436	10.2442	-5.0376	-8.3346	-3.0174	BS_ADFJC5ZX
1233046_D1	AMR	NA	0	0.0156	0.9844	0	0	-1.7475	-11.1004	-11.977	15.3492	-1.2498	BS_WFJR00F8
1233047_D1	AMR	NA	0	0.0028	0.9972	0	0	6.6288	-23.9024	-19.7935	32.0401	-1.1291	BS_RM6BBYH4
1233048_D1	AMR	NA	0.0013	0.0073	0.9774	1e-4	0.0138	-9.4078	2.3167	-6.5786	-1.9635	-2.8441	BS_NVW939GP
1233050_D1	EUR	NA	0	0	0.0801	0	0.9199	-0.3063	11.6372	-5.6597	-8.0804	-2.3775	BS_4A1TKJ3G
1233051_D1	SAS	NA	0	0	0	1	0	-1.6276	0.0787	11.9585	2.4724	-0.4069	BS_Q1GKVWSY
1233052_D1	EAS	NA	1	0	0	0	0	4.5355	-30.0348	-1.109	-8.644	1.835	BS_1FC8JMZZ
1233054_D1	AFR	NA	0	0.976	0.024	0	0	-36.6552	-7.5618	-0.7341	-4.1968	-0.4035	BS_DG6EE8B5
1233055_D1	EUR	NA	0	0	0.031	0	0.969	-0.3755	14.0434	-6.9481	-10.8661	-0.3485	BS_Y3ENTZXT
1233056_D1	EUR	NA	0	0	0.103	0	0.897	-0.883	9.7622	-4.3958	-8.0183	-0.6102	BS_AYDPQ643
1233057_D1	AMR	NA	0	0.0063	0.9937	0	0	2.6514	-18.0704	-15.541	24.619	-0.6959	BS_5BD0SCHZ
1233058_D1	AMR	NA	0	0.0018	0.9908	0.001	0.0063	2.9203	1.7066	-8.0852	3.1281	-0.0298	BS_4EJ1W260
1233059_D1	EUR	NA	0	0	0.109	0	0.891	-1.6846	10.4897	-5.2732	-7.9557	-1.9669	BS_6DZ1ND7H
1233060_D1	EUR	NA	0	0	0.2279	0	0.7721	-7.3161	8.7363	-1.1395	-7.7476	-5.2821	BS_46D7AY5X
1233061_D1	AFR	NA	0	0.8423	0.1577	0	0	-29.344	-1.5595	-1.3438	-6.336	-3.006	BS_PD1JNDSG
1233062_D1	AFR	NA	0	0.9968	0.0032	0	0	-47.7897	-11.5103	-1.3318	-1.6838	0.0513	BS_1T534GRQ
1233063_D1	EUR	NA	0	0	0.0572	0	0.9428	-0.0371	12.4628	-5.949	-8.2728	-1.1215	BS_7QB7G5NM
1233064_D1	EUR	NA	0	0	0.0643	0	0.9357	-1.7129	11.6545	-4.7358	-9.3865	-1.0701	BS_0VEZSD73
1233065_D1	EUR	NA	0	0	0.043	0	0.957	-0.9671	13.0047	-4.1731	-7.8171	0.9727	BS_NSFQ5AC8
1233066_D1	EUR	NA	0	0	0.0763	0	0.9237	-1.4248	10.562	-4.9645	-9.2015	-1.3517	BS_MMNQ9QY8
1233067_D1	AFR	NA	0	0.9979	0.0021	0	0	-48.5564	-12.6857	-0.4564	-2.4371	-1.2918	BS_PWHE7ZZT
1233068_D1	AMR	NA	0	0	0.5858	1e-4	0.414	-2.9225	5.2197	-6.805	-1.8758	-3.3611	BS_MJE1HD3H
1233069_D1	AFR	NA	0	0.9873	0.0127	0	0	-40.9681	-7.2538	-0.8618	-3.0391	-0.9965	BS_1HMFHVAX
1233070_D1	EUR	NA	0	0	0.0333	0	0.9667	0.8665	12.8429	-2.8132	-8.6675	1.3413	BS_JPTGWAZ5
1233071_D1	EUR	NA	0	0	0.0599	0	0.9401	0.4582	12.1992	-3.4936	-6.9467	-1.308	BS_FY11VWVT
1233072_D1	EUR	NA	0	0	0.0871	0	0.9129	-1.679	9.8034	-6.037	-9.4339	-0.7192	BS_Q45NZ396
1233073_D1	EUR	NA	0	0	0.2871	0	0.7129	0.9355	6.2133	-6.8456	-4.0243	-0.8124	BS_SR237GFH
1233074_D1	EUR	NA	0	0	0.0423	0	0.9577	-0.552	13.5388	-4.6787	-9.4993	-2.0955	BS_HM3R46AP
1233075_D1	EUR	NA	0	0	0.0519	0	0.9481	-0.7626	12.671	-4.758	-7.0307	0.3175	BS_E3C02660
1233076_D1	EAS	NA	1	0	0	0	0	5.3362	-39.4907	0.3613	-6.726	3.2945	BS_X491Y9SA
1233077_D1	EUR	NA	0	0	0.1445	0	0.8555	-4.0466	9.6015	-3.054	-7.767	-3.6855	BS_REBK5Z6A
1233078_D1	AFR	NA	0	0.9994	6e-4	0	0	-54.7697	-15.4624	-0.6328	-2.3809	-2.1752	BS_G9DM47H1
1233080_D1	EUR	NA	0	0	0.0971	0	0.9029	-4.5727	11.7599	-5.8911	-9.2145	-3.2542	BS_ZMY8A3KJ
1233081_D1	EUR	NA	0	0	0.0498	0	0.9502	-1.3618	11.8341	-4.8723	-10.1715	-2.803	BS_8YHS8TKX
1233082_D1	EUR	NA	0	0	0.0487	0	0.9513	-0.0052	12.371	-5.2591	-8.7166	0.2097	BS_RM9HDDVZ
1233083_D1	EUR	NA	0	0	0.0736	0	0.9264	0.5301	12.694	-6.2151	-6.6701	-3.6608	BS_KK75S1Q3
1233084_D1	EUR	NA	0	0	0.071	0	0.929	-1.5477	12.0447	-5.4081	-8.8527	-3.2053	BS_6G9QNPG1
1233086_D1	AMR	NA	0	0.3397	0.6603	0	0	-25.2502	-13.4752	-8.4729	7.8154	-0.6871	BS_04G6D4W2
1233087_D1	AFR	NA	0	0.9965	0.0035	0	0	-46.7234	-11.6638	-2.0602	-3.2678	-1.2217	BS_E5KXV7KX
1235840_D1	EUR	NA	0	0	0.0716	0	0.9284	-0.0343	12.0235	-4.4825	-7.9272	-3.1634	BS_R96QGDJ5
1235841_D1	EUR	NA	0	0	0.0653	0	0.9347	-1.1703	11.2694	-3.5348	-9.105	-0.4632	BS_TWQJ7R5V
1235842_D1	EUR	NA	0	0	0.0488	0	0.9512	0.0956	11.6009	-4.6382	-9.6645	-1.2347	BS_1E7FEW15
1235843_D1	EUR	NA	0	0	0.0486	0	0.9514	-0.3141	13.1148	-5.6413	-9.2893	-2.09	BS_CT5T7107
1235844_D1	EAS	NA	1	0	0	0	0	4.7947	-43.2279	-1.7067	-6.9197	-1.7778	BS_X7ZMAY42
1235845_D1	EUR	NA	0	0	0.03	0	0.97	1.0411	14.9528	-5.9609	-5.6314	-0.2438	BS_T7Y9DYYY
1235846_D1	EUR	NA	0	0	0.0422	0	0.9578	0.129	13.1492	-5.6787	-9.6299	-2.5463	BS_ZCAJ52SX
1235847_D1	EUR	NA	0	0	0.064	0	0.936	0.0205	12.0574	-5.3193	-6.5549	-0.2388	BS_GX8YCHSJ
1235848_D1	EUR	NA	0	0	0.0693	0	0.9307	-0.158	11.8138	-5.194	-8.3965	-1.8304	BS_HD5S7C2G
1235849_D1	EUR	NA	0	0	0.0638	0	0.9362	-0.1237	11.9093	-4.7557	-7.8543	-0.8561	BS_SQXJM5Q7
1235850_D1	AMR	NA	1e-4	0	0.5011	2e-4	0.4985	-3.1583	5.1627	-5.1275	-1.827	-1.9741	BS_CMVG15TS
1235851_D1	EUR	NA	0	0	0.079	0	0.921	-1.1206	11.0003	-4.5757	-8.1028	-0.0781	BS_FJGPAP7N
1235853_D1	EUR	NA	0	0	0.0362	0	0.9638	-1.6732	14.2106	-4.0841	-8.1408	-0.5656	BS_QZTC3H9T
1235854_D1	AMR	NA	0	0.0179	0.9821	0	0	-2.6464	-13.6788	-14.1542	17.6696	-2.5091	BS_VJE19RW9
1235855_D1	EUR	NA	0	0	0.0608	0	0.9392	-1.4099	11.4636	-6.7373	-10.0479	-0.3788	BS_CMEGYYH0
1235856_D1	EUR	NA	0	0	0.0631	0	0.9369	-0.9987	12.3505	-2.9537	-7.1945	-1.5444	BS_5VNGV5B2
1235857_D1	EUR	NA	0	0	0.0608	0	0.9392	-1.4055	11.5713	-4.819	-9.6224	-0.2181	BS_TWPVP1FX
1235858_D1	EUR	NA	0	0	0.0612	0	0.9388	0.8138	12.1461	-4.2429	-7.9668	-2.1139	BS_MCJPZHZ6
1235859_D1	EUR	NA	0	0	0.0388	0	0.9612	0.1037	12.8841	-5.4508	-8.9402	1.0889	BS_AVCJEC2R
1235860_D1	EUR	NA	0	0	0.1255	0	0.8745	-1.3324	9.9114	-6.1545	-7.4756	-0.9384	BS_2CPY6VZY
1235861_D1	EUR	NA	0	0	0.0664	0	0.9336	-1.5527	10.2118	-3.2476	-9.692	-1.3457	BS_8G702YDF
1236460_D1	EUR	NA	0	0	0.0722	0	0.9278	-0.9914	11.7209	-4.1279	-8.0811	-1.3931	BS_0X61ZVF7
1236461_D1	EUR	NA	0	0	0.058	0	0.942	-0.5926	12.2563	-1.9157	-7.9389	-1.6581	BS_X4BXY2DA
1236462_D1	EUR	NA	0	0	0.0746	0	0.9254	-0.5933	11.6175	-4.055	-7.7247	-1.5453	BS_TD9QRQC7
1236463_D1	EUR	NA	0	0	0.0596	0	0.9404	-2.201	12.2451	-2.9624	-9.1756	-3.084	BS_3N11XY26
1236464_D1	AMR	NA	0	0.0223	0.9777	0	0	-0.6541	-12.58	-11.4257	13.6479	-0.7467	BS_RSKCJ76G
1236465_D1	EUR	NA	0	0	0.0703	0	0.9297	-2.7722	12.2631	-3.3441	-8.8105	-2.0717	BS_TBS5YYQM
1236466_D1	AMR	NA	0	0.0104	0.9896	0	0	-2.1088	-7.1289	-13.7265	13.0331	-3.2379	BS_EFMKK48P
1236467_D1	EUR	NA	0	0	0.0681	0	0.9319	-0.1639	11.6517	-4.883	-8.035	-0.8892	BS_0SDTWCY3
1236468_D1	EUR	NA	0	0	0.0585	0	0.9415	0.2491	12.3474	-4.4296	-8.0541	-1.7377	BS_E6RNM5W6
1236469_D1	EUR	NA	0	0	0.0605	0	0.9395	-1.1632	11.7363	-6.4274	-9.7606	0.3012	BS_FR931X7X
1236470_D1	EUR	NA	0	0	0.0743	0	0.9257	-0.623	10.9348	-3.7307	-8.4545	-2.0122	BS_RFA25TVP
1236471_D1	EUR	NA	0	0	0.0443	0	0.9557	-1.4954	12.1612	-4.0103	-10.6461	0.3901	BS_7P2D1F4X
1236472_D1	EUR	NA	0	0	0.1341	0	0.8659	-5.02	9.5963	-4.1223	-8.7911	-2.7818	BS_95DYPQ58
1236473_D1	SAS	NA	0	0	0	1	0	-3.0994	-5.5673	17.3089	4.9404	-3.6728	BS_EN00RX7W
1236474_D1	EUR	NA	0	0	0.0669	0	0.9331	1.3633	10.8045	-4.4213	-8.2041	-1.8181	BS_WBRK4347
1236475_D1	EAS	NA	0.9917	0	0.0083	0	0	1.2243	-16.4769	-2.2849	-5.665	-0.4253	BS_QGSQQS19
1236476_D1	AFR	NA	0	0.7551	0.2449	0	0	-25.9084	0.3488	-2.1173	-6.2307	-1.1754	BS_TBSC1P24
1236477_D1	EUR	NA	0	0	0.0725	0	0.9275	0.4445	9.7037	-2.8505	-8.5419	-0.6578	BS_R7ZFPA1W
1236478_D1	EUR	NA	0	0	0.088	0	0.912	-0.9468	10.9544	-4.1641	-8.0054	-1.5289	BS_VNRZAWAT
1236479_D1	AMR	NA	0	0.0116	0.9884	0	0	0.7118	-8.1711	-11.3454	10.8911	-4.5893	BS_CN2FEC60
1236480_D1	EUR	NA	0	0	0.1117	0	0.8883	-1.9005	10.3771	-4.9698	-7.858	-1.227	BS_8V3H23EJ
1236481_D1	AFR	NA	0	0.8975	0.1025	0	0	-30.594	-2.9031	1.4647	-3.8654	-2.7449	BS_NMKB9YKN
1236482_D1	AMR	NA	0	0.0146	0.9842	0	0.0012	-0.3824	-3.844	-9.8231	5.2694	-2.4515	BS_KX3258Y6
1236483_D1	EAS	NA	1	0	0	0	0	9.1322	-43.83	-2.2205	-7.283	-1.0618	BS_65FNRFMM
1236484_D1	AFR	NA	0	0.9997	3e-4	0	0	-59.3076	-16.7128	-1.4758	-1.3607	-0.7097	BS_ZR96T7DG
1236485_D1	EUR	NA	0	0	0.0716	0	0.9284	0.5917	11.8956	-5.3391	-5.0726	-0.3546	BS_40BF28ZH
1236486_D1	EUR	NA	0	0	0.0477	0	0.9523	1.4	12.0784	-4.0055	-8.7572	-1.304	BS_ANTP9XJE
1236487_D1	EUR	NA	0	0	0.1194	0	0.8806	-0.6572	9.6467	-3.6468	-7.1669	-2.4585	BS_KTR856EA
1236488_D1	EAS	NA	1	0	0	0	0	6.9422	-43.5055	-2.6486	-6.783	-2.897	BS_DCY5YXJD
1236489_D1	EUR	NA	0	0	0.0352	0	0.9648	-0.0786	12.7569	-6.1194	-10.7601	0.1541	BS_MF13DW2B
1236490_D1	EUR	NA	0	0	0.0801	0	0.9199	-1.073	11.5596	-4.1189	-8.0928	-4.9375	BS_H55860GR
1236491_D1	EUR	NA	0	0	0.0565	0	0.9435	-0.2597	10.9945	-3.9584	-9.3995	-2.5199	BS_8HKTQWT3
1236492_D1	EUR	NA	0	0	0.0688	0	0.9312	-2.665	12.9641	-2.2819	-7.2221	-3.1728	BS_63KGQ85Y
1236493_D1	EUR	NA	0	0	0.0401	0	0.9599	1.6473	11.4706	-6.0049	-10.1258	0.1433	BS_3M0SV31W
1236494_D1	EUR	NA	0	0	0.061	0	0.939	0.4451	11.6612	-4.6666	-8.5873	-2.4583	BS_B2QTTHCG
1236495_D1	EUR	NA	0	0	0.0635	0	0.9365	-1.0988	11.7877	-3.7854	-8.3082	-0.4172	BS_411J7W9C
1236496_D1	EUR	NA	0	0	0.0901	0	0.9099	-0.0229	10.3895	-4.0377	-6.9499	-0.0613	BS_7S3DM5MP
1236497_D1	EUR	NA	0	0	0.052	0	0.948	-0.0501	12.3155	-5.04	-9.1873	-2.1314	BS_E69DR12P
1236498_D1	AFR	NA	0	0.9994	6e-4	0	0	-54.5755	-15.6197	-0.0731	-2.4673	-0.7369	BS_P6821Z23
1236499_D1	EUR	NA	0	0	0.0912	0	0.9088	-0.6411	11.1258	-4.9441	-7.5408	-1.8422	BS_YXSE8ZBA
1236500_D1	EUR	NA	0	0	0.0435	0	0.9565	-0.9667	13.4372	-6.0347	-8.7536	-0.5288	BS_SEB1MA74
1236501_D1	EUR	NA	0	0	0.0628	0	0.9372	-3.3838	13.3117	-5.6028	-8.3908	-2.0924	BS_MFX7D1DE
1236502_D1	EUR	NA	0	0	0.0419	0	0.9581	0.6642	12.7921	-6.504	-9.8154	-0.4212	BS_30F58HJV
1236503_D1	EUR	NA	0	0	0.2236	0	0.7764	-2.1982	8.5644	-6.1643	-5.8941	-2.3214	BS_AZ715VZ3
1236504_D1	EUR	NA	0	0	0.0849	0	0.9151	-0.909	11.6924	-6.2036	-7.551	-1.9222	BS_JJ2R6EZZ
1236505_D1	EUR	NA	0	0	0.037	0	0.963	-0.1315	12.8974	-3.8312	-9.7297	1.0882	BS_E2B0FN7K
1236506_D1	AMR	NA	0	0.002	0.998	0	0	5.7935	-16.5306	-19.112	26.5252	-1.4335	BS_2ZAF4E2G
1236507_D1	EUR	NA	0	0	0.0527	0	0.9473	1.5317	11.9888	-6.5879	-8.3584	0.0447	BS_XST7BD8B
1236508_D1	AFR	NA	0	0.9402	0.0598	0	0	-33.9659	-4.928	1.1081	-2.3187	-2.4068	BS_SS5CNPV9
1236509_D1	EUR	NA	0	0	0.0551	0	0.9449	-0.6741	11.7947	-3.9691	-9.2847	-0.6094	BS_8XH4PKWE
1237379_D1	EUR	NA	0	0	0.0808	0	0.9192	-2.3158	10.6448	-4.1871	-9.1404	-2.7993	BS_ZB7PHMJZ
1237380_D1	EUR	NA	0	0	0.0826	0	0.9174	-2.9681	12.021	-3.7663	-7.651	-1.9761	BS_319V2BT4
1237381_D1	AMR	NA	7e-4	0.0208	0.9746	0	0.0039	-11.8433	2.35	-6.1867	-3.2003	-2.3866	BS_51DB2VBF
1237382_D1	EUR	NA	0	0	0.1379	0	0.8621	0.1713	9.5935	-6.2572	-6.5215	-1.5867	BS_RYQCGQA0
1237383_D1	EUR	NA	0	0	0.0911	0	0.9089	-2.6944	11.1206	-6.1634	-8.7468	-0.5629	BS_YNPCJ3T1
1237384_D1	EUR	NA	0	0	0.0866	0	0.9134	-1.4152	11.7763	-6.3625	-7.6225	-1.9649	BS_RAYXA8HN
1237385_D1	EUR	NA	0	0	0.0578	0	0.9422	0.364	12.1102	-2.9237	-8.1866	-3.7217	BS_DP105X4E
1237386_D1	EUR	NA	0	0	0.0526	0	0.9474	-0.0178	11.552	-4.0292	-9.3073	-0.4966	BS_CTJPAJ5Y
1237387_D1	EUR	NA	0	0	0.1171	0	0.8829	-0.2834	9.9193	-6.2905	-7.5606	-1.1039	BS_0PWW8EN3
1237388_D1	EUR	NA	0	0	0.0434	0	0.9566	-0.6268	13.4431	-4.7815	-8.7394	-1.3149	BS_N0QEPBB0
1237389_D1	EUR	NA	0	0	0.0462	0	0.9538	-1.0407	11.8444	-5.6593	-10.5085	-1.3035	BS_M055190N
1237390_D1	EAS	NA	1	0	0	0	0	7.5295	-42.7124	-2.254	-7.7564	0.5419	BS_DEV0MWGQ
1237391_D1	EUR	NA	0	0	0.06	0	0.94	-0.0926	12.4649	-4.3054	-8.3872	-2.7729	BS_XS8SZBTV
1237392_D1	EUR	NA	0	0	0.0666	0	0.9334	-0.2835	11.5518	-2.3316	-8.0854	-1.9773	BS_EZ2FRK3Q
1237393_D1	EUR	NA	0	0	0.0789	0	0.9211	-0.7664	11.4203	-3.8198	-7.8131	-1.6369	BS_MM7609AK
1237394_D1	EUR	NA	0	0	0.0639	0	0.9361	-0.0313	12.1445	-3.9587	-8.2018	-2.2243	BS_ZFXCKJ46
1237395_D1	EUR	NA	0	0	0.0373	0	0.9627	0.1332	11.4539	-5.0617	-10.8763	-1.7293	BS_3X3K5RS2
1237396_D1	EUR	NA	0	0	0.0945	0	0.9055	-1.5518	10.5268	-4.9516	-8.4025	-0.6411	BS_TTXW2GPQ
1237398_D1	AMR	NA	0	0.0079	0.9921	0	0	1.2329	-18.6454	-17.5006	25.0549	0.8406	BS_EY7PJSAN
1237399_D1	EUR	NA	0	0	0.0855	0	0.9144	-0.989	11.4486	-5.9009	-7.8054	-1.5629	BS_R7J3NS00
1237400_D1	EUR	NA	0	0	0.079	0	0.921	-1.6342	9.6293	-3.3734	-9.2677	-3.1771	BS_SEZNMZJ3
1237401_D1	EUR	NA	0	0	0.0569	0	0.9431	-2.1235	11.6684	-4.7749	-10.0539	-2.6464	BS_DN3H3QTM
1237402_D1	AMR	NA	3e-4	0.0227	0.9724	0	0.0046	-13.1976	1.7172	-6.2501	-1.6849	-1.1855	BS_R1JR4AFG
1237403_D1	EAS	NA	0.7425	0	0.2574	0	1e-4	3.1789	-14.4556	-2.9071	-9.1762	0.1222	BS_PR1M9A73
1237404_D1	EUR	NA	0	0	0.1763	0	0.8237	-5.0494	8.1305	0.3404	-6.1147	-6.2635	BS_G79XY5KG
1237405_D1	EAS	NA	1	0	0	0	0	5.3365	-28.6497	-2.5779	-5.8672	-3.6779	BS_T9N7K46M
1237406_D1	EUR	NA	0	0	0.1134	0	0.8866	-1.6251	10.5041	-5.9901	-5.9086	-0.1289	BS_T4EW9DPZ
1237407_D1	AMR	NA	0	0.0025	0.9877	7e-4	0.0091	-0.2537	1.9939	-8.4608	4.1701	-1.4211	BS_D23T9SJX
1237408_D1	EUR	NA	0	0	0.0727	0	0.9273	-0.2142	11.5471	-2.9871	-7.8535	-2.4473	BS_F2PQ4VFC
1237409_D1	EUR	NA	0	0	0.0808	0	0.9192	-0.2236	11.734	-4.7589	-5.7211	-1.2915	BS_ZB3KY5VE
1237410_D1	EUR	NA	0	0	0.0651	0	0.9349	0.3753	11.9033	-6.1032	-7.0676	-0.329	BS_MVB3EXCR
1237411_D1	EUR	NA	0	0	0.0515	0	0.9485	-0.0295	12.5022	-4.6403	-7.224	0.1017	BS_AQ5RFCTW
1237412_D1	EAS	NA	0.7978	0	0.2021	0	1e-4	2.7278	-13.8727	-2.7588	-8.4205	0.6165	BS_Z0WTJMSE
1237413_D1	EUR	NA	0	0	0.051	0	0.949	-1.4823	13.6905	-6.9333	-9.2326	-2.5054	BS_4J67AWY5
1237414_D1	EAS	NA	1	0	0	0	0	5.5873	-40.1144	0.3801	-7.1509	0.3235	BS_J8CK3JA8
1237415_D1	AFR	NA	0	0.9851	0.0149	0	0	-41.0973	-6.2426	-2.2829	-5.326	-2.8463	BS_N8JBPRBT
1237416_D1	AMR	NA	0	0.0089	0.9909	0	2e-4	-1.3509	-3.1528	-13.1028	7.5086	-3.957	BS_TC39FQAH
1237417_D1	EUR	NA	0	0	0.0751	0	0.92490000000000006	-3.9983	12.3954	-4.8577	-9.4282	-3.02	BS_SS11WGW2
1237418_D1	AMR	NA	0	0.0088	0.9891	0	0.0021	-11.8699	-0.3151	-7.2839	0.2848	-3.3663	BS_5XP9YBZT
1237419_D1	AMR	NA	0	0.0114	0.9886	0	0	-1.3994	-8.5003	-14.6695	13.2169	-2.4608	BS_Q3B16JHG
1237420_D1	EUR	NA	0	0	0.0665	0	0.9335	-1.7761	12.3629	-4.6634	-6.4027	-0.2411	BS_XP6D7712
1237421_D1	EUR	NA	0	0	0.0424	0	0.9576	-1.3088	13.0381	-3.7192	-9.7012	-0.166	BS_TGTJ01AD
1237422_D1	AFR	NA	0	0.9993	7e-4	0	0	-54.6891	-13.6291	-0.7826	-2.6144	-2.6782	BS_BGMCN9GV
1237423_D1	EUR	NA	0	0	0.05	0	0.95	1.0593	11.0284	-2.7439	-8.9805	-3.422	BS_YZZ7FDBP
1237424_D1	EUR	NA	0	0	0.0814	0	0.9186	-2.1793	11.317	-5.3974	-8.0185	-0.0611	BS_6GATMBX6
1240259_D1	EUR	NA	0	0	0.0793	0	0.9207	-0.6297	11.8087	-5.8373	-7.6555	-1.9432	BS_P2B4374N
1240260_D1	EUR	NA	0	0	0.0454	0	0.9546	-0.0246	12.6781	-3.6632	-8.3641	-0.2984	BS_ECCJE68H
1240261_D1	AFR	NA	0	0.9999	1e-4	0	0	-63.6763	-16.3099	0.1341	-0.4176	-1.3342	BS_N8VZ3JFP
1240262_D1	EUR	NA	0	0	0.0651	0	0.9349	-0.5494	11.649	-3.5965	-8.5335	-3.0175	BS_1879J710
1240263_D1	AMR	NA	0	0.0104	0.9896	0	0	-0.43	-9.6309	-12.857	14.6934	-2.2213	BS_KGBF6R2Q
1240264_D1	EUR	NA	0	0	0.0452	0	0.9548	-1.6411	13.6251	-5.7634	-8.7067	-1.0219	BS_99EEF9XR
1240265_D1	EUR	NA	0	0	0.076	0	0.924	-2.1816	12.0448	-6.3909	-9.1034	-2.4248	BS_K0D0D2Y6
1240266_D1	EUR	NA	0	0	0.0677	0	0.9323	0.528	10.9145	-3.1118	-7.7935	0.2509	BS_KZC4R0YZ
1240267_D1	EUR	NA	0	0	0.0621	0	0.9379	1.3959	11.891	-5.7544	-7.4693	-1.0196	BS_8C9R1WYZ
1240268_D1	EUR	NA	0	0	0.0505	0	0.9495	-0.0332	12.2127	-6.1078	-9.6071	-1.0494	BS_0YGHRCNR
1240269_D1	EUR	NA	0	0	0.0353	0	0.9647	-0.1703	13.2039	-6.1073	-9.9142	1.0409	BS_H9HFP8TN
1240270_D1	EUR	NA	0	0	0.0327	0	0.9673	0.1143	12.2389	-4.2561	-10.7839	-1.7756	BS_16KQ3G0N
1240272_D1	EUR	NA	0	0	0.1099	0	0.8901	-4.3416	11.1871	-3.5856	-8.3575	-3.4587	BS_7ZVKDJWW
1240273_D1	EUR	NA	0	0	0.0862	0	0.9138	-4.5983	10.9488	-4.4452	-9.7985	-5.4175	BS_5WE0860W
1240274_D1	AMR	NA	2e-4	0.0205	0.9743	0	0.005	-13.4701	4.0998	-6.0227	-3.1329	-2.6435	BS_T4EWD8N6
1240275_D1	SAS	NA	0	0	0	1	0	-1.6944	-0.8995	9.5408	0.0901	1.5669	BS_62B6ZRT2
1240277_D1	EUR	NA	0	0	0.0361	0	0.9639	0.0832	13.5303	-4.4721	-9.3348	-0.7505	BS_GBT33YP1
1240278_D1	EUR	NA	0	0	0.0562	0	0.9438	0.5793	12.1055	-6.5129	-8.9372	-0.6776	BS_XGM22R66
1240279_D1	EUR	NA	0	0	0.0514	0	0.9486	-0.2822	12.4964	-3.694	-8.8184	-1.2118	BS_MPWGM5FK
1240280_D1	EUR	NA	0	0	0.0768	0	0.9232	-0.9949	11.4172	-4.4325	-8.3983	-1.8007	BS_YV1FWZKR
1240281_D1	EUR	NA	0	0	0.0811	0	0.9189	-1.1006	11.8556	-4.8148	-8.0749	-2.7579	BS_MP3WBTRY
1240283_D1	AMR	NA	0	0.0015	0.9985	0	0	8.0563	-24.5589	-20.414	35.2469	-1.7242	BS_71YR6F9K
1240284_D1	EUR	NA	0	0	0.0559	0	0.9441	-2.0741	10.1907	-3.5478	-10.5997	-3.0362	BS_CX053VSH
1240285_D1	EUR	NA	0	0	0.0841	0	0.9159	-1.9303	10.6303	-4.0226	-8.7724	-1.925	BS_XTEFR4M1
1240286_D1	EUR	NA	0	0	0.1002	0	0.8998	-0.9013	10.8781	-1.9765	-6.8827	-2.718	BS_4XPYDDB1
1240287_D1	EUR	NA	0	0	0.0479	0	0.9521	-1.8477	12.8764	-3.1293	-9.5701	-5.0788	BS_DDX23PE4
1240288_D1	EUR	NA	0	0	0.0915	0	0.9085	-3.0065	9.219	-3.2101	-9.623	-1.7845	BS_PPSDJD3C
1240289_D1	SAS	NA	0	0	0	1	0	-5.4633	0.5165	7.8823	-0.999	-2.4981	BS_W42NSBC3
1240290_D1	EUR	NA	0	0	0.2687	0	0.7312	-7.4896	8.0434	-0.0077	-7.5271	-4.666	BS_Y7CBRK8T
1240291_D1	EUR	NA	0	0	0.0567	0	0.9433	-0.7738	10.6465	-5.4867	-10.1721	-0.6325	BS_W4PQYHXG
1240292_D1	EUR	NA	0	0	0.1155	0	0.8845	-2.7603	10.6273	-4.0044	-7.8202	-3.6435	BS_0GKEGGEH
1240293_D1	EUR	NA	0	0	0.0636	0	0.9364	-1.1522	10.8648	-4.2833	-9.4841	-2.2368	BS_A7YQ3CFV
1240294_D1	EUR	NA	0	0	0.0434	0	0.9566	-0.254	11.9095	-3.8306	-9.9266	-1.4707	BS_8JRKZ21M
1240295_D1	EUR	NA	0	0	0.1563	1e-4	0.8436	-1.0386	4.2076	-0.6713	-8.4453	-3.0783	BS_NR5XZEM9
1240296_D1	EUR	NA	0	0	0.0688	0	0.9312	-0.9202	12.2078	-5.531	-8.0483	-1.7096	BS_4X27G80T
1240297_D1	EUR	NA	0	0	0.057	0	0.943	-1.28	11.8996	-5.3194	-9.6837	-0.6573	BS_XVX3NMZY
1240298_D1	EUR	NA	0	0	0.0262	0	0.9738	0.7734	11.9281	-4.1202	-11.4632	-2.7756	BS_0GCNNSA3
1240299_D1	EUR	NA	0	0	0.0907	0	0.9093	-2.8184	10.43	-2.8465	-8.6933	-2.8306	BS_H75JGAPR
1240300_D1	EUR	NA	0	0	0.1848	0	0.8152	-3.7548	9.329	-1.8872	-6.2886	-2.8671	BS_4B6W1RPJ
1240301_D1	EUR	NA	0	0	0.0311	0	0.9689	0.6474	12.0054	-2.6236	-10.4739	-1.9463	BS_W9JV3D52
1240302_D1	EUR	NA	0	0	0.0591	0	0.9409	-2.8283	13.0434	-3.1164	-9.1034	-3.2834	BS_A5RD61BV
1240303_D1	EUR	NA	0	0	0.0557	0	0.9443	-0.4859	11.573	-4.7552	-9.4358	-2.8534	BS_MY38N8JT
1240304_D1	EUR	NA	0	0	0.0462	0	0.9538	-1.8062	12.2765	-4.8993	-10.4267	-4.3218	BS_5RBT8DFW
1240305_D1	EUR	NA	0	0	0.052	0	0.948	-0.8534	11.3841	-2.7178	-9.5081	-1.5912	BS_DYDRBVB0
1240306_D1	EUR	NA	0	0	0.0639	0	0.9361	-1.7269	12.6199	-3.3772	-8.5812	-2.9591	BS_5CS00ZJM
1240307_D1	EUR	NA	0	0	0.0965	0	0.9035	-3.3066	11.3923	-3.6784	-8.3408	-3.7228	BS_F2Q73N21
1240308_D1	EUR	NA	0	0	0.0609	0	0.9391	-1.0607	12.142	-2.6003	-8.5428	-2.4613	BS_H5PX1E42
1240309_D1	EUR	NA	0	0	0.0498	0	0.9502	-1.9708	12.1805	-5.0464	-10.3025	-2.5541	BS_K8MEQ4PT
1240310_D1	EUR	NA	0	0	0.0435	0	0.9565	-1.8068	13.6134	-5.3482	-10.0647	-3.9778	BS_GG5FSNGQ
1240311_D1	EUR	NA	0	0	0.0603	0	0.9397	-1.6889	12.8479	-4.8259	-8.9517	-2.4293	BS_5YEGZ5MC
1240312_D1	EUR	NA	0	0	0.0978	0	0.9022	-4.7455	11.2373	-3.2712	-8.9167	-5.2002	BS_09AM7B46
1240313_D1	EUR	NA	0	0	0.0437	0	0.9563	0.536	13.5609	-3.5462	-8.3773	-2.8789	BS_6QMN48BP
1240314_D1	EUR	NA	0	0	0.0583	0	0.9417	-1.3155	12.893	-4.9561	-8.9803	-3.6901	BS_ZHEEM7PK
1240315_D1	EUR	NA	0	0	0.0912	0	0.9088	-0.8742	10.0367	-2.9162	-8.0163	-2.073	BS_6Q64Y0VD
1240316_D1	EUR	NA	0	0	0.0589	0	0.9411	-1.8115	11.5504	-3.2258	-9.457	-5.5233	BS_5BHVSWJY
1240317_D1	EUR	NA	0	0	0.038	0	0.962	-1	12.5363	-2.9244	-10.3888	-0.8528	BS_ZDMQ5NKR
1240318_D1	EUR	NA	0	0	0.0556	0	0.9444	-2.0293	13.5463	-3.1465	-8.721	-3.8294	BS_24M449PF
1240319_D1	EUR	NA	0	0	0.0707	0	0.9293	-3.1805	11.3896	-1.1697	-8.9673	-3.7213	BS_ZA7X2FRK
1240320_D1	EUR	NA	0	0	0.1312	0	0.8688	-2.7427	11.0249	-5.184	-7.0774	-3.5747	BS_RFWGZ6XD
1240321_D1	EUR	NA	0	0	0.1508	0	0.8492	-3.4614	9.4188	-3.2173	-7.4527	-2.9974	BS_7XN3YHHJ
1240322_D1	EUR	NA	0	0	0.0803	0	0.9197	-3.7692	12.323	-2.8343	-8.6135	-3.2925	BS_8HFA9M1H
1240323_D1	EUR	NA	0	0	0.0727	0	0.9273	-3.0142	10.4592	-2.44	-9.6111	-2.6173	BS_BBY4BMMA
1240324_D1	EUR	NA	0	0	0.0688	0	0.9312	-2.0058	12.1546	-2.4144	-8.4292	-3.2169	BS_VW1RTWWW
1240325_D1	EUR	NA	0	0	0.0505	0	0.9495	-2.8816	10.5582	-1.5759	-10.9103	-2.6487	BS_KDH6WNRD
1240326_D1	EUR	NA	0	0	0.0514	0	0.9486	-1.2833	12.6692	-5.4148	-9.1672	-0.4505	BS_330NFE5H
1240327_D1	EUR	NA	0	0	0.0485	0	0.9515	0.3664	12.8046	-5.2599	-8.5629	-1.1425	BS_8ANVQ48Y
1240328_D1	EUR	NA	0	1e-4	0.2935	1e-4	0.7063	-6.5608	6.5896	0.1908	-7.7267	-3.0869	BS_RZGEY93E
1240329_D1	EUR	NA	0	0	0.051	0	0.949	0.5229	12.4295	-6.779	-9.2092	-0.5969	BS_CFW1J3ZS
1240330_D1	AMR	NA	0	0.003	0.997	0	0	6.5033	-23.016	-19.1187	30.6894	-1.9781	BS_941HS96N
1240331_D1	AMR	NA	0	0.0022	0.9978	0	0	6.0902	-22.2606	-20.1828	32.1479	-1.7757	BS_D9FNREWK
1240332_D1	EUR	NA	0	0	0.064	0	0.936	-0.8734	12.5876	-4.7859	-7.6478	-2.0409	BS_XVQS58K7
1240333_D1	EUR	NA	0	0	0.0598	0	0.9402	-1.6878	12.7264	-5.7708	-8.7991	-1.4988	BS_14YZB36P
1240334_D1	AFR	NA	0	0.9966	0.0034	0	0	-47.058	-11.003	-1.748	-2.8593	-1.5328	BS_MNT1H5EY
1240335_D1	EUR	NA	0	0	0.0518	0	0.9482	-1.0578	12.4881	-5.4751	-7.804	0.8131	BS_1AMGA3DE
1240336_D1	EUR	NA	0	0	0.0383	0	0.9617	-2.2225	13.7449	-4.9341	-9.5298	0.2286	BS_BA7W4ZN7
1240337_D1	AMR	NA	1e-4	0.0334	0.9644	0	0.0022	-15.9002	0.4692	-6.528	-0.7797	-2.6748	BS_4M2EXNRZ
1240338_D1	EUR	NA	0	0	0.0432	0	0.9568	-0.7262	12.8315	-5.2002	-9.1204	0.5654	BS_4PTR5X3G
1240339_D1	EUR	NA	0	0	0.0623	0	0.9377	-1.1953	12.4832	-5.3267	-6.5961	-0.2	BS_F35PFXGE
1240340_D1	EUR	NA	0	0	0.0691	0	0.9309	-1.863	12.32	-2.6908	-7.4442	-2.0375	BS_D2BSZEER
1240341_D1	AFR	NA	0	0.9948	0.0052	0	0	-45.0648	-9.6473	-1.8472	-3.4091	-1.5157	BS_JVS9BRFF
1240343_D1	EUR	NA	0	0	0.0475	0	0.9525	0.1052	12.8166	-4.6808	-9.1211	-2.2831	BS_2RMYFTBS
1240344_D1	EUR	NA	0	0	0.0703	0	0.9297	-1.5837	11.9206	-6.4736	-8.6446	-0.6531	BS_Q1KPV1K8
1240345_D1	AMR	NA	0	0.0031	0.9885	0	0.0084	-10.1299	2.9303	-7.5062	0.5294	-3.793	BS_JGD55PCB
1240346_D1	EUR	NA	0	0	0.0809	0	0.9191	-1.1834	12.1111	-4.0215	-7.2591	-3.0319	BS_9BT6KK3J
1240347_D1	AMR	NA	0	0.0363	0.9637	0	0	-5.565	-14.8407	-15.3699	16.909	-1.7724	BS_C4APAYGS
1240348_D1	EUR	NA	0	0	0.0509	0	0.9491	-0.7754	13.5432	-5.8416	-6.9402	-1.404	BS_GBY2QXKY
1240349_D1	AFR	NA	0	0.8266	0.1734	0	0	-29.3839	-1.7809	-2.7658	-4.3469	-1.6774	BS_MKQXS7MT
1240350_D1	EUR	NA	0	0	0.0736	0	0.9264	-0.8174	10.7795	-4.5422	-8.846	-2.4818	BS_J4YNHD36
1240351_D1	EUR	NA	0	0	0.0547	0	0.9453	-0.1791	12.9125	-6.2237	-9.0043	-2.4612	BS_EMCKM4RE
1240352_D1	EUR	NA	0	0	0.0606	0	0.9394	-0.2472	11.677	-3.7528	-8.7114	-1.459	BS_F4AG2RX9
1240353_D1	EUR	NA	0	0	0.0348	0	0.9652	-0.1072	13.2308	-4.6135	-9.9765	0.506	BS_4GENNDRF
1240480_D1	EUR	NA	0	0	0.0455	0	0.9545	-0.4026	12.6405	-6.6243	-9.9433	0.1606	BS_7QAG1D6E
1240481_D1	AMR	NA	0	0.0039	0.9607	0.0019	0.0334	-0.7548	1.7568	-7.2928	0.9488	-2.7372	BS_8XFY1PCA
1240482_D1	EUR	NA	0	0	0.0928	0	0.9072	-1.3422	11.0764	-4.9198	-7.4539	-1.2795	BS_CJHBPBF7
1240484_D1	EUR	NA	0	0	0.0528	0	0.9472	-1.3409	13.6687	-6.2714	-8.8827	-2.9498	BS_BQ67HA73
1240485_D1	EUR	NA	0	0	0.0911	0	0.9089	-0.6053	10.4483	-3.722	-7.311	-0.2735	BS_V3XV8H8E
1240486_D1	EUR	NA	0	0	0.0372	0	0.9628	-1.0741	13.2924	-6.6552	-10.8269	-2.106	BS_DJ64W8V0
1240487_D1	AFR	NA	0	0.9979	0.0021	0	0	-48.5196	-12.4682	-0.9953	-5.5382	-0.1985	BS_DF7JQQJM
1240488_D1	EUR	NA	0	0	0.0608	0	0.9392	0.7677	11.8662	-5.2786	-8.1977	-0.9669	BS_9CVY4GCD
1240489_D1	EUR	NA	0	0	0.0886	0	0.9114	-1.878	11.7309	-5.7496	-6.6167	-1.2332	BS_527BJ2R4
1240490_D1	EUR	NA	0	0	0.167	0	0.833	-3.0634	9.5898	-3.8161	-6.4997	-2.277	BS_3244FDGW
1240491_D1	EUR	NA	0	0	0.0906	0	0.9094	-0.9598	11.3044	-5.866	-8.0866	-4.0644	BS_5DWH4FXZ
1240492_D1	EUR	NA	0	0	0.0675	0	0.9325	0.1423	11.8727	-3.93	-8.0374	-2.804	BS_X06FM4WD
1240493_D1	EUR	NA	0	0	0.0646	0	0.9354	-1.11	11.5057	-5.7827	-9.4787	0.3154	BS_PMQXGPC3
1240494_D1	EUR	NA	0	0	0.0314	0	0.9686	0.2022	14.0289	-3.8342	-8.1867	-0.1898	BS_80VFBJ69
1240495_D1	EUR	NA	0	0	0.0616	0	0.9384	0.5235	11.9417	-5.5536	-7.4018	-0.4315	BS_SZNHX0CJ
1240496_D1	EUR	NA	0	0	0.0762	0	0.9238	-2.6564	12.4565	-5.8786	-8.0029	-1.9602	BS_402M32K8
1240497_D1	EUR	NA	0	0	0.0622	0	0.9378	0.0107	12.0586	-4.1242	-7.9195	-1.4109	BS_N0YHR3HR
1240498_D1	EUR	NA	0	0	0.0906	0	0.9094	-1.284	10.6934	-4.6971	-8.2986	-2.2095	BS_YWGV7D23
1240499_D1	EUR	NA	0	0	0.0587	0	0.9413	0.6301	11.688	-3.5702	-6.6934	0.4194	BS_S4TSVVPB
1240500_D1	EUR	NA	0	0	0.0424	0	0.9576	-2.0174	14.085	-5.6166	-8.873	-1.5142	BS_M01X5831
1240501_D1	EUR	NA	0	0	0.098	0	0.902	-1.8998	10.5529	-3.5854	-7.9922	-0.9203	BS_N0HBTX9B
1240503_D1	EUR	NA	0	0	0.068	0	0.932	-2.1139	12.4439	-4.6875	-8.9115	-2.3291	BS_NX55F5S8
1240504_D1	EUR	NA	0	0	0.053900000000000003	0	0.9461	-0.4078	12.779	-6.7659	-7.8783	-0.4721	BS_JFZNK44Y
1240505_D1	EUR	NA	0	0	0.0397	0	0.9603	-1.8081	14.0323	-4.0654	-8.7793	-1.4085	BS_C03KZ9BA
1240506_D1	EUR	NA	0	0	0.0692	0	0.9308	-2.8337	11.9784	-3.7929	-8.7259	-0.464	BS_Y9V5HBBV
1240507_D1	EUR	NA	0	0	0.0574	0	0.9426	-2.0769	12.7693	-4.7769	-9.1654	-1.5368	BS_JMTPYXVE
1240508_D1	EUR	NA	0	0	0.0748	0	0.9252	-1.7539	11.382	-5.0512	-9.0159	-1.7562	BS_PDJ7KJ3M
1240509_D1	EUR	NA	0	0	0.0746	0	0.9254	-1.3302	11.2473	-3.4753	-7.1037	0.6195	BS_3TFEVPJ6
1240510_D1	EUR	NA	0	0	0.035	0	0.965	-0.2042	13.34	-3.8652	-9.7803	-0.0959	BS_1CDN1V3K
1240511_D1	EUR	NA	0	0	0.0836	0	0.9164	-0.0962	10.945	-6.039	-7.3576	-0.2104	BS_NKYMGBXP
1240512_D1	EUR	NA	0	0	0.1753	0	0.8247	-0.5677	9.1871	-5.8693	-3.9829	-1.0251	BS_M2BBFT1Y
1240513_D1	EUR	NA	0	0	0.0252	0	0.9748	-0.9472	15.1296	-5.1166	-9.5325	-0.574	BS_5VFZ5WA2
1240514_D1	EUR	NA	0	0	0.0462	0	0.9538	0.6081	11.2461	-5.3808	-10.0096	-0.3471	BS_6ENWJE40
1240515_D1	EAS	NA	1	0	0	0	0	8.0691	-43.4884	-1.446	-6.2482	-7.2064	BS_2K0XWW1X
1240516_D1	EUR	NA	0	0	0.0742	0	0.9258	-0.4827	11.6125	-5.4967	-8.3104	-1.4007	BS_H0VJQ2MC
1240517_D1	EUR	NA	0	0	0.0927	0	0.9073	-1.1618	10.9786	-6.8689	-7.6248	-0.4617	BS_T6DEMPJN
1240518_D1	EUR	NA	0	0	0.0445	0	0.9555	-0.8227	12.9219	-4.5832	-9.7315	-1.0115	BS_G7DQDW89
1240519_D1	EUR	NA	0	0	0.0618	0	0.9382	-2.1591	13.3875	-4.3305	-8.411	-3.6382	BS_RK5RGXBK
1240520_D1	EUR	NA	0	0	0.0786	0	0.9214	-1.9469	12.0661	-4.5279	-8.4064	-2.986	BS_NECZ1EQW
1240521_D1	EUR	NA	0	0	0.0549	0	0.9451	-1.4106	11.189	-5.18	-10.2244	-1.7097	BS_CG3WBTQT
1240522_D1	SAS	NA	0	0	0	0.9986	0.0013	-5.9042	3.7928	5.8897	-0.8615	0.0398	BS_1TCTT82Y
1240523_D1	SAS	NA	0	0	0	0.988	0.012	-2.2095	4.6727	6.0776	-3.3859	-2.3622	BS_2NSC07EN
1240524_D1	EUR	NA	0	0	0.071	0	0.929	-2.6843	12.8153	-4.4851	-8.7438	-3.3946	BS_Z2YT6E6G
1240525_D1	EUR	NA	0	0	0.1288	0	0.8712	-4.0274	9.4621	-2.4764	-8.1855	-5.1629	BS_9RPNWPWX
1240526_D1	EUR	NA	0	0	0.0457	0	0.9543	-0.4264	12.5143	-4.2275	-9.2278	0.2125	BS_6ECNK4MM
1240527_D1	EUR	NA	0	0	0.0842	0	0.9158	-2.7195	11.0461	-1.4474	-8.2946	-3.611	BS_CSKRA9ZQ
1240528_D1	EUR	NA	0	0	0.097	0	0.903	-3.6609	9.368	-1.9731	-9.1526	-3.9018	BS_RGV6BD2B
1240529_D1	EUR	NA	0	0	0.0858	0	0.9142	-3.8285	8.3142	-1.4563	-10.4737	-2.7405	BS_81XZCBQ5
1240530_D1	EUR	NA	0	0	0.1044	0	0.8956	-3.449	8.9132	-4.0721	-9.4812	-4.2064	BS_WZDWWVEK
1240531_D1	EUR	NA	0	0	0.0937	0	0.9063	-2.5549	12.1394	-3.6954	-7.7151	-5.4521	BS_GJDKMV72
1240532_D1	EUR	NA	0	0	0.091	0	0.909	-1.6099	11.0837	-1.647	-7.5044	-2.5585	BS_44A7EZKG
1240533_D1	EUR	NA	0	0	0.0595	0	0.9405	-0.8002	12.8261	-2.7911	-8.1921	-3.5914	BS_F1Z8BWFA
1240534_D1	AFR	NA	0	0.6479	0.3521	0	0	-24.989	-0.9025	-2.7323	-4.393	-2.3672	BS_HJMSJ1G1
1240535_D1	AFR	NA	0	0.8201	0.1799	0	0	-28.2878	-1.4208	-2.9243	-5.2408	-1.3551	BS_E7ATHK2C
1240536_D1	EUR	NA	0	0	0.067	0	0.933	-1.4813	10.3581	-3.434	-9.4922	-2.4841	BS_M6NAZQZB
1240537_D1	AMR	NA	0	0.0023	0.9977	0	0	4.9992	-19.3367	-21.6859	29.0737	-1.3309	BS_JX7DZZD6
1240538_D1	EUR	NA	0	0	0.0722	0	0.9278	-2.1017	12.3978	-2.9835	-8.2867	-3.0799	BS_P1WYG9Y1
1240539_D1	EUR	NA	0	0	0.105	0	0.895	-1.7462	10.6412	-4.587	-7.8939	-3.1881	BS_0ECES8MG
1240540_D1	EUR	NA	0	0	0.0585	0	0.9415	-0.5912	12.8355	-6.6259	-8.8114	-2.1016	BS_K5YFR4TD
1240542_D1	EUR	NA	0	0	0.0783	0	0.9217	-1.388	11.1802	-4.5008	-8.6391	-1.9415	BS_8KA9A8MF
1240543_D1	EUR	NA	0	0	0.1411	0	0.8589	-3.3763	9.4288	-1.7016	-7.3385	-4.1069	BS_FY6EK4D3
1240544_D1	EUR	NA	0	0	0.106	0	0.894	-3.8939	9.388	-0.5329	-8.5404	-4.3645	BS_DN02TPFK
1240545_D1	EUR	NA	0	0	0.1653	0	0.8347	-2.9528	8.9258	-1.881	-6.7472	-5.1581	BS_6F803RVR
1240546_D1	EUR	NA	0	0	0.0527	0	0.9473	-0.7705	10.234	-4.0368	-10.5426	-0.3816	BS_W5MR2F4V
1240547_D1	AFR	NA	0	0.9701	0.0299	0	0	-37.2371	-6.9855	-0.3362	-7.038	-3.5055	BS_NNADNFVX
1240548_D1	EUR	NA	0	0	0.0595	0	0.9405	-0.0464	11.6669	-5.2776	-9.0548	-2.0749	BS_BJJ8EGTB
1240549_D1	EUR	NA	0	0	0.0576	0	0.9424	0.7596	11.1417	-5.2537	-9.099	-0.5437	BS_0ND5JBH2
1240550_D1	EUR	NA	0	0	0.0487	0	0.9513	-1.2167	11.8827	-6.018	-10.4376	-1.8357	BS_D1DSK6F2
1240551_D1	EUR	NA	0	0	0.0841	0	0.9159	-1.8505	10.7521	-4.159	-7.8581	1.2582	BS_ERZW1J31
1240552_D1	EUR	NA	0	0	0.0444	0	0.9556	-0.095	13.0541	-4.8171	-9.0741	-1.1035	BS_S11SV2TG
1240553_D1	EUR	NA	0	0	0.0606	0	0.9394	-0.9452	13.0395	-8.2473	-8.658	-1.9847	BS_4TZ0GM3S
1240554_D1	AMR	NA	6e-4	0.0204	0.9765	1e-4	0.0025	-11.699	1.4856	-6.4968	-4.2297	-1.7371	BS_63GVEHV8
1240555_D1	EUR	NA	0	1e-4	0.3537	1e-4	0.6462	-7.8538	8.1248	-0.0837	-6.2681	-4.2147	BS_P1YBBDDM
1240556_D1	EUR	NA	0	0	0.0687	0	0.9313	-1.3179	11.7325	-5.334	-9.0397	-1.0068	BS_S0D5DSVS
1240557_D1	EUR	NA	0	0	0.1529	0	0.8471	-5.3149	7.8801	-2.993	-9.1356	-2.9008	BS_JZPJTSHY
1240558_D1	EUR	NA	0	0	0.0679	0	0.9321	-0.1185	11.9963	-5.2284	-7.8937	-1.6082	BS_12VFW5WR
1240559_D1	EUR	NA	0	0	0.0865	0	0.9135	-2.8205	10.3554	-4.1414	-9.2269	-4.0637	BS_EREHY3PK
1240560_D1	EUR	NA	0	0	0.0785	0	0.9215	-1.0895	11.2549	-3.1031	-7.5451	-0.9515	BS_M1H3YFJW
1240561_D1	EUR	NA	0	0	0.0746	0	0.9254	-0.7857	11.4476	-5.921	-8.7502	-2.4711	BS_BFNBZMGJ
1240562_D1	EUR	NA	0	0	0.0484	0	0.9516	-0.9133	13.2915	-4.5329	-9.231	-2.3522	BS_PVMRM2MW
1240563_D1	EUR	NA	0	0	0.0813	0	0.9187	-0.6096	12.0931	-6.089	-7.7356	-2.9964	BS_TCZJE616
1240564_D1	EUR	NA	0	0	0.1644	0	0.8356	-2.7002	7.2185	-3.304	-7.903	-3.8599	BS_3VC553KC
1240565_D1	EUR	NA	0	0	0.0556	0	0.9444	-1.4382	11.7179	-4.6295	-8.0862	2.2711	BS_XDATQ4FH
1240566_D1	EUR	NA	0	0	0.0535	0	0.9465	-1.7659	13.1156	-5.6001	-9.5688	-1.9648	BS_6KMFEZGC
1240567_D1	EUR	NA	0	0	0.0742	0	0.9258	-1.3062	11.9836	-4.8069	-7.954	-1.8201	BS_CFW43E88
1240568_D1	EUR	NA	0	0	0.0937	0	0.9063	-1.3251	10.7873	-4.6427	-8.1171	-1.6078	BS_JR95TVNA
1240569_D1	EUR	NA	0	0	0.0644	0	0.9356	-0.8326	11.6539	-4.1301	-7.5224	0.3348	BS_6SGPTQAP
1240570_D1	EUR	NA	0	0	0.0497	0	0.9503	-0.8561	12.9181	-5.9929	-9.1071	-0.854	BS_07EVYWM7
1240571_D1	EUR	NA	0	0	0.0828	0	0.9172	-2.2939	11.2615	-3.5291	-7.9792	-0.5848	BS_H7KV7YZ0
1240572_D1	AFR	NA	0	0.9992	8e-4	0	0	-53.3953	-14.6277	-0.7839	-3.2841	-2.1547	BS_3DPD73Q5
1240573_D1	EUR	NA	0	0	0.0573	0	0.9427	2.1595	11.4618	-4.1343	-8.04	-2.5356	BS_EDHWQHP3
1240574_D1	EUR	NA	0	0	0.0721	0	0.9279	-2.4812	11.809	-4.1319	-8.5583	-0.7293	BS_8TNKKNB4
1248736_D1	EAS	NA	1	0	0	0	0	6.6335	-43.9283	-2.8198	-8.3027	-2.7493	BS_1YWQ4H9N
1248737_D1	SAS	NA	0	0	0	1	0	-0.0633	-4.3373	16.3935	3.0042	-3.2647	BS_K4TAJKKY
1248738_D1	AFR	NA	0	0.6853	0.3147	0	0	-26.5514	0.8216	-2.4248	-4.5306	-1.4941	BS_MYFK362V
1248739_D1	EUR	NA	0	0	0.075	0	0.925	-1.6608	12.0076	-5.5757	-8.2726	-1.6355	BS_BPB80HN0
1248740_D1	EUR	NA	0	0	0.0736	0	0.9264	-2.4708	11.7998	-6.9851	-9.631	-2.5433	BS_MVYT1X6V
1248741_D1	EUR	NA	0	0	0.0506	0	0.9494	-0.3075	12.8828	-4.661	-7.7095	-0.9051	BS_H4GDMYN5
1248742_D1	EUR	NA	0	0	0.0596	0	0.9404	-0.24	13.1105	-5.1067	-6.9324	-2.5983	BS_19SJ6HYZ
1248743_D1	EUR	NA	0	0	0.0659	0	0.9341	-0.5324	11.7998	-4.2144	-8.5497	-1.5403	BS_52A4PMWT
1248744_D1	AFR	NA	0	0.8629	0.1371	0	0	-30.3407	-0.6602	-3.0543	-5.629	-1.6905	BS_YXMZZRYJ
1248745_D1	AFR	NA	0	0.9044	0.0956	0	0	-32.9097	-5.4555	-3.7879	-2.7836	-1.312	BS_SJ5NBSZK
1248746_D1	EUR	NA	0	0	0.0727	0	0.9273	-1.7966	10.9028	-5.0875	-9.4118	-1.8612	BS_FGJT1B40
1248747_D1	EUR	NA	0	0	0.0538	0	0.9462	-1.5739	12.3307	-4.1279	-9.5256	-2.0588	BS_8EVR9152
1248748_D1	EUR	NA	0	0	0.0673	0	0.9327	-1.0676	12.0508	-3.2609	-8.3531	-2.0771	BS_7H8QBGDA
1248749_D1	EUR	NA	0	0	0.0531	0	0.9469	0.7822	11.9653	-5.4004	-8.6305	-0.0685	BS_RSJST2QC
1248750_D1	EUR	NA	0	0	0.0561	0	0.9439	-0.3329	12.6657	-2.2099	-6.3176	-1.3494	BS_9DFAP138
1248751_D1	EUR	NA	0	0	0.0652	0	0.9348	-1.3878	11.9661	-3.2641	-8.6694	-2.3046	BS_ZDMXRGJQ
1248752_D1	AMR	NA	0	0.1687	0.8306	0	6e-4	-17.6749	4.6484	-1.9233	-4.9966	-2.2145	BS_BKGZRM8F
1248753_D1	EUR	NA	0	0	0.0362	0	0.9638	1.0326	13.2546	-3.8313	-7.9364	0.0141	BS_ZQTAWSEW
1248754_D1	AFR	NA	0	0.7826	0.2174	0	0	-29.5136	-3.7577	-3.0943	-2.1357	-2.1266	BS_208R8W9S
1248755_D1	AFR	NA	0	0.9958	0.0042	0	0	-44.705	-10.1048	-0.9977	-3.4186	-0.3031	BS_D84TWS6Q
1248756_D1	EUR	NA	0	1e-4	0.1925	2e-4	0.8072	-6.6415	7.0014	0.8649	-5.7077	-5.7061	BS_3DFHVTTT
1248757_D1	AFR	NA	0	0.9994	6e-4	0	0	-54.8061	-14.6488	-1.7444	-2.8371	-1.4764	BS_9VWDH9QP
1248758_D1	AFR	NA	0	0.5974	0.4008	0	0.0018	-22.7242	-3.1737	2.3413	-1.1754	-2.0879	BS_SP0F1YMZ
1248759_D1	EUR	NA	0	0	0.1628	0	0.8372	-5.9985	8.6538	0.2705	-7.1425	-5.232	BS_8NCEW858
1248760_D1	EUR	NA	0	0	0.0507	0	0.9493	-1.0207	13.0678	-6.0742	-8.7878	-1.0845	BS_9V5A1F05
1248761_D1	AMR	NA	0	0.003	0.9942	3e-4	0.0024	5.5935	-0.7239	-7.8493	5.5703	0.0752	BS_66RH158D
1248762_D1	EUR	NA	0	0	0.0644	0	0.9356	-2.2134	12.4069	-4.5652	-8.1474	-0.9971	BS_GQSDEDZ1
1248763_D1	EUR	NA	0	0	0.1066	0	0.8934	-1.809	9.3299	-1.6305	-7.8511	-4.9695	BS_ZV55E2AK
1248764_D1	EUR	NA	0	2e-4	0.2488	3e-4	0.7507	-1.841	2.9099	-0.4905	-7.6509	-3.1967	BS_P9P5352S
1248765_D1	EUR	NA	0	0	0.0636	0	0.9364	-1.5359	12.1488	-4.8774	-9.0112	-1.1723	BS_AVAP4RXQ
1248766_D1	EUR	NA	0	0	0.0827	0	0.9173	-1.2987	10.8964	-3.0572	-8.1888	-2.0105	BS_PEMY24Z2
1248767_D1	AFR	NA	0	0.9949	0.0051	0	0	-44.094	-10.7606	-0.6833	-3.8687	-0.9722	BS_93BVRV62
1248768_D1	EUR	NA	0	0	0.0813	0	0.9187	-3.7749	12.3849	-4.1966	-8.3573	-2.5302	BS_YJ6Z96VQ
1248769_D1	EUR	NA	0	0	0.053900000000000003	0	0.9461	1.0136	12.5564	-4.2535	-8.2465	-2.3843	BS_DBEVBMSC
1248770_D1	EUR	NA	0	0	0.0469	0	0.9531	-1.2783	13.3978	-2.6552	-8.3202	-2.0421	BS_BXKSBG3S
1248771_D1	AFR	NA	0	0.7108	0.2892	0	0	-25.7374	-0.396	-1.9214	-6.3608	-2.5135	BS_SH0T81B2
1248772_D1	AMR	NA	0	0.0019	0.9495	9e-4	0.0478	-0.9487	2.4062	-9.1288	0.4859	-1.8536	BS_S7XH0F8J
1248773_D1	EUR	NA	0	0	0.0799	0	0.9201	-1.6549	11.5627	-4.9152	-8.5717	-1.8819	BS_TXS5F01Z
1248774_D1	EAS	NA	1	0	0	0	0	5.6577	-42.2732	-2.5918	-7.7444	-4.13	BS_7KSRCNFK
1248775_D1	EUR	NA	0	0	0.0726	0	0.9274	1.731	11.085	-6.0227	-7.9373	-1.1831	BS_YJH7SYGZ
1248776_D1	AMR	NA	0	0.0139	0.9861	0	0	-2.0379	-8.5848	-12.3786	13.4279	-0.9704	BS_V3TG7YN0
1248777_D1	AFR	NA	0	0.7768	0.2231	0	0	-26.2658	-1.5697	0.9678	-4.4457	-2.3376	BS_QG6R9X6D
1248778_D1	AFR	NA	0	0.9977	0.0023	0	0	-48.7559	-13.2905	-1.3119	-2.4518	-0.3517	BS_R4YH88NE
1248779_D1	EUR	NA	0	0	0.1118	0	0.8882	-2.6493	9.5564	-1.7838	-7.9576	-3.6825	BS_RPCV7FPT
1248780_D1	EUR	NA	0	0	0.0395	0	0.9605	-0.4761	13.4906	-4.8837	-8.5317	-0.3608	BS_Y0G6DDW4
1248781_D1	AMR	NA	0	0.0039	0.9961	0	0	3.0191	-9.9928	-13.3036	18.4575	-1.2471	BS_2QHT7ESF
1248782_D1	AFR	NA	0	0.9998	2e-4	0	0	-61.6733	-18.2307	-2.165	-1.6012	-2.9758	BS_5GEAJ2XE
1248783_D1	EUR	NA	0	0.0011	0.4329	0.0022	0.5638	-8.0731	5.5095	0.9036	-4.4314	-4.6801	BS_W7BF1462
1248784_D1	AFR	NA	0	0.9931	0.0069	0	0	-44.3593	-10.4098	-0.8752	-3.1328	-2.8618	BS_96F5SNZK
1248785_D1	EUR	NA	0	0	0.0639	0	0.9361	-0.1464	9.5805	-5.0294	-9.8633	-2.4231	BS_5BHAAQVJ
1248786_D1	EUR	NA	0	0	0.0645	0	0.9355	-0.1343	12.0628	-4.7922	-7.2805	-0.961	BS_ADSPEMKP
1248787_D1	EUR	NA	0	1e-4	0.033	0.0283	0.9385	-6.137	6.0435	3.2701	-4.1734	-4.177	BS_SQ3JEW5T
1248788_D1	EUR	NA	0	0	0.0646	0	0.9354	-0.7742	12.072	-7.8183	-9.4392	-1.9357	BS_J77NRC3S
1248789_D1	EAS	NA	0.952	0	0.048	0	0	1.5168	-16.0889	-3.3671	-8.3247	-1.9629	BS_4ZZMDDZN
1248790_D1	EUR	NA	0	0	0.0638	0	0.9362	1.0377	10.9589	-5.1638	-8.636	-0.7252	BS_88DA80P7
1248791_D1	EAS	NA	1	0	0	0	0	7.1354	-44.9023	-2.8295	-9.501	-1.6728	BS_4BWBYF3C
1248792_D1	EUR	NA	0	0	0.0537	0	0.9463	0.4504	12.6875	-7.3413	-8.7832	-1.2788	BS_T7DXNW41
1248793_D1	AMR	NA	1e-4	0.0016	0.7417	0.0017	0.2548	-1.5446	2.0591	-6.8869	-1.3188	-0.4777	BS_9C6W872V
1248795_D1	EUR	NA	0	0	0.0886	0	0.9114	-2.3286	11.6459	-4.4083	-7.9605	-2.1744	BS_4N2P9127
1248796_D1	EAS	NA	1	0	0	0	0	5.9669	-43.3573	-2.41	-6.7081	-1.065	BS_S845Q0HA
1248797_D1	EUR	NA	0	0	0.0778	0	0.9222	-2.4933	11.8845	-2.9776	-8.0625	-1.9448	BS_6G0A23GM
1248798_D1	AMR	NA	0	0.0016	0.9984	0	0	8.0202	-25.0741	-20.9698	35.4878	-1.8094	BS_04E9N0SK
1248799_D1	AMR	NA	0	0.0085	0.9914	0	0	0.8396	-5.7898	-13.2416	9.9737	-2.374	BS_BGCTFBP9
1248800_D1	AFR	NA	0	0.8076	0.1924	0	0	-28.9446	-4.6334	-2.3595	-1.8514	-0.1704	BS_CJKD43B6
1248801_D1	EUR	NA	0	0	0.0621	0	0.9379	-0.9916	10.8369	-3.2896	-9.2904	-2.2585	BS_CT7H57PN
1248802_D1	AMR	NA	0	0.0049	0.9856	7e-4	0.0088	1.0385	-0.2009	-9.1394	3.8306	-2.7963	BS_F48KKMFX
1248803_D1	SAS	NA	0	0	0	0.9969	0.0031	-2.6723	3.6054	6.7312	-4.0501	-3.5492	BS_R1W2HB8N
1248804_D1	EUR	NA	0	1e-4	0.1961	0.0014	0.8024	-7.9973	7.0759	1.74	-4.5062	-3.7968	BS_5Z4Z2QMG
1248805_D1	EUR	NA	0	0	0.0408	0	0.9592	-0.2483	13.8753	-6.5748	-8.8907	-1.5448	BS_SYEY2CXZ
1248806_D1	EAS	NA	1	0	0	0	0	4.6208	-42.9185	-0.1573	-7.9862	3.1961	BS_KS5D6QNG
1248807_D1	EUR	NA	0	0	0.0949	0	0.9051	-0.8895	11.1342	-4.1923	-7.5721	-2.8775	BS_HH860Q49
1248808_D1	AFR	NA	0	0.9994	6e-4	0	0	-55.3518	-15.3682	-0.9764	-1.0189	-2.652	BS_XATN0RZD
1248809_D1	AFR	NA	0	0.999	0.001	0	0	-52.9033	-12.8177	-1.6616	-2.4888	-2.1902	BS_PMG2P954
1248810_D1	AFR	NA	0	0.9995	5e-4	0	0	-55.9179	-16.0388	-1.2665	-2.6117	-1.8115	BS_SX0GY5NN
1248811_D1	AFR	NA	0	0.9926	0.0074	0	0	-43.5452	-14.807	-0.254	-3.4522	-1.538	BS_0TZZZVDW
1248812_D1	EUR	NA	0	0	0.0432	0	0.9568	-0.2863	13.3187	-4.5031	-8.7585	-1.3065	BS_RP6F0YRW
1248813_D1	EUR	NA	0	0	0.0563	0	0.9437	-1.8766	12.4567	-5.7656	-9.4815	-0.444	BS_51EHJCDY
1248814_D1	AMR	NA	0	0.0064	0.9936	0	0	1.9796	-13.8679	-16.3049	19.9524	-1.2257	BS_YP590XXP
1248815_D1	EUR	NA	0	0	0.3688	0	0.6311	-0.0652	5.918	-6.3088	-3.1903	-2.2102	BS_N6SZ2ZQS
1248816_D1	AFR	NA	0	0.9996	4e-4	0	0	-55.55	-15.2119	0.5538	-1.7304	-1.6338	BS_JJVKC1VX
1248817_D1	EUR	NA	0	0	0.0771	0	0.9229	-0.229	10.6137	-4.716	-8.3919	0.5981	BS_NYMKGH2A
1248818_D1	EUR	NA	0	0	0.0497	0	0.9503	-1.2368	13.1102	-3.8671	-8.6812	-1.6502	BS_G6EZ5P9H
1248819_D1	EUR	NA	0	0	0.0747	0	0.9253	-1.1383	12.1489	-4.4574	-8.1814	-3.8988	BS_EGND7Y7E
1248820_D1	EUR	NA	0	0	0.0733	0	0.9267	-2.3383	12.5287	-3.9128	-7.8402	-2.6834	BS_87E8F1HP
1248821_D1	AFR	NA	0	0.9957	0.0043	0	0	-45.031	-10.3973	-0.7511	-4.6215	-1.2061	BS_VMWT4S7S
1248822_D1	EUR	NA	0	0	0.0604	0	0.9396	-0.0402	10.7796	-5.0177	-9.4019	-1.8752	BS_1SZBBH1X
1248823_D1	AFR	NA	0	0.9987	0.0013	0	0	-51.692	-11.8753	1.2986	-0.9143	-1.3678	BS_26EPX7HQ
1248824_D1	AMR	NA	0	1e-4	0.534	1e-4	0.4658	-8.3739	7.6182	-3.0607	-5.7063	-3.7039	BS_H3C09MHB
1248825_D1	EUR	NA	0	0	0.097	0	0.903	-2.8134	11.0932	-1.8905	-7.8378	-2.8255	BS_E64JXDG2
1248826_D1	EUR	NA	0	1e-4	0.33	0	0.6698	-7.0182	6.7938	-2.2686	-7.5703	-4.1809	BS_PRRWRK7F
1248827_D1	AMR	NA	0	0.0665	0.9335	0	0	-19.9615	-26.5459	-0.8876	-6.2414	-1.0602	BS_4D998GEX
1248828_D1	AFR	NA	0	0.9907	0.0093	0	0	-41.3009	-6.0544	-1.1393	-4.9078	-0.6912	BS_KMEHFVFN
1248829_D1	AMR	NA	0	0.0024	0.9976	0	0	4.4103	-16.2837	-19.7684	26.5047	-0.5871	BS_Y1HZT376
1248830_D1	AFR	NA	0	0.999	0.001	0	0	-51.4295	-11.6263	-0.0549	-2.7268	0.391	BS_VRF7MQ2X
1248877_D1	EUR	NA	0	0	0.055	0	0.945	-1.0447	12.1564	-5.4304	-8.6581	0.5287	BS_A385FF70
1249792_D1	EUR	NA	0	0	0.0997	0	0.9003	-2.2705	11.1309	-3.1939	-7.7651	-2.7788	BS_WX1XR5S2
1249793_D1	EUR	NA	0	0	0.0696	0	0.9304	0.1006	11.5685	-5.1146	-7.993	-0.9678	BS_VVSH743R
1249794_D1	EUR	NA	0	0	0.2527	0	0.7472	-2.5518	8.0645	-6.4632	-3.0531	-0.0516	BS_YT23ENKV
1249795_D1	EUR	NA	0	0	0.0812	0	0.9188	-2.864	11.4827	-5.1392	-8.4664	-0.271	BS_3DNHBRNW
1249796_D1	AFR	NA	0	0.9978	0.0022	0	0	-47.7458	-10.7347	0.3974	-3.2314	-1.3014	BS_GFQ7DJGV
1249797_D1	AFR	NA	0	0.7084	0.2916	0	0	-28.2815	-1.1843	-4.6053	-5.7876	-2.4289	BS_XTE7Q0HP
1249798_D1	EUR	NA	0	0	0.043	0	0.957	0.039	13.2861	-5.2778	-9.4272	-3.0946	BS_3S52DQ5M
1249799_D1	EUR	NA	0	0	0.0945	0	0.9055	-4.837	10.0876	-0.5678	-9.0822	-4.7795	BS_B21Q9KPG
1249800_D1	EUR	NA	0	0	0.0727	0	0.9273	-0.1903	11.6341	-4.0422	-6.7214	-0.9112	BS_1EWYG2FH
1249801_D1	EUR	NA	0	0	0.0385	0	0.9615	-0.7424	12.0232	-3.9927	-10.6573	-0.9549	BS_H27NN3ZT
1249802_D1	EUR	NA	0	0	0.0461	0	0.9539	-1.6101	13.921	-5.3843	-9.0774	-2.5021	BS_8TFGXPRB
1249803_D1	EUR	NA	0	0	0.0682	0	0.9318	-0.3842	11.1571	-3.8979	-8.616	-1.0027	BS_ANERH32P
1249804_D1	EUR	NA	0	0	0.4236	0	0.5763	-0.5996	5.634	-7.4275	-3.0676	-0.9999	BS_ZWVDA8R3
1249805_D1	EUR	NA	0	0	0.0511	0	0.9489	0.2536	12.1078	-3.6372	-8.9129	-0.7422	BS_5JA8FSMK
1249806_D1	EUR	NA	0	0	0.0409	0	0.9591	0.5266	12.1583	-1.2604	-7.0492	1.4358	BS_Z1EWPKSK
1249807_D1	SAS	NA	0	0	0	1	0	-0.9758	-5.8151	18.6161	4.4651	-2.2316	BS_XJYA5SVB
1249808_D1	EUR	NA	0	0	0.0798	0	0.9202	-3.1745	11.5287	-4.6132	-9.2149	-1.7408	BS_9A47JA49
1249809_D1	AFR	NA	0	0.9721	0.0279	0	0	-38.0148	-6.3103	-1.6376	-3.0444	-1.968	BS_T5GG0KTT
1249810_D1	EUR	NA	0	0	0.034	0	0.966	0.1905	13.7857	-3.6685	-7.7429	-0.0984	BS_3VMWCBV7
1249811_D1	EUR	NA	0	0	0.0409	0	0.9591	-1.2079	12.1512	-4.3942	-10.5865	-3.6464	BS_AW3AXTGQ
1249812_D1	AFR	NA	0	0.9943	0.0057	0	0	-43.5864	-9.5133	-0.2754	-2.612	-0.0791	BS_XNJN1Y0A
1249813_D1	EUR	NA	0	0	0.0719	0	0.9281	-0.098	11.494	-5.7982	-8.5307	-2.5624	BS_MJWX2F6H
1249814_D1	EUR	NA	0	0	0.0442	0	0.9558	0.7969	12.4383	-3.5402	-8.5632	-0.187	BS_CJDHVN59
1249815_D1	EUR	NA	0	0	0.0852	0	0.9148	-0.1964	10.9526	-5.7673	-8.1678	-2.3613	BS_TZ5YARH0
1249816_D1	EUR	NA	0	0	0.0408	0	0.9592	0.321	12.1085	-2.7593	-9.5675	-0.8751	BS_R7V1J98Q
1249817_D1	EUR	NA	0	0	0.055	0	0.945	-0.8105	12.1352	-6.0473	-9.6498	-0.7054	BS_WEP3M4HT
1249818_D1	EUR	NA	0	0	0.0987	0	0.9013	-1.013	10.7021	-4.6735	-6.8349	-0.8203	BS_9ERAJGN5
1249819_D1	EUR	NA	0	0	0.0594	0	0.9406	-1.4105	11.6833	-4.0546	-9.3873	-1.5284	BS_RB1YEVY5
1249820_D1	AMR	NA	0	0.0123	0.9877	0	0	-0.4227	-7.8215	-10.3932	12.2955	-0.1488	BS_39B33SGQ
1249821_D1	EUR	NA	0	0	0.0832	0	0.9168	-0.7883	11.6051	-6.6103	-7.1256	-1.0711	BS_G5A9M5BS
1249823_D1	EUR	NA	0	0	0.095	0	0.905	0.4721	10.5166	-5.1579	-7.5032	-2.0391	BS_GVVRY4YJ
1249824_D1	EUR	NA	0	0	0.0891	1e-4	0.9108	2.1486	7.2198	1.2632	-5.6081	-2.0497	BS_QKW8P229
1249825_D1	SAS	NA	0	0	0	1	0	-0.5095	-3.516	14.5967	5.2786	-0.9548	BS_1X3JQ424
1249826_D1	AFR	NA	0	0.9984	0.0016	0	0	-49.7623	-14.5747	0.0486	-2.602	-1.7589	BS_D73A544P
1249827_D1	EUR	NA	0	0	0.0612	0	0.9388	-0.1113	12.2761	-4.4001	-8.4441	-2.1906	BS_FXSJE3PH
1249828_D1	EUR	NA	0	0	0.0392	0	0.9608	-1.0719	13.7254	-5.194	-9.0108	-0.7149	BS_Y1HPE7KA
1249829_D1	EUR	NA	0	0	0.0425	0	0.9575	0.9881	10.8688	-5.4701	-10.3874	-0.074	BS_CPHMDT93
1249830_D1	EUR	NA	0	0	0.0509	0	0.9491	3.5016	11.7088	-3.0457	-7.2515	-1.0143	BS_X565XEWE
1250504_D1	AMR	NA	0	0.0071	0.9929	0	0	2.4736	-10.3069	-15.917	14.5957	-0.6709	BS_SD5NPV43
1250505_D1	AMR	NA	0	0.0069	0.9927	0	4e-4	-0.5173	-1.7545	-13.2267	7.7256	-2.8022	BS_X0FN36ZG
1250506_D1	AMR	NA	0	0.0078	0.9908	0	0.0014	-2.0517	-1.3917	-11.3184	4.9721	-2.9971	BS_FE9T3DNG
1250507_D1	AMR	NA	0	0.0182	0.9816	0	3e-4	-15.1448	-1.6487	-7.8544	2.2454	-2.9174	BS_C9T340ZR
1250508_D1	AMR	NA	0	0.011	0.9875	0	0.0015	-13.7468	0.2995	-7.4822	0.4631	-2.4504	BS_RTMZANSF
1250509_D1	EUR	NA	0	0	0.0708	0	0.9292	-1.6416	11.9112	-4.6864	-8.5761	-1.345	BS_FZT9G4TB
1250510_D1	EUR	NA	0	0	0.0558	0	0.9442	-0.2265	11.9864	-5.37	-9.2497	-0.9998	BS_FW0MJ0ZA
1250511_D1	EUR	NA	0	0	0.0786	0	0.9214	-1.6732	11.657	-3.4998	-8.0932	-1.8658	BS_0ZYDP5D2
1250512_D1	EUR	NA	0	0	0.0389	0	0.9611	-0.3727	13.2966	-4.7351	-9.5851	-0.5722	BS_D68ZY48T
1250513_D1	EUR	NA	0	0	0.0811	0	0.9189	-1.0575	11.5335	-5.8452	-8.0853	-1.388	BS_2RY526MR
1250514_D1	EUR	NA	0	0	0.049	0	0.951	-1.8428	13.7417	-3.7503	-6.2819	-1.0803	BS_RZN53PTH
1250515_D1	EUR	NA	0	0	0.0604	0	0.9396	0.4307	11.7406	-4.3719	-6.8321	0.3672	BS_CK2TC1TC
1250519_D1	EUR	NA	0	0	0.0546	0	0.9454	-0.0631	12.3284	-4.463	-8.7569	-1.201	BS_M59W8KE2
1250520_D1	AFR	NA	0	0.8481	0.1519	0	0	-31.5398	-6.5602	-4.3839	-2.9031	-2.7694	BS_RVAX96B7
1250521_D1	AFR	NA	0	0.8636	0.1364	0	0	-32.7094	-5.7741	-4.0105	-1.4097	-2.3729	BS_EX5DQC3K
1250522_D1	EUR	NA	0	0	0.059	0	0.941	-2.3436	13.0729	-1.9384	-8.5951	-3.8178	BS_ZJ98TRMM
1250523_D1	EUR	NA	0	0	0.0524	0	0.9476	-3.1515	13.845	-4.1152	-6.8538	-1.3157	BS_GQJ9YPFD
1250524_D1_unknown	EUR	NA	0	0	0.0634	0	0.9366	-0.7494	12.026	-3.2735	-8.3245	-1.571	BS_JZ8S247K
1250525_D1	AFR	NA	0	0.9999	1e-4	0	0	-62.4914	-17.7385	0.4172	-0.6932	-2.7289	BS_APK04789
1250526_D1	EUR	NA	0	0	0.0639	0	0.9361	-0.3198	12.1005	-6.9181	-8.7965	-1.0591	BS_58XHTA5Q
1250527_D1	AFR	NA	0	0.9985	0.0015	0	0	-50.0276	-11.0391	-0.4904	-4.6183	-1.5911	BS_W1FA9VH0
1250528_D1	SAS	NA	0	0	0	1	0	-2.7641	3.6049	8.2672	0.2177	-1.3373	BS_1DW880HM
1250529_D1	EUR	NA	0	0	0.0622	0	0.9378	-0.5952	12.3519	-3.2783	-8.2133	-2.322	BS_ZYHE7DJR
1250530_D1	EUR	NA	0	0	0.0776	0	0.9224	-1.2598	12.139	-4.0342	-7.5827	-2.8233	BS_VGNR6P2V
1250531_D1	AFR	NA	0	0.9994	6e-4	0	0	-54.469	-11.4918	0.9462	-2.2535	-1.7028	BS_9RSWQNM0
1250532_D1	AFR	NA	0	0.7829	0.2171	0	0	-26.9121	0.4944	-2.7331	-6.4467	-1.1755	BS_RAKP048W
1250533_D1	EUR	NA	0	0	0.0835	0	0.9165	-3.5569	11.393	-2.7217	-8.8263	-3.5276	BS_Y5RYQ2XJ
1250535_D1	EUR	NA	0	0	0.1108	0	0.8892	-3.3366	11.5577	-4.3493	-7.8378	-5.2622	BS_EBQRN50S
1250536_D1	EUR	NA	0	0	0.0606	0	0.9394	-0.538	12.0315	-5.2516	-8.8125	-0.8112	BS_7VX07QY6
1250537_D1	EUR	NA	0	0	0.0642	0	0.9358	-0.7097	12.752	-7.2334	-7.7354	-1.7181	BS_H709QP94
1250538_D1	EUR	NA	0	0	0.0378	0	0.9622	0.439	12.7307	-2.5253	-9.4062	-1.6668	BS_H9BJKPTN
1250539_D1	EUR	NA	0	0	0.1234	0	0.8766	-1.3731	9.7082	-5.5286	-7.6709	-0.5313	BS_GFBTG41F
1250540_D1	AFR	NA	0	0.9979	0.0021	0	0	-48.9408	-11.6049	-1.1877	-3.1521	-1.7475	BS_0G5RT3KA
1250542_D1	EUR	NA	0	0	0.4377	0	0.5623	2.1245	7.1312	-6.7999	-0.9515	-0.1305	BS_SCYCNA3B
1250543_D1	EUR	NA	0	0	0.0475	0	0.9525	-0.4013	13.4172	-6.5063	-8.1768	-1.2371	BS_EJG37R16
1250544_D1	EUR	NA	0	0	0.091	0	0.909	0.245	10.4433	-3.8127	-6.2886	-0.1418	BS_G2C1WAB5
1250545_D1	EUR	NA	0	0	0.0525	0	0.9475	-0.5811	12.2978	-4.5216	-9.2791	-2.5726	BS_6S1ANDB4
1250546_D1	EUR	NA	0	0	0.0613	0	0.9387	-0.9117	12.8447	-6.0114	-8.66	-2.5026	BS_2SHME5GG
1250547_D1	EUR	NA	0	0	0.0417	0	0.9583	0.4286	13.911	-5.9856	-8.8524	-2.6182	BS_WXHB0HK4
1250548_D1	EUR	NA	0	0	0.0476	0	0.9524	0.3639	11.8602	-3.8198	-9.3056	-2.1217	BS_VGHP6RY4
1250549_D1	EUR	NA	0	0	0.0646	0	0.9354	-1.6857	11.7964	-3.7736	-8.8099	-0.2612	BS_X8CPX04B
1250550_D1	EUR	NA	0	0	0.0456	0	0.9544	-0.5933	12.9316	-5.8977	-9.7543	-0.6949	BS_S8E2MTX0
1250551_D1	AMR	NA	0	5e-4	0.965	8e-4	0.0338	-0.4239	3.6811	-7.7306	1.4518	-2.2033	BS_MSRQNP85
1250552_D1	EUR	NA	0	0	0.0626	0	0.9374	-0.1977	11.951	-3.9283	-7.6812	-0.9189	BS_HMX0ZH1N
1250553_D1	EUR	NA	0	0	0.0424	0	0.9576	-1.4714	13.8093	-6.1717	-7.908	-0.2365	BS_GQ4ESEY8
1250554_D1	EUR	NA	0	0	0.0674	0	0.9326	-0.293	11.9368	-4.9699	-8.4526	-2.262	BS_60PYY7N7
1250555_D1	EUR	NA	0	0	0.0993	0	0.9007	-2.0632	11.1299	-4.316	-7.3864	-1.814	BS_TZE5TXGH
1250556_D1	EUR	NA	0	0	0.0576	0	0.9424	-1.9249	12.9025	-4.2911	-9.1265	-2.2545	BS_A3T0BEQX
1250557_D1	EUR	NA	0	0	0.0356	0	0.9644	0.3932	13.6533	-5.6353	-9.6905	-0.9716	BS_6A1KQYQ0
1250559_D1	EUR	NA	0	0	0.0498	0	0.9502	-0.6998	12.6868	-4.6578	-8.2469	-0.2597	BS_4Q9H7NC0
1250561_D1	SAS	NA	0	0	0	1	0	-1.9679	0.51	9.7336	1.8874	-1.0756	BS_8KZ3YWZ7
1250562_D1	EUR	NA	0	0	0.0599	0	0.9401	0.8102	9.9508	-4.4721	-9.3534	-2.4971	BS_NZ8SSQKH
1250563_D1	EUR	NA	0	0	0.1161	0	0.8839	-2.9515	8.4612	-3.5311	-8.9322	-2.547	BS_VPB66VG0
1250565_D1	EUR	NA	0	0	0.0542	0	0.9458	-0.4685	11.5916	-3.3288	-9.1992	-2.002	BS_5CHT00HN
1250566_D1	AMR	NA	0	0.0066	0.9895	0	0.0039	-11.6645	1.2437	-7.2654	0.2409	-2.829	BS_WDJ700JM
1250567_D1	EUR	NA	0	0	0.1528	0	0.8472	-0.8378	9.2031	-4.4064	-6.597	-2.0069	BS_T0MECPMN
1250568_D1	EUR	NA	0	0	0.0594	0	0.9406	-0.1108	11.1874	-5.0762	-9.2889	-3.4444	BS_XAGKH813
1250569_D1	EUR	NA	0	0	0.0768	0	0.9232	-2.9582	12.5632	-3.7306	-6.7958	-2.1008	BS_2D2AGD2W
1250570_D1	EUR	NA	0	0	0.0871	0	0.9129	0.4706	11.0928	-6.1595	-7.0643	-1.2642	BS_F3RPQVHE
1250571_D1	EUR	NA	0	0	0.0514	0	0.9486	-1.4066	12.6151	-4.4788	-8.3534	0.0192	BS_8SR5GT22
1250572_D1	EUR	NA	0	0	0.0626	0	0.9374	-3.1562	13.6399	-3.958	-7.3187	-3.0561	BS_4FTRHMZK
1250573_D1	EUR	NA	0	0	0.0529	0	0.9471	0.8565	11.9586	-5.0576	-8.8956	-2.6235	BS_J6R8C2YP
1250574_D1	EUR	NA	0	0	0.0591	0	0.9409	-0.9935	12.6348	-5.3933	-7.3889	-0.787	BS_9Q6YAF4A
1250575_D1	EUR	NA	0	0	0.0538	0	0.9462	-1.4335	13.3784	-6.1819	-7.4374	-1.2261	BS_BRCZCSZE
1250576_D1	AFR	NA	0	0.9983	0.0017	0	0	-52.1249	-12.0434	-1.819	-1.0606	-1.7783	BS_H5210PS1
1250577_D1	EUR	NA	0	0	0.4615	1e-4	0.5384	-0.983	4.8916	-6.4048	-3.5058	-2.1043	BS_QB0QEZ1E
1250578_D1	EUR	NA	0	0	0.0917	0	0.9083	-0.6538	10.4778	-4.8053	-7.2146	0.1183	BS_A20FHTWX
1250579_D1	EUR	NA	0	0	0.0693	0	0.9307	-1.3263	11.9422	-4.2939	-6.791	-0.3051	BS_QD1S5JDX
1250580_D1	EUR	NA	0	0	0.0644	0	0.9356	-0.8879	12.4236	-5.7176	-8.8123	-2.0984	BS_WYYYDVG0
1250581_D1	EUR	NA	0	0	0.0544	0	0.9456	0.1673	12.4853	-4.1599	-8.6162	-2.3547	BS_V3M5PW71
1250582_D1	EUR	NA	0	0	0.0548	0	0.9452	-0.3066	12.3244	-5.0112	-9.0913	-1.2335	BS_17WG7X67
1250583_D1	EUR	NA	0	0	0.0756	0	0.9244	-2.8776	11.9935	-3.6692	-8.4926	-1.6623000000000001	BS_AHRMRAPP
1250584_D1	SAS	NA	0	0	0	1	0	-1.3205	-9.0906	18.0196	2.7191	-1.7403	BS_9GY1MEF0
1250585_D1	AFR	NA	0	0.9992	8e-4	0	0	-52.0321	-12.9215	-0.3954	-3.1307	-0.412	BS_Y38K3YCQ
1250586_D1	EUR	NA	0	0	0.0666	0	0.9334	0.6988	10.3151	-4.7711	-8.8666	-1.5272	BS_WE9SYCCE
1250587_D1	EUR	NA	0	0	0.0439	0	0.9561	-0.9858	13.6398	-5.8201	-9.2623	-1.6544	BS_AVRAY5XH
1250588_D1	AFR	NA	0	0.9992	8e-4	0	0	-53.5422	-13.296	-0.9896	-3.3163	-2.264	BS_R7BE9MVD
1250589_D1	EUR	NA	0	0	0.0777	0	0.9223	-0.8898	10.9999	-2.7786	-8.1407	-1.2829	BS_A9TRDBBY
1250590_D1	EUR	NA	0	0	0.0571	0	0.9429	0.0139	11.8659	-6.9352	-9.4775	-0.6618	BS_VH5544R2
1250591_D1	EUR	NA	0	0	0.0799	0	0.9201	-1.0509	11.3333	-6.5873	-8.0161	-0.3084	BS_882Q6W23
1250592_D1	EUR	NA	0	0	0.0837	0	0.9163	0.5153	10.3519	-3.9152	-7.8108	-0.8498	BS_H1W0SX2H
1250593_D1	EUR	NA	0	0	0.0703	0	0.9297	0.343	11.1312	-6.0662	-8.677	-2.126	BS_AZPVVXFS
1250594_D1	EUR	NA	0	0	0.1027	0	0.8973	-1.6844	10.254	-2.6395	-7.7529	-0.777	BS_0NWDAGKQ
1250595_D1	EUR	NA	0	0	0.056	0	0.944	-0.4279	12.2778	-2.6893	-7.975	-1.188	BS_7412MJ6E
1250596_D1	EUR	NA	0	0	0.0685	0	0.9315	-1.7439	11.8748	-3.7661	-8.7956	-3.1026	BS_H5YW42AY
1250597_D1	EAS	NA	1	0	0	0	0	5.6009	-43.5422	-0.42	-7.0811	3.2468	BS_E04E40S3
1272843_D1	EUR	NA	0	0	0.0589	0	0.9411	-0.9228	12.8153	-4.2368	-6.8272	-1.3773	BS_BMKDHVYP
1272844_D1	EUR	NA	0	0	0.0727	0	0.9273	-0.6536	10.4185	-4.8704	-9.1035	-0.6763	BS_JXYJ2Z8B
1272845_D1	EUR	NA	0	0	0.2358	0	0.7642	1.4406	7.2984	-6.8951	-4.8903	-1.31	BS_2T6YH6FS
1272846_D1	AMR	NA	0	0.013	0.9869	0	0	7.9334	-28.1966	-11.9016	12.501	-4.5587	BS_24TSTT9Z
1272847_D1	EUR	NA	0	0	0.0526	0	0.9474	-1.6566	13.0826	-5.1116	-9.1438	-1.6687	BS_JED88P1W
1272848_D1	AMR	NA	0	0.0053	0.9937	0	9e-4	2.0303	-2.0978	-12.459	6.8857	-2.4254	BS_GF8X9477
1272849_D1	AMR	NA	0	0.007	0.993	0	0	1.1027	-11.9194	-14.8459	18.1609	-1.5183	BS_6TN5M526
1272850_D1	EUR	NA	0	0	0.073	0	0.927	-1.704	11.9328	-5.925	-8.1656	-0.8807	BS_KM3PWKEJ
1272851_D1	EUR	NA	0	0	0.0442	0	0.9558	0.7212	11.0018	-3.2685	-9.7649	-1.8434	BS_MNABA9ND
1272852_D1	EUR	NA	0	0	0.0619	0	0.9381	-1.9395	9.819	-1.554	-9.8569	-3.667	BS_759TNYC2
1272853_D1	EUR	NA	0	0	0.0649	0	0.9351	-0.0167	11.4348	-4.4	-8.6193	-0.7166	BS_KFJNGVXK
1272854_D1	EUR	NA	0	0	0.1101	0	0.8899	-4.1503	11.6003	-1.9992	-7.5734	-3.7321	BS_PCFP168F
1272855_D1	EUR	NA	0	0	0.0893	0	0.9107	-1.9799	11.2882	-4.7531	-8.2508	-1.5971	BS_967Z29QR
1272856_D1	EUR	NA	0	0	0.0728	0	0.9272	-2.32	11.8852	-2.1865	-8.3987	-1.9329	BS_2PX94YTZ
1272857_D1	EAS	NA	1	0	0	0	0	6.6647	-39.0415	0.1684	-6.948	0.0629	BS_74K5HHKG
1272858_D1	EUR	NA	0	0	0.0487	0	0.9513	-1.7427	12.7552	-4.2428	-8.5026	0.6629	BS_YW3N2GWP
1272859_D1	EUR	NA	0	0	0.086	0	0.914	-2.9048	11.8404	-2.9752	-7.5386	-2.2071	BS_GZSSGMBF
1272860_D1	EUR	NA	0	0	0.0581	0	0.9419	-0.718	12.7552	-4.5241	-8.1279	-2.0615	BS_WFRX6HBD
1272861_D1	EAS	NA	1	0	0	0	0	5.9107	-42.0383	-0.2423	-7.5064	3.3751	BS_SWMR6SF4
1272862_D1	AMR	NA	0	0.0181	0.9819	0	0	-5.6962	-7.584	-11.0159	14.3695	-2.1341	BS_3QX4XNNZ
1272863_D1	EUR	NA	0	0	0.0553	0	0.9447	-0.438	12.6846	-4.9928	-7.9377	-1.2152	BS_C7S1W6M7
1272864_D1	AMR	NA	0	0.0147	0.9852	0	0	-1.5054	-6.3839	-11.6924	9.8851	-1.3623	BS_JJJ9GSD7
1272865_D1	EUR	NA	0	0	0.1178	0	0.8822	-3.6965	11.4882	-3.2041	-7.4063	-3.9348	BS_CXRRA99R
1272866_D1	EUR	NA	0	0	0.0645	0	0.9355	-0.0964	12.3462	-4.4908	-8.2047	-2.9871	BS_9D6DZF68
1272867_D1	EUR	NA	0	0	0.0882	0	0.9118	-0.8582	9.8337	-1.7104	-7.9706	-2.2941	BS_XWBZRZRT
1272868_D1	EUR	NA	0	0	0.0598	0	0.9402	-1.0966	12.5678	-2.6705	-7.7883	-2.0397	BS_FWPHXYDF
1272869_D1	AMR	NA	0	0.0037	0.9963	0	0	2.3987	-9.0669	-14.6533	17.6734	-2.989	BS_TDSCJ5XM
1272870_D1	AMR	NA	0	0.0144	0.9856	0	0	-1.7717	-7.5008	-12.4975	11.308	-2.3422	BS_38DG8RJ1
1272871_D1	EUR	NA	0	0	0.0824	0	0.9176	-1.8991	11.5348	-2.5755	-7.4212	-1.7533	BS_F6DBVVD9
1272872_D1	AMR	NA	1e-4	0.0567	0.9422	0	0.0011	-15.7237	0.3342	-5.4291	-2.1018	-3.8118	BS_9KE1B0N2
1272873_D1	SAS	NA	0	0	0	1	0	-1.2813	-6.3927	16.5204	4.2	-0.3395	BS_Q29JCR81
1272874_D1	AMR	NA	0	0.0072	0.9928	0	0	1.5935	-17.2751	-17.354	23.0527	-2.5841	BS_TNSAWVNZ
1272875_D1	EUR	NA	0	0	0.0602	0	0.9398	-2.0616	12.9319	-4.8769	-9.0972	-2.4283	BS_DQ4K25N9
1272876_D1	EUR	NA	0	0	0.0751	0	0.92490000000000006	-0.757	10.1703	-3.5356	-8.8326	-1.2754	BS_QT6885VD
1272877_D1	AMR	NA	0	0.0168	0.9822	0	0.001	-2.9363	-3.3605	-9.6269	4.7045	-1.5418	BS_KM89DQND
1272878_D1	AMR	NA	0	0.0062	0.9938	0	0	0.4003	-13.5506	-16.5874	21.1676	-2.1779	BS_DDAHA7XV
1272879_D1	EUR	NA	0	0	0.053900000000000003	0	0.9461	0.2179	12.8977	-5.7716	-8.6415	-2.2659	BS_T6A7Y544
1272881_D1	EUR	NA	0	0	0.0437	0	0.9563	-4.0687	11.8491	-1.8122	-11.2368	-3.8174	BS_PCVNR201
1272882_D1	EUR	NA	0	0	0.1177	0	0.8823	-2.5344	11.1236	-4.5351	-7.3261	-3.2105	BS_HQBMQ83Z
1272886_D1	EUR	NA	0	0	0.0475	0	0.9525	0.8178	12.659	-4.4392	-7.3934	-0.3577	BS_ASZ9T0QQ
1272887_D1	EUR	NA	0	0	0.077	0	0.923	-2.775	10.9983	-2.0275	-8.8456	-3.3775	BS_GQZ6F6Z8
1272888_D1	EUR	NA	0	0	0.0857	0	0.9143	-1.9044	11.3201	-4.4947	-8.4267	-2.7294	BS_EADQEW30
1272889_D1	EUR	NA	0	0	0.1023	0	0.8977	-4.472	10.3492	-2.9459	-9.0103	-3.7903	BS_57QQ2R5N
1272890_D1	EUR	NA	0	0	0.0924	0	0.9076	-0.9673	11.1647	-2.0904	-6.3956	-2.1681	BS_KW8KPHY1
1272891_D1	AMR	NA	0	0.001	0.6662	2e-4	0.3325	-10.0958	6.258	-0.5859	-6.9259	-3.1686	BS_5TJZT3DP
1272892_D1	EUR	NA	0	0	0.0742	0	0.9258	0.677	11.0477	-5.1563	-7.7218	-0.4358	BS_6MC5G0QQ
1272893_D1	SAS	NA	0	0	0	1	0	-2.8658	1.8236	7.5623	-1.3111	-1.602	BS_08MHZHP0
1272894_D1	EUR	NA	0	0	0.0808	0	0.9192	-2.3659	10.9732	-2.8677	-8.903	-0.5445	BS_YX4B8X27
1272895_D1	EUR	NA	0	0	0.0399	0	0.9601	-0.6255	11.9662	-5.072	-10.7454	-0.4761	BS_24D84Y4D
1272896_D1	AFR	NA	0	0.9995	5e-4	0	0	-55.8022	-15.0744	-0.9294	-1.0341	-2.1622	BS_8ZB4VFM0
1272897_D1	EUR	NA	0	0	0.0836	0	0.9164	-3.0384	11.8794	-4.344	-8.1282	-1.7762	BS_CC4NNZ89
1272898_D1	EUR	NA	0	0	0.0753	0	0.9247	0.2851	11.2803	-6.0619	-8.3429	-2.4445	BS_EDR3P3N1
1272899_D1	EUR	NA	0	0	0.0736	0	0.9264	-1.1692	12.4398	-5.1727	-8.1433	-3.1065	BS_SPGRM30F
1272900_D1	AMR	NA	0	0.0074	0.9926	0	0	2.9375	-15.1282	-15.3462	19.3753	-2.8768	BS_BWTKRHW5
1272901_D1	SAS	NA	0	0	0	1	0	-1.0925	-6.2672	15.6863	2.4039	-1.7767	BS_P8YZZA1W
1272902_D1	EUR	NA	0	0	0.0564	0	0.9436	-0.4519	12.7104	-5.6264	-8.3689	-1.537	BS_YF6152ER
1272903_D1	AFR	NA	0	0.9996	4e-4	0	0	-55.3692	-15.3315	-0.1256	-2.8502	-1.3374	BS_XC32CZW4
1272904_D1	AFR	NA	0	0.7269	0.2731	0	0	-25.0571	1.1509	-1.6577	-6.0283	-0.2749	BS_AM0SA1SK
1272905_D1	EUR	NA	0	0	0.0501	0	0.9499	0.2693	12.753	-5.156	-7.7998	-0.7531	BS_KNETFBT5
1272906_D1	EUR	NA	0	0	0.0612	0	0.9388	-0.798	11.8703	-3.8434	-7.8495	-0.1334	BS_WVVCSZ3T
1272907_D1	EUR	NA	0	0	0.0459	0	0.9541	0.1495	12.7931	-5.8994	-9.5441	-1.2952	BS_8ZV9TVF8
1272908_D1	AMR	NA	0	0.0027	0.9854	0.0011	0.0108	-0.4374	2.0793	-9.4069	3.5768	-1.4644	BS_TXPM0YA1
1272909_D1	EUR	NA	0	0	0.2443	0	0.7557	-2.7795	8.0143	-5.7391	-6.2341	-2.9098	BS_1XR13P0G
1272910_D1	EUR	NA	0	0	0.0604	0	0.9396	-0.1928	11.6279	-2.2806	-8.2854	-0.6973	BS_0QVD4BN5
1272911_D1	EUR	NA	0	0	0.0635	0	0.9365	-1.5975	11.6795	-4.5746	-9.4042	-0.3856	BS_7SMN1CDX
1272912_D1	EUR	NA	0	0	0.0665	0	0.9335	0.093	11.6385	-4.4412	-8.3437	-1.2085	BS_B7B2F7A5
1272913_D1	EUR	NA	0	0	0.0592	0	0.9408	-1.1726	12.5349	-4.0018	-8.8267	-2.0951	BS_SMC47R2E
1272914_D1	EAS	NA	1	0	0	0	0	7.2547	-43.0449	-2.6186	-6.8385	0.1779	BS_BEY5CX92
1272915_D1	SAS	NA	4e-4	9e-4	0.0252	0.7896	0.1839	-1.6511	1.565	2.6247	-1.4512	-3.0498	BS_7YFTCTY4
1272916_D1	EUR	NA	0	0	0.0913	0	0.9087	-0.1324	11.3048	-6.0235	-7.3833	-2.1978	BS_R8JE16BE
1272917_D1	AFR	NA	0	0.7984	0.2016	0	0	-29.1134	-3.0131	-0.5044	-5.5218	-4.8877	BS_CB0HFM1N
1272918_D1	AFR	NA	0	0.7958	0.2042	0	0	-28.9076	-3.8461	-2.338	-4.308	-3.3622	BS_JQBSCZDP
1272919_D1	AFR	NA	0	0.8572	0.1428	0	0	-29.3196	-0.5608	-0.4935	-5.4714	-2.5235	BS_K7914BRW
1272920_D1	AFR	NA	0	0.9992	8e-4	0	0	-53.9442	-14.4465	-1.8875	-1.7833	-1.7625	BS_6J0DCGAA
1272921_D1	EUR	NA	0	0	0.1003	0	0.8997	-0.3653	10.726	-5.12	-5.3252	-0.2928	BS_CME64B9P
1272922_D1	EUR	NA	0	0	0.0924	0	0.9076	-1.0024	11.3446	-4.3504	-7.3363	-2.4017	BS_TV0RAMSJ
1272923_D1	AMR	NA	0	0.017	0.983	0	0	-1.5289	-11.3412	-13.5391	14.3152	-1.6752	BS_16EJ2PXM
1272924_D1	EUR	NA	0	0	0.0602	0	0.9398	-0.664	11.3358	-3.9239	-9.1493	-1.6697	BS_V9A8QVQ7
1272925_D1	AFR	NA	0	0.9999	1e-4	0	0	-61.3418	-16.937	0.7555	-1.9901	-1.4745	BS_0XSV3F9T
1272926_D1	AFR	NA	0	0.9767	0.0233	0	0	-38.0647	-7.4791	-2.0954	-5.2485	-1.6221	BS_HWR6TB2K
1272927_D1	AMR	NA	0	0.0089	0.991	0	1e-4	-0.269	-4.1639	-11.5305	9.3193	-2.404	BS_3JP5SJCG
1272928_D1	EUR	NA	0	0	0.0628	0	0.9372	-0.0464	10.8157	-4.7209	-9.1603	-2.0168	BS_QC0MN0GV
1272929_D1	EUR	NA	0	0	0.0977	0	0.9023	-2.9553	11.8613	-2.521	-7.6005	-5.2879	BS_5NXD2WTC
1272930_D1	AFR	NA	0	0.9999	1e-4	0	0	-61.6138	-16.5833	0.3096	-1.7059	-0.5891	BS_00Q8RSGQ
1272931_D1	EUR	NA	0	0	0.0428	0	0.9572	-1.6927	13.7448	-4.6271	-9.8496	-2.0882	BS_HHZSGW9S
1272932_D1	AMR	NA	0	0.0063	0.9908	1e-4	0.0028	-2.633	-0.0356	-10.1616	4.581	-3.0347	BS_EF9PA82H
1272933_D1	AMR	NA	0	0.0109	0.9891	0	0	-2.3258	-4.8147	-12.2437	10.8091	-1.8472	BS_8TEEC0E5
1272934_D1	EUR	NA	0	0	0.1396	0	0.8604	-0.5364	9.6733	-3.3472	-6.3062	-2.4289	BS_EXFHYBMZ
1272935_D1	AMR	NA	0	0.0023	0.9959	1e-4	0.0018	1.1462	0.205	-8.7128	6.2811	-4.184	BS_76F3DYC4
1272936_D1	EUR	NA	0	0	0.0659	0	0.9341	-2.1123	10.6313	-3.5835	-9.732	-2.9563	BS_1BWGF7SM
1272937_D1	EUR	NA	0	0	0.0637	0	0.9363	1.137	11.1932	-4.7888	-8.0549	0.0378	BS_GB54FEMJ
1273122_D1	EUR	NA	0	0	0.0374	0	0.9626	-1.0134	13.8223	-4.7278	-9.9132	-1.3809	BS_R3C25DBH
1273127_D1	EUR	NA	0	0	0.0629	0	0.9371	-0.5714	11.9728	-4.9119	-8.211	-0.7221	BS_M1AE192Q
1273128_D1	EUR	NA	0	0	0.0672	0	0.9328	-0.4663	11.6478	-5.2625	-8.767	-2.0462	BS_CBVT8Y47
1273248_D1	AFR	NA	0	0.9163	0.0837	0	0	-31.765	-1.8742	-2.9723	-6.3459	-0.9306	BS_6S41V3NR
1273258_D1	EUR	NA	0	0	0.0378	0	0.9622	-0.1974	13.2815	-5.6829	-9.2493	0.261	BS_XZC3NY4T
1273259_D1	EUR	NA	0	0	0.0602	0	0.9398	-1.4498	12.9402	-5.4069	-8.0703	-1.9751	BS_M9ENW0K8
1273260_D1	EAS	NA	0.9144	0	0.0856	0	0	2.5997	-14.2368	-2.274	-7.7625	-0.102	BS_ZBXWMJP8
1273261_D1	EUR	NA	0	0	0.0672	0	0.9328	0.7005	11.5879	-6.0275	-7.8644	-0.6467	BS_1RZY6Z3R
1273263_D1	EUR	NA	0	0	0.0462	0	0.9538	-0.1551	13.2207	-5.4347	-8.5864	-1.3283	BS_GXGGP3QZ
1273264_D1	EUR	NA	0	0	0.0621	0	0.9379	-0.4197	11.7378	-6.2495	-7.9376	0.7021	BS_B0DRCVQT
1273265_D1	AMR	NA	0	0.4881	0.5119	0	0	-24.9882	0.6631	-4.4159	-4.9314	-3.3387	BS_5MNX1W83
1273266_D1	EUR	NA	0	0	0.0541	0	0.9459	-0.7163	12.6881	-5.5839	-7.8166	-0.4502	BS_MNZ55TWJ
1273267_D1	AMR	NA	0	9e-4	0.7127	1e-4	0.2863	-10.8002	5.9195	-4.4116	-7.3511	-4.4276	BS_TG96ZV9R
1273268_D1	EUR	NA	0	0	0.0449	0	0.9551	-2.0558	12.9557	-5.075	-8.7664	1.7414	BS_NRWWJBW8
1273269_D1	EUR	NA	0	0	0.0608	0	0.9392	-0.5522	12.4366	-5.883	-8.9305	-2.3843	BS_Q1FH1E1F
1273270_D1	EUR	NA	0	0	0.0744	0	0.9256	-1.2667	11.8143	-5.9736	-8.4695	-1.3018	BS_4DQ2DHXR
1273271_D1	EUR	NA	0	0	0.0699	0	0.9301	0.0963	11.6158	-8.2119	-9.0557	-2.1238	BS_0S2KPR03
1273272_D1	EUR	NA	0	0	0.0717	0	0.9283	-2.4486	9.9765	-3.5808	-9.9587	-1.9209	BS_F2YAY9B5
1273273_D1	EUR	NA	0	0	0.0722	0	0.9278	-0.168	11.4433	-5.5979	-8.5206	-2.8877	BS_0F658FRV
1273274_D1	EUR	NA	0	0	0.0895	0	0.9105	0.6323	10.6204	-5.9291	-7.801	-2.4518	BS_ACC0WGNE
1273275_D1	EUR	NA	0	0	0.0616	0	0.9384	-1.01	12.5821	-4.1162	-8.0754	-2.0896	BS_420D64EN
1273276_D1	EUR	NA	0	0	0.4122	1e-4	0.5876	-5.1028	6.7873	-3.8052	-3.9611	-2.0628	BS_RJ5PY5MW
1273277_D1	EUR	NA	0	0	0.0585	0	0.9415	-1.0411	12.095	-5.3929	-9.3762	-2.2104	BS_KYR3GY3C
1273278_D1	EUR	NA	0	0	0.0548	0	0.9452	-0.0501	12.3034	-6.3156	-7.5487	0.4739	BS_W8KXPBJT
1273279_D1	EUR	NA	0	0	0.073	0	0.927	-1.9586	12.1956	-3.2779	-7.1296	-1.7401	BS_5A03GNVY
1273280_D1	EUR	NA	0	0	0.1102	0	0.8898	-2.2475	10.9795	-4.3823	-7.4878	-2.4679	BS_1EEV7ZZD
1273281_D1	EUR	NA	0	0	0.0895	0	0.9105	-1.0033	10.7763	-5.5135	-8.2482	-0.6372	BS_82ZB0CDQ
1273282_D1	EAS	NA	0.7202	0	0.2796	0	1e-4	3.8609	-14.1164	-2.1687	-9.0777	0.2869	BS_83GPBHKF
1273283_D1	EUR	NA	0	0	0.1241	0	0.8759	-3.5967	10.4925	-4.2048	-6.1065	-0.4382	BS_WX8Y5A0A
1273284_D1	AMR	NA	0	0.0109	0.9847	2e-4	0.0042	-1.0895	-1.1555	-8.9293	4.3029	-1.8828	BS_WFFTQD42
1273507_D1	AMR	NA	0	0.0125	0.9875	0	0	-1.0114	-7.3475	-11.7818	11.6385	-1.5252	BS_D5P0XCC7
1273508_D1	EUR	NA	0	0	0.0895	0	0.9105	-0.6089	10.8396	-3.5353	-6.6439	-0.7758	BS_W50WNPPH
1273509_D1	AMR	NA	0	0.011	0.989	0	0	-1.2121	-5.3454	-11.2784	10.3424	-2.2223	BS_3AWKS6A4
BS_00QJE3E5	EUR	NA	0	0	0.0373	0	0.9627	-0.1537	13.5487	-4.6384	-8.0814	0.0419	BS_00QJE3E5
BS_00ZND930	EUR	NA	0	0	0.0417	0	0.9583	-0.0096	13.8575	-4.3808	-8.3479	-2.4139	BS_00ZND930
BS_03KCP14P	EUR	NA	0	0	0.0586	0	0.9414	-1.163	12.3455	-3.9047	-7.5747	-0.4919	BS_03KCP14P
BS_05H4Y3ZF	EUR	NA	0	0	0.0689	0	0.9311	-2.8788	10.2987	-4.5671	-10.3024	-3.8966	BS_05H4Y3ZF
BS_0754AZX0	EUR	NA	0	0	0.1305	0	0.8695	-1.5201	10.3194	-5.5803	-4.8929	-0.729	BS_0754AZX0
BS_09RB14M8	AFR	NA	0	0.9983	0.0017	0	0	-50.8979	-13.6771	-2.9741	-2.7632	-1.1004	BS_09RB14M8
BS_0A99GJGD	AFR	NA	0	0.9974	0.0026	0	0	-47.0764	-11.0536	1.1688	-2.4515	-1.5785	BS_0A99GJGD
BS_0B2KNG4A	AMR	NA	1e-4	0.0115	0.9762	0	0.0122	-12.6233	2.7459	-5.9281	-0.6582	-3.7606	BS_0B2KNG4A
BS_0C83MQ6C	EUR	NA	0	0	0.0528	0	0.9472	-0.7949	12.4054	-3.2121	-8.988	-2.3499	BS_0C83MQ6C
BS_0FE1EFV8	EUR	NA	0	0	0.0861	0	0.9139	-1.1938	9.8665	-5.2626	-9.0657	-0.3461	BS_0FE1EFV8
BS_0JS89ADT	AFR	NA	0	0.9981	0.0019	0	0	-49.4033	-12.5573	-0.4006	-1.4337	-0.302	BS_0JS89ADT
BS_0KKH9VKP	EUR	NA	0	0	0.0422	0	0.9578	-1.3964	13.6739	-5.3209	-9.2698	-1.2279	BS_0KKH9VKP
BS_0MRKTX2B	AFR	NA	0	0.9983	0.0017	0	0	-49.4301	-11.5723	0.3	-3.2365	-1.6859	BS_0MRKTX2B
BS_0NC1NQ01	EUR	NA	0	0	0.4516	1e-4	0.5483	-6.3732	6.6392	-3.8206	-5.8841	0.0667	BS_0NC1NQ01
BS_0P2FRMSA	EUR	NA	0	0	0.0538	0	0.9462	0.1172	11.8989	-4.6439	-8.3798	0.3758	BS_0P2FRMSA
BS_0P3S5YJQ	AMR	NA	0	0.0054	0.9918	1e-4	0.0027	-1.6347	-0.8431	-11.4687	3.6792	-3.3376	BS_0P3S5YJQ
BS_0PB4PTHT	EUR	NA	0	0	0.1006	0	0.8994	-0.0874	10.639	-2.5179	-6.8252	-4.1774	BS_0PB4PTHT
BS_0QC2QX0P	EUR	NA	0	0	0.0732	0	0.9268	-1.2655	12.8576	-6.1488	-6.6592	-2.6672	BS_0QC2QX0P
BS_0QP42DN4	AMR	NA	0	0.0081	0.9896	1e-4	0.0021	-2.766	0.1149	-6.9821	5.7349	-2.0078	BS_0QP42DN4
BS_0R4R9C2K	AFR	NA	0	0.999	0.001	0	0	-53.1071	-14.7745	-1.6562	-2.1576	-0.6715	BS_0R4R9C2K
BS_0RVVY4PS	AFR	NA	0	0.9997	3e-4	0	0	-57.4197	-14.7451	-0.2593	-1.4691	-2.2439	BS_0RVVY4PS
BS_0TCRV9AC	AFR	NA	0	0.5177	0.4823	0	0	-24.3181	0.5058	-3.6945	-4.8787	-3.0411	BS_0TCRV9AC
BS_0TEYTQJY	EUR	NA	0	0	0.0562	0	0.9438	-0.911	12.8015	-4.3132	-8.367	-1.9447	BS_0TEYTQJY
BS_0TFDQ0NQ	EUR	NA	0	0	0.055	0	0.945	-0.6954	11.6385	-3.6691	-9.2955	-2.657	BS_0TFDQ0NQ
BS_0TTQDZ2K	EUR	NA	0	0	0.0846	0	0.9154	-4.0254	11.4561	-6.0793	-9.7383	-2.9729	BS_0TTQDZ2K
BS_0TX5YDGH	EUR	NA	0	0	0.0504	0	0.9496	-0.3005	12.1187	-3.0929	-9.0796	-1.6289	BS_0TX5YDGH
BS_0V76MCTW	EUR	NA	0	0	0.0695	0	0.9305	-1.0875	11.3827	-3.8752	-8.7307	-1.9369	BS_0V76MCTW
BS_0WDJRMAB	EUR	NA	0	0	0.0558	0	0.9442	-0.7782	9.9656	-4.6913	-10.3936	-4.8939	BS_0WDJRMAB
BS_0X88TX85	EUR	NA	0	0	0.0522	0	0.9478	-1.0762	11.2898	-4.0659	-9.9573	-1.7017	BS_0X88TX85
BS_0Y1Y2WA4	EUR	NA	0	0	0.0838	0	0.9162	-1.2677	10.9714	-4.3109	-7.7529	-0.3857	BS_0Y1Y2WA4
BS_0YFQF89N	SAS	NA	0	0	0	1	0	-0.9074	-1.9341	13.5096	1.5609	-2.4977	BS_0YFQF89N
BS_0YJF1F95	SAS	NA	0	0	0	1	0	-1.4817	-0.4021	10.6906	2.2507	-2.1186	BS_0YJF1F95
BS_0YV62XEX	AFR	NA	0	0.997	0.003	0	0	-47.1126	-12.4527	-1.081	-4.0501	-1.5508	BS_0YV62XEX
BS_1034EC8V	EUR	NA	0	0	0.0624	0	0.9376	-1.1831	13.0214	-4.413	-7.7967	-3.0076	BS_1034EC8V
BS_14EZDZE6	EUR	NA	0	0	0.1124	0	0.8876	-3.254	10.5913	-1.923	-7.697	-2.9211	BS_14EZDZE6
BS_14G6WY88	AFR	NA	0	0.9998	2e-4	0	0	-59.0747	-15.2036	-0.0939	-2.6461	-0.9225	BS_14G6WY88
BS_167KP98W	EUR	NA	0	0	0.1239	0	0.8761	-1.7356	10.8561	-4.8162	-5.8046	-2.4477	BS_167KP98W
BS_16KWXER9	EUR	NA	0	0	0.0695	0	0.9305	-0.8864	12.7202	-5.6763	-8.3324	-5.0188	BS_16KWXER9
BS_1B8B622B	AMR	NA	0	0.0092	0.9908	0	1e-4	-0.3512	-4.1528	-11.7164	9.2315	-1.8608	BS_1B8B622B
BS_1BQ1WBCT	EUR	NA	0	0	0.0517	0	0.9483	1.6228	11.8721	-3.5976	-8.341	-3.1426	BS_1BQ1WBCT
BS_1C3RDKQH	EUR	NA	0	0	0.0487	0	0.9513	-0.1118	11.695	-3.5284	-9.4497	-2.3493	BS_1C3RDKQH
BS_1CXWXC2H	EUR	NA	0	0	0.1024	0	0.8976	-3.0263	8.9464	-2.7868	-9.0486	-4.4747	BS_1CXWXC2H
BS_1DM8G1V8	EUR	NA	0	0	0.0918	0	0.9082	-0.0018	12.1808	-6.3864	-5.5937	-3.369	BS_1DM8G1V8
BS_1EWXJPWR	EUR	NA	0	0	0.0687	0	0.9313	-0.4723	11.6467	-4.1653	-8.4244	-1.759	BS_1EWXJPWR
BS_1G71S350	EUR	NA	0	0	0.0343	0	0.9657	-0.5517	13.6433	-4.7865	-8.5415	0.7197	BS_1G71S350
BS_1GEXQEBZ	EUR	NA	0	0	0.2186	0	0.7814	-0.8002	8.2981	-4.8657	-4.8182	-2.135	BS_1GEXQEBZ
BS_1GFP3T8N	EAS	NA	1	0	0	0	0	6.0687	-37.1982	-1.5568	-7.0897	1.829	BS_1GFP3T8N
BS_1GMX5YEM	EUR	NA	0	0	0.0808	0	0.9192	-1.6958	11.2864	-5.8303	-8.8967	-3.0984	BS_1GMX5YEM
BS_1HQACYRD	EUR	NA	0	0	0.059	0	0.941	0.5983	11.4016	-5.3167	-8.6631	0.4873	BS_1HQACYRD
BS_1HQWNZCB	EUR	NA	0	0	0.1537	0	0.8463	-4.2906	8.4467	-1.7474	-7.987	-2.8218	BS_1HQWNZCB
BS_1K0Q5YZY	AMR	NA	0	0.008	0.987	2e-4	0.0048	-0.4652	-1.3715	-9.4404	3.747	-2.794	BS_1K0Q5YZY
BS_1KR45PME	SAS	NA	0	0	0	0.9993	6e-4	-4.2327	1.9777	5.3213	-1.3399	-4.4907	BS_1KR45PME
BS_1KT7DF0G	AFR	NA	0	0.662	0.3379	0	1e-4	-24.5032	-2.1995	1.2675	-5.5292	-3.9309	BS_1KT7DF0G
BS_1MMZN94J	EUR	NA	0	0	0.067	0	0.933	-3.5066	12.9215	-2.6375	-7.6857	-2.2969	BS_1MMZN94J
BS_1NPNHFPC	AFR	NA	0	0.9975	0.0025	0	0	-48.0699	-11.058	-0.7749	-4.2871	-1.8843	BS_1NPNHFPC
BS_1NWVFBTQ	EUR	NA	0	0	0.0869	0	0.9131	-0.5198	10.2612	-5.4282	-8.5112	-3.6525	BS_1NWVFBTQ
BS_1Q9PXTH7	EUR	NA	0	0	0.1172	0	0.8828	-1.5722	10.384	-3.3045	-7.1868	-3.1538	BS_1Q9PXTH7
BS_1RA2RC8A	EUR	NA	0	0	0.0692	0	0.9308	-1.6797	12.7608	-3.9222	-5.8246	-1.7514	BS_1RA2RC8A
BS_1TKNKGBD	EUR	NA	0	0	0.0758	0	0.9242	-3.1836	12.039	-4.2303	-9.0608	-2.8955	BS_1TKNKGBD
BS_1VKV3MYJ	EUR	NA	0	0	0.1545	0	0.8455	-1.4429	8.3359	-4.2564	-7.3859	0.2545	BS_1VKV3MYJ
BS_1VKXE4H5	EUR	NA	0	0	0.0841	0	0.9159	-0.4184	10.0618	-6.7215	-9.0239	-1.0676	BS_1VKXE4H5
BS_1XMBRB6K	EUR	NA	0	0	0.04	0	0.96	-0.7654	13.4944	-5.6344	-8.8529	-0.2129	BS_1XMBRB6K
BS_1YCS44MN	EAS	NA	1	0	0	0	0	7.7176	-41.0725	-3.2691	-6.8519	-1.3299	BS_1YCS44MN
BS_1Z7833P7	EUR	NA	0	0	0.0895	0	0.9105	-2.5411	10.0112	-2.891	-8.8561	-2.9655	BS_1Z7833P7
BS_1Z7Y81NW	EUR	NA	0	0	0.0782	0	0.9218	-2.8007	11.2699	-5.2098	-9.4059	-1.9782	BS_1Z7Y81NW
BS_209APJ9M	EAS	NA	1	0	0	0	0	7.1776	-42.4831	-2.043	-8.4145	1.1738	BS_209APJ9M
BS_22PCHWT3	EUR	NA	0	0	0.063	0	0.937	-0.9887	12.2248	-4.6042	-8.5231	-1.468	BS_22PCHWT3
BS_23EJJGP1	EUR	NA	0	0	0.0317	0	0.9683	-0.8135	14.5177	-4.6801	-8.1185	-0.4884	BS_23EJJGP1
BS_251Z13NC	EUR	NA	0	0	0.096	0	0.904	-0.6325	10.3402	-2.8694	-7.5141	-3.5109	BS_251Z13NC
BS_26CXGVJ0	EUR	NA	0	0	0.1016	0	0.8984	-0.0808	10.8285	-2.9961	-6.7945	-4.0004	BS_26CXGVJ0
BS_26J942GD	EUR	NA	0	0	0.1572	0	0.8428	-1.2918	9.3238	-5.8084	-6.9201	-1.6941	BS_26J942GD
BS_29AM0104	EUR	NA	0	0	0.0426	0	0.9574	0.3125	12.7901	-5.5011	-9.6668	-1.46	BS_29AM0104
BS_29YQSB5E	AMR	NA	1e-4	2e-4	0.5749	3e-4	0.4245	-2.035	3.3885	-6.2141	-3.1151	-2.0144	BS_29YQSB5E
BS_2AQZX79Y	EUR	NA	0	0	0.1224	0	0.8776	-3.7522	9.9023	-1.9045	-7.9236	-3.34	BS_2AQZX79Y
BS_2BQGSW0G	EUR	NA	0	0	0.075	0	0.925	-2.1964	11.588	-2.633	-8.2514	-1.0568	BS_2BQGSW0G
BS_2C342NRE	AMR	NA	0	0.0129	0.9864	0	6e-4	-0.3262	-3.4447	-9.5658	6.3187	-2.7048	BS_2C342NRE
BS_2CRT47CB	EUR	NA	0	0	0.0416	0	0.9584	-0.4164	11.7672	-3.8319	-10.2686	-0.9912	BS_2CRT47CB
BS_2CSCA0JJ	EUR	NA	0	0	0.0914	0	0.9086	-1.6825	11.6705	-5.4483	-7.934	-2.6484	BS_2CSCA0JJ
BS_2E1MBQ4Y	SAS	NA	0	0	0	0.9946	0.0054	0.2349	2.3224	5.0534	-2.5009	-2.7089	BS_2E1MBQ4Y
BS_2EAATK5V	EUR	NA	0	0	0.0653	0	0.9347	-0.569	12.5311	-4.4554	-7.8399	-2.6216	BS_2EAATK5V
BS_2EJWS3SD	EUR	NA	0	0	0.066	0	0.934	-0.7992	11.0035	-3.5547	-8.9992	-0.5475	BS_2EJWS3SD
BS_2G2VJT4R	EUR	NA	0	0	0.0775	0	0.9225	-0.5136	10.7866	-3.0659	-8.1539	-1.9494	BS_2G2VJT4R
BS_2K76WTCZ	EUR	NA	0	0	0.0577	0	0.9423	-2.6555	12.9364	-4.2864	-7.2739	-0.4164	BS_2K76WTCZ
BS_2PBM9RA8	EUR	NA	0	0	0.0769	0	0.9231	-2.32	10.3031	-1.5651	-8.905	-3.1963	BS_2PBM9RA8
BS_2QF33SK7	EUR	NA	0	0	0.1018	0	0.8982	-1.176	11.1914	-3.1317	-7.1217	-4.584	BS_2QF33SK7
BS_2QRTD3RQ	EAS	NA	1	0	0	0	0	6.2059	-41.6803	-0.9931	-7.8897	-0.7274	BS_2QRTD3RQ
BS_2TZNPK1V	EUR	NA	0	0	0.0507	0	0.9493	0.4302	11.8061	-5.654	-9.4907	0.6616	BS_2TZNPK1V
BS_2V4BP5Q9	AFR	NA	0	0.9967	0.0033	0	0	-47.2263	-9.8159	-0.0744	-3.21	-2.6536	BS_2V4BP5Q9
BS_2X7JPRNN	EUR	NA	0	0	0.0872	0	0.9128	-1.2142	11.1599	-3.2347	-7.1259	-1.3818	BS_2X7JPRNN
BS_2ZKBYF95	EAS	NA	1	0	0	0	0	6.1525	-39.7075	-1.2894	-5.7303	2.2728	BS_2ZKBYF95
BS_2ZYFC11E	AFR	NA	0	0.7171	0.2829	0	0	-28.8482	-8.0439	-4.9925	-0.83	-0.9942	BS_2ZYFC11E
BS_30WN9M3C	AMR	NA	1e-4	0.0274	0.9662	0	0.0063	-13.7247	1.7683	-5.1592	-1.0313	-3.3251	BS_30WN9M3C
BS_318P54W7	EAS	NA	0.6675	5e-4	0.3319	0	1e-4	2.4935	-13.44	-1.6744	-8.1462	-3.1061	BS_318P54W7
BS_319879RE	EUR	NA	0	0	0.0653	0	0.9347	-0.3076	12.4459	-2.4809	-6.2972	-2.267	BS_319879RE
BS_31E3HZPZ	EUR	NA	0	0	0.0668	0	0.9332	-0.3075	10.697	-4.4521	-9.0876	-0.099	BS_31E3HZPZ
BS_31NJR956	EUR	NA	0	0	0.0707	0	0.9293	-0.5279	12.2717	-1.4904	-6.2533	-2.8313	BS_31NJR956
BS_331NCNGJ	AFR	NA	0	0.9767	0.0233	0	0	-38.6159	-6.8631	-1.8382	-4.4674	-2.3365	BS_331NCNGJ
BS_3365DM2R	EUR	NA	0	0	0.0751	0	0.92490000000000006	1.1097	11.0586	-0.6743	-6.8335	-2.7009	BS_3365DM2R
BS_345M1B93	EUR	NA	0	0	0.0992	0	0.9008	-3.1321	9.6836	-1.4949	-8.5455	-3.3676	BS_345M1B93
BS_358WF90F	EUR	NA	0	0	0.0487	0	0.9513	-1.4027	12.4288	-4.9296	-9.9696	-3.0707	BS_358WF90F
BS_35M8GBJ4	EUR	NA	0	0	0.0561	0	0.9439	-0.4696	11.9451	-4.9811	-8.6674	0.2002	BS_35M8GBJ4
BS_36PAKW92	EUR	NA	0	0	0.0382	0	0.9618	-0.7775	11.6968	-4.0773	-10.837	-1.4434	BS_36PAKW92
BS_36YFSGDX	EUR	NA	0	0	0.1397	0	0.8603	-2.2111	9.8307	-4.7324	-7.2915	-1.7077	BS_36YFSGDX
BS_370TKZ48	EUR	NA	0	0	0.1594	0	0.8406	-5.985	10.8258	-0.0699	-5.9464	-4.178	BS_370TKZ48
BS_382HZBG4	EUR	NA	0	2e-4	0.4355	7e-4	0.5636	0.6533	0.6892	-1.8846	-7.7351	-1.0119	BS_382HZBG4
BS_38CSCAJ1	EUR	NA	0	0	0.0503	0	0.9497	-1.4497	12.3794	-4.0722	-9.699	-2.135	BS_38CSCAJ1
BS_38D5GXR1	EUR	NA	0	0	0.0567	0	0.9433	0.0443	11.9738	-1.1616	-7.7365	-1.2962	BS_38D5GXR1
BS_39FV4VJR	EUR	NA	0	0	0.0963	0	0.9037	-4.0459	10.2906	-4.3073	-9.5002	-1.7991	BS_39FV4VJR
BS_3A55810M	EUR	NA	0	0	0.0607	0	0.9393	-0.2547	12.0827	-6.2285	-6.7292	0.7248	BS_3A55810M
BS_3BC5EX6K	EUR	NA	0	0	0.035	0	0.965	0.2212	12.0789	-4.5949	-10.6352	-2.1568	BS_3BC5EX6K
BS_3C702XH4	EUR	NA	0	0	0.119	0	0.881	-3.3777	11.4359	-5.7629	-7.4499	-3.1298	BS_3C702XH4
BS_3CK0QVDX	AMR	NA	0	0.0081	0.9919	0	0	0.0839	-8.2324	-11.4911	14.6176	-1.6217	BS_3CK0QVDX
BS_3DHNFFV6	EUR	NA	0	0	0.0714	0	0.9286	-3.0292	10.2175	-3.1141	-9.9384	-3.2329	BS_3DHNFFV6
BS_3DK9458W	EUR	NA	0	0	0.0486	0	0.9514	-0.477	13.0865	-3.1896	-7.7535	-1.559	BS_3DK9458W
BS_3DNSBVGH	AFR	NA	0	0.9979	0.0021	0	0	-49.9078	-12.1135	-3.3409	-4.7654	-2.1643	BS_3DNSBVGH
BS_3E3VYSXT	EUR	NA	0	0	0.1043	0	0.8957	-1.968	8.4738	-5.5171	-9.3922	-2.5289	BS_3E3VYSXT
BS_3EZR108Y	EAS	NA	0.9789	0	0.021	0	0	3.7771	-12.6509	0.6368	-5.388	-0.3465	BS_3EZR108Y
BS_3J179Q27	EUR	NA	0	0	0.0831	0	0.9169	1.3639	9.9869	-4.7016	-7.2909	0.8921	BS_3J179Q27
BS_3PNWA7WT	AMR	NA	0	0.0208	0.9792	0	0	-1.9951	-7.4086	-10.8996	9.1288	-2.7726	BS_3PNWA7WT
BS_3QM87V4D	EUR	NA	0	0	0.0593	0	0.9407	-1.5163	12.735	-3.9682	-6.6736	-0.7521	BS_3QM87V4D
BS_3X8GAQ2M	SAS	NA	0	0	0	1	0	-2.8429	-9.2535	21.1316	3.284	-3.1113	BS_3X8GAQ2M
BS_3YXGSTJ7	EUR	NA	0	0	0.0758	0	0.9242	-1.5456	10.9497	-4.9525	-9.075	-0.9303	BS_3YXGSTJ7
BS_408757Q1	EUR	NA	0	0	0.0474	0	0.9526	-0.7176	13.3109	-5.7851	-9.3108	-1.7984	BS_408757Q1
BS_40QCA1MC	SAS	NA	0	0	0	1	0	-3.2414	-3.6604	11.5014	0.3032	-1.7682	BS_40QCA1MC
BS_42XKWTEF	EUR	NA	0	0	0.0456	0	0.9544	0.8464	12.297	-6.0352	-9.5503	-0.0726	BS_42XKWTEF
BS_43F0DV8Y	EUR	NA	0	0	0.0763	0	0.9237	-3.4225	12.9444	-3.8518	-8.3168	-3.7974	BS_43F0DV8Y
BS_44WJZ1HP	EAS	NA	0.9809	0	0.0191	0	0	3.2573	-14.7535	-2.3149	-6.803	-2.8981	BS_44WJZ1HP
BS_44WMSY17	EUR	NA	0	0	0.0859	0	0.9141	-2.9789	11.6235	-4.4851	-8.7366	-3.8815	BS_44WMSY17
BS_45N760PZ	EUR	NA	0	0	0.1178	0	0.8822	-3.4134	10.0914	-3.2328	-8.1418	-3.4724	BS_45N760PZ
BS_45VHDFRD	EUR	NA	0	0	0.0386	0	0.9614	0.2515	11.644	-4.9432	-10.7896	0.7844	BS_45VHDFRD
BS_49Z8WJP2	EUR	NA	0	0	0.0608	0	0.9392	0.9805	8.9897	-2.9743	-9.3828	-1.8358	BS_49Z8WJP2
BS_4AM9C504	EAS	NA	0.9991	0	9e-4	0	0	3.1216	-22.017	-1.6061	-8.9655	0.6692	BS_4AM9C504
BS_4C6204BS	EUR	NA	0	0	0.0367	0	0.9633	0.6715	11.9687	-3.7345	-8.2538	2.4168	BS_4C6204BS
BS_4CVBQP6X	EUR	NA	0	0	0.1295	0	0.8705	-3.8778	10.5799	-1.4387	-6.9442	-2.705	BS_4CVBQP6X
BS_4EAVBDKR	AMR	NA	0	0.0093	0.9906	0	1e-4	0.9944	-5.6468	-12.5364	9.1713	-2.3751	BS_4EAVBDKR
BS_4EK9WVET	EUR	NA	0	0	0.1558	0	0.8442	-3.5405	9.7246	-4.6195	-7.03	-1.4985	BS_4EK9WVET
BS_4HD33MVB	EUR	NA	0	0	0.0793	0	0.9207	-1.6062	11.5713	-3.2234	-7.4541	-1.4202	BS_4HD33MVB
BS_4JPDCXVR	EUR	NA	0	0	0.0454	0	0.9546	-0.1495	12.9123	-5.0807	-8.5702	-0.4108	BS_4JPDCXVR
BS_4K4YW80B	EUR	NA	0	0	0.058	0	0.942	-0.5201	12.6393	-4.9321	-6.852	-0.7675	BS_4K4YW80B
BS_4KXBM5J8	EUR	NA	0	0	0.0548	0	0.9452	-1.4175	13.1316	-3.6713	-8.1159	-2.283	BS_4KXBM5J8
BS_4RT8H37A	EUR	NA	0	0	0.1416	0	0.8584	-1.1314	9.5111	-4.8719	-6.9965	-1.549	BS_4RT8H37A
BS_4RV40GPD	EUR	NA	0	0	0.0687	0	0.9313	-1.571	12.1382	-6.3855	-7.5673	-0.27	BS_4RV40GPD
BS_4RVAJBCR	EAS	NA	1	0	0	0	0	8.2335	-42.4745	-1.6436	-6.3903	-7.1512	BS_4RVAJBCR
BS_4SYCAGCF	EUR	NA	0	0	0.0728	0	0.9272	-1.2622	10.6386	-5.6651	-9.4306	-2.4642	BS_4SYCAGCF
BS_4T3BZ2F6	EUR	NA	0	0	0.0537	0	0.9463	0.7868	11.945	-4.9272	-8.8564	-1.4432	BS_4T3BZ2F6
BS_4T5WST43	EUR	NA	0	0	0.055	0	0.945	-0.4988	11.8376	-2.6539	-8.8606	-2.9075	BS_4T5WST43
BS_4T617TSG	EUR	NA	0	0	0.1168	0	0.8832	-1.4651	10.4203	-3.8723	-6.8313	-1.9053	BS_4T617TSG
BS_4TCFBBAG	EUR	NA	0	0	0.0449	0	0.9551	0.753	12.3596	-6.6063	-9.7462	-1.8805	BS_4TCFBBAG
BS_4TEXRBCG	SAS	NA	0	0	0	1	0	-0.2851	-4.972	15.6163	3.4917	-3.0313	BS_4TEXRBCG
BS_4WB7DQ31	AMR	NA	0	0.0088	0.9912	0	0	3.2146	-15.1834	-13.2085	18.6885	-1.4907	BS_4WB7DQ31
BS_4XTPR2VM	EUR	NA	0	0	0.0779	0	0.9221	-2.0624	12.2136	-4.8907	-8.5041	-2.9444	BS_4XTPR2VM
BS_4XYBBB7P	AFR	NA	0	0.999	0.001	0	0	-51.9413	-12.2212	-0.0908	-2.6192	-1.6733	BS_4XYBBB7P
BS_4Z2E5K9N	EUR	NA	0	0	0.0683	0	0.9317	1.0277	11.533	-3.7722	-7.5209	-1.6018	BS_4Z2E5K9N
BS_4ZRXYY4Z	EUR	NA	0	0	0.0751	0	0.92490000000000006	-0.0323	9.7984000000000009	-4.712	-9.013	-0.0864	BS_4ZRXYY4Z
BS_51ZADQ6R	EUR	NA	0	0	0.1007	0	0.8993	-3.5355	9.4587	-2.2046	-8.9903	-2.8169	BS_51ZADQ6R
BS_531TJYQE	EUR	NA	0	0	0.04	0	0.96	-0.1787	12.2894	-3.8121	-10.0067	-0.9915	BS_531TJYQE
BS_54HFWZ7Q	EUR	NA	0	0	0.0381	0	0.9619	0.5875	12.8874	-5.2908	-9.874	-1.492	BS_54HFWZ7Q
BS_556GG009	EUR	NA	0	0	0.0775	0	0.9225	-1.7224	11.5634	-2.7222	-6.326	-0.4448	BS_556GG009
BS_579DARY4	EUR	NA	0	0	0.0845	0	0.9155	0.4898	10.7918	-4.878	-7.767	-1.8253	BS_579DARY4
BS_59H6VFJX	AMR	NA	0	0.0208	0.979	0	2e-4	-2.6048	-4.8823	-9.9762	6.9361	-2.9347	BS_59H6VFJX
BS_5A11TKW2	EUR	NA	0	0	0.0434	0	0.9566	-1.6042	13.5837	-4.8367000000000004	-9.5074	-1.4657	BS_5A11TKW2
BS_5AXMM8V5	AFR	NA	0	0.9987	0.0013	0	0	-51.4317	-13.3176	-0.3045	-3.0506	-2.4936	BS_5AXMM8V5
BS_5B7YXYEH	EUR	NA	0	0	0.10780000000000001	0	0.8922	-2.9185	10.0101	-1.7655	-7.987	-3.8837	BS_5B7YXYEH
BS_5BCMBVDR	AFR	NA	0	0.6649	0.3351	0	0	-27.1195	-0.4499	-3.3438	-3.8311	-2.8685	BS_5BCMBVDR
BS_5BZXVKWT	EAS	NA	0.8837	2e-4	0.1159	0	1e-4	1.0057	-20.7462	-3.5684	0.8249	2.5278	BS_5BZXVKWT
BS_5C23V7CC	EUR	NA	0	0	0.0683	0	0.9317	-2.0384	12.2844	-4.2963	-7.8122	-1.2908	BS_5C23V7CC
BS_5ECS2BQT	EUR	NA	0	0	0.0819	0	0.9181	0.2262	10.4009	-4.7801	-8.209	-0.2345	BS_5ECS2BQT
BS_5ESEHG0A	AFR	NA	0	0.8709	0.1291	0	0	-31.2139	-6.1977	-4.1833	-4.3061	-1.3849	BS_5ESEHG0A
BS_5FBV0PKK	EUR	NA	0	0	0.0322	0	0.9678	1.2522	12.9436	-3.7624	-9.8386	-2.3566	BS_5FBV0PKK
BS_5FP2H6VW	EUR	NA	0	0	0.0553	0	0.9447	-0.2858	12.4388	-3.3293	-6.3134	-0.1422	BS_5FP2H6VW
BS_5G1SEJA5	EUR	NA	0	0	0.24	0	0.76	-3.9225	8.1388	-4.4831	-6.393	-1.7388	BS_5G1SEJA5
BS_5GRVA3YE	EUR	NA	0	0	0.1168	0	0.8832	-0.8517	10.6038	-7.7395	-7.7992	-2.37	BS_5GRVA3YE
BS_5HPHMEF3	EUR	NA	0	0	0.0635	0	0.9365	0.4212	11.6203	-4.8668	-8.5114	-1.9594	BS_5HPHMEF3
BS_5M3NSS9K	EUR	NA	0	0	0.0817	0	0.9183	-1.2797	11.8753	-5.1205	-8.184	-3.3889	BS_5M3NSS9K
BS_5MJ9XXAC	AMR	NA	1e-4	0.0195	0.9765	0	0.0039	-13.5907	0.463	-6.3951	-0.8542	-3.6741	BS_5MJ9XXAC
BS_5N2GEGMD	EUR	NA	0	0	0.1153	0	0.8847	-2.2136	9.5957	-3.1249	-8.2101	0.0842	BS_5N2GEGMD
BS_5N4ZSC43	AFR	NA	0	0.9986	0.0014	0	0	-51.1111	-11.8492	-0.7657	-2.9566	-2.1522	BS_5N4ZSC43
BS_5PYJQBEA	EUR	NA	0	0	0.0795	0	0.9205	-2.8002	10.6546	-2.7176	-9.2565	-1.2965	BS_5PYJQBEA
BS_5SH4MD89	EUR	NA	0	0	0.0584	0	0.9416	-0.7984	13.0103	-7.2463	-9.1009	-2.3509	BS_5SH4MD89
BS_5T9PYCRT	EUR	NA	0	0	0.0504	0	0.9496	0.7871	12.2139	-4.6314	-8.7666	-0.6318	BS_5T9PYCRT
BS_5VSK2DHE	EUR	NA	0	0	0.0815	0	0.9185	-0.0149	9.9464	-4.2046	-8.4644	-0.0932	BS_5VSK2DHE
BS_5W0BW97W	AFR	NA	0	0.9998	2e-4	0	0	-60.6717	-16.726	-2.1343	-1.8514	-1.0745	BS_5W0BW97W
BS_5WZE7TYQ	EUR	NA	0	0	0.0495	0	0.9505	-0.0305	12.7671	-4.1908	-8.1778	-1.1028	BS_5WZE7TYQ
BS_5YCVM9WF	EUR	NA	0	0	0.0663	0	0.9337	-2.8996	12.7211	-2.6537	-8.7381	-3.336	BS_5YCVM9WF
BS_5YXP6R6Q	EUR	NA	0	0	0.0464	0	0.9536	-1.2762	12.4011	-3.4944	-9.8252	-1.0997	BS_5YXP6R6Q
BS_601994WV	SAS	NA	0	0	0	1	0	-0.5027	-9.8631	16.482	2.4655	-0.5382	BS_601994WV
BS_60BP98YA	EUR	NA	0	0	0.0469	0	0.9531	0.0345	12.889	-5.318	-7.2955	0.1896	BS_60BP98YA
BS_617JM3FD	EUR	NA	0	0	0.0866	0	0.9134	-1.4776	9.0995	-2.9596	-9.3026	-0.3002	BS_617JM3FD
BS_618WFRXY	EUR	NA	0	0	0.1075	0	0.8924	-4.4238	10.455	-2.4337	-8.6887	-2.4264	BS_618WFRXY
BS_61AK2H2N	EUR	NA	0	0	0.0784	0	0.9216	-4.1736	11.6249	-3.0366	-9.3094	-4.6103	BS_61AK2H2N
BS_61C97RSA	AFR	NA	0	0.9998	2e-4	0	0	-58.8179	-15.4151	-0.1781	-2.474	-2.4004	BS_61C97RSA
BS_61KN2D29	EAS	NA	0.9996	0	0	3e-4	0	2.8623	-27.7899	5.5336	0.3462	-3.5736	BS_61KN2D29
BS_63AK4SCF	EUR	NA	0	0	0.1075	0	0.8925	-1.5264	10.6667	-3.4249	-7.4021	-4.4354	BS_63AK4SCF
BS_63JFFF51	EUR	NA	0	0	0.0476	0	0.9524	-2.312	10.8923	-4.9715	-11.3016	-2.4083	BS_63JFFF51
BS_63QHP547	EUR	NA	0	0	0.0836	0	0.9164	-1.795	9.4506	-3.1308	-9.4747	1.3003	BS_63QHP547
BS_644F21BX	EUR	NA	0	0	0.0431	0	0.9569	0.8393	11.3731	-3.7638	-9.7182	-2.7347	BS_644F21BX
BS_6458RHRT	AMR	NA	0	0.4466	0.5534	0	0	-29.5532	-8.8217	-6.7242	2.6244	-3.37	BS_6458RHRT
BS_656G546M	EUR	NA	0	0	0.076	0	0.924	-0.7121	11.089	-3.0039	-8.1496	-2.129	BS_656G546M
BS_65WGB39R	EUR	NA	0	0	0.068	0	0.932	-0.7123	9.9094	-2.0277	-8.9904	-2.5576	BS_65WGB39R
BS_65YZYWHD	EUR	NA	0	0	0.046	0	0.954	-0.2983	13.5911	-5.4723	-7.2399	-1.2261	BS_65YZYWHD
BS_668350EZ	AMR	NA	0	0.0128	0.9872	0	0	0.0098	-10.5231	-13.0774	13.908	-1.1732	BS_668350EZ
BS_683F9WT2	EUR	NA	0	0	0.0376	0	0.9624	-0.9236	12.9445	-2.809	-9.9852	-5.6468	BS_683F9WT2
BS_6BDC3V0J	EUR	NA	0	0	0.1278	0	0.8722	1.1816	9.882	-6.5212	-5.4358	-1.417	BS_6BDC3V0J
BS_6CXJKHG6	EUR	NA	0	0	0.0443	0	0.9557	-0.0896	13.8397	-5.3079	-8.6521	-2.7804	BS_6CXJKHG6
BS_6E10DMSJ	EUR	NA	0	0	0.1132	0	0.8868	-2.0858	11.0491	-5.2007	-6.5068	-2.0406	BS_6E10DMSJ
BS_6EASDEJQ	EUR	NA	0	0	0.0638	0	0.9362	-1.1939	10.6344	-1.758	-9.0824	-1.7528	BS_6EASDEJQ
BS_6FD0SW6E	AFR	NA	0	0.9975	0.0025	0	0	-48.5834	-10.7471	-1.6343	-2.3459	-0.5517	BS_6FD0SW6E
BS_6FHKKNF0	EUR	NA	0	0	0.0814	0	0.9186	-1.9971	11.078	-4.9299	-8.9445	-0.4947	BS_6FHKKNF0
BS_6FZJ9RME	EUR	NA	0	1e-4	0.4309	0	0.569	-9.9533	7.1438	-4.9502	-9.986	-2.7342	BS_6FZJ9RME
BS_6GS4XT7F	SAS	NA	0	0	0	1	0	-2.3347	-4.0837	15.0744	1.091	-1.0932	BS_6GS4XT7F
BS_6H3DP0G0	EUR	NA	0	0	0.1909	0	0.8091	-0.9935	8.7449	-6.0233	-5.528	-1.5667	BS_6H3DP0G0
BS_6J0XG5G8	EUR	NA	0	0	0.0566	0	0.9434	0.5361	12.3022	-4.5691	-7.7239	-1.1769	BS_6J0XG5G8
BS_6K3Y2WXF	AMR	NA	0	0.0018	0.692	1e-4	0.306	-11.6791	6.2313	-1.7989	-7.8583	-5.5536	BS_6K3Y2WXF
BS_6KKCF61D	AMR	NA	0	0.0134	0.9865	0	0	-1.5796	-5.2927	-10.4011	9.512	-2.0428	BS_6KKCF61D
BS_6M3B3TKJ	EUR	NA	0	0	0.0439	0	0.9561	-1.0345	13.458	-4.9488	-8.3392	-0.7858	BS_6M3B3TKJ
BS_6N7KRTKM	EUR	NA	0	0	0.0419	0	0.9581	-1.9292	13.416	-3.4607	-9.2259	-0.4982	BS_6N7KRTKM
BS_6NKMJDF0	EUR	NA	0	0	0.0897	0	0.9103	-0.1324	10.5539	-5.7794	-8.1482	-0.9504	BS_6NKMJDF0
BS_6PFQJMM3	AMR	NA	0	0.3307	0.6693	0	1e-4	-20.5438	0.8961	-3.5489	-4.4819	-1.1345	BS_6PFQJMM3
BS_6PQN5AMH	AMR	NA	0	0.2731	0.7269	0	0	-24.5333	-24.4179	2.1002	-2.3531	-0.0383	BS_6PQN5AMH
BS_6QF29TRA	EUR	NA	0	0	0.0641	0	0.9359	-2.6368	12.6295	-4.002	-8.0692	-1.4037	BS_6QF29TRA
BS_6S0YKNJD	EUR	NA	0	0	0.0696	0	0.9304	-0.3376	11.0241	-3.6278	-8.541	0.1665	BS_6S0YKNJD
BS_6S7T92KS	AFR	NA	0	0.7666	0.2334	0	0	-27.2564	-2.1286	-1.337	-5.3485	-2.944	BS_6S7T92KS
BS_6VQ446ZB	EUR	NA	0	0	0.0476	0	0.9524	-1.0296	13.182	-4.7168	-9.0227	-1.468	BS_6VQ446ZB
BS_6VTM903X	EUR	NA	0	0	0.4839	0	0.516	-9.957	8.0626	-4.5194	-8.7664	-1.6195	BS_6VTM903X
BS_6VYD7653	EUR	NA	0	0	0.0749	0	0.9251	-1.6272	10.3957	-5.1917	-9.487	-4.6433	BS_6VYD7653
BS_6X36H0V9	AFR	NA	0	0.997	0.003	0	0	-47.6365	-9.1375	-1.5956	-3.9774	-2.0025	BS_6X36H0V9
BS_6Y9AK5F8	EUR	NA	0	0	0.0658	0	0.9342	0.7247	11.6242	-3.9353	-5.9597	-0.0142	BS_6Y9AK5F8
BS_6YMCPWP4	EUR	NA	0	0	0.0728	0	0.9272	-2.9315	12.5661	-2.5095	-6.9151	-2.1401	BS_6YMCPWP4
BS_7014T562	AMR	NA	0	0.0089	0.9911	0	0	-0.5377	-11.7641	-14.9673	17.9286	-1.949	BS_7014T562
BS_70SGSPD8	EUR	NA	0	0	0.0378	0	0.9622	-1.1647	13.9164	-4.5746	-7.9681	-0.2747	BS_70SGSPD8
BS_71CN44A6	AFR	NA	0	0.6892	0.3108	0	0	-23.6322	0.3721	-1.6837	-6.3349	-0.3611	BS_71CN44A6
BS_751B2CF8	EUR	NA	0	0	0.1603	0	0.8397	-4.2925	9.8889	-4.2991	-7.5676	-2.3236	BS_751B2CF8
BS_75DNQFBP	EUR	NA	0	0	0.0878	0	0.9122	-2.8927	11.4236	-3.0965	-7.964	-1.54	BS_75DNQFBP
BS_78NPYDXE	EUR	NA	0	0	0.0656	0	0.9344	-0.4037	10.951	-5.1908	-9.2306	0.1529	BS_78NPYDXE
BS_79FBVAB7	EUR	NA	0	0	0.0337	0	0.9663	-0.4847	13.5805	-3.369	-8.4558	0.8954	BS_79FBVAB7
BS_7CBZW7P6	EUR	NA	0	0	0.2455	0	0.7545	-2.0368	8.3437	-6.0116	-5.4218	-2.7747	BS_7CBZW7P6
BS_7FHJGTZG	EUR	NA	0	0	0.0629	0	0.9371	0.294	12.3151	-6.3998	-7.2101	-1.024	BS_7FHJGTZG
BS_7GZKB2J6	EUR	NA	0	0	0.0693	0	0.9307	-1.7093	11.091	-4.2573	-9.2723	-1.651	BS_7GZKB2J6
BS_7M3XZQDD	EUR	NA	0	0	0.0688	0	0.9312	0.6628	11.1992	-4.7145	-6.9712	0.3291	BS_7M3XZQDD
BS_7NEND0C1	EUR	NA	0	0	0.1059	0	0.8941	-0.8329	10.0757	-5.9012	-6.1498	1.0072	BS_7NEND0C1
BS_7P08EG2E	EUR	NA	0	0	0.0802	0	0.9198	0.9197	10.7494	-3.4816	-7.4772	-2.1755	BS_7P08EG2E
BS_7QH9BCJQ	EUR	NA	0	0	0.082	0	0.918	0.089	11.023	-5.91	-8.0676	-0.9442	BS_7QH9BCJQ
BS_7QSPXKMP	EUR	NA	0	0	0.0817	0	0.9183	-0.8036	11.6126	-5.4377	-7.1825	-1.3975	BS_7QSPXKMP
BS_7RJ0BCXD	SAS	NA	0	0	0	0.9922	0.0077	-1.1147	2.7947	4.9771	-2.3524	-2.485	BS_7RJ0BCXD
BS_7V4S5B83	EUR	NA	0	0	0.0663	0	0.9337	-0.3467	11.7574	-5.0339	-7.3684	-0.198	BS_7V4S5B83
BS_7WQ4F99X	EUR	NA	0	0	0.0426	0	0.9574	-1.4871	13.7442	-5.3871	-7.9175	-0.4318	BS_7WQ4F99X
BS_7WWPY8WS	EUR	NA	0	0	0.081	0	0.919	-0.3817	10.7154	-3.2256	-7.9974	-1.2058	BS_7WWPY8WS
BS_7XEH55CB	EUR	NA	0	0	0.0542	0	0.9458	-1.3363	12.4374	-4.5711	-7.6282	0.4988	BS_7XEH55CB
BS_7XX4Q2RJ	EUR	NA	0	0	0.0999	0	0.9001	0.875	8.9721	-5.0893	-7.9176	-1.7635	BS_7XX4Q2RJ
BS_81PR0E1C	EUR	NA	0	0	0.2581	0	0.7419	-5.2385	7.2398	-4.4362	-7.3036	-1.4813	BS_81PR0E1C
BS_81S538NW	EUR	NA	0	0	0.0804	0	0.9196	-1.5807	11.4941	-2.8817	-8.0693	-2.944	BS_81S538NW
BS_82HQ2RBJ	AMR	NA	0	0.0129	0.986	0	0.0011	-2.5559	-1.6841	-10.3887	5.7775	-2.0314	BS_82HQ2RBJ
BS_83YQS965	EUR	NA	0	0	0.0921	0	0.9079	-2.8484	10.8964	-4.9459	-8.7463	-0.0558	BS_83YQS965
BS_84QXT7FR	AMR	NA	1e-4	0.0803	0.9178	0	0.0018	-15.3057	1.5796	-3.7565	-2.3226	-2.3754	BS_84QXT7FR
BS_85KFJ81X	EUR	NA	0	0	0.1211	0	0.8789	-0.7981	9.8383	-2.5393	-6.804	-3.5767	BS_85KFJ81X
BS_85TADN40	EUR	NA	0	0	0.0822	0	0.9178	-2.4774	9.9803	-3.8135	-9.4006	-3.8045	BS_85TADN40
BS_86EDWEA2	EUR	NA	0	0	0.0477	0	0.9523	-1.4505	12.9651	-6.7167	-8.8843	0.3817	BS_86EDWEA2
BS_872YDFKD	AMR	NA	0	0.0523	0.9463	0	0.0014	-16.1925	-0.7863	-4.7349	0.4895	-2.5163	BS_872YDFKD
BS_874XHFP7	EUR	NA	0	0	0.0612	0	0.9388	-1.0711	12.7106	-5.0815	-8.0947	-1.9481	BS_874XHFP7
BS_8782G07F	EUR	NA	0	0	0.1303	0	0.8697	-2.1804	8.8758	-2.4324	-7.5957	-4.9094	BS_8782G07F
BS_88B4WV6J	EUR	NA	0	0	0.0505	0	0.9495	4e-4	12.9227	-5.7687	-9.123	-2.7398	BS_88B4WV6J
BS_88FW45Z8	EAS	NA	0.9153	0	0.0847	0	0	2.9649	-15.5174	-2.272	-8.7371	-0.3157	BS_88FW45Z8
BS_89N80Q5Q	EAS	NA	1	0	0	0	0	7.0626	-42.3701	-3.7092	-7.4247	2.1227	BS_89N80Q5Q
BS_8AEFKGN1	AFR	NA	0	0.9985	0.0015	0	0	-50.3855	-12.275	0.8164	-2.4016	-2.6146	BS_8AEFKGN1
BS_8C8MQCSR	EUR	NA	0	0	0.0732	0	0.9268	-2.0559	12.0149	-5.6563	-9.0407	-2.5878	BS_8C8MQCSR
BS_8CA6RYK8	EUR	NA	0	0	0.0547	0	0.9453	-1.1833	13.0352	-4.8898	-9.0678	-2.3692	BS_8CA6RYK8
BS_8CDVTS20	EUR	NA	0	0	0.0566	0	0.9434	-0.2887	12.0678	-2.4492	-8.4799	-3.3655	BS_8CDVTS20
BS_8D40GRF9	EUR	NA	0	0	0.0978	0	0.9022	-3.1608	11.3381	-5.5268	-8.1826	-1.442	BS_8D40GRF9
BS_8DEXMY9R	AFR	NA	0	0.9969	0.0031	0	0	-47.7523	-10.2978	-1.623	-3.5007	-2.1832	BS_8DEXMY9R
BS_8DTDM1MK	EUR	NA	0	0	0.0783	0	0.9217	-0.155	10.8747	-4.3089	-8.2034	-0.8584	BS_8DTDM1MK
BS_8E0JGN14	EUR	NA	0	0	0.0587	0	0.9413	0.3036	11.8094	-3.7842	-8.3967	-0.8209	BS_8E0JGN14
BS_8F5V59SS	AMR	NA	0	0.0063	0.9933	0	4e-4	1.2764	-2.258	-9.0955	7.9173	-2.3242	BS_8F5V59SS
BS_8HZ761SQ	EUR	NA	0	0	0.0524	0	0.9476	-0.6925	12.6891	-4.3079	-8.9248	-1.4676	BS_8HZ761SQ
BS_8J2JNVSC	EUR	NA	0	0	0.0529	0	0.9471	0.692	11.9394	-3.8878	-8.1659	-0.1587	BS_8J2JNVSC
BS_8K1Y6NE6	EUR	NA	0	0.0016	0.4881	0.004	0.5063	-8.3116	5.4218	1.7892	-3.2182	-3.529	BS_8K1Y6NE6
BS_8PRJTBE1	EUR	NA	0	0	0.0463	0	0.9537	1.8133	10.9359	-4.7346	-9.4607	-1.4203	BS_8PRJTBE1
BS_8Q2EAYJR	EUR	NA	0	0	0.0643	0	0.9357	-0.0921	11.1875	-3.2371	-8.5495	-0.6405	BS_8Q2EAYJR
BS_8R1DYXMB	AMR	NA	0	0.0239	0.976	0	1e-4	-2.5029	-6.2604	-8.7574	8.0922	-1.3247	BS_8R1DYXMB
BS_8SMZ11ER	EUR	NA	0	0	0.0862	0	0.9138	-3.5426	10.6882	-2.7269	-9.0629	-3.9591	BS_8SMZ11ER
BS_8WTBCJT5	AFR	NA	0	0.9993	7e-4	0	0	-53.8847	-13.5311	-0.8947	-2.1993	-1.1568	BS_8WTBCJT5
BS_8X2PEXCW	EUR	NA	0	0	0.2273	0	0.7727	-0.7061	8.198	-2.963	-4.8946	-3.4707	BS_8X2PEXCW
BS_8X5V1WPA	EUR	NA	0	0	0.0438	0	0.9562	-0.1838	11.0341	-4.1262	-10.3845	-3.1831	BS_8X5V1WPA
BS_8YD46AZB	EUR	NA	0	0	0.0499	0	0.9501	-1.9624	13.3989	-4.1528	-9.4325	-2.8836	BS_8YD46AZB
BS_8ZTNXCZJ	AFR	NA	0	0.9139	0.0861	0	0	-33.2992	-5.6415	-2.2655	-2.0298	-0.9274	BS_8ZTNXCZJ
BS_91CV203N	AMR	NA	0	2e-4	0.6757	3e-4	0.3237	-1.8569	3.5293	-7.4901	-1.9118	-1.7983	BS_91CV203N
BS_92HPNHFB	EUR	NA	0	0	0.056	0	0.944	-3.3289	12.3077	-3.9664	-10.1701	-1.9079	BS_92HPNHFB
BS_92SK6DD8	EUR	NA	0	0	0.056	0	0.944	-1.5247	13.1186	-5.602	-8.5777	-1.9312	BS_92SK6DD8
BS_938K7FSV	AFR	NA	0	0.6883	0.3116	0	0	-26.3125	0.4069	-2.1643	-4.5625	-2.2224	BS_938K7FSV
BS_949NSSEH	EUR	NA	0	0	0.0685	0	0.9315	-0.6248	10.1082	-4.2273	-9.4584	-0.2103	BS_949NSSEH
BS_94Q28RX1	EAS	NA	1	0	0	0	0	5.8265	-38.6673	-0.4416	-5.2546	0.2647	BS_94Q28RX1
BS_95P46VE0	EUR	NA	0	0	0.0684	0	0.9316	1.7837	11.4647	-5.3371	-7.5558	-1.413	BS_95P46VE0
BS_95W988HQ	EUR	NA	0	0	0.4091	1e-4	0.5908	-3.4927	6.4138	-4.9733	-3.386	-2.7445	BS_95W988HQ
BS_96TGJVMN	EUR	NA	0	0	0.0811	0	0.9189	0.8917	10.8011	-3.8368	-7.5052	-1.4909	BS_96TGJVMN
BS_96TV932S	AMR	NA	1e-4	0.0861	0.9128	0	0.001	-15.2074	3.0273	-4.2417	-4.7432	-1.6144	BS_96TV932S
BS_9704T3DW	AMR	NA	0	0.2643	0.7026	5e-4	0.0326	-15.8239	-0.0948	3.2811	-3.2117	-3.4736	BS_9704T3DW
BS_97241EMC	EUR	NA	0	0	0.0691	0	0.9309	-2.7521	12.7455	-3.8512	-5.994	-1.0002	BS_97241EMC
BS_98RN7Y9D	AMR	NA	0	0.0246	0.9752	0	2e-4	-6.7145	-4.8881	-10.6915	4.9511	-1.3884	BS_98RN7Y9D
BS_9978Q2W5	EUR	NA	0	0	0.0517	0	0.9483	0.12	12.1386	-3.006	-8.0175	-0.2839	BS_9978Q2W5
BS_99HARYGS	EUR	NA	0	0	0.0778	0	0.9222	1.1761	9.6252	-3.4561	-8.0844	-0.9397	BS_99HARYGS
BS_99MW9ECE	AMR	NA	0	0.0767	0.9233	0	0	-9.2631	-8.9247	-9.2266	9.8153	-1.4779	BS_99MW9ECE
BS_9A5CF1QE	AFR	NA	0	0.9983	0.0017	0	0	-51.7651	-12.0602	-1.695	-0.9657	-1.2509	BS_9A5CF1QE
BS_9BBWSCD6	EUR	NA	0	0	0.0715	0	0.9285	-1.1195	11.6206	-3.7323	-8.4583	-4.1967	BS_9BBWSCD6
BS_9DKCQN5E	EUR	NA	0	0	0.0537	0	0.9463	-0.998	12.2388	-2.7119	-8.7921	-0.5592	BS_9DKCQN5E
BS_9E41M9S0	AFR	NA	0	0.9951	0.0049	0	0	-46.1213	-9.7395	-0.7004	-1.7421	-1.3589	BS_9E41M9S0
BS_9F8D3A05	EUR	NA	0	0	0.0838	0	0.9162	-2.0154	11.7075	-5.2253	-8.5346	-2.5543	BS_9F8D3A05
BS_9G82HJFA	AMR	NA	1e-4	1e-4	0.5075	0.0012	0.4911	1.527	-0.2396	-2.0642	-5.8751	0.6513	BS_9G82HJFA
BS_9GHGSRGG	AFR	NA	0	0.998	0.002	0	0	-49.6726	-14.1764	0.0398	-1.6789	-2.6625	BS_9GHGSRGG
BS_9GT5XCF3	EUR	NA	0	0	0.1501	1e-4	0.8499	-3.4598	8.4524	0.6979	-4.7772	-1.7386	BS_9GT5XCF3
BS_9H6Z0MEG	EUR	NA	0	0	0.0727	0	0.9273	0.1371	10.6388	-5.8495	-8.7072	1.0854	BS_9H6Z0MEG
BS_9H9A65SB	EUR	NA	0	0	0.0774	0	0.9226	0.9288	11.0668	-6.2355	-8.1013	-1.0709	BS_9H9A65SB
BS_9HVNGAB8	EAS	NA	1	0	0	0	0	5.7161	-43.2548	-5.0006	-7.9343	-2.8419	BS_9HVNGAB8
BS_9HYDMBBW	EUR	NA	0	0	0.0513	0	0.9487	0.5668	12.2903	-4.4286	-8.8304	-1.9053	BS_9HYDMBBW
BS_9NRNDZD0	AMR	NA	0	0.3771	0.6229	0	0	-20.5346	-0.1851	-2.7718	-5.4115	-2.4574	BS_9NRNDZD0
BS_9R1ENMBP	AMR	NA	0	0.0026	0.9974	0	0	6.6351	-23.122	-17.849	31.8503	-1.5196	BS_9R1ENMBP
BS_9S3N3Y5W	AFR	NA	0	0.7967	0.2033	0	0	-27.2587	-2.5182	-0.7967	-3.6	-1.2643	BS_9S3N3Y5W
BS_9TKZ0YP0	AMR	NA	2e-4	1e-4	0.7812	1e-4	0.2185	-5.9278	5.8368	-5.8516	-1.0384	-4.059	BS_9TKZ0YP0
BS_9TSKXKGH	EUR	NA	0	0	0.0683	0	0.9317	-1.0761	10.8393	-5.0372	-9.3554	-2.0277	BS_9TSKXKGH
BS_9XHV04WE	EUR	NA	0	0	0.1228	0	0.8772	-1.4338	10.6424	-4.0587	-6.7447	-2.9896	BS_9XHV04WE
BS_9XMMXFXW	EUR	NA	0	0	0.0665	0	0.9335	-2.3102	10.8012	-2.6919	-9.4843	-3.9341	BS_9XMMXFXW
BS_9YHX7QFW	EUR	NA	0	0	0.05	0	0.95	-1.8645	13.6575	-6.3721	-8.228	-1.3892	BS_9YHX7QFW
BS_9ZM2J7V4	EUR	NA	0	0	0.0522	0	0.9478	0.6893	12.8197	-5.1311	-7.3228	-1.3786	BS_9ZM2J7V4
BS_A1860P53	EUR	NA	0	0	0.0445	0	0.9555	-1.4083	13.6208	-4.2852	-8.8424	-1.7281	BS_A1860P53
BS_A1A5ZH77	EUR	NA	0	0	0.1203	0	0.8797	-3.6334	9.5147	-2.9763	-8.4035	-2.4972	BS_A1A5ZH77
BS_A3J2D5BF	EUR	NA	0	0	0.0568	0	0.9432	0.0613	11.3275	-3.3537	-8.9396	-0.4917	BS_A3J2D5BF
BS_A3Y7KGVY	AMR	NA	0	0.1102	0.8895	0	3e-4	-20.2968	-1.6672	-5.6476	0.4077	-0.675	BS_A3Y7KGVY
BS_A4JP70KJ	AMR	NA	0	0.0045	0.9955	0	0	3.5446	-5.9946	-12.0789	12.3459	-0.9144	BS_A4JP70KJ
BS_A75SK7WA	AMR	NA	0	0.0112	0.9888	0	0	-0.9528	-8.6943	-13.9052	13.094	-3.3289	BS_A75SK7WA
BS_AA6DZJ9Z	EUR	NA	0	0	0.0969	0	0.9031	-1.244	11.5671	-6.0257	-7.8406	-3.71	BS_AA6DZJ9Z
BS_AB2C1EF9	EUR	NA	0	0	0.2821	0	0.7179	-0.9846	6.8288	-6.2297	-4.4983	-0.4832	BS_AB2C1EF9
BS_ABDWNW1A	AMR	NA	0	0.0032	0.9968	0	0	5.0881	-25.0852	-19.8825	33.8882	-2.1143	BS_ABDWNW1A
BS_ACZNJGV3	EUR	NA	0	0	0.0871	0	0.9129	-1.1831	10.1837	-5.1839	-8.8065	-0.8282	BS_ACZNJGV3
BS_AEJZG4A3	EUR	NA	0	0	0.0813	0	0.9187	-0.8673	10.5285	-3.2304	-8.2902	-3.345	BS_AEJZG4A3
BS_AF68VM9V	AMR	NA	0	0.0087	0.9907	0	5e-4	0.7331	-2.5203	-8.4225	7.4392	-1.005	BS_AF68VM9V
BS_AF6A572P	EUR	NA	0	0	0.0783	0	0.9217	-1.4143	11.8296	-5.9532	-8.6422	-2.4654	BS_AF6A572P
BS_AGNSAKZG	EUR	NA	0	0	0.1218	0	0.8782	-5.7914	10.0838	-5.5048	-10.1024	0.208	BS_AGNSAKZG
BS_AJZ5H79X	EUR	NA	0	0	0.0773	0	0.9227	-2.0841	11.5557	-3.6147	-8.6036	-1.6159	BS_AJZ5H79X
BS_AKSDYCJZ	EUR	NA	0	0	0.1959	0	0.804	-0.1591	6.8459	-1.1963	-5.6656	-1.4316	BS_AKSDYCJZ
BS_APFT88Y3	EUR	NA	0	0	0.0807	0	0.9193	-2.9986	12.4101	-5.1157	-7.5765	-2.1892	BS_APFT88Y3
BS_ARSZZ15F	EUR	NA	0	0	0.1116	0	0.8884	-4.4545	11.0441	-3.3991	-8.3039	-1.9859	BS_ARSZZ15F
BS_ARW4NM3Z	EUR	NA	0	0	0.0635	0	0.9365	-0.5676	12.5019	-5.8641	-8.6185	-2.2325	BS_ARW4NM3Z
BS_AS05QBHE	EAS	NA	1	0	0	0	0	6.0634	-39.6737	0.5007	-6.0243	1.9535	BS_AS05QBHE
BS_AS4CJ75A	EUR	NA	0	0	0.0811	0	0.9189	0.5986	10.2202	-4.4722	-8.095	-1.6147	BS_AS4CJ75A
BS_ASJMZMN6	AFR	NA	0	0.9736	0.0264	0	0	-38.6879	-8.7667	-1.8496	-1.6374	-2.6124	BS_ASJMZMN6
BS_ATNJGE60	EUR	NA	0	0	0.0961	6e-4	0.9033	-8.5903	7.3934	2.4803	-7.3679	-2.0045	BS_ATNJGE60
BS_ATYBFKWJ	EUR	NA	0	0	0.069	0	0.931	1.6555	10.2356	-5.5898	-8.5287	-0.1932	BS_ATYBFKWJ
BS_AVGKS8QK	EUR	NA	0	0	0.0791	0	0.9209	0.502	11.7278	-6.7029	-6.2541	-1.2021	BS_AVGKS8QK
BS_AW6K6JM5	AMR	NA	0	0.0109	0.9891	0	0	-1.5177	-5.6572	-12.1382	11.1535	-0.7486	BS_AW6K6JM5
BS_AWRNMZAY	EUR	NA	0	0	0.0837	0	0.9163	-1.0141	11.3131	-4.2547	-7.7018	-1.5189	BS_AWRNMZAY
BS_AXJ00JPW	EUR	NA	0	0	0.082	0	0.918	-0.0772	11.1777	-4.4486	-6.8967	-0.9834	BS_AXJ00JPW
BS_AYFJ1B57	EUR	NA	0	0	0.0334	0	0.9666	0.6144	13.2145	-5.7454	-9.0173	1.3406	BS_AYFJ1B57
BS_AZ4ATNVV	EUR	NA	0	0	0.0636	0	0.9364	-1.8987	12.6604	-4.6097	-7.0766	-1.0255	BS_AZ4ATNVV
BS_AZG06JFG	EUR	NA	0	0	0.1031	0	0.8969	-2.0061	10.1642	-3.891	-6.6281	1.5618	BS_AZG06JFG
BS_B0M7XY0G	EUR	NA	0	0	0.0542	0	0.9458	0.9798	10.9557	-4.6387	-9.1788	-2.6362	BS_B0M7XY0G
BS_B2AFNXS1	AMR	NA	0	0.022	0.9768	0	0.0012	-9.7295	-2.4632	-7.9328	0.9965	-1.3374	BS_B2AFNXS1
BS_B3MB63BP	AMR	NA	0	0.0459	0.9541	0	0	-6.2186	-8.7994	-11.4469	9.5796	-2.03	BS_B3MB63BP
BS_B3WREYSV	EUR	NA	0	0	0.051	0	0.949	-0.6152	12.5314	-4.5757	-7.6918	0.2269	BS_B3WREYSV
BS_B4CQXY09	EUR	NA	0	0	0.0534	0	0.9466	-0.9425	11.6858	-5.0535	-9.8187	-3.216	BS_B4CQXY09
BS_B6H61NPY	EUR	NA	0	0	0.0722	0	0.9278	-1.653	12.0223	-4.2859	-8.3241	-1.8316	BS_B6H61NPY
BS_B77EHCCP	EUR	NA	0	0	0.0498	0	0.9502	-0.5722	12.5517	-3.9356	-8.8665	-0.7459	BS_B77EHCCP
BS_B77MC92H	AFR	NA	0	0.999	0.001	0	0	-54.1042	-14.9373	-1.1191	-1.5703	-3.7111	BS_B77MC92H
BS_B7SMC7HM	EUR	NA	0	0	0.0705	0	0.9295	1.1818	10.7689	-5.2865	-7.5881	0.6582	BS_B7SMC7HM
BS_B900YTMN	AMR	NA	0	0.0116	0.9883	0	0	-0.0822	-6.2572	-12.8422	9.7352	-0.6286	BS_B900YTMN
BS_B9SY1STS	EUR	NA	0	0	0.0394	0	0.9606	-0.569	13.2325	-4.7028	-9.944	-2.7664	BS_B9SY1STS
BS_BE3DW3RB	EUR	NA	0	0	0.0648	0	0.9352	-1.632	12.1765	-4.6407	-8.4905	-1.093	BS_BE3DW3RB
BS_BFK70293	EUR	NA	0	0	0.0648	0	0.9352	-0.3296	11.7724	-2.8663	-7.6264	-1.0888	BS_BFK70293
BS_BG996C4D	EUR	NA	0	0	0.0725	0	0.9275	-0.9197	9.57	-2.6478	-9.1437	-4.1822	BS_BG996C4D
BS_BGW6PHHK	EUR	NA	0	0	0.0768	0	0.9232	-2.1885	11.2543	-5.1806	-9.2036	-1.2998	BS_BGW6PHHK
BS_BJEG5SVT	EUR	NA	0	0	0.0942	0	0.9058	0.6459	10.4292	-5.6594	-5.5864	0.4706	BS_BJEG5SVT
BS_BJSASJC0	AMR	NA	0	0.0092	0.9908	0	0	0.18	-5.241	-11.3212	9.8319	-3.1034	BS_BJSASJC0
BS_BKCPNFZ5	EAS	NA	1	0	0	0	0	6.2965	-36.605	1.0664	-6.8356	0.7621	BS_BKCPNFZ5
BS_BKCQQ7BE	EUR	NA	0	0	0.2151	0	0.7849	0.2427	8.2265	-6.8663	-3.9884	-1.1232	BS_BKCQQ7BE
BS_BMYBS3EX	EUR	NA	0	0	0.0487	0	0.9513	-1.5641	13.2417	-4.1242	-8.4738	-1.2946	BS_BMYBS3EX
BS_BPDT230W	AFR	NA	0	0.9946	0.0054	0	0	-44.5549	-9.427	-1.4248	-4.0005	-1.4933	BS_BPDT230W
BS_BQ0WVWAM	AMR	NA	0	0.0057	0.9926	1e-4	0.0016	-0.1052	-0.9136	-9.2737	6.1529	-3.1457	BS_BQ0WVWAM
BS_BT4WRQCA	EUR	NA	0	0	0.0712	0	0.9288	-1.4289	11.1184	-4.2332	-9.0126	-1.9605	BS_BT4WRQCA
BS_BVRH3WGW	EUR	NA	0	0	0.1495	0	0.8505	-3.4218	10.1599	-4.6081	-7.0064	-2.3148	BS_BVRH3WGW
BS_BXTHPE56	EUR	NA	0	0	0.1303	0	0.8697	-2.0177	9.5563	-1.1301	-6.8533	-5.6827	BS_BXTHPE56
BS_BYA3D12Q	EUR	NA	0	0	0.1052	0	0.8948	-2.8228	11.3892	-4.1089	-7.8614	-3.7694	BS_BYA3D12Q
BS_BZ7FK347	EUR	NA	0	0	0.053	0	0.947	-0.8017	13.0231	-2.6263	-8.5054	-3.7824	BS_BZ7FK347
BS_C1X2TNTC	EAS	NA	1	0	0	0	0	7.5074	-32.1249	-2.6988	-6.8085	1.2347	BS_C1X2TNTC
BS_C2AV5D4A	EUR	NA	0	0	0.4484	0	0.5516	-2.7343	6.618	-7.1855	-2.3991	-2.464	BS_C2AV5D4A
BS_C4BTBM7G	AFR	NA	0	0.9989	0.0011	0	0	-53.8865	-13.7413	-1.9879	-0.2903	-1.0325	BS_C4BTBM7G
BS_C524TC33	EAS	NA	1	0	0	0	0	7.7427	-41.2075	-2.5376	-5.9463	-2.5604	BS_C524TC33
BS_C75Y7S77	EUR	NA	0	0	0.0659	0	0.9341	-2.6407	12.4154	-1.8784	-8.3117	-2.1402	BS_C75Y7S77
BS_C7M1W9D1	EUR	NA	0	0	0.0687	0	0.9313	-3.2169	11.9577	-3.2885	-9.2884	-4.1632	BS_C7M1W9D1
BS_C8EYP5BV	AMR	NA	0.0055	0.012	0.7018	0.031	0.2496	-4.2244	1.4368	0.6213	-1.8046	-1.8069	BS_C8EYP5BV
BS_C8FMN2ZR	EUR	NA	0	0	0.0635	0	0.9365	-1.4649	12.2091	-3.8018	-8.6135	-1.5277	BS_C8FMN2ZR
BS_C9A3X8GK	EUR	NA	0	0	0.069	0	0.931	-2.1007	12.3557	-3.5537	-6.7674	-1.0931	BS_C9A3X8GK
BS_CBVA073E	EUR	NA	0	0	0.0834	0	0.9166	-1.1847	10.8416	-4.2817	-8.4233	-1.2827	BS_CBVA073E
BS_CCZZ0NQF	EUR	NA	0	0	0.0909	0	0.9091	-1.868	10.8602	-3.9609	-7.7582	-0.6369	BS_CCZZ0NQF
BS_CEPD6BKP	EUR	NA	0	0	0.0529	0	0.9471	0.156	11.426	-4.2535	-9.326	-0.8267	BS_CEPD6BKP
BS_CEZVJC67	AMR	NA	2e-4	0.0338	0.9604	0	0.0055	-12.8032	2.1476	-4.5735	-1.9909	-2.1582	BS_CEZVJC67
BS_CFYBAG3K	EUR	NA	0	0	0.0442	0	0.9558	-0.3248	12.9964	-4.4411	-9.4588	-1.1792	BS_CFYBAG3K
BS_CJFTT8ZC	EUR	NA	0	0	0.0725	0	0.9275	-2.7001	11.2602	-4.7307	-9.5547	-2.3242	BS_CJFTT8ZC
BS_CKWQKB3A	EUR	NA	0	0	0.0898	0	0.9102	-1.0832	11.3591	-3.7917	-7.2702	-2.2492	BS_CKWQKB3A
BS_CMDFBW42	EUR	NA	0	0	0.103	0	0.897	-2.3979	10.0176	-3.0389	-8.3512	-1.0673	BS_CMDFBW42
BS_CN4VY1RE	EUR	NA	0	0	0.0636	0	0.9364	-0.9412	11.276	-2.2964	-8.7024	-2.7218	BS_CN4VY1RE
BS_CNHA65ED	EUR	NA	0	0	0.1174	0	0.8826	-2.7921	10.0634	-2.5436	-7.7178	-4.5934	BS_CNHA65ED
BS_CTEM6SYF	EUR	NA	0	0	0.0588	0	0.9412	-1.3136	9.9594	-2.9372	-10.0256	-3.6252	BS_CTEM6SYF
BS_CTQ82WX9	EUR	NA	0	0	0.0585	0	0.9415	-2.1228	12.6147	-2.1059	-8.3399	-1.7615	BS_CTQ82WX9
BS_CVBGRGCP	AMR	NA	0	0.007	0.9924	0	6e-4	-0.1993	-1.275	-11.4547	7.6363	-1.6633	BS_CVBGRGCP
BS_CW6NWAWQ	AFR	NA	0	0.9986	0.0014	0	0	-51.1686	-13.422	0.1815	-3.2332	-3.0569	BS_CW6NWAWQ
BS_CWMK1Y3Y	EUR	NA	0	0	0.103	0	0.897	-1.3376	10.7308	-3.4487	-6.4148	-1.3258	BS_CWMK1Y3Y
BS_CWQSGSKM	EUR	NA	0	0	0.1799	0	0.8201	0.1884	7.475	-1.7099	-5.3895	0.4631	BS_CWQSGSKM
BS_CX6SQF8T	EUR	NA	0	0	0.0647	0	0.9353	-0.5924	12.0475	-3.8971	-7.1801	-0.8747	BS_CX6SQF8T
BS_CYKA9DP6	EUR	NA	0	0	0.1006	0	0.8994	-2.1498	11.7991	-3.7082	-7.3188	-3.9708	BS_CYKA9DP6
BS_CYM7BP13	EUR	NA	0	0	0.0577	0	0.9423	-2.4358	11.1898	-2.2647	-9.8092	-2.9937	BS_CYM7BP13
BS_CZGNQ9KQ	EUR	NA	0	0	0.2766	1e-4	0.7233	-7.2002	8.0966	0.1997	-5.9639	-4.491	BS_CZGNQ9KQ
BS_D1TSGX69	EUR	NA	0	0	0.0663	0	0.9337	-1.2407	12.4082	-4.7959	-7.7878	-1.7164	BS_D1TSGX69
BS_D3ENA86N	EUR	NA	0	0	0.0777	0	0.9223	-1.6827	10.1907	-4.1848	-9.2515	-2.1233	BS_D3ENA86N
BS_D3VQDD5A	EUR	NA	0	0	0.1029	0	0.8971	-0.1302	10.0106	-5.419	-7.4717	-0.2096	BS_D3VQDD5A
BS_D48QXYW6	EUR	NA	0	0	0.0692	0	0.9308	-0.9155	10.9584	-3.7243	-8.8627	-1.3301	BS_D48QXYW6
BS_D4K3JN7S	AFR	NA	0	0.9984	0.0016	0	0	-50.5296	-13.0803	-1.3478	-2.701	-1.8793	BS_D4K3JN7S
BS_D4X1QMG0	EUR	NA	0	0	0.0494	0	0.9506	1.5957	12.7185	-4.8972	-7.6947	-1.5785	BS_D4X1QMG0
BS_D4YJXS6R	EUR	NA	0	0	0.0744	0	0.9256	-1.1072	10.5759	-2.5371	-8.583	-1.4502	BS_D4YJXS6R
BS_D64Q07W9	EUR	NA	0	0	0.0043	0.0187	0.977	-1.5959	7.2739	4.0701	-5.7399	-2.2115	BS_D64Q07W9
BS_D70Z2E3A	SAS	NA	0	0	0	1	0	-2.9432	-4.9697	15.856	3.4782	-3.1701	BS_D70Z2E3A
BS_D7AKEXHJ	EUR	NA	0	0	0.0474	0	0.9526	0.4724	13.0962	-4.9527	-8.041	-1.5562	BS_D7AKEXHJ
BS_D9FXAR11	EUR	NA	0	0	0.0623	0	0.9377	-0.5195	12.1104	-4.4897	-8.2726	-1.269	BS_D9FXAR11
BS_DAHM797G	EUR	NA	0	0	0.0739	0	0.9261	-1.0359	11.788	-4.0158	-7.8946	-1.7169	BS_DAHM797G
BS_DC5JYYPA	AMR	NA	0	0.0111	0.9887	0	1e-4	0.6594	-4.9634	-10.3152	8.0527	-2.1931	BS_DC5JYYPA
BS_DCEAZ94R	EUR	NA	0	0	0.1108	0	0.8892	-1.2621	10.7005	-4.5016	-7.3923	-3.6728	BS_DCEAZ94R
BS_DCYHM7GV	AFR	NA	0	0.9982	0.0018	0	0	-49.4524	-13.5407	-1.2949	-2.7598	-1.2578	BS_DCYHM7GV
BS_DDH5HKJK	AMR	NA	0	0.0193	0.9805	0	2e-4	-4.4167	-4.6985	-11.4878	5.9341	-1.5074	BS_DDH5HKJK
BS_DE3GMTKY	EUR	NA	0	1e-4	0.4492	5e-4	0.5502	0.5021	1.1404	-4.2168	-7.0878	-1.0531	BS_DE3GMTKY
BS_DF6YZT8Y	EUR	NA	0	0	0.0912	0	0.9088	0.3138	10.2884	-6.1477	-7.6655	0.1673	BS_DF6YZT8Y
BS_DF9MHMCK	EUR	NA	0	0	0.0472	0	0.9528	0.4521	11.4313	-6.2892	-10.0996	-2.2864	BS_DF9MHMCK
BS_DGCVGP50	AMR	NA	0	0.0028	0.9972	0	0	5.9663	-17.971800000000002	-17.2997	26.081	-1.0734	BS_DGCVGP50
BS_DH8Z9WDK	EUR	NA	0	0	0.0958	0	0.9042	-2.394	9.9232	-4.1162	-8.8323	-4.6016	BS_DH8Z9WDK
BS_DHHCTYYW	AMR	NA	0	0.0177	0.9822	0	0	-2.2542	-6.4829	-10.6493	9.5618	-2.395	BS_DHHCTYYW
BS_DHRJC5NK	EUR	NA	0	0	0.0644	0	0.9356	-1.8235	11.5136	-5.5271	-9.6786	-3.5507	BS_DHRJC5NK
BS_DJ7XB1DM	EUR	NA	0	0	0.0973	0	0.9027	-1.2344	10.2134	-4.6709	-8.2216	-3.4812	BS_DJ7XB1DM
BS_DKKJWR3M	EUR	NA	0	0	0.0876	0	0.9124	0.5758	10.4139	-3.6058	-7.4801	-2.5997	BS_DKKJWR3M
BS_DKTB5YDM	EUR	NA	0	0	0.0967	0	0.9033	-1.7557	8.8853	-2.2972	-8.6403	-2.4984	BS_DKTB5YDM
BS_DMD12ZRF	EUR	NA	0	0	0.0715	0	0.9285	-2.0185	11.7993	-4.8472	-9.0467	-1.5794	BS_DMD12ZRF
BS_DMP1BV1H	EUR	NA	0	0	0.1091	0	0.8909	-1.4127	10.304	-3.0605	-7.4038	-2.8976	BS_DMP1BV1H
BS_DNRQ0EN0	AMR	NA	0	0.0091	0.9899	0	0.001	0.5283	-2.5441	-11.0181	6.4973	-1.7181	BS_DNRQ0EN0
BS_DP925FZV	EUR	NA	0	0	0.0804	0	0.9196	-0.4627	11.798400000000001	-5.7527	-7.2433	-1.9289	BS_DP925FZV
BS_DQZV6K2W	AMR	NA	0.005	0.0076	0.9804	1e-4	0.007	1.7364	-7.9439	-6.4893	1.9375	-4.6502	BS_DQZV6K2W
BS_DRNNKZYE	EUR	NA	0	1e-4	0.4097	1e-4	0.5901	-5.5565	6.2084	-4.0884	-5.9157	-2.3953	BS_DRNNKZYE
BS_DSPH005J	EUR	NA	0	0	0.0765	0	0.9235	-0.2808	11.4245	-4.6708	-8.0253	-1.4994	BS_DSPH005J
BS_DTYN7DX6	EUR	NA	0	0	0.0433	0	0.9567	-1.1874	13.9754	-4.1826	-7.4879	-1.6685	BS_DTYN7DX6
BS_DW6P4EXB	SAS	NA	0	0	0	1	0	-2.6015	-8.0077	18.6212	6.0834	-1.6364	BS_DW6P4EXB
BS_E0H9DHVX	AMR	NA	0	0.0449	0.9551	0	0	-7.5228	-6.1532	-8.8766	8.546	-2.3269	BS_E0H9DHVX
BS_E14Q930J	AMR	NA	0.0016	0.0085	0.9885	0	0.0014	-1.1727	-11.3639	-7.3888	1.8579	-5.5486	BS_E14Q930J
BS_E1EPMTD5	EUR	NA	0	0	0.0622	0	0.9378	-1.9696	12.0982	-3.6666	-9.1385	-3.4821	BS_E1EPMTD5
BS_E1SWA20C	AMR	NA	0	0.0018	0.8775	1e-4	0.1206	-11.9162	6.5879	-0.5887	-6.4782	-1.1698	BS_E1SWA20C
BS_E24R3CN3	AMR	NA	0	0.0244	0.9734	0	0.0021	-16.129	0.9702	-6.9826	-0.2243	-2.564	BS_E24R3CN3
BS_E45WEXMB	EUR	NA	0	0	0.0514	0	0.9486	-1.8422	13.2972	-3.2508	-7.4378	-1.4018	BS_E45WEXMB
BS_E4SBS246	EUR	NA	0	0	0.1047	0	0.8953	-1.9829	10.6361	-5.1582	-7.9689	-1.1649	BS_E4SBS246
BS_E5RKHG41	EUR	NA	0	0	0.0706	0	0.9294	-0.9321	11.3218	-4.8935	-8.873	-1.0948	BS_E5RKHG41
BS_E6AVH26R	EUR	NA	0	0	0.0376	0	0.9624	-1.2189	13.6221	-3.9399	-10.0447	-1.4167	BS_E6AVH26R
BS_E758QJDD	EUR	NA	0	0	0.0723	0	0.9277	-0.0245	11.4223	-6.1692	-8.5032	-0.8058	BS_E758QJDD
BS_E7JTAP8Y	EUR	NA	0	0	0.0953	0	0.9047	-1.5893	11.195	-4.3264	-7.871	-2.2647	BS_E7JTAP8Y
BS_E951SZ7T	AMR	NA	0	0.0884	0.9095	0	0.0021	-17.5102	1.1533	-3.7251	-0.7164	-4.3436	BS_E951SZ7T
BS_EBBQ7GD2	EUR	NA	0	0	0.0753	0	0.9247	-2.6825	10.1122	-3.2482	-9.6385	-5.2261	BS_EBBQ7GD2
BS_ECMB9SWH	AFR	NA	0	0.9932	0.0068	0	0	-44.4763	-10.5654	-1.8786	-3.2923	-2.3802	BS_ECMB9SWH
BS_EE7684YB	EUR	NA	0	0	0.0744	0	0.9256	-2.5201	11.5541	-4.1192	-9.0723	-2.5039	BS_EE7684YB
BS_EFTRE3J4	EUR	NA	0	0	0.0853	0	0.9147	-1.7528	10.0972	-3.1104	-8.704	-2.4985	BS_EFTRE3J4
BS_EH43PB49	AFR	NA	0	0.9992	8e-4	0	0	-53.7552	-14.7336	-1.1183	-2.7989	-2.3416	BS_EH43PB49
BS_EHZWX70B	AMR	NA	0	0	0.7738	1e-4	0.2261	1.3929	6.7613	-6.9784	0.3596	-0.7762	BS_EHZWX70B
BS_EK6AB5ZC	EUR	NA	0	0	0.0652	0	0.9348	-0.2125	12.1243	-5.005	-8.4499	-3.1046	BS_EK6AB5ZC
BS_EM6VE8JM	EUR	NA	0	0	0.0536	0	0.9464	-0.6231	12.6276	-4.9832	-9.1451	-2.6193	BS_EM6VE8JM
BS_EM975DQ6	EUR	NA	0	0	0.0761	0	0.9239	-0.9231	10.7097	-3.3228	-8.5071	-3.2106	BS_EM975DQ6
BS_ENC15WW9	AFR	NA	0	0.9991	9e-4	0	0	-52.9128	-13.1052	-1.126	-3.3214	-1.7695	BS_ENC15WW9
BS_EPCD7XFA	EUR	NA	0	0	0.0565	0	0.9435	-0.3941	11.2344	-4.911	-9.555	-3.2382	BS_EPCD7XFA
BS_EQCAS6HV	AMR	NA	0	0.2591	0.7409	0	0	-23.0476	-5.9809	-6.3541	-0.3953	-3.2341	BS_EQCAS6HV
BS_EQG6D837	AMR	NA	1e-4	0.0101	0.989	0	8e-4	0.4371	-9.5164	-10.79	3.0099	-1.7033	BS_EQG6D837
BS_ER05WTNS	AFR	NA	0	0.925	0.075	0	0	-33.499	-7.1867	-0.907	-4.6618	-3.493	BS_ER05WTNS
BS_ER2MEZMV	EUR	NA	0	0	0.1506	0	0.8494	-3.2506	7.326	-4.9387	-8.87	-3.8008	BS_ER2MEZMV
BS_ESFA9S69	EUR	NA	0	0	0.0762	0	0.9238	-1.0919	11.3968	-5.0098	-8.1087	-0.6576	BS_ESFA9S69
BS_ET04R6F9	EUR	NA	0	0	0.0866	0	0.9134	-2.8094	11.839	-2.2846	-7.8544	-2.8754	BS_ET04R6F9
BS_ETAATG3J	EUR	NA	0	0	0.0973	0	0.9027	-2.2989	10.2257	-4.4424	-8.6566	-1.7991	BS_ETAATG3J
BS_EVE9103J	EUR	NA	0	0	0.0945	0	0.9055	-0.8987	11.0942	-5.2961	-7.4695	-1.7389	BS_EVE9103J
BS_EVZW31ZP	EUR	NA	0	0	0.0955	0	0.9045	-1.7325	11.066	-1.9769	-7.421	-2.4409	BS_EVZW31ZP
BS_EW74HRQW	EUR	NA	0	0	0.1241	0	0.8759	1.1018	8.6087	-5.8559	-7.2864	0.3804	BS_EW74HRQW
BS_EXKVBK51	EUR	NA	0	0	0.1019	0	0.8981	-0.7349	10.5886	-5.9335	-7.911	-1.4314	BS_EXKVBK51
BS_EYXVNC69	EUR	NA	0	0	0.0618	0	0.9382	0.7119	11.0002	-5.2875	-8.9108	-2.1209	BS_EYXVNC69
BS_F0K8DMTS	EUR	NA	0	0	0.0599	0	0.9401	-1.452	13.2985	-4.5881	-6.3904	-2.0248	BS_F0K8DMTS
BS_F0WR427W	SAS	NA	0	0	0	0.9958	0.0041	0.2532	1.5128	5.1371	-2.5768	0.21	BS_F0WR427W
BS_F2D6YE08	AFR	NA	0	0.999	0.001	0	0	-52.5175	-14.2634	-1.5666	-1.8832	-1.6576	BS_F2D6YE08
BS_F3K6K7R6	EUR	NA	0	0	0.219	0	0.781	-3.8828	8.4554	-6.3599	-7.1791	-2.9524	BS_F3K6K7R6
BS_F42WG7E7	EUR	NA	0	0	0.0534	0	0.9466	0.3157	11.3255	-3.3241	-9.1222	-0.1579	BS_F42WG7E7
BS_F46C86A9	EUR	NA	0	0	0.0393	0	0.9607	-1.2545	11.9114	-2.6692	-10.8504	-0.1939	BS_F46C86A9
BS_F48CQZ0E	EUR	NA	0	0	0.0606	0	0.9394	-0.6232	11.9804	-4.8686	-8.9748	-0.8879	BS_F48CQZ0E
BS_F4V6RWJ9	EUR	NA	0	0	0.1345	1e-4	0.8654	-4.5721	6.8601	0.9816	-5.9599	-5.8209	BS_F4V6RWJ9
BS_F5EX3ZY5	EUR	NA	0	0	0.0589	0	0.9411	-1.6545	12.6108	-4.3858	-7.8686	-0.9242	BS_F5EX3ZY5
BS_F69GWP99	EUR	NA	0	0	0.1002	0	0.8998	-0.3133	10.8268	-5.2088	-7.4194	-2.1093	BS_F69GWP99
BS_F8WRX1VY	EUR	NA	0	0	0.0676	0	0.9324	-2.401	11.6991	-5.451	-9.647	-0.9223	BS_F8WRX1VY
BS_F8Y7NRK8	EUR	NA	0	0	0.0703	0	0.9297	-0.5728	10.5864	-2.1123	-8.4638	-1.6759	BS_F8Y7NRK8
BS_FATPVK66	EUR	NA	0	0	0.0675	0	0.9325	-0.1769	12.0495	-4.5508	-7.7499	-1.8285	BS_FATPVK66
BS_FB1VVQAR	EUR	NA	0	0	0.1396	0	0.8604	-3.9458	9.0469	-3.3534	-8.243	-2.3226	BS_FB1VVQAR
BS_FBR8VCND	EUR	NA	0	0	0.0571	0	0.9429	0.2014	11.5056	-5.2563	-9.1872	-1.8743	BS_FBR8VCND
BS_FBZQ4DXA	AFR	NA	0	0.6932	0.3068	0	0	-27.0246	-1.2139	-3.0706	-5.6655	-3.8716	BS_FBZQ4DXA
BS_FCF1WV31	EUR	NA	0	0	0.0622	0	0.9378	1.5496	10.2019	-5.6343	-9.0221	0.1689	BS_FCF1WV31
BS_FCPCSXCG	EUR	NA	0	0	0.0595	0	0.9405	0.2242	11.3239	-4.088	-8.829	-2.727	BS_FCPCSXCG
BS_FD2A9E05	EUR	NA	0	0	0.0465	0	0.9535	-0.6411	12.1519	-4.2757	-9.8097	-1.0211	BS_FD2A9E05
BS_FEYZXWG7	EUR	NA	0	0	0.3454	0	0.6546	-1.1373	6.7704	-5.6011	-3.2186	-2.4949	BS_FEYZXWG7
BS_FF2TWA2W	AMR	NA	0	0.0107	0.9893	0	0	-1.5289	-9.7491	-12.4674	15.8725	-2.3305	BS_FF2TWA2W
BS_FFGQ61KQ	AFR	NA	0	0.9475	0.0525	0	0	-35.1594	-8.1176	-1.884	-1.1024	-0.1385	BS_FFGQ61KQ
BS_FGY7TGJF	AMR	NA	0	0.0338	0.9662	0	0	0.4102	-10.2751	-8.8861	7.2696	-1.4979	BS_FGY7TGJF
BS_FHDR7FJE	EUR	NA	0	0	0.1527	0	0.8473	-3.4008	9.772	-2.2086	-6.9355	-4.4351	BS_FHDR7FJE
BS_FJ19AHR2	EUR	NA	0	0	0.0377	0	0.9623	-1.7686	12.8913	-2.2947	-10.2663	-4.4256	BS_FJ19AHR2
BS_FJ9W9C74	EUR	NA	0	0	0.0443	0	0.9557	-0.0147	11.6271	-3.3126	-9.8693	-0.4499	BS_FJ9W9C74
BS_FNMYNKSR	EUR	NA	0	0	0.0445	0	0.9555	1.1854	11.3449	-3.6133	-9.5376	0.3477	BS_FNMYNKSR
BS_FNQMY128	AFR	NA	0	0.9999	1e-4	0	0	-61.05	-16.9501	-0.4092	-0.8647	-1.6637	BS_FNQMY128
BS_FPB0JGKX	AMR	NA	0	0.0115	0.9885	0	0	-1.7589	-6.7293	-12.6511	12.1187	-1.2977	BS_FPB0JGKX
BS_FQ58DAZV	EUR	NA	0	0	0.0581	0	0.9419	-0.1723	12.9688	-5.6954	-7.9674	-2.4835	BS_FQ58DAZV
BS_FQ7H95MY	EUR	NA	0	0	0.17	0	0.83	-0.3417	8.3547	-5.4705	-6.5987	-1.4103	BS_FQ7H95MY
BS_FRY5QDDQ	EUR	NA	0	0	0.0697	0	0.9303	0.8111	10.5576	-3.546	-8.2648	0.7788	BS_FRY5QDDQ
BS_FSK1AK5N	EUR	NA	0	0	0.0789	0	0.9211	-0.276	10.4957	-2.6635	-8.0234	-3.44	BS_FSK1AK5N
BS_FT5H2TGH	EUR	NA	0	0	0.0845	0	0.9155	-1.4995	11.2822	-2.8247	-7.6194	-1.6777	BS_FT5H2TGH
BS_FTKEJ5RH	EUR	NA	0	0	0.0591	0	0.9409	-1.6479	11.6463	-5.2763	-9.8245	-1.3965	BS_FTKEJ5RH
BS_FTRXA2R5	EUR	NA	0	0	0.1022	0	0.8978	-3.3952	9.3243	-0.6538	-8.5678	-3.3645	BS_FTRXA2R5
BS_FVGXRPNG	EUR	NA	0	0	0.1515	0	0.8485	-2.5759	9.7799	-3.1347	-6.8122	-3.6852	BS_FVGXRPNG
BS_FW28DA07	EUR	NA	0	0	0.0644	0	0.9356	-0.2754	12.2062	-6.593	-8.7173	-1.558	BS_FW28DA07
BS_G0MDQ0SR	AMR	NA	0	6e-4	0.9633	6e-4	0.0355	-3.8012	4.1889	-6.4475	0.8953	-1.4192	BS_G0MDQ0SR
BS_G113MX63	AFR	NA	0	0.9988	0.0012	0	0	-51.3596	-15.4382	0.5454	-2.5437	0.1977	BS_G113MX63
BS_G3PJTB8B	EUR	NA	0	0	0.0624	0	0.9376	-1.2431	12.4944	-3.8941	-8.2874	-2.0509	BS_G3PJTB8B
BS_G473TPVG	AMR	NA	0	0.0032	0.9968	0	0	5.2683	-16.1177	-16.8872	23.6091	-3.0715	BS_G473TPVG
BS_G4NEC9N5	EUR	NA	0	0	0.0737	0	0.9263	-2.6001	12.1581	-2.8138	-6.7416	-1.1419	BS_G4NEC9N5
BS_G5B1ZN5S	EUR	NA	0	0	0.072	0	0.928	-1.1549	12.1587	-6.9866	-8.6098	-1.6778	BS_G5B1ZN5S
BS_G64B5MDA	EUR	NA	0	0	0.1191	0	0.8809	-1.7317	9.6884	-4.2413	-7.3634	0.1089	BS_G64B5MDA
BS_GAB0V4YM	EUR	NA	0	0	0.0847	0	0.9153	-2.2635	12.1296	-5.3236	-8.3959	-3.2342	BS_GAB0V4YM
BS_GABF65KC	EUR	NA	0	0	0.0861	0	0.9139	-1.0497	10.6905	-5.5888	-7.3535	0.7572	BS_GABF65KC
BS_GAFJBRM5	EUR	NA	0	0	0.0518	0	0.9482	-1.0112	11.3087	-4.6341	-10.0839	-1.2988	BS_GAFJBRM5
BS_GAPT45QB	SAS	NA	0	0	0	1	0	-2.6697	-4.4659	15.0783	1.8723	-1.1835	BS_GAPT45QB
BS_GBQ6A3ST	EUR	NA	0	0	0.0887	0	0.9113	-1.7062	11.5135	-5.8855	-7.7674	-1.5551	BS_GBQ6A3ST
BS_GCNH4CC0	AMR	NA	1e-4	2e-4	0.58	6e-4	0.4191	-1.4312	3.8678	-4.9726	-1.1446	-1.3259	BS_GCNH4CC0
BS_GE6GWP4A	EUR	NA	0	0	0.0779	0	0.9221	-2.1392	11.2085	-4.5333	-8.9947	-1.4833	BS_GE6GWP4A
BS_GERET530	EUR	NA	0	0	0.048	0	0.952	-2.0037	13.349	-5.7357	-8.7708	-0.6455	BS_GERET530
BS_GEYA8N9C	EUR	NA	0	1e-4	0.4597	1e-4	0.5401	-7.3596	7.7211	-1.5266	-5.0247	-3.6422	BS_GEYA8N9C
BS_GFKX8YM0	AFR	NA	0	0.9977	0.0023	0	0	-48.0847	-13.0523	0.1422	-2.1398	-1.5804	BS_GFKX8YM0
BS_GGNKMKW9	AMR	NA	0	0.0616	0.9384	0	0	-12.5934	-6.324	-8.801	5.9056	-3.1414	BS_GGNKMKW9
BS_GJWAV3E5	AFR	NA	0	0.9982	0.0018	0	0	-49.9957	-14.3006	-0.954	-3.1162	-2.408	BS_GJWAV3E5
BS_GKFY1GX4	EUR	NA	0	0	0.065	0	0.935	0.2104	12.3505	-5.8829	-8.3601	-2.8642	BS_GKFY1GX4
BS_GKJZGTFS	EUR	NA	0	0	0.0863	0	0.9137	-0.4616	10.3904	-5.1068	-8.3878	-1.1937	BS_GKJZGTFS
BS_GKRMQS5W	EUR	NA	0	0	0.0606	0	0.9394	0.0436	11.7625	-4.4312	-8.6884	-3.0001	BS_GKRMQS5W
BS_GMJP7PN2	AMR	NA	0	0.0413	0.9484	0	0.0102	-15.0354	4.2581	-2.1556	-7.2353	-0.6247	BS_GMJP7PN2
BS_GNH80DDG	EUR	NA	0	0	0.0335	0.0127	0.9538	-5.2356	6.1256	3.0146	-5.3151	-1.9658	BS_GNH80DDG
BS_GNVN2D4K	AFR	NA	0	0.9991	9e-4	0	0	-53.258	-12.5057	-0.892	-1.6089	-0.6189	BS_GNVN2D4K
BS_GP9W8WG8	EUR	NA	0	0	0.0377	0	0.9623	-0.762	13.5586	-5.5286	-9.7295	-0.4524	BS_GP9W8WG8
BS_GPJ4WQ8E	EUR	NA	0	0	0.0671	0	0.9329	-2.06	11.2714	-5.6333	-9.7733	-4.1572	BS_GPJ4WQ8E
BS_GQ03DXR8	EUR	NA	0	0	0.0595	0	0.9405	-2.1846	12.7913	-6.6509	-9.1673	-1.1301	BS_GQ03DXR8
BS_GQ8X5D7D	EUR	NA	0	0	0.0523	0	0.9477	-2.0188	13.0231	-5.5603	-9.7112	-1.3971	BS_GQ8X5D7D
BS_GSF4J5DP	EUR	NA	0	0	0.096	0	0.904	-6.3993	10.5387	-0.5342	-9.4775	-5.1141	BS_GSF4J5DP
BS_GSH1192A	SAS	NA	0	0	0	1	0	-0.9975	-11.713	13.2811	2.1502	-0.2045	BS_GSH1192A
BS_GSKG0MB0	EUR	NA	0	0	0.1229	0	0.8771	-2.3833	10.7409	-3.9907	-6.5915	-2.4355	BS_GSKG0MB0
BS_GSTHVZFR	EUR	NA	0	0	0.0642	0	0.9358	0.1709	10.4964	-2.806	-8.6938	-2.4028	BS_GSTHVZFR
BS_GTY5J0S4	EAS	NA	0.8556	3e-4	0.1441	0	0	1.2693	-15.4843	0.4003	-7.7747	-2.3308	BS_GTY5J0S4
BS_GVA39GGG	EUR	NA	0	0	0.0497	0	0.9503	-1.6096	13.104	-3.5944	-9.3188	-2.3448	BS_GVA39GGG
BS_GWFF9E3C	EUR	NA	0	0	0.0825	0	0.9175	-1.8299	10.1137	-1.9119	-8.5739	-4.2135	BS_GWFF9E3C
BS_H17P6WH8	EUR	NA	0	0	0.1062	0	0.8938	-3.4619	10.8891	-3.2192	-8.1262	-1.7757	BS_H17P6WH8
BS_H281CW3G	AMR	NA	0	0.0113	0.9886	0	0	0.2015	-5.5515	-10.0328	9.3157	-1.5545	BS_H281CW3G
BS_H4KBJDGN	EUR	NA	0	0	0.0726	0	0.9274	-1.6205	11.2518	-5.5464	-9.2548	-2.4173	BS_H4KBJDGN
BS_H5KWGC03	EAS	NA	1	0	0	0	0	7.6447	-42.7835	-2.1059	-7.7778	-1.3387	BS_H5KWGC03
BS_H6JD43MF	EUR	NA	0	0	0.1252	0	0.8748	-2.1297	8.8185	-2.1983	-7.7213	-4.6881	BS_H6JD43MF
BS_H9813KRS	AMR	NA	0	0.0073	0.5082	0.0131	0.4714	-8.6188	2.5082	1.8083	-6.2036	-4.3696	BS_H9813KRS
BS_H9YGSVB9	SAS	NA	0	0	0	1	0	-2.5214	-4.6554	13.7534	1.1067	-1.0718	BS_H9YGSVB9
BS_HAA3VH3V	EUR	NA	0	0	0.0968	0	0.9032	-1.7011	10.4376	-3.9931	-8.1805	-2.7505	BS_HAA3VH3V
BS_HD85HDA9	EAS	NA	1	0	0	0	0	5.9019	-37.8735	4.0088	-5.0958	4.2562	BS_HD85HDA9
BS_HGPJ76NM	EUR	NA	0	0	0.0774	0	0.9226	-3.0697	11.9364	-3.881	-7.7658	-0.9863	BS_HGPJ76NM
BS_HHJZ05XC	EUR	NA	0	0	0.0586	0	0.9414	-2.2747	13.1243	-4.3741	-9.1346	-4.1146	BS_HHJZ05XC
BS_HJ7HYZ7N	EUR	NA	0	0	0.0594	0	0.9406	0.1222	11.5946	-5.73	-8.4557	0.5646	BS_HJ7HYZ7N
BS_HJ99CJ2R	EUR	NA	0	0	0.0637	0	0.9363	-1.959	11.4209	-3.7511	-9.4103	-4.2336	BS_HJ99CJ2R
BS_HKNDNG01	EUR	NA	0	0	0.1115	0	0.8885	-1.9584	10.4013	-2.5739	-6.3351	-1.0974	BS_HKNDNG01
BS_HM2ZG2J7	EUR	NA	0	0	0.0662	0	0.9338	-1.4934	11.1844	-4.6436	-9.3857	-3.5961	BS_HM2ZG2J7
BS_HMWZ2893	EUR	NA	0	0	0.0537	0	0.9463	-2.2337	11.4108	-5.0082	-10.5344	-1.7617	BS_HMWZ2893
BS_HN0SA3ZK	EUR	NA	0	0	0.0592	0	0.9408	-1.1938	11.9369	-4.5237	-8.9238	-0.023	BS_HN0SA3ZK
BS_HNWNZFHA	EUR	NA	0	0	0.0762	0	0.9238	-0.4121	10.8263	-3.5795	-8.2731	-2.7021	BS_HNWNZFHA
BS_HP0BWRY0	EUR	NA	0	0	0.0503	0	0.9497	-0.7939	12.4114	-4.6543	-9.5171	-1.7994	BS_HP0BWRY0
BS_HQEFFVM1	EUR	NA	0	0	0.063	0	0.937	-1.5065	12.1622	-5.3987	-9.2532	-2.1243	BS_HQEFFVM1
BS_HS2BZ6T2	EUR	NA	0	0	0.108	0	0.892	-0.9917	11.4349	-5.3925	-6.949	-3.708	BS_HS2BZ6T2
BS_HSPX2BV8	EUR	NA	0	0	0.1128	0	0.8872	0.6447	8.2678	-3.7725	-7.6509	0.2952	BS_HSPX2BV8
BS_HT2S4SW0	EUR	NA	0	0	0.0932	0	0.9068	-3.3112	12.0784	-4.4308	-7.2715	-2.653	BS_HT2S4SW0
BS_HV0NC9TY	EUR	NA	0	0	0.0779	0	0.9221	-1.0682	10.3919	-4.3889	-8.9115	-1.1777	BS_HV0NC9TY
BS_HVCBQ58H	AMR	NA	0	0.0168	0.9832	0	0	-0.6734	-10.2031	-13.3346	11.9418	-3.0106	BS_HVCBQ58H
BS_HVY3C919	EUR	NA	0	0	0.0863	0	0.9137	-3.4371	9.2771	-2.0325	-9.7092	-2.8276	BS_HVY3C919
BS_HWMV1DJ4	EUR	NA	0	0	0.0774	0	0.9226	-0.8321	11.4993	-3.9427	-7.576	-1.3736	BS_HWMV1DJ4
BS_J354PJZN	EUR	NA	0	0	0.1209	0	0.8791	-4.0803	10.8677	-3.3356	-7.9456	-3.196	BS_J354PJZN
BS_J4WKRNHA	EUR	NA	0	0	0.0388	0	0.9612	0.5633	13.3122	-5.961	-9.7496	-1.5592	BS_J4WKRNHA
BS_J5596HKA	EUR	NA	0	0	0.0503	0	0.9497	0.6594	10.8145	-5.5466	-9.9162	-1.1207	BS_J5596HKA
BS_J6Q1Z24T	EUR	NA	0	0	0.0867	0	0.9133	-1.3572	10.029	-3.8852	-8.8272	-0.2065	BS_J6Q1Z24T
BS_J764TSC8	EUR	NA	0	0	0.0859	0	0.9141	-1.4627	10.6459	-3.9534	-8.4682	-0.7062	BS_J764TSC8
BS_J7EMBT8S	EUR	NA	0	0	0.0679	0	0.9321	-2.7636	12.4663	-3.8486	-8.4917	-1.8386	BS_J7EMBT8S
BS_J7WQHJDQ	AFR	NA	0	0.7114	0.2886	0	0	-26.4146	-0.2437	-2.4179	-4.6843	-2.2477	BS_J7WQHJDQ
BS_J996NDK4	EUR	NA	0	0	0.0882	0	0.9118	-1.42	9.9922	-4.8936	-8.8764	-3.9177	BS_J996NDK4
BS_J9M165VZ	EUR	NA	0	0	0.0906	0	0.9094	-0.7416	9.0251	-2.6325	-8.7239	-0.0254	BS_J9M165VZ
BS_JAGHHZXH	EUR	NA	0	0	0.1034	0	0.8966	-3.4037	11.3189	-3.9401	-7.1129	-1.6856	BS_JAGHHZXH
BS_JDD16DMY	AFR	NA	0	0.9947	0.0053	0	0	-44.0902	-10.3016	-0.3559	-3.4173	-1.2844	BS_JDD16DMY
BS_JEPRW1KE	SAS	NA	0	0	0	1	0	0.4057	-2.9247	10.02	2.7402	-0.0829	BS_JEPRW1KE
BS_JF2EP1G9	AFR	NA	0	0.9976	0.0024	0	0	-48.7153	-12.8278	-1.3089	-1.308	-1.4863	BS_JF2EP1G9
BS_JFTDES2G	AMR	NA	0	0.0044	0.9956	0	0	5.5003	-21.1336	-16.1873	27.6125	-0.6154	BS_JFTDES2G
BS_JG0BEXPR	EUR	NA	0	0	0.0625	0	0.9375	-0.7326	12.5513	-3.6958	-7.7897	-2.3498	BS_JG0BEXPR
BS_JGTBRH16	EUR	NA	0	0	0.0601	0	0.9399	-1.2299	12.0385	-3.3153	-8.9007	-1.3245	BS_JGTBRH16
BS_JHEHVG4M	EUR	NA	0	0	0.0819	0	0.9181	-0.7274	11.0035	-4.363	-8.2245	-1.0227	BS_JHEHVG4M
BS_JJ593ZW7	EUR	NA	0	0	0.1115	0	0.8885	-3.5642	10.8791	-4.1532	-8.2448	-2.636	BS_JJ593ZW7
BS_JJNCV530	EUR	NA	0	0	0.0788	0	0.9212	-0.5548	11.2619	-3.6756	-7.7634	-1.3639	BS_JJNCV530
BS_JKYNBAFG	EUR	NA	0	0	0.1404	0	0.8596	-4.4443	8.9689	-2.7582	-8.3541	-2.8217	BS_JKYNBAFG
BS_JN7F983Y	EUR	NA	0	0	0.0633	0	0.9367	-0.1509	11.0894	-4.6978	-9.0323	-0.5642	BS_JN7F983Y
BS_JNFPEM6F	EUR	NA	0	0	0.0613	0	0.9387	0.0852	12.0632	-5.2588	-6.3899	0.25	BS_JNFPEM6F
BS_JNRAKEMV	EUR	NA	0	0	0.0755	0	0.9245	-1.6622	11.9172	-5.1188	-8.6635	-2.1605	BS_JNRAKEMV
BS_JQB0CTE7	EUR	NA	0	0	0.1623	0	0.8377	-2.195	8.6211	-2.4644	-6.8001	-2.4922	BS_JQB0CTE7
BS_JQDT3FKQ	EUR	NA	0	0	0.0817	0	0.9183	-2.8584	10.9259	-1.586	-8.5781	-3.894	BS_JQDT3FKQ
BS_JTSWHVNR	EUR	NA	0	0	0.137	0	0.863	-4.1302	10.0005	-3.4069	-7.9105	-3.2327	BS_JTSWHVNR
BS_JWETX0BH	AMR	NA	0	0.0051	0.9762	4e-4	0.0182	-4.9504	1.6103	-8.1655	0.4343	-1.9758	BS_JWETX0BH
BS_JXEQWWJH	EUR	NA	0	0	0.0759	0	0.9241	-1.5255	11.9327	-3.9156	-7.5509	-1.8187	BS_JXEQWWJH
BS_JYCKQ8E7	AFR	NA	0	0.9985	0.0015	0	0	-51.0813	-12.371	-1.0313	-1.6807	-2.2505	BS_JYCKQ8E7
BS_JZAENWRM	EUR	NA	0	0	0.0648	0	0.9352	-0.3969	12.3376	-4.2855	-8.1724	-2.4425	BS_JZAENWRM
BS_JZKV3CQ1	EUR	NA	0	0	0.0735	0	0.9265	-1.1021	11.433	-5.0342	-7.0639	0.4296	BS_JZKV3CQ1
BS_K0R1DMA7	EUR	NA	0	0	0.0627	0	0.9373	-1.9616	12.0862	-4.3835	-8.7398	-0.4388	BS_K0R1DMA7
BS_K1ZCZDGY	EUR	NA	0	0	0.047	0	0.953	0.9044	12.7239	-4.5946	-8.8322	-1.7761	BS_K1ZCZDGY
BS_K2S0JAFS	EUR	NA	0	0	0.1143	0	0.8857	-2.7217	9.1645	-0.3651	-7.768	-4.3643	BS_K2S0JAFS
BS_K33VBFJV	EUR	NA	0	0	0.0367	0	0.9633	-0.3209	13.8732	-4.9992	-8.2715	-0.565	BS_K33VBFJV
BS_K3N0H305	EUR	NA	0	0	0.15310000000000001	0	0.8469	0.3766	6.4586	-5.0962	-7.6571	-1.1994	BS_K3N0H305
BS_K44TMQ9G	EUR	NA	0	0	0.0737	0	0.9263	-0.7834	11.1904	-3.0607	-8.269	-1.7156	BS_K44TMQ9G
BS_K4XGEGW0	EUR	NA	0	0	0.0497	0	0.9503	0.3942	13.0177	-4.4902	-7.5362	-1.5866	BS_K4XGEGW0
BS_K5NQH15K	EUR	NA	0	0	0.0513	0	0.9487	0.8973	12.2206	-5.76	-9.0358	-0.9564	BS_K5NQH15K
BS_K65XZGKM	SAS	NA	0	0	0	1	0	-2.1574	-1.9738	14.8518	2.5408	-1.942	BS_K65XZGKM
BS_K6DDD96R	EUR	NA	0	0	0.0804	0	0.9196	1.0308	8.0361	-2.4361	-8.8075	-0.1411	BS_K6DDD96R
BS_K756ZQDR	EUR	NA	0	0	0.0635	0	0.9365	-0.6273	11.8324	-3.6637	-7.8949	-0.6621	BS_K756ZQDR
BS_K7A7QW76	EUR	NA	0	0	0.0529	0	0.9471	-1.0421	10.5098	-4.4708	-10.487	-0.9018	BS_K7A7QW76
BS_K7R4CV56	EUR	NA	0	0	0.115	0	0.885	-0.2736	9.4067	-5.1258	-7.6337	-1.2578	BS_K7R4CV56
BS_K9NDFNWV	AMR	NA	1e-4	0.026	0.9702	0	0.0037	-14.7475	1.2068	-6.4185	-0.9566	-2.2931	BS_K9NDFNWV
BS_K9TB43R2	EUR	NA	0	0	0.0645	0	0.9355	-2.2496	12.2401	-3.2582	-8.9585	-2.0706	BS_K9TB43R2
BS_KA6B8TG8	EUR	NA	0	0	0.1101	0	0.8899	-1.5275	10.9945	-5.0543	-7.2678	-2.6282	BS_KA6B8TG8
BS_KAPQRSFM	EUR	NA	0	0	0.0772	0	0.9228	-3.0687	12.2186	-2.0491	-8.2986	-2.8979	BS_KAPQRSFM
BS_KB57P6YZ	EUR	NA	0	0	0.0639	0	0.9361	-0.9721	10.7704	-4.0004	-9.3704	-1.2955	BS_KB57P6YZ
BS_KBM2MTND	EUR	NA	0	0	0.0865	0	0.9135	-0.4122	9.9897	-5.8937	-8.7475	-1.576	BS_KBM2MTND
BS_KC1C1TZA	EUR	NA	0	0	0.2014	0	0.7986	-2.5311	9.024	-2.9792	-5.4105	-2.965	BS_KC1C1TZA
BS_KC7HM9HA	EUR	NA	0	0	0.0803	0	0.9197	-3.6677	12.9995	-4.3348	-7.2397	-3.3333	BS_KC7HM9HA
BS_KD07YRG3	EUR	NA	0	0	0.1023	0	0.8977	-0.3894	10.5823	-5.3496	-7.5529	-1.634	BS_KD07YRG3
BS_KF14TKFY	EUR	NA	0	0	0.1011	0	0.8989	-2.6753	10.1541	-3.0457	-8.3693	-3.3203	BS_KF14TKFY
BS_KFFMZDJ0	EUR	NA	0	0	0.0903	0	0.9097	-1.1145	11.3972	-6.9091	-7.5037	-1.2829	BS_KFFMZDJ0
BS_KFTEJV19	EUR	NA	0	0	0.0367	0	0.9633	-0.0034	13.5534	-3.863	-9.5908	-2.8528	BS_KFTEJV19
BS_KG2Q04T7	EUR	NA	0	0	0.079	0	0.921	-0.4134	10.819	-3.8587	-7.9395	-0.3075	BS_KG2Q04T7
BS_KGG1WDT8	AMR	NA	0	0.0116	0.9884	0	0	0.0215	-8.6444	-13.2837	12.3157	-1.2365	BS_KGG1WDT8
BS_KKV7WAG3	EUR	NA	0	0	0.0708	0	0.9292	-2.226	11.4988	-4.406	-9.238	-1.3263	BS_KKV7WAG3
BS_KN5FPSJE	EUR	NA	0	0	0.0915	0	0.9085	-1.8894	11.7059	-3.2131	-7.6367	-4.4682	BS_KN5FPSJE
BS_KNJ64STQ	EUR	NA	0	0	0.0698	0	0.9302	-2.083	12.9764	-4.022	-7.615	-3.4094	BS_KNJ64STQ
BS_KPVPQYD0	EUR	NA	0	0	0.0246	0	0.9754	0.772	14.3518	-5.8536	-9.9278	0.5132	BS_KPVPQYD0
BS_KRNZJ0BE	EUR	NA	0	0	0.2539	0	0.746	-3.3063	8.1059	-5.6556	-4.521	-1.04	BS_KRNZJ0BE
BS_KRYAZ09R	EUR	NA	0	0	0.067	0	0.933	-1.6849	10.7562	-4.5212	-9.6351	-1.2087	BS_KRYAZ09R
BS_KSFM87N1	EUR	NA	0	0	0.0778	0	0.9222	-1.6508	11.898	-3.8524	-8.0032	-2.2505	BS_KSFM87N1
BS_KSRKPT4Z	EUR	NA	0	0	0.046	0	0.954	-0.212	12.7113	-5.6755	-9.1827	-0.1411	BS_KSRKPT4Z
BS_KTKMBKXB	EUR	NA	0	0	0.0855	0	0.9145	-0.7631	11.3978	-1.5735	-7.1781	-4.9501	BS_KTKMBKXB
BS_KWQ8A6AJ	EUR	NA	0	0	0.0606	0	0.9394	-1.1603	12.1696	-3.715	-7.4718	-0.3662	BS_KWQ8A6AJ
BS_KZCXH6EX	EUR	NA	0	0	0.1221	0	0.8779	-2.5115	9.1781	-3.1264	-8.0356	-3.6902	BS_KZCXH6EX
BS_M1Q77XK8	AMR	NA	0	0.0079	0.9921	0	0	0.6569	-12.435	-15.1601	18.2682	-2.2693	BS_M1Q77XK8
BS_M28J7CGM	AFR	NA	0	0.9998	2e-4	0	0	-59.0842	-16.5946	0.6167	-1.4232	-0.6511	BS_M28J7CGM
BS_M2D1DQR4	EUR	NA	0	0	0.0604	0	0.9396	-0.0954	11.8416	-5.7656	-8.0782	0.1456	BS_M2D1DQR4
BS_M4KBSYZ2	EUR	NA	0	0	0.0876	0	0.9124	0.974	11.0806	-6.2874	-6.9839	-1.5812	BS_M4KBSYZ2
BS_M52K86E6	AFR	NA	0	0.9847	0.0153	0	0	-40.1688	-8.1818	-1.9807	-2.8871000000000002	-1.2595	BS_M52K86E6
BS_M5M3BPDH	EUR	NA	0	0	0.0686	0	0.9314	-0.503	12.1288	-6.3108	-7.7973	-1.2731	BS_M5M3BPDH
BS_M5R9Q04Z	EUR	NA	0	0	0.0358	0	0.9642	-0.5354	13.3023	-3.1607	-9.8835	-0.0782	BS_M5R9Q04Z
BS_M7KYG012	AMR	NA	0	0.0278	0.9721	0	1e-4	-3.8487	-5.6231	-9.1951	7.2749	-2.9505	BS_M7KYG012
BS_M9J949F5	EUR	NA	0	0	0.085	0	0.915	-0.8404	11.2038	-4.3613	-8.0097	-1.9441	BS_M9J949F5
BS_MAZNT95V	EUR	NA	0	1e-4	0.0545	0.0068	0.9386	-2.454	4.352	2.4	-5.1306	-3.5367	BS_MAZNT95V
BS_MCFJEQJ9	AMR	NA	0	0.0048	0.9952	0	0	4.6749	-12.5117	-13.0636	18.2008	-1.9077	BS_MCFJEQJ9
BS_MCWEQ2PN	EAS	NA	1	0	0	0	0	7.1051	-41.7288	-1.7875	-9.1755	-4.0665	BS_MCWEQ2PN
BS_MDHYHEBH	EUR	NA	0	0	0.0544	0	0.9456	-1.0426	13.0408	-3.1784	-8.6335	-2.8136	BS_MDHYHEBH
BS_MJVDW441	EUR	NA	0	0	0.167	0	0.833	-0.0149	9.0651	-3.9552	-5.7903	-2.6917	BS_MJVDW441
BS_MKGT5WZD	AMR	NA	0	0.224	0.7754	0	6e-4	-17.9799	3.892	-1.4338	-6.6289	-3.2294	BS_MKGT5WZD
BS_MKSMSB6J	SAS	NA	0	0	0	1	0	-1.3882	-3.7847	14.901	3.5879	-2.4705	BS_MKSMSB6J
BS_MKYS4YRC	EUR	NA	0	0	0.056	0	0.944	0.5315	11.1068	-4.4796	-9.2145	0.3832	BS_MKYS4YRC
BS_MN13H3T4	AFR	NA	0	0.9991	9e-4	0	0	-54.0994	-13.6158	-1.8482	-1.4492	-2.6813	BS_MN13H3T4
BS_MN2FX68Z	EAS	NA	1	0	0	0	0	6.1359	-39.6666	0.4134	-5.3915	1.6114	BS_MN2FX68Z
BS_MNF5CN7X	EUR	NA	0	0	0.057	0	0.943	-1.4115	12.0304	-4.7445	-8.5047	1.0396	BS_MNF5CN7X
BS_MS9061DG	AMR	NA	0	8e-4	0.8729	0.0023	0.124	0.1117	2.9016	-5.5602	0.4899	-0.8895	BS_MS9061DG
BS_MT98YTT4	EUR	NA	0	0	0.032	0	0.968	0.846	12.4798	-3.0274	-10.1154	-1.9477	BS_MT98YTT4
BS_MTA50F0G	AFR	NA	0	0.9998	2e-4	0	0	-60.982	-18.5495	-0.6789	0.0916	-2.6624	BS_MTA50F0G
BS_MTDQBCQK	EUR	NA	0	0	0.0871	0	0.9129	-0.4517	10.6112	-4.5185	-8.087	-1.544	BS_MTDQBCQK
BS_MVK4CG1G	EUR	NA	0	0	0.1121	0	0.8879	0.2464	11.1236	-5.8645	-4.9303	-2.5588	BS_MVK4CG1G
BS_MVYA262V	AMR	NA	0	0.0125	0.9875	0	0	0.7587	-12.5264	-13.3372	15.6945	-0.8407	BS_MVYA262V
BS_MWV7PRDK	AMR	NA	0	0.0092	0.9843	2e-4	0.0063	-2.8169	-1.2324	-8.1734000000000009	2.2063	-2.6613	BS_MWV7PRDK
BS_MX3KAJ7X	EUR	NA	0	0	0.0914	0	0.9086	-1.5929	11.2636	-4.8465	-7.8862	-1.7872	BS_MX3KAJ7X
BS_MYGMJ9ZW	EUR	NA	0	0	0.0739	0	0.9261	-2.1231	12.3005	-3.3991	-7.9134	-2.5609	BS_MYGMJ9ZW
BS_N05BJ03T	EUR	NA	0	0	0.0459	0	0.9541	0.6978	12.8316	-5.4725	-9.1684	-1.988	BS_N05BJ03T
BS_N0X0S3JD	EUR	NA	0	0	0.0619	0	0.9381	-1.2121	12.6312	-3.0757	-7.7275	-2.3019	BS_N0X0S3JD
BS_N1WCEX2B	AFR	NA	0	0.9984	0.0016	0	0	-50.2758	-11.7094	-2.0572	-4.5134	-1.5108	BS_N1WCEX2B
BS_N2A2JA32	EUR	NA	0	0	0.0565	0	0.9435	-0.1499	13.1863	-4.5463	-8.2506	-3.5001	BS_N2A2JA32
BS_N2TDDQ9Y	EUR	NA	0	0	0.0696	0	0.9304	-0.2948	10.6858	-3.6074	-8.6649	-2.7537	BS_N2TDDQ9Y
BS_N4D5BPQP	EUR	NA	0	0	0.0509	0	0.9491	-0.4726	12.2158	-4.688	-9.448	-0.2552	BS_N4D5BPQP
BS_N559C2Y0	EAS	NA	1	0	0	0	0	5.2679	-36.5295	2.5975	-4.1293	3.2623	BS_N559C2Y0
BS_N56BGDK6	AMR	NA	0	0.0116	0.9487	1e-4	0.0396	-13.9403	5.2464	-1.8916	-7.4869	-1.7653	BS_N56BGDK6
BS_N6XWSD15	EUR	NA	0	0	0.076	0	0.924	-0.43120000000000003	11.0197	-5.479	-8.0236	0.1662	BS_N6XWSD15
BS_N9ZM2383	EUR	NA	0	0	0.0546	0	0.9454	0.5115	12.2769	-4.3242	-8.2924	-1.2171	BS_N9ZM2383
BS_NAEAPESX	EUR	NA	0	0	0.0758	0	0.9242	-1.2537	10.5808	-2.9159	-8.6513	-3.1564	BS_NAEAPESX
BS_NAKGZ1F0	EUR	NA	0	0	0.0568	0	0.9432	0.6661	11.6753	-4.9243	-8.2216	0.2303	BS_NAKGZ1F0
BS_NBM9CPE4	EUR	NA	0	0	0.0536	0	0.9464	-1.8103	12.9264	-4.3848	-8.7643	-1.3281	BS_NBM9CPE4
BS_NCF4MJ9S	EUR	NA	0	0	0.1021	0	0.8979	-2.0468	10.0523	-2.3107	-7.9295	-2.5214	BS_NCF4MJ9S
BS_NE3YDEVF	EUR	NA	0	0	0.0434	0	0.9566	-0.1495	12.3995	-2.9438	-9.4123	-1.6675	BS_NE3YDEVF
BS_NEA7MK2A	EUR	NA	0	0	0.0453	0	0.9547	0.8182	11.8032	-3.7243	-9.3028	-1.3997	BS_NEA7MK2A
BS_NF8F99FQ	EUR	NA	0	0	0.0559	0	0.9441	-1.258	10.9392	-4.0907	-9.9599	-2.9212	BS_NF8F99FQ
BS_NFHNG4MV	EAS	NA	0.9605	0	0.0394	0	0	1.3028	-14.0079	-5.1551	-6.8573	-1.7462	BS_NFHNG4MV
BS_NFTVRVAF	EUR	NA	0	0	0.1232	0	0.8768	-1.6815	10.7301	-4.0157	-6.9979	-4.5632	BS_NFTVRVAF
BS_NHEDGJ66	AMR	NA	0	0.0055	0.9862	9e-4	0.0075	1.4663	0.0386	-9.9763	4.1779	-1.2164	BS_NHEDGJ66
BS_NHFB2YJR	EUR	NA	0	0	0.0537	0	0.9463	0.1613	11.4006	-3.7324	-9.1534	-0.7341	BS_NHFB2YJR
BS_NKJRXAJ1	EUR	NA	0	0	0.0572	0	0.9428	-0.5555	12.8064	-5.3259	-8.4113	-2.0486	BS_NKJRXAJ1
BS_NKNDVFFR	EUR	NA	0	5e-4	0.2135	0.0061	0.7799	-5.4591	4.1724	1.7722	-4.5385	-3.1114	BS_NKNDVFFR
BS_NN20NDBX	EUR	NA	0	0	0.0907	0	0.9093	-3.5195	10.0981	-3.2109	-9.2752	-3.05	BS_NN20NDBX
BS_NQPT133G	EUR	NA	0	0	0.0497	0	0.9503	3.0407	12.5469	-5.557	-7.5655	-1.9509	BS_NQPT133G
BS_NTV9Z7SE	AMR	NA	3e-4	0.0251	0.9664	0	0.0082	-12.4896	1.3683	-5.0036	-0.7848	-1.5125	BS_NTV9Z7SE
BS_NWXG4ZNS	EUR	NA	0	0	0.2247	0	0.7753	-0.0938	7.8963	-5.7546	-4.664	-1.4446	BS_NWXG4ZNS
BS_NY51QX79	EUR	NA	0	0	0.1037	0	0.8963	-3.0679	10.3562	-1.7821	-8.0332	-4.8709	BS_NY51QX79
BS_NY9MPC8F	EUR	NA	0	0	0.0998	0	0.9002	-3.1555	10.9757	-2.4908	-7.0476	-0.8324	BS_NY9MPC8F
BS_P1JY6XK5	AFR	NA	0	0.9988	0.0012	0	0	-51.1849	-13.6038	-0.3906	-2.3911	-1.3926	BS_P1JY6XK5
BS_P2QCH2SY	EUR	NA	0	0	0.0598	0	0.9402	0.3804	11.7452	-5.6524	-8.8779	-3.0142	BS_P2QCH2SY
BS_P3W89XQY	EUR	NA	0	0	0.1205	0	0.8795	-1.1311	9.6413	-4.3503	-5.6208	0.7497	BS_P3W89XQY
BS_P4Z4YP0P	AMR	NA	0	2e-4	0.8999	6e-4	0.0993	-0.0736	4.1321	-8.1142	0.5305	-0.202	BS_P4Z4YP0P
BS_P52FTQNA	AFR	NA	0	0.9974	0.0026	0	0	-48.209	-10.9216	-3.1599	-4.3694	-0.6514	BS_P52FTQNA
BS_P5NXZZGR	EUR	NA	0	0	0.153	0	0.847	-1.2663	9.642	-7.2024	-6.9096	-1.703	BS_P5NXZZGR
BS_P65SHPNZ	EUR	NA	0	0	0.0593	0	0.9407	-0.8712	12.8023	-4.6839	-8.6099	-2.5817	BS_P65SHPNZ
BS_P862EP9P	EUR	NA	0	0	0.1476	0	0.8524	-2.696	9.4171	-2.35	-6.9926	-3.5381	BS_P862EP9P
BS_P8AER10J	AMR	NA	0	0.0062	0.9915	1e-4	0.0022	-0.2732	-0.9793	-8.2239	5.6294	-3.2103	BS_P8AER10J
BS_PA3YK67Y	EUR	NA	0	0	0.0968	0	0.9032	-1.2027	8.9961	-3.7855	-8.6794	-1.3494	BS_PA3YK67Y
BS_PAKH4ZSK	EUR	NA	0	0	0.0384	0	0.9616	2.8631	12.3225	-3.5854	-8.5349	0.022	BS_PAKH4ZSK
BS_PAYW4RCK	AFR	NA	0	0.7993	0.2007	0	0	-28.5811	-1.9998	-3.0002	-7.2061	-2.8592	BS_PAYW4RCK
BS_PC83EJY8	EUR	NA	0	0	0.1006	0	0.8994	-4.1029	10.6536	-1.9732	-8.5217	-4.0265	BS_PC83EJY8
BS_PCKWEEVT	EUR	NA	0	0	0.1249	0	0.8751	-2.3193	9.3049	-1.4792	-7.4025	-3.1067	BS_PCKWEEVT
BS_PF6TP3FX	EUR	NA	0	0	0.0322	0	0.9678	0.333	14.2002	-3.677	-7.995	-0.9743	BS_PF6TP3FX
BS_PF7546KW	AMR	NA	0	0.0141	0.9841	0	0.0018	-11.7474	-0.2983	-7.0945	1.1414	-1.8005	BS_PF7546KW
BS_PFE6M2EW	EUR	NA	0	0	0.0591	0	0.9409	0.1226	9.6303	-5.6671	-10.1813	-1.463	BS_PFE6M2EW
BS_PFSB20M7	EUR	NA	0	0	0.0716	0	0.9284	1.196	11.0995	-5.3602	-8.0699	-1.2647	BS_PFSB20M7
BS_PHMN1WB3	AFR	NA	0	0.998	0.002	0	0	-49.7433	-13.5329	-0.8995	-2.8584	-2.6161	BS_PHMN1WB3
BS_PHTJTKKE	EUR	NA	0	0	0.0376	0	0.9624	1.9583	12.9084	-4.4287	-9.0897	-1.7871	BS_PHTJTKKE
BS_PJK0M1X0	AFR	NA	0	0.5674	0.4326	0	0	-23.3313	0.5386	-3.4426	-7.4044	-0.6212	BS_PJK0M1X0
BS_PKKNB5PY	AMR	NA	0	6e-4	0.9636	6e-4	0.0352	-3.3726	4.0263	-8.9376	0.8505	-0.7751	BS_PKKNB5PY
BS_PN1V5KM9	EUR	NA	0	0	0.164	0	0.836	-0.1144	7.1605	-2.7277	-6.6415	-2.5675	BS_PN1V5KM9
BS_PQTX4827	EUR	NA	0	0	0.03	0	0.97	1.0194	13.1462	-4.2514	-10.2283	-0.9601	BS_PQTX4827
BS_PSAZZC71	AMR	NA	6e-4	0.0327	0.9619	0	0.0048	-11.3531	1.0746	-4.4412	-2.1098	-1.327	BS_PSAZZC71
BS_PT1DC3ZF	AMR	NA	0	0.0017	0.9983	0	0	8.7647	-26.1111	-21.8215	35.0952	-2.6542	BS_PT1DC3ZF
BS_PTYP388A	AMR	NA	0	0.1947	0.7819	8e-4	0.0226	-13.7575	1.6184	1.9408	-3.131	-0.7932	BS_PTYP388A
BS_PVJXA07K	EUR	NA	0	0	0.0664	0	0.9336	-1.3904	9.7362	-4.2001	-10.0573	-1.3213	BS_PVJXA07K
BS_PXD19CBF	EUR	NA	0	0	0.0647	0	0.9353	0.5409	11.0576	-4.4592	-8.5892	-0.7694	BS_PXD19CBF
BS_PY472W3B	EUR	NA	0	0	0.0868	0	0.9132	-2.9478	10.6641	-4.9487	-9.2959	-3.8546	BS_PY472W3B
BS_PY51XH82	EUR	NA	0	0	0.103	0	0.897	-0.6684	10.2087	-6.768	-8.2355	-1.0967	BS_PY51XH82
BS_PZ35809R	EUR	NA	0	0	0.0775	0	0.9225	-1.228	10.0076	-2.5076	-8.7559	-3.5724	BS_PZ35809R
BS_PZE7R1WM	EUR	NA	0	0	0.0602	0	0.9398	-1.0936	11.8831	-5.1051	-8.8391	0.0444	BS_PZE7R1WM
BS_Q0T0VAXT	EUR	NA	0	0	0.1272	0	0.8728	-2.8981	8.9395	-3.9977	-8.3649	-3.9412	BS_Q0T0VAXT
BS_Q14B10B6	AMR	NA	0	0.0108	0.9891	0	1e-4	-0.9966	-3.9846	-11.488	8.7592	-1.2131	BS_Q14B10B6
BS_Q16PX3HA	AFR	NA	0	0.9931	0.0069	0	0	-43.762	-9.5417	-0.4751	-3.0057	-2.238	BS_Q16PX3HA
BS_Q1SPJ467	EUR	NA	0	0	0.1245	0	0.8755	-1.7907	10.4007	-4.2077	-6.6081	-2.0207	BS_Q1SPJ467
BS_Q2A0ACCS	AFR	NA	0	0.9988	0.0012	0	0	-51.0637	-13.7223	0.7437	-3.1487	-2.0102	BS_Q2A0ACCS
BS_Q2TEFDZ7	EUR	NA	0	0	0.1496	0	0.8504	-0.0803	6.8907	-5.1553	-7.8495	0.4994	BS_Q2TEFDZ7
BS_Q4H0C7H4	EUR	NA	0	0	0.0635	0	0.9365	1.2515	11.8439	-3.0196	-7.5786	-2.352	BS_Q4H0C7H4
BS_Q4NCA4E4	EUR	NA	0	0	0.0875	0	0.9125	-2.6461	10.9153	-4.8338	-8.9751	-1.8205	BS_Q4NCA4E4
BS_Q5ABAC4M	EUR	NA	0	0	0.0775	0	0.9225	-0.4631	12.0177	-5.2605	-7.8792	-2.8156	BS_Q5ABAC4M
BS_Q5AH9TH0	EUR	NA	0	0	0.081	0	0.919	-1.4345	11.0128	-3.8373	-7.811	-0.1025	BS_Q5AH9TH0
BS_Q69BHVQX	AFR	NA	0	0.9985	0.0015	0	0	-50.8297	-11.7356	-0.0284	-1.989	-2.0525	BS_Q69BHVQX
BS_Q6K6BVTF	AFR	NA	0	0.9986	0.0014	0	0	-50.2472	-12.7482	-0.5053	-2.9176	-1.3126	BS_Q6K6BVTF
BS_Q7NF95N0	EUR	NA	0	0	0.0927	0	0.9073	-0.591	10.6335	-4.5496	-6.4879	-0.0647	BS_Q7NF95N0
BS_Q7R8BT07	AMR	NA	0	0.021	0.979	0	0	-2.4684	-7.2901	-10.6301	9.3714	-3.4752	BS_Q7R8BT07
BS_Q80JX5G6	EUR	NA	0	0	0.0486	0	0.9514	-0.1704	11.6865	-4.0868	-9.6276	-1.4972	BS_Q80JX5G6
BS_QEGZ6CYZ	AMR	NA	0	0.0287	0.971	0	3e-4	-8.3484	-3.6551	-9.0543	4.3724	-2.1922	BS_QEGZ6CYZ
BS_QG3PYXB4	EUR	NA	0	1e-4	0.3999	1e-4	0.5999	-7.0834	7.1417	-1.5813	-6.507	-3.256	BS_QG3PYXB4
BS_QGEEVNAS	EUR	NA	0	0	0.0776	0	0.9223	-2.8874	11.5198	-3.9264	-9.0367	-2.5834	BS_QGEEVNAS
BS_QJ8EE8WP	EUR	NA	0	0	0.0483	0	0.9517	1.7878	11.7746	-4.5181	-7.6931	1.0015	BS_QJ8EE8WP
BS_QMBK2FV7	EUR	NA	0	0	0.0921	0	0.9079	-0.953	11.1431	-6.3302	-7.3132	-1.0172	BS_QMBK2FV7
BS_QMDRA3VT	EUR	NA	0	0	0.0686	0	0.9314	-1.2077	11.2909	-4.5937	-8.8056	0.6321	BS_QMDRA3VT
BS_QNYDD0TY	EUR	NA	0	0	0.0962	0	0.9038	-2.9734	10.5241	-1.5005	-8.1578	-2.712	BS_QNYDD0TY
BS_QPSQPDR8	AMR	NA	0	0.0164	0.9836	0	0	-2.3203	-6.6096	-11.6506	10.406	-0.6386	BS_QPSQPDR8
BS_QSHPVH0P	EUR	NA	0	0	0.1292	0	0.8708	-2.2887	9.455	-4.268	-7.8228	-1.975	BS_QSHPVH0P
BS_QTF9SJGP	SAS	NA	0	0	0	1	0	0.5718	-2.8342	12.339	1.5496	-2.1617	BS_QTF9SJGP
BS_QVS9AXGC	EUR	NA	0	0	0.0622	0	0.9378	-0.253	12.6356	-4.9347	-8.2703	-2.758	BS_QVS9AXGC
BS_QVX41H9E	EUR	NA	0	0	0.0688	0	0.9312	-1.666	10.4025	-3.4567	-9.6271	-0.7572	BS_QVX41H9E
BS_QW5QYXGG	EUR	NA	0	0	0.1241	0	0.8759	-3.4443	10.417	-3.8115	-7.8959	-3.4849	BS_QW5QYXGG
BS_QX8PTX5X	EUR	NA	0	0	0.0675	0	0.9325	-1.9338	11.8976	-3.9874	-8.4691	-0.7628	BS_QX8PTX5X
BS_QYFY15FA	EUR	NA	0	0	0.1271	0	0.8729	-2.595	10.709	-2.3997	-6.9038	-6.524	BS_QYFY15FA
BS_QYGZMWPC	EUR	NA	0	0	0.0585	0	0.9415	-1.5793	10.5705	-3.8203	-10.0513	-4.0383	BS_QYGZMWPC
BS_QYQNZDD8	EUR	NA	0	0	0.0764	0	0.9236	-0.9014	11.2125	-4.0473	-8.389	-2.3743	BS_QYQNZDD8
BS_R035Q020	EUR	NA	0	0	0.0612	0	0.9388	-1.2955	12.5801	-3.7514	-7.4277	-1.4708	BS_R035Q020
BS_R0JC16SG	AFR	NA	0	0.9986	0.0014	0	0	-51.6565	-16.1786	0.0139	-1.7391	-3.3788	BS_R0JC16SG
BS_R2J0DCAT	EUR	NA	0	0	0.1451	0	0.8549	-4.7374	9.6743	-2.0354	-7.7748	-5.2938	BS_R2J0DCAT
BS_R2Z4MK3F	AMR	NA	0	0.2633	0.7366	0	1e-4	-19.3455	1.7009	-3.5827	-6.1852	-2.3744	BS_R2Z4MK3F
BS_R333SVK1	EUR	NA	0	0	0.0226	0	0.9774	0.7413	13.4943	-4.1901	-11.2477	-0.588	BS_R333SVK1
BS_R483NVWW	EUR	NA	0	0	0.1522	0	0.8478	-2.5287	10.1901	-3.0096	-6.0342	-3.2653	BS_R483NVWW
BS_R7TZRSZT	AMR	NA	0	0.0031	0.9969	0	0	7.2675	-22.3312	-18.3239	29.1528	-0.1873	BS_R7TZRSZT
BS_R96A4D8G	EUR	NA	0	0	0.0595	0	0.9405	-1.7182	12.881	-2.9801	-8.6262	-2.972	BS_R96A4D8G
BS_RAFVMB92	EUR	NA	0	0	0.0425	0	0.9575	-1.4288	13.4521	-4.9373	-8.4368	-0.1948	BS_RAFVMB92
BS_RB3PE7G3	EUR	NA	0	0	0.1036	0	0.8964	-1.9633	10.5921	-5.1327	-8.1673	-1.089	BS_RB3PE7G3
BS_RG2CTN65	AFR	NA	0	0.9978	0.0022	0	0	-49.4466	-13.0819	-1.8746	-2.0521	-1.9252	BS_RG2CTN65
BS_RJ0CHRKK	AFR	NA	0	0.9965	0.0035	0	0	-47.2105	-9.1552	-0.8045	-2.574	-0.8324	BS_RJ0CHRKK
BS_RJM8JYAV	AMR	NA	0	0.0247	0.9751	0	1e-4	-0.0115	-7.4969	-8.0044	6.9561	-0.8449	BS_RJM8JYAV
BS_RK06RAFZ	EUR	NA	0	0	0.0745	0	0.9255	-1.1507	9.6198	-4.8657	-9.6502	-1.1572	BS_RK06RAFZ
BS_RKNNAG23	EUR	NA	0	0	0.0544	0	0.9456	1.876	10.558	-4.4521	-8.9413	-0.3743	BS_RKNNAG23
BS_RQGMWB4X	EUR	NA	0	0	0.0643	0	0.9357	-1.0988	10.3481	-2.2641	-9.3512	-1.2113	BS_RQGMWB4X
BS_RQPK5NY1	AMR	NA	0	0.0122	0.9841	1e-4	0.0035	-0.4623	-3.4106	-8.7743	2.9723	-3.0286	BS_RQPK5NY1
BS_RREVQG9H	AMR	NA	2e-4	4e-4	0.7963	6e-4	0.2026	-2.2209	3.8718	-4.8805	-0.2913	-3.6558	BS_RREVQG9H
BS_RRJREP8Q	EAS	NA	1	0	0	0	0	6.3669	-40.0978	-0.871	-6.3714	-2.1134	BS_RRJREP8Q
BS_RVFDSK8D	AFR	NA	0	0.851	0.149	0	0	-29.5299	-2.957	-3.3839	-5.0629	-1.213	BS_RVFDSK8D
BS_RW50H521	EUR	NA	0	0	0.1117	0	0.8883	-2.2834	10.665	-4.6477	-7.8789	-2.9466	BS_RW50H521
BS_RX561Y2K	EAS	NA	1	0	0	0	0	7.0306	-42.2343	-1.8938	-5.3097	-7.9456	BS_RX561Y2K
BS_RZHVM2QD	AFR	NA	0	0.9984	0.0016	0	0	-51.2689	-13.9583	-0.0981	-0.0355	-1.9802	BS_RZHVM2QD
BS_S0NVKYR6	EUR	NA	0	0	0.0919	0	0.9081	-1.6786	10.706	-2.228	-7.8223	-4.4474	BS_S0NVKYR6
BS_S0WS43HJ	SAS	NA	0	0	0	1	0	-3.0177	-10.2294	14.8761	2.4506	-1.3575	BS_S0WS43HJ
BS_S1QGSH0W	AMR	NA	0	0.024	0.9736	0	0.0024	-13.7769	0.4449	-5.4343	0.6651	0.2202	BS_S1QGSH0W
BS_S2N3XTKS	AFR	NA	0	0.9991	9e-4	0	0	-52.5486	-12.5716	0.8234	-1.6354	-1.9174	BS_S2N3XTKS
BS_S2YYJN90	EUR	NA	0	0	0.057	0	0.943	1.273	11.0216	-4.489	-8.792	-0.3751	BS_S2YYJN90
BS_S3VV60EP	EUR	NA	0	0	0.0917	0	0.9083	-1.7366	10.9529	-1.8357	-7.6372	-3.7137	BS_S3VV60EP
BS_S573YGV3	EUR	NA	0	0	0.0353	0	0.9647	-0.257	14.2735	-7.2589	-8.389	-0.4829	BS_S573YGV3
BS_S588W9V2	EUR	NA	0	0	0.0988	0	0.9012	-3.2075	10.2592	-4.4222	-8.9662	-4.5848	BS_S588W9V2
BS_S5EPM2VY	EUR	NA	0	0	0.0987	0	0.9013	-2.0982	11.2113	-4.635	-7.2753	-1.7318	BS_S5EPM2VY
BS_S5SSWSVM	EUR	NA	0	0	0.0851	0	0.9149	-1.1637	10.4394	-4.1645	-8.4939	-4.5206	BS_S5SSWSVM
BS_S6EXG9N9	AMR	NA	0	0.0118	0.9881	0	1e-4	0.1967	-4.6615	-9.574	7.9441	-2.3308	BS_S6EXG9N9
BS_S75EZJDW	AMR	NA	0	1e-4	0.8132	2e-4	0.1865	1.7936	-1.7895	-3.8417	-8.4647	-3.0156	BS_S75EZJDW
BS_S7J8ZFYC	AMR	NA	0	0.034	0.966	0	0	-7.0043	-5.3422	-11.8608	8.6528	0.182	BS_S7J8ZFYC
BS_S7MPY3T4	EUR	NA	0	0	0.0818	0	0.9182	1.072	12.152	-6.5161	-6.8777	-3.7526	BS_S7MPY3T4
BS_S8756VS8	EUR	NA	0	0	0.1133	0	0.8867	-3.2791	10.8664	-1.6632	-7.4577	-4.7378	BS_S8756VS8
BS_S8CT9Z7J	AMR	NA	0	0.0106	0.9894	0	0	-0.0128	-8.4366	-12.4977	12.5777	-3.0094	BS_S8CT9Z7J
BS_S9CT40AZ	AFR	NA	0	0.9998	2e-4	0	0	-60.0031	-17.7666	-0.0018	-0.6669	-2.0887	BS_S9CT40AZ
BS_S9DPTMH0	EUR	NA	0	0	0.2479	0	0.7521	-1.3382	7.9769	-4.8573	-3.1298	-1.2258	BS_S9DPTMH0
BS_SCCY3YMQ	AFR	NA	0	0.9989	0.0011	0	0	-53.1886	-12.8324	-0.1781	-0.5882	-0.6843	BS_SCCY3YMQ
BS_SDDK3Q44	EUR	NA	0	0	0.0754	0	0.9246	-1.3391	11.7313	-4.0288	-8.3605	-2.7554	BS_SDDK3Q44
BS_SECVKH87	EUR	NA	0	0	0.0414	0	0.9586	-1.3218	13.8473	-2.1433	-8.9755	-2.6631	BS_SECVKH87
BS_SEERSEV2	AMR	NA	0	0.2631	0.7369	0	0	-25.0995	-11.0437	-6.1376	5.4649	-1.4254	BS_SEERSEV2
BS_SF02KBCG	AMR	NA	0	1e-4	0.6795	0	0.3204	-8.0517	6.7331	-6.9582	-3.9062	-4.4325	BS_SF02KBCG
BS_SG7EPZ4W	EUR	NA	0	0	0.2608	0	0.7392	-2.4476	7.7933	-4.7872	-4.5541	-1.5841	BS_SG7EPZ4W
BS_SGS26NXP	EUR	NA	0	0	0.0831	0	0.9169	-2.578	11.6196	-3.7216	-8.1777	-1.6249	BS_SGS26NXP
BS_SHEX782D	AMR	NA	3e-4	0.0036	0.9777	1e-4	0.0184	-7.4406	1.9363	-7.8222	-1.0237	-3.0992	BS_SHEX782D
BS_SK68QV3Y	AMR	NA	0	0.0066	0.9934	0	0	0.6866	-4.3227	-12.9028	10.3768	-1.7351	BS_SK68QV3Y
BS_SKWPQHER	EUR	NA	0	0	0.0605	0	0.9395	-2.2422	11.7899	-4.0529	-9.8612	-0.19	BS_SKWPQHER
BS_SMRT95TG	AMR	NA	0	1e-4	0.6504	1e-4	0.3494	-0.8217	4.7396	-7.2506	-1.119	-2.1038	BS_SMRT95TG
BS_SMZXR6FK	EUR	NA	0	0	0.06	0	0.94	-2.1181	11.1495	-2.2963	-9.5302	-3.2804	BS_SMZXR6FK
BS_SN2CD2FC	AFR	NA	0	0.9985	0.0015	0	0	-51.1565	-14.8899	-1.5746	-3.2187	-2.5186	BS_SN2CD2FC
BS_SN3A5QSN	EUR	NA	0	0	0.0613	0	0.9387	0.1272	12.3136	-5.9178	-7.9339	-1.3517	BS_SN3A5QSN
BS_SNRF1RKC	AMR	NA	0	0.0137	0.9854	0	9e-4	0.8713	-4.6027	-10.2481	6.0382	-0.8433	BS_SNRF1RKC
BS_SNSC50DR	EUR	NA	0	0	0.0377	0	0.9623	1.0101	13.1829	-4.4759	-8.1597	-0.097	BS_SNSC50DR
BS_SP3ND4W3	EUR	NA	0	0	0.0562	0	0.9438	-2.0435	11.1144	-4.3888	-10.2768	-2.0388	BS_SP3ND4W3
BS_SP886CE6	EUR	NA	0	0	0.1327	0	0.8673	-4.5908	11.0294	-2.4485	-6.4539	-2.9114	BS_SP886CE6
BS_SQT11CPC	EUR	NA	0	0	0.0926	0	0.9074	-4.3601	9.9815	-1.4562	-9.4349	-2.564	BS_SQT11CPC
BS_SS95SWY2	EUR	NA	0	0	0.1249	0	0.8751	-2.0359	8.6127	-1.6417	-7.6719	-4.0057	BS_SS95SWY2
BS_SSVBWYPN	EUR	NA	0	0	0.0781	0	0.9219	-4.0705	12.3762	-1.8965	-7.4386	-2.0996	BS_SSVBWYPN
BS_ST9MMP22	AFR	NA	0	0.9979	0.0021	0	0	-48.2059	-12.2702	-0.8206	-2.8681	-0.73	BS_ST9MMP22
BS_STZ2C71Q	AMR	NA	0	0.0126	0.98740000000000006	0	0	0.1186	-10.6625	-13.6074	13.9205	-1.3726	BS_STZ2C71Q
BS_SW0HDKGJ	EUR	NA	0	0	0.0859	0	0.9141	-2.3309	11.2429	-5.4855	-8.4498	-0.608	BS_SW0HDKGJ
BS_SW8JSYQ7	SAS	NA	1e-4	0.0148	0.1228	0.4558	0.4065	-6.8464	2.138	3.3329	-3.2593	-3.2889	BS_SW8JSYQ7
BS_SWHT4TC3	EUR	NA	0	0	0.0731	0	0.9269	-1.9492	12.4102	-3.1993	-6.4028	-1.8633	BS_SWHT4TC3
BS_SY0S6QFV	EUR	NA	0	0	0.0752	0	0.9248	-0.3304	12.2526	-4.0113	-7.3701	-3.3921	BS_SY0S6QFV
BS_SYGXZY9V	EUR	NA	0	0	0.0692	0	0.9308	-0.0479	12.402	-4.7012	-6.3481	-2.1043	BS_SYGXZY9V
BS_SZYRB89G	AMR	NA	0	0.1241	0.8759	0	0	-24.2271	-22.9361	-0.2894	-3.1332	1.9052	BS_SZYRB89G
BS_T2025VEQ	EUR	NA	0	0	0.0435	0	0.9565	-0.7751	12.6711	-5.0605	-10.0438	-1.414	BS_T2025VEQ
BS_T20VY3XN	EUR	NA	0	0	0.1308	0	0.8692	-2.6145	10.2117	-2.4567	-7.0829	-3.3925	BS_T20VY3XN
BS_T3FD64Z7	EUR	NA	0	0	0.1117	4e-4	0.888	-2.7883	6.7949	1.5739	-4.226	-3.7757	BS_T3FD64Z7
BS_T3VJQSYM	AFR	NA	0	0.9943	0.0057	0	0	-45.4972	-11.9633	-2.0598	-2.3516	-2.4557	BS_T3VJQSYM
BS_T5772838	EUR	NA	0	0	0.0702	0	0.9298	-2.8445	9.588	-1.6816	-9.9173	-4.1948	BS_T5772838
BS_T5QB3H8B	EUR	NA	0	0	0.2085	0	0.7915	1.171	7.6264	-5.007	-4.0795	-0.6014	BS_T5QB3H8B
BS_T5TB5NM7	EUR	NA	0	0	0.1181	0	0.8819	-2.3014	9.4543	-4.5222	-8.2689	-2.711	BS_T5TB5NM7
BS_T5WVTGV8	EUR	NA	0	0	0.0848	0	0.9152	-1.6551	10.9315	-4.1325	-8.4709	-3.8792	BS_T5WVTGV8
BS_T61WC6BF	EUR	NA	0	1e-4	0.1288	7e-4	0.8704	-6.8778	6.3135	1.7615	-6.0855	-4.7658	BS_T61WC6BF
BS_T77MXWTX	EUR	NA	0	0	0.0533	0	0.9467	-0.2593	11.8082	-2.2292	-8.7848	-4.8723	BS_T77MXWTX
BS_T96ZHHK7	EUR	NA	0	0	0.0651	0	0.9349	-0.7706	11.5056	-5.5823	-9.183	-2.1268	BS_T96ZHHK7
BS_TA48KCWF	EUR	NA	0	0	0.0636	0	0.9364	-1.1741	10.387	-6.0776	-10.2158	-0.3177	BS_TA48KCWF
BS_TARPGT44	EUR	NA	0	0	0.0594	0	0.9406	-0.6342	12.1713	-5.1243	-9.0243	-1.5397	BS_TARPGT44
BS_TBYS2Z4H	SAS	NA	0	0	0	1	0	-1.8827	-6.0461	18.8418	4.158	-2.1734	BS_TBYS2Z4H
BS_TCFK965C	AMR	NA	0	0.0063	0.9937	0	0	2.9543	-17.2339	-16.5934	22.5878	-3.3097	BS_TCFK965C
BS_TCGD48CP	EUR	NA	0	0	0.0394	0	0.9606	-1.4482	13.5278	-2.1716	-7.6438	0.2194	BS_TCGD48CP
BS_TDN8NVYJ	EUR	NA	0	0	0.1628	0	0.8372	-1.4132	9.4861	-7.608	-6.2111	-1.2135	BS_TDN8NVYJ
BS_TE01WW4M	EUR	NA	0	0	0.0746	0	0.9254	-1.7566	11.8409	-2.5975	-8.1903	-4.5768	BS_TE01WW4M
BS_TG80SF4Z	AFR	NA	0	0.9991	9e-4	0	0	-51.646	-11.2418	1.6596	-2.7551	-0.6436	BS_TG80SF4Z
BS_TGEBNSS2	AMR	NA	0	0.0076	0.9924	0	0	1.0314	-8.6875	-12.0633	14.4346	-2.0346	BS_TGEBNSS2
BS_TH4A63J7	EAS	NA	1	0	0	0	0	6.6155	-42.897	-3.9317	-7.5233	-4.0133	BS_TH4A63J7
BS_THDBV4G0	EUR	NA	0	0	0.0417	0	0.9583	-0.1366	12.2905	-4.5635	-10.0688	-0.0478	BS_THDBV4G0
BS_TKRHXGZQ	EUR	NA	0	0	0.0357	0	0.9643	-0.0619	14.614	-4.8442	-7.1583	-1.8191	BS_TKRHXGZQ
BS_TP6GSAB6	EUR	NA	0	0	0.0618	0	0.9382	-1.5295	12.6751	-6.0479	-8.9911	-1.8463	BS_TP6GSAB6
BS_TQYACCGG	EUR	NA	0	0	0.0695	0	0.9305	-1.5519	11.5862	-2.9966	-8.6244	-2.2024	BS_TQYACCGG
BS_TTRNJ8DJ	EUR	NA	0	0	0.0524	0	0.9476	0.1895	11.9055	-4.5243	-9.1552	-0.3098	BS_TTRNJ8DJ
BS_TTVB22NF	EUR	NA	0	0	0.0755	0	0.9245	-3.1195	12.828	-5.1768	-8.5064	-3.2017	BS_TTVB22NF
BS_TTZA89Y4	EUR	NA	0	0	0.0634	0	0.9366	-0.9313	12.2036	-4.8895	-8.3151	-1.2562	BS_TTZA89Y4
BS_TV12GQHS	EUR	NA	0	0	0.0957	0	0.9043	-3.004	11.9869	-4.2922	-7.7933	-3.3784	BS_TV12GQHS
BS_TV8HD883	EUR	NA	0	0	0.1614	0	0.8386	-2.4801	9.402	-1.8025	-6.3739	-4.1865	BS_TV8HD883
BS_TWCW8QZV	EUR	NA	0	0	0.0752	0	0.9248	-2.6078	11.5124	-1.6521	-8.5036	-3.869	BS_TWCW8QZV
BS_TYCE05MW	EUR	NA	0	0	0.0969	0	0.9031	-1.2189	11.3933	-5.9177	-7.8953	-3.8478	BS_TYCE05MW
BS_TZQ8XNQQ	EUR	NA	0	0	0.0538	0	0.9462	0.2169	12.2773	-4.8183	-8.2728	-0.6202	BS_TZQ8XNQQ
BS_V1P84V9F	EUR	NA	0	0	0.0699	0	0.9301	-1.4452	12.2963	-3.903	-8.3809	-3.4778	BS_V1P84V9F
BS_V2VA1VP2	EUR	NA	0	0	0.0406	0	0.9594	-0.9933	12.9443	-5.7075	-10.4156	-2.1363	BS_V2VA1VP2
BS_V733WCVK	EUR	NA	0	0	0.0379	0	0.9621	0.097	13.4955	-3.6949	-7.4137	-0.0758	BS_V733WCVK
BS_V8GEAEZJ	EUR	NA	0	0	0.0929	0	0.9071	-0.3917	10.564	-5.3605	-8.0114	-2.2354	BS_V8GEAEZJ
BS_V8JGE8N1	EUR	NA	0	0	0.0614	0	0.9386	-3.1196	10.8056	-2.3683	-10.1493	-2.7985	BS_V8JGE8N1
BS_V95BZPQE	EUR	NA	0	0	0.0972	0	0.9028	-1.7189	11.077	-2.9154	-7.57	-4.824	BS_V95BZPQE
BS_VA0KWD52	EUR	NA	0	0	0.0992	0	0.9008	-0.3685	9.8527	-3.2166	-7.6108	-1.5815	BS_VA0KWD52
BS_VA9JGYAX	SAS	NA	0	0	0	1	0	-2.7599	-5.4116	17.5687	2.8274	-1.2825	BS_VA9JGYAX
BS_VBB1XSPW	EUR	NA	0	0	0.042	0	0.958	0.3853	12.5308	-4.6807	-9.6356	-2.1281	BS_VBB1XSPW
BS_VC5PKT9Q	AFR	NA	0	0.9955	0.0045	0	0	-46.4314	-12.6851	-0.9001	-0.42	-2.5293	BS_VC5PKT9Q
BS_VCCX0CTG	EUR	NA	0	0	0.0875	0	0.9125	-0.7937	10.9153	-5.6859	-7.0814	-0.0276	BS_VCCX0CTG
BS_VFK2ACZ4	AFR	NA	0	0.997	0.003	0	0	-48.8175	-11.3189	-1.9787	-2.2418	-2.9823	BS_VFK2ACZ4
BS_VHG85P93	AMR	NA	0	1e-4	0.5523	1e-4	0.4475	-8.8003	7.7013	-1.3976	-5.4174	-2.9823	BS_VHG85P93
BS_VJ7200DX	EUR	NA	0	0	0.0685	0	0.9315	-1.5206	10.9559	-3.6073	-9.141	-3.0309	BS_VJ7200DX
BS_VKGSMV3F	EUR	NA	0	0	0.0648	0	0.9352	1.4049	12.4898	-4.1996	-6.0775	-2.795	BS_VKGSMV3F
BS_VM2GYF7B	EUR	NA	0	0	0.0502	0	0.9498	0.0208	12.335	-3.8754	-7.9244	-0.0107	BS_VM2GYF7B
BS_VN983YRH	EUR	NA	0	0	0.0701	0	0.9299	0.4127	11.0214	-3.3534	-8.0772	-2.3554	BS_VN983YRH
BS_VNBX1SEV	EUR	NA	0	0	0.0487	0	0.9513	-0.5548	12.4176	-3.4099	-9.2407	-1.8997	BS_VNBX1SEV
BS_VP3FYM4W	EUR	NA	0	0	0.1498	0	0.8502	0.2187	7.8549	-4.3429	-6.9084	-1.2628	BS_VP3FYM4W
BS_VP4S1XTC	EUR	NA	0	0	0.0697	0	0.9303	-0.5328	12.3208	-5.0748	-8.2142	-2.7758	BS_VP4S1XTC
BS_VP4WNVZG	EUR	NA	0	0	0.4973	0	0.5026	0.6695	5.5273	-7.5713	-1.8527	-2.1653	BS_VP4WNVZG
BS_VQ2WS315	EUR	NA	0	0	0.0608	0	0.9392	0.155	11.4536	-6.193	-9.1995	-3.0708	BS_VQ2WS315
BS_VRHRMEW1	EAS	NA	1	0	0	0	0	7.2728	-43.1701	-1.2115	-6.7049	3.3497	BS_VRHRMEW1
BS_VRXSFWKF	EUR	NA	0	0	0.052	0	0.948	0.75	11.7115	-4.4666	-8.4097	0.6903	BS_VRXSFWKF
BS_VSV2MSW6	EUR	NA	0	0	0.0677	0	0.9323	-0.2921	11.1592	-5.7292	-9.0217	-2.2918	BS_VSV2MSW6
BS_VX7QTZGJ	EUR	NA	0	0	0.1121	0	0.8879	-1.1855	8.7997	1.0967	-5.4148	-2.2987	BS_VX7QTZGJ
BS_VZ4NGF34	EUR	NA	0	0	0.06	0	0.94	-1.2113	12.8119	-3.9451	-6.6455	-1.3174	BS_VZ4NGF34
BS_W1G9G8A7	EUR	NA	0	0	0.0612	0	0.9388	-3.0838	11.7609	-0.9317	-9.3974	-2.3848	BS_W1G9G8A7
BS_W1T5T8WS	EUR	NA	0	0	0.0763	0	0.9237	-2.9008	12.3297	-1.913	-8.0081	-3.0569	BS_W1T5T8WS
BS_W489E0R2	SAS	NA	0	6e-4	0.0104	0.8028	0.1862	-0.2708	0.6363	3.1997	-2.9659	-2.0106	BS_W489E0R2
BS_W4ZEEWZA	EUR	NA	0	0	0.0547	0	0.9453	-1.7479	11.6339	-4.2288	-9.9648	-1.1766	BS_W4ZEEWZA
BS_W75GCHPW	EUR	NA	0	0	0.1376	0	0.86240000000000006	-1.0656	9.6523	-3.2308	-6.306	-1.8266	BS_W75GCHPW
BS_W7KJX2BE	EUR	NA	0	0	0.0609	0	0.9391	-0.3625	12.2759	-5.6603	-7.6323	-0.6557	BS_W7KJX2BE
BS_W7P0FTAQ	EUR	NA	0	0	0.0335	0	0.9665	-1.3876	13.8263	-4.3035	-9.2921	0.846	BS_W7P0FTAQ
BS_W82P51ED	EUR	NA	0	0	0.0475	0	0.9525	-0.5334	13.0793	-1.2918	-8.4728	-2.5497	BS_W82P51ED
BS_W9MBVTYX	EUR	NA	0	0	0.0625	0	0.9375	0.4962	11.7674	-4.8367000000000004	-8.4497	-2.8165	BS_W9MBVTYX
BS_WA65EGJJ	EUR	NA	0	0	0.0525	0	0.9475	-1.7696	10.5375	-1.3853	-10.0109	-3.7287	BS_WA65EGJJ
BS_WCAMS5WN	EUR	NA	0	0	0.0608	0	0.9392	-2.3408	12.7242	-3.9119	-8.1091	-1.4	BS_WCAMS5WN
BS_WCQW99V3	EUR	NA	0	0	0.077	0	0.923	-0.914	11.029	-4.4506	-8.561	-1.826	BS_WCQW99V3
BS_WDSA6GVS	EUR	NA	0	0	0.122	0	0.878	-2.1209	9.8113	-4.5575	-7.8735	-1.3532	BS_WDSA6GVS
BS_WDTHGVYN	EUR	NA	1e-4	0.0189	0.3295	0.1214	0.5301	-7.9984	3.4011	2.9926	-2.8177	-3.889	BS_WDTHGVYN
BS_WKD534RB	EUR	NA	0	0	0.2054	0	0.7946	-0.6906	8.4135	-3.5907	-4.2951	-1.8914	BS_WKD534RB
BS_WM0ZMCCN	EUR	NA	0	0	0.0477	0	0.9523	-0.8222	13.0326	-3.982	-9.257	-1.8151	BS_WM0ZMCCN
BS_WME3JQ4Q	EAS	NA	0.8475	2e-4	0.1522	0	0	2.5417	-12.9237	-2.8565	-6.1067	-6.2459	BS_WME3JQ4Q
BS_WMVYQREN	EUR	NA	0	0	0.4708	1e-4	0.529	-2.6268	5.0525	-6.3554	-3.1079	-1.3605	BS_WMVYQREN
BS_WNKT1PAM	EUR	NA	0	0	0.0421	0	0.9579	0.1059	13.6752	-4.3012	-8.2689	-2.0679	BS_WNKT1PAM
BS_WP2FY512	AMR	NA	1e-4	0.0464	0.9502	0	0.0033	-14.04	3.0009	-4.3842	-3.0541	-3.9326	BS_WP2FY512
BS_WP9M8J6W	EUR	NA	0	0	0.0709	0	0.9291	-2.2752	13.2961	-1.8898	-6.7907	-4.5993	BS_WP9M8J6W
BS_WQFHXEKC	AMR	NA	0	0.0171	0.9829	0	0	-1.383	-8.456	-12.3412	10.9898	-1.6674	BS_WQFHXEKC
BS_WRRTNKYE	AMR	NA	0	0.0146	0.9854	0	0	0.5776	-11.0489	-11.3904	13.2011	-2.5592	BS_WRRTNKYE
BS_WSS7TGJX	EUR	NA	0	0	0.0366	0	0.9634	-1.1959	12.3824	-2.3043	-10.4048	-2.6354	BS_WSS7TGJX
BS_WVRCPEH1	EUR	NA	0	0	0.0709	0	0.9291	-1.5581	10.4711	-4.7233	-9.5461	-1.5951	BS_WVRCPEH1
BS_WVYYWXP0	EUR	NA	0	0	0.0947	0	0.9053	-1.5834	10.8618	-4.7302	-7.722	-0.9827	BS_WVYYWXP0
BS_WWHGAHR5	EAS	NA	1	0	0	0	0	6.5479	-42.541	0.9144	-7.5944	0.7356	BS_WWHGAHR5
BS_WYX72YAC	EUR	NA	0	0	0.056	0	0.944	-0.9556	10.91	-4.5	-9.9241	-2.9088	BS_WYX72YAC
BS_WZ662J49	EUR	NA	0	0	0.1036	0	0.8964	-2.0868	11.4005	-1.9596	-6.742	-3.53	BS_WZ662J49
BS_X0XM8PYJ	EUR	NA	0	0	0.0805	0	0.9195	-1.2681	11.5096	-5.4584	-8.5159	-2.6964	BS_X0XM8PYJ
BS_X4VBHJSZ	EUR	NA	0	0	0.1053	0	0.8947	-1.3617	11.5357	-7.4943	-7.7082	-3.1022	BS_X4VBHJSZ
BS_X4ZVTJEK	EUR	NA	0	0	0.0485	0	0.9515	0.2784	11.6883	-5.6848	-9.8119	-0.4438	BS_X4ZVTJEK
BS_X5H2K1XG	EUR	NA	0	0	0.094	0	0.906	-1.95	9.984	-5.1015	-8.9225	-1.5178	BS_X5H2K1XG
BS_X70XT4GF	EUR	NA	0	0	0.0723	0	0.9277	0.7601	12.0417	-6.7094	-7.2659	-2.0558	BS_X70XT4GF
BS_X75SX2EH	EUR	NA	0	0	0.0872	0	0.9128	-1.2309	10.592	-4.0422	-8.3227	-3.5421	BS_X75SX2EH
BS_X7EQKJZH	SAS	NA	0	0	0	1	0	-1.479	-2.5074	13.0876	1.5657	-1.6292	BS_X7EQKJZH
BS_X8CKYSA5	EUR	NA	0	0	0.1095	0	0.8905	-0.1061	10.7413	-4.4124	-6.4707	-2.6637	BS_X8CKYSA5
BS_X9DDS508	EUR	NA	0	0	0.0636	0	0.9364	-1.3186	12.1904	-3.8714	-8.7557	-3.1056	BS_X9DDS508
BS_X9GKMCXV	AMR	NA	0	0.0118	0.9877	0	5e-4	0.5058	-4.0718	-9.9095	6.4453	-3.318	BS_X9GKMCXV
BS_XAKR8MYK	EUR	NA	0	0	0.0638	0	0.9362	0.5123	11.825	-4.4214	-7.7019	-1.1558	BS_XAKR8MYK
BS_XBQCR9FW	AMR	NA	0	0.0104	0.9896	0	0	-0.3846	-6.6812	-10.6669	11.6408	-2.1415	BS_XBQCR9FW
BS_XCA92FF3	AMR	NA	0	6e-4	0.8751	1e-4	0.1241	-10.7824	5.8445	-5.0567	-5.2005	0.0585	BS_XCA92FF3
BS_XCKDRRYT	EUR	NA	0	0	0.038	0	0.962	-0.6944	13.7611	-5.1639	-8.2571	-0.2515	BS_XCKDRRYT
BS_XCW7C66J	EUR	NA	0	0	0.0997	0	0.9003	-1.3729	11.4054	-5.2927	-7.4413	-2.8172	BS_XCW7C66J
BS_XDE7MG7P	EUR	NA	0	0	0.0686	0	0.9314	-1.8916	12.6506	-2.0136	-7.7309	-3.3663	BS_XDE7MG7P
BS_XEDWG1X2	EUR	NA	0	0	0.0832	0	0.9168	-1.5569	9.63	-1.5958	-8.6027	-3.077	BS_XEDWG1X2
BS_XEY2VWR9	EUR	NA	0	0	0.1065	0	0.8935	-3.7172	9.0708	-4.7681	-9.6008	-4.1299	BS_XEY2VWR9
BS_XF1CNRP4	AMR	NA	0	0.0033	0.9962	0	5e-4	2.2295	-1.1718	-10.8512	7.8938	-2.854	BS_XF1CNRP4
BS_XFT4ENH2	EUR	NA	0	0	0.0565	0	0.9435	-0.0088	12.6974	-3.4373	-7.6094	-2.2298	BS_XFT4ENH2
BS_XHT3F34T	EUR	NA	0	0	0.059	0	0.941	-0.7089	12.5745	-4.1222	-8.2779	-1.9932	BS_XHT3F34T
BS_XJWNW9E8	EAS	NA	1	0	0	0	0	6.9953	-43.6834	-2.2637	-8.4652	-0.8587	BS_XJWNW9E8
BS_XKHY9A6D	EUR	NA	0	0	0.1012	0	0.8988	-2.7054	10.8625	-3.8049	-8.181	-3.5846	BS_XKHY9A6D
BS_XMP45ADN	AMR	NA	0	0.0087	0.9913	0	0	6.9272	-15.514	-14.2269	14.9011	-1.5526	BS_XMP45ADN
BS_XN449RAJ	EUR	NA	0	0	0.0768	0	0.9232	-1.3464	11.1389	-4.5012	-8.7075	-3.6152	BS_XN449RAJ
BS_XQ0Y2PMV	EUR	NA	0	0	0.0983	0	0.9017	-0.5524	10.7214	-5.2135	-7.7367	-1.6916	BS_XQ0Y2PMV
BS_XQFPDAB6	EUR	NA	0	0	0.0782	0	0.9218	-0.3334	11.2203	-2.5312	-6.9068	-1.175	BS_XQFPDAB6
BS_XR81Q21W	EUR	NA	0	0	0.0501	0	0.9499	2.9274	11.4115	-3.3817	-8.0849	-0.1384	BS_XR81Q21W
BS_XRF8D151	AFR	NA	0	0.999	0.001	0	0	-53.8957	-14.086	-1.7513	-0.3553	-0.8405	BS_XRF8D151
BS_XWBMBWC6	EUR	NA	0	0	0.046	0	0.954	-0.7476	12.0143	-5.2689	-10.2043	-1.8434	BS_XWBMBWC6
BS_XXMXCGJ7	EUR	NA	0	0	0.043	0	0.957	1.0948	11.5269	-5.2594	-9.8905	-1.3089	BS_XXMXCGJ7
BS_XZMQZMY9	AMR	NA	0	0.0073	0.988	1e-4	0.0046	-1.7391	-1.4102	-8.5949	3.3801	-3.7144	BS_XZMQZMY9
BS_Y2Z06EDG	AFR	NA	0	0.9901	0.0099	0	0	-44.0559	-8.9566	-2.9438	-1.8356	-1.15	BS_Y2Z06EDG
BS_Y63AQ2ZX	EUR	NA	0	0	0.0475	0	0.9525	-0.5366	12.5263	-4.0009	-9.0671	-0.3056	BS_Y63AQ2ZX
BS_Y6D4JQS8	EUR	NA	0	0	0.0609	0	0.9391	-3.2639	12.1532	-1.6558	-9.3144	-3.5867	BS_Y6D4JQS8
BS_Y6FTH24P	EUR	NA	0	0	0.0918	0	0.9082	-1.8841	10.3895	-4.4721	-8.6524	-0.7102	BS_Y6FTH24P
BS_Y6ZSGEPG	EUR	NA	0	0	0.0756	0	0.9244	-1.1677	11.501	-5.4488	-7.4491	-0.1388	BS_Y6ZSGEPG
BS_Y7A7J675	EUR	NA	0	0	0.061	0	0.939	-2.5228	12.9358	-6.3578	-8.1993	-0.9535	BS_Y7A7J675
BS_Y8FH8822	EUR	NA	0	0	0.0553	0	0.9447	0.4657	10.9168	-2.5239	-8.9277	-0.568	BS_Y8FH8822
BS_Y9C602Y4	AFR	NA	0	0.9983	0.0017	0	0	-49.0058	-12.5775	-0.7311	-4.0958	-0.9117	BS_Y9C602Y4
BS_YB4SNTJY	AFR	NA	0	0.9992	8e-4	0	0	-54.9504	-15.0998	-0.6767	-1.3736	-3.6801	BS_YB4SNTJY
BS_YCT0FK91	EUR	NA	0	0	0.1165	0	0.8835	-2.5951	9.1482	-5.5139	-8.8616	-1.0403	BS_YCT0FK91
BS_YEEKXSJD	EUR	NA	0	0	0.0892	0	0.9108	-2.2	9.4291	-1.3899	-8.6558	-5.4293	BS_YEEKXSJD
BS_YEEV8386	EUR	NA	0	0	0.0798	0	0.9202	-0.0107	11.3115	-6.6139	-7.9515	-1.0037	BS_YEEV8386
BS_YFKXF7K2	EUR	NA	0	0	0.0611	0	0.9389	-1.3818	12.9791	-4.7756	-8.3108	-2.7266	BS_YFKXF7K2
BS_YG4EJAF4	AMR	NA	2e-4	6e-4	0.78	3e-4	0.219	-3.7765	3.4347	-7.1886	-1.5788	-3.3383	BS_YG4EJAF4
BS_YHZ69SDZ	AFR	NA	0	0.9992	8e-4	0	0	-54.5285	-16.7982	-1.2889	-2.0016	-1.0065	BS_YHZ69SDZ
BS_YJ0QJJZB	EUR	NA	0	0	0.0842	0	0.9158	-2.394	12.1183	-5.9517	-8.6267	-4.3416	BS_YJ0QJJZB
BS_YJCZY95C	EUR	NA	0	0	0.0665	0	0.9335	-0.504	11.8241	-3.5613	-8.1287	-1.4534	BS_YJCZY95C
BS_YKD3WYFB	EUR	NA	0	0	0.1189	0	0.8811	-1.8594	9.7348	-4.8442	-7.9632	-3.0388	BS_YKD3WYFB
BS_YKT1NAJQ	EUR	NA	0	0	0.042	0	0.958	0.2236	10.7292	-2.6329	-10.1818	-2.0396	BS_YKT1NAJQ
BS_YNN71TNT	EUR	NA	0	0	0.0639	0	0.9361	-2.2882	11.1515	-2.9257	-9.4992	-4.5046	BS_YNN71TNT
BS_YP6V626P	AFR	NA	0	0.9932	0.0068	0	0	-43.9073	-10.2586	-1.7823	-2.1971	-1.3159	BS_YP6V626P
BS_YR1X1SSH	EUR	NA	0	0	0.0589	0	0.9411	-0.7937	12.0446	-5.7102	-8.8118	-0.1599	BS_YR1X1SSH
BS_YR7Q70YP	EUR	NA	0	0	0.1154	0	0.8846	-1.5368	11.1012	-4.36	-6.9012	-3.4755	BS_YR7Q70YP
BS_YR9C74CN	EUR	NA	0	0	0.0517	0	0.9483	-0.8587	12.1997	-4.5375	-9.5225	-2.5935	BS_YR9C74CN
BS_YVH56WW3	AFR	NA	0	0.9983	0.0017	0	0	-50.3046	-12.5358	0.594	-2.1407	-2.865	BS_YVH56WW3
BS_YVRSCEC6	EUR	NA	0	0	0.0693	0	0.9307	-0.9315	12.8544	-4.0424	-4.5008	-1.6084	BS_YVRSCEC6
BS_YVWRMH36	EUR	NA	0	0	0.0508	0	0.9492	-2.3699	11.3005	-2.3431	-10.2351	-3.9075	BS_YVWRMH36
BS_YWHDJ7FE	EUR	NA	0	0	0.051	0	0.949	-0.7134	12.2035	-3.2642	-8.5857	0.4929	BS_YWHDJ7FE
BS_YWM1RMFT	EUR	NA	0	0	0.0529	0	0.9471	-2.3434	12.7075	-2.8247	-9.4221	-5.1095	BS_YWM1RMFT
BS_YXPWKF92	EUR	NA	0	0	0.0606	0	0.9394	-2.1677	11.441	-5.3389	-10.076	-2.8845	BS_YXPWKF92
BS_YXW56D0Z	EUR	NA	0	0	0.0566	0	0.9434	-1.8674	12.27	-4.32	-7.7801	1.2138	BS_YXW56D0Z
BS_YXWZB6S7	EUR	NA	0	0	0.0788	0	0.9212	-0.8982	11.6582	-3.9548	-7.7519	-2.0804	BS_YXWZB6S7
BS_YZ3MRCXX	EUR	NA	0	0	0.0623	0	0.9377	-1.2641	11.2916	-2.0969	-9.209	0.0836	BS_YZ3MRCXX
BS_YZDD793H	EUR	NA	0	0	0.0837	0	0.9163	0.1278	10.0197	-4.0747	-8.1949	-1.9221	BS_YZDD793H
BS_Z25YPF3B	EUR	NA	0	0	0.0662	0	0.9338	-2.6658	11.8438	-2.1011	-8.9667	-4.3539	BS_Z25YPF3B
BS_Z263QQQV	AMR	NA	0	0.0091	0.9909	0	0	1.6259	-8.79	-13.3058	12.6696	-0.2816	BS_Z263QQQV
BS_Z370T42N	SAS	NA	0	0	0	1	0	-1.0279	-4.7847	15.6791	3.3565	-1.4142	BS_Z370T42N
BS_Z56904ZW	EUR	NA	0	0	0.0542	0	0.9458	1.4349	11.5848	-4.4729	-8.6106	-1.7134	BS_Z56904ZW
BS_Z5JH1FMC	EUR	NA	0	0	0.0604	0	0.9396	-0.8452	12.5511	-4.7054	-7.3845	-1.1779	BS_Z5JH1FMC
BS_Z6GF2TDX	EUR	NA	0	0	0.0759	0	0.9241	-2.6415	10.352	-2.4752	-9.2909	-3.2795	BS_Z6GF2TDX
BS_Z7681S6Y	EUR	NA	0	0	0.0358	0	0.9642	0.3858	13.5282	-5.0276	-8.8997	-0.3378	BS_Z7681S6Y
BS_Z82320N1	EUR	NA	0	0	0.0668	0	0.9332	-0.4203	12.229	-5.0036	-8.1496	-2.1233	BS_Z82320N1
BS_Z8E250HZ	EUR	NA	0	0	0.0536	0	0.9464	1.2001	11.7046	-6.0115	-9.0524	-2.4358	BS_Z8E250HZ
BS_Z9WDGDVR	EUR	NA	0	0	0.0909	0	0.9091	-2.7391	11.8303	-4.9885	-7.0178	-1.7205	BS_Z9WDGDVR
BS_ZA27X7B9	EUR	NA	0	0	0.043	0	0.957	0.3051	12.834	-4.038	-8.1104	-0.0841	BS_ZA27X7B9
BS_ZAN8EYCC	EUR	NA	0	0	0.0849	0	0.9151	-0.7255	10.6502	-3.0573	-7.8575	-0.6412	BS_ZAN8EYCC
BS_ZBEZT4XY	EUR	NA	0	0	0.0524	0	0.9476	-0.9271	12.8056	-3.2085	-7.9417	-1.3367	BS_ZBEZT4XY
BS_ZDBEHEPY	EUR	NA	0	0	0.1173	0	0.8827	-1.6045	10.4491	-3.4234	-6.6753	-1.9881	BS_ZDBEHEPY
BS_ZDSXV5N1	AFR	NA	0	0.856	0.144	0	0	-30.2664	-3.1335	-1.8417	-3.0115	-0.2679	BS_ZDSXV5N1
BS_ZFNG7X82	EUR	NA	0	0	0.1043	0	0.8957	-3.2547	11.1912	-5.1173	-8.4057	-2.0066	BS_ZFNG7X82
BS_ZH666SJW	EUR	NA	0	0	0.0713	0	0.9287	-1.0795	11.7452	-5.748	-8.1714	-0.6665	BS_ZH666SJW
BS_ZJ3VP0AP	EUR	NA	0	0	0.0396	0	0.9604	-0.08	12.0167	-3.4041	-10.0408	-3.2879	BS_ZJ3VP0AP
BS_ZJF3N0DE	EUR	NA	0	0	0.098	0	0.902	-1.2691	10.2639	-3.581	-7.9354	-1.8243	BS_ZJF3N0DE
BS_ZM9EYYDT	EUR	NA	0	0	0.0477	0	0.9523	-0.3387	11.9395	-5.5462	-9.9812	-1.9079	BS_ZM9EYYDT
BS_ZMPNTK3D	EUR	NA	0	0	0.0807	0	0.9193	-2.1522	12.0811	-3.655	-7.4765	-2.4581	BS_ZMPNTK3D
BS_ZMW21B7R	EUR	NA	0	0	0.0847	0	0.9153	-2.7812	11.5688	-6.1773	-9.1355	-2.8421	BS_ZMW21B7R
BS_ZMZFKVWZ	EUR	NA	0	0	0.07	0	0.93	1.4003	11.7888	-1.543	-6.2716	-2.8845	BS_ZMZFKVWZ
BS_ZNB7T5SZ	AMR	NA	0	0.0029	0.9785	0.0014	0.0171	-1.1505	2.2828	-9.2644	1.7817	-1.7588	BS_ZNB7T5SZ
BS_ZP36WDVS	EUR	NA	0	0	0.0809	0	0.9191	-1.0605	10.6638	-4.0759	-8.5345	-1.4381	BS_ZP36WDVS
BS_ZP5J56KY	EUR	NA	0	0	0.0565	0	0.9435	0.2704	12.348	-5.8472	-7.2788	-0.2236	BS_ZP5J56KY
BS_ZQY1P7NR	EUR	NA	0	0	0.0919	0	0.9081	-2.1447	11.2665	-3.0058	-7.401	-1.8219	BS_ZQY1P7NR
BS_ZRVFD8TY	EUR	NA	0	0	0.0774	0	0.9226	0.029	9.8007	-5.8525	-9.081	-3.5235	BS_ZRVFD8TY
BS_ZSAHMF4V	EUR	NA	0	0	0.0518	0	0.9482	0.8782	12.1439	-4.2772	-7.9225	-0.335	BS_ZSAHMF4V
BS_ZVFTWY6Y	EUR	NA	0	0	0.191	0	0.8089	-4.0111	7.7688	-1.694	-7.2838	-2.1639	BS_ZVFTWY6Y
BS_ZVXHWM3N	AMR	NA	0	0.0031	0.9969	0	0	5.3975	-16.5471	-19.4705	23.4272	-2.9697	BS_ZVXHWM3N
BS_ZX3ZSN8F	EUR	NA	0	0	0.1555	0	0.8445	-0.721	8.8625	-5.2823	-6.4565	-0.5949	BS_ZX3ZSN8F
BS_ZY319KJ4	AMR	NA	0	0.3049	0.6951	0	0	-24.1268	-12.7079	-8.4297	7.8034	-0.2174	BS_ZY319KJ4
BS_ZY3SVMA5	EUR	NA	0	0	0.0541	0	0.9459	-1.1959	13.0991	-5.112	-8.9482	-2.2469	BS_ZY3SVMA5
BS_ZZ47KXR3	AMR	NA	0.001	0.0029	0.9616	1e-4	0.0344	-8.7566	3.5889	-6.8435	-1.7915	-2.0964	BS_ZZ47KXR3
BS_ZZHCTPFR	EUR	NA	0	0	0.0632	0	0.9368	-1.0545	12.8147	-2.4225	-6.8427	-2.7882	BS_ZZHCTPFR
